x	y
-0.542397284708965	1.01928165187576
-0.18100897106298	0.221327698846829
0.236967913049156	0.262583827994459
0.0656573016787045	0.0843327217931545
-0.254007029098929	0.377051475561478
-0.227615338504371	0.240212413293066
0.577139964636053	1.16518508321604
-0.0348589565077901	0.0391880520258504
0.277388673158541	0.383895267161759
-0.149691755317332	0.183140801861135
0.201707690568672	0.319861270363158
0.124655161959895	0.161201312262003
-0.36673665894701	0.506943993354121
0.0698866342569226	0.0710118141479261
0.118062629486685	0.149381691155138
-0.12602891616695	0.140908621591245
-0.0716756590414094	0.0875092511261944
0.0631041991128077	0.0765820420002573
0.104155386535653	0.126000664905579
-0.231180306281973	0.375585563865895
-0.182063915555259	0.250431900261466
0.0920160488816976	0.0991191491868526
-0.295982740633679	0.37731746005173
0.280922544246289	0.397246420655614
-0.246844378318927	0.390266874236883
0.0338113205907841	0.039759683064706
-0.409403160980587	0.676570864613291
-0.318924464861375	0.439951245139477
-0.39426748457189	0.609258810839695
-0.0335514139498744	0.0376691954654395
0.351334832205634	0.740834007632722
-0.0700292176470607	0.078624520129673
0.336449521136847	0.588209288125829
-0.0356954281038757	0.0382913268958183
0.0896482376800682	0.103513672281832
-0.156952945567354	0.222870680273811
-0.613750684483996	1.51224388797905
0.25362898459875	0.474260891664133
-0.618966536741443	1.36849418230652
0.0286299115762183	0.036077470865545
-0.572637131854854	1.25915585224061
-0.196738865867652	0.27099041821818
0.375007334428525	0.768156224137182
0.025948610935063	0.0298404967287306
0.0513902057766372	0.0533669377113087
-0.695601979093178	1.1947785745706
0.127976994225438	0.178288604521808
0.0726740742916121	0.0999501965052394
0.0674482580172557	0.0911464486349028
0.320595453882878	0.616938887763014
-0.351712847113984	0.615474438823572
-0.287011048786978	0.536939075951469
0.166672461725896	0.210218305101492
0.128014609880419	0.189919176635841
0.256277713173787	0.374471559947453
-0.55361465766226	0.794214050752372
-0.180118335302879	0.210534106776612
-0.291057898100566	0.41694570621044
0.0720711389252477	0.0944113989270151
-0.181578691214268	0.291521782974357
0.36351124690122	0.5896129210108
-0.0517556121943896	0.063190274002109
-0.26218989583721	0.260765100763753
0.251945332805297	0.414243467134531
-0.0146629730400534	0.0116272481053154
0.133377696642549	0.103502664592681
0.193222252825509	0.21218723605133
-0.197009236178106	0.251029486840011
0.215888728933189	0.257826124620669
-0.297597873374502	0.458081344313742
-0.558957104532449	1.42645516703583
0.165590499828251	0.246372207116939
-0.168906191504828	0.240066277640971
-0.140677244521874	0.186108863958786
0.358096902361254	0.516663124427165
-0.0884297627570805	0.11223117806383
0.0258420455404338	0.0335793941898403
0.271469648158493	0.359877071334511
-0.0671128184860671	0.0849969899930809
0.207052000760686	0.20297589240153
-0.379372188897889	0.604887817262878
-0.214230124120237	0.188884118186844
0.185743132794218	0.13715968910858
0.312287637830027	0.287853241837439
0.163813420726364	0.183786247099733
0.650990009917304	0.72734204751125
0.479480684448814	1.08450974205561
0.24806839209044	0.400604070178132
-0.223622346854236	0.33094886061077
0.399543596698841	0.747011207748749
0.718585341061858	1.63083507516827
-0.285073859309021	0.466310962534213
0.17374733532438	0.224406303142284
-0.0537851212979909	0.0630639503629199
0.26867750863113	0.423088365068754
-0.22197705059275	0.327934520908364
-0.0680300883737212	0.0762195482708842
0.0572213698640225	0.0781442769695554
-0.0553491820892385	0.0620283009134066
-0.142420570575191	0.195081507502984
-0.675696252075373	1.34869897035401
-0.822860855677904	2.15169614542543
0.0513373468423591	0.0632321932677373
0.435329185181877	0.78462356801719
-0.240620351425624	0.433705372131546
0.214693759683062	0.256154658586666
0.352948887636915	0.486246307534626
-0.0818590858741697	0.0917508317087138
0.122453597568363	0.178308026903347
0.0286014697570216	0.0280104943818485
-0.00560911322697041	0.00656251947379888
-0.0474137634258583	0.0507943469858271
0.15532488798723	0.222660784744422
0.444215407881638	0.679540649380381
0.213439295785168	0.290466663028222
-0.0112720375391908	0.0145971658863918
-0.76976955181191	1.58575623867053
-0.681151494872503	1.32444961704852
0.00326781751977744	0.00386151324414774
-0.0136689952472599	0.0153613549047069
-0.25600778258553	0.417016001335551
-0.115861453676193	0.152884178571632
0.234935449425503	0.353410831346118
-0.205700855597486	0.322683958716051
0.400033530290615	0.630974610586005
-0.236229232864493	0.288345518469445
0.160406775458365	0.197676341868952
-0.472999593664052	1.00362180026027
-0.162351501193931	0.189851177189414
-0.0960983317322458	0.117588872777458
0.225687135278658	0.282928773695069
0.0156392175416682	0.0182569254305441
-0.227425995241724	0.313719347969659
-0.222640353087535	0.329069697096921
-0.421512784331381	0.740415557619098
-0.366126019177462	0.505770068840688
0.336708992222001	0.588873470281625
-0.325396941017794	0.518680888195818
-0.0685628020474303	0.0869733326705857
0.120117146572563	0.182904545266744
-0.01260353148649	0.015295087872867
0.226341537622238	0.327428925592229
-0.0962104226133605	0.107819471392234
-0.0515961528087972	0.0525468363572024
-0.230149265301598	0.305608905497495
0.0643081728934552	0.0824554381268643
0.355982433300294	0.502362182844266
0.399388959914364	0.517372574455989
0.552373342024733	1.03990477889961
0.15581006939318	0.170025741252757
-0.340868364118681	0.64400012577088
-0.44851906078974	0.718587741985725
0.293523346143976	0.543530019732241
-0.0354240450820669	0.0379955302438948
0.398021402333756	0.69724758502673
-0.371047988679007	0.704408422612041
0.479467665337125	1.09888448873311
-0.214414500952329	0.273219641103513
0.320399920441751	0.467536857554089
-0.242074460088578	0.333310332066071
-0.536871921908118	0.585800754731631
0.133609618576702	0.103705300533503
-0.657570197975136	1.12814404582984
-0.137906499183306	0.175658728767191
-0.0126240199999131	0.0122343443490654
0.00253557559909796	0.00219677965599056
-0.330276577430166	0.401550105211602
-0.372357176473054	0.47343741729911
0.335809678749161	0.586683233793143
0.00680700001998592	0.00776069923419717
-0.427875414025098	0.615036360657504
0.401163437834804	0.66942747391089
-0.167248039857575	0.213371266932429
-0.108962714398564	0.148705307609409
-0.162643138237495	0.190267675243417
0.91532392361426	1.77468966345197
0.478670104316665	0.828002472755485
-0.30784991494822	0.408348520441059
-0.0246144786804793	0.0237714332890824
-0.0643271711994725	0.0753753191366875
0.278275177343232	0.301568031578095
-0.058022246585063	0.0453893017124726
0.160275692305878	0.156163187032726
-0.769800334551526	1.36639994495013
0.202652928296609	0.263735855790931
-0.205905353812268	0.206076792593754
-0.179896250783808	0.20046509169709
0.266571802609887	0.27158688695124
-0.0564497278484002	0.0633420648530895
0.146562091571395	0.172019504230527
0.165381142359753	0.18581292410146
0.0550124365864321	0.0749080114985916
-0.315718773822656	0.486683834161506
-0.499447302027936	0.962427591214417
-0.0281875033337347	0.0366798011341153
0.0785487639555801	0.0940784275814335
-0.180463549847306	0.191042270816263
-0.0819271361919487	0.099940569066441
0.280126030852649	0.388716145216734
-0.50092299360054	0.80351580205705
-0.198498627350406	0.242644042538859
0.146788427832799	0.17232637307253
0.446481955958641	0.654739017944037
-0.0765921711762701	0.0897991854990896
0.263110524677615	0.332650959585658
0.19687505000747	0.186477261103898
0.605140911230235	0.561445082776503
-0.0403131673582673	0.0388738486742007
-0.0901443979632747	0.0963267734578643
0.396846614633301	0.475111993068922
0.136360984249451	0.123988649392364
-0.0905148619894041	0.086539047183312
0.138028117369758	0.157762006162656
-0.0667878123561705	0.0747166491461192
-0.22574863966455	0.310818691635174
-0.229307868051239	0.304289729147584
0.334975238608699	0.576050543115993
-0.311453663606392	0.446985891093986
0.289334955107624	0.434486455674395
0.107578061283095	0.140755121390972
-0.167450353739734	0.22189221294227
-0.106007498252069	0.113126841211698
0.0424361300069782	0.0428789571199586
0.179150261176271	0.212031449912914
-0.401360114806044	0.641304061851839
-0.391800407467563	0.541282670261884
-0.846944708720126	1.55061674591089
-0.319416050867491	0.406904536552507
-0.0896796601371886	0.10519611181427
-0.499696357859787	0.604529432302956
-0.371016880447502	0.364697471782128
0.162811175607411	0.137773240706865
-0.332451654985879	0.328792653533085
0.400786923237257	0.620326568149097
-0.132938499239805	0.126537859564678
-0.509881876391151	0.674191415330892
0.00431020129526541	0.00347492067380301
-0.127173990650496	0.113658819837424
0.0284308059102649	0.0358341866650531
-0.261435745236295	0.414208610049059
-0.0347589409931651	0.0390705561049054
0.320216811369686	0.615679351798551
0.366013839103056	0.605135997923877
-0.0838284290107057	0.102495318322997
-0.133870952422772	0.183776855679644
0.228447413932432	0.372113553784863
-0.034649767060207	0.0272979063754821
0.398016291930506	0.515011373202242
0.0287546674814607	0.0281697110376161
-0.0891439184214066	0.095180285984031
-0.182266610396755	0.268184183513379
0.156335565877771	0.170704149546114
0.434661769331318	0.783053994673739
-0.18057919917887	0.220713035434816
0.291284895468381	0.438382354708683
-0.0361127069685128	0.0367750529434724
0.34296311684302	0.408009048484915
-0.0582908039024505	0.0456150551236806
0.455215817651257	0.578997339696773
-0.697166374032814	1.19841894351531
-0.0916963271107175	0.0877696270840407
-0.180025121312302	0.210355554220722
0.192731941722356	0.239805511255265
0.399613547341158	0.556029772341076
-0.390336871772524	0.703772865603725
0.529497080041206	1.08960583062695
0.197147793124612	0.25079047642451
0.0859531134063127	0.128448017041794
-0.164531916562535	0.209338520861449
0.25725279939478	0.382131564631959
-0.108741875131504	0.148394789540764
-0.0129472138567099	0.0139064381001552
-0.364277759784642	0.401478291367617
0.296344499532502	0.463094251404606
-0.197239405231496	0.251390509509531
0.104122849953898	0.150335915958564
-0.137429159192414	0.138574880538315
0.449625417537453	0.630627728626917
0.00121320453509567	0.00112278380516811
0.302998184680504	0.506788624493332
-0.198148908714431	0.252746639873227
0.234379227636207	0.206834115128192
-0.363950228305374	0.289552830689182
0.0529497746267078	0.0475995222863879
0.1186992111291	0.1503131600291
-0.417213715743637	0.645056585935742
0.880971421757276	2.04679090431272
0.363243041587277	0.588980395355907
0.491775556999308	0.758157188125311
0.0985808291083188	0.133024417371106
-0.0599999085892506	0.073127470528948
0.109784297905081	0.161424246639595
0.0621281883729362	0.082456389259236
0.18337907667462	0.27046182455762
-0.167181257728715	0.221456773322808
0.142644265067349	0.209845311168954
0.567239356545626	1.36985523368108
-0.330495684330852	0.401916260154775
0.18584444516446	0.198401609095543
-0.467788897717102	0.723799645123557
0.226577258865404	0.284287782648842
0.173882933654687	0.22457983141401
0.301928387876956	0.497044708705598
-0.100654147193629	0.127990930496656
-0.141974124587888	0.188040645165589
-0.213833245278954	0.272371570484891
-0.749932436196083	1.66775850666364
0.0416915607203974	0.0473489133273129
-0.492434667807198	0.567097689237682
0.343460239346173	0.418813749199124
0.0292118983927036	0.0286221950826873
0.0550747467354471	0.0653357520765529
0.108868801604877	0.123588304496865
-0.392474144559057	0.542565451845426
-0.408952952747771	0.541201180973646
0.0608048473781813	0.0907720530111193
-0.169825035412926	0.241657543731529
0.265975507694865	0.411462305295505
0.0470949098086013	0.0599627304543098
0.072641603021409	0.0851758757097772
0.11083916453355	0.172427110529407
-0.195412096429289	0.297397818195031
0.0724869184009486	0.0950214459759894
0.0251004330432044	0.0370470437997925
-0.572699412015225	1.20123045786836
-0.0718666927885646	0.08775985702649
0.0208231229270478	0.0257050106213682
-0.0928713718727133	0.130485450701805
0.0578344129418433	0.0726759649099122
0.461638933175483	0.933606130650704
-0.814723269307704	1.99626229990439
-0.123099775193089	0.156353388616162
-0.354132450249606	0.6694704558208
-0.160301465761011	0.269602005999981
0.157640796243978	0.210588998175605
-0.161018199622811	0.179719526905497
0.326691010733974	0.335039597093619
0.00503783418840159	0.00405657076407538
-0.0123934306990377	0.0113094277061381
-0.895586477284422	1.7923086770876
-0.121250991350133	0.12900546119165
-0.304192086490553	0.370246477679461
-0.47404602637198	0.627382960477457
0.47357227174055	0.846859991108015
0.124929806910236	0.149113200298921
-0.275899029518621	0.477081175649501
0.0513048464918859	0.0631874649739123
0.0999404649949685	0.135079775466532
-0.125459104062988	0.182795250019772
-0.814919728751198	1.99670514533077
0.0798928234697734	0.0898566274122653
-0.147246742943629	0.21553133294085
0.521326917339921	0.909038941602642
0.146224626436111	0.171520383210549
0.573521543434412	0.99059231450213
-0.409848703518429	0.542979606945365
0.435018177113336	0.756827429114646
0.203862941418873	0.26568157258657
-0.181084081672459	0.239914566371609
0.352425656303047	0.475150663664285
-0.0456220622386265	0.0651817709894259
0.119257949318857	0.181361424470319
0.0107969661578246	0.0134702400904806
0.255757495937728	0.433373442177092
0.0315047231216029	0.0348802099642915
-0.0326438730914478	0.0366131953279044
0.0108626996651359	0.0114135088901696
-0.259385961099662	0.357257780227663
0.782332406886984	1.90097962262609
0.220913963107531	0.270411287007734
0.253959959997776	0.364142828071867
0.437025966058895	0.74834363952339
0.274310515104391	0.440703644536866
-0.531473823407324	1.13795315093969
0.360222757027875	0.541491434842907
-0.0345862369587848	0.0464901261900867
-0.116077994268994	0.17334644234455
0.33019509003778	0.539339471814141
0.016560579484406	0.0185896854810911
-0.0888527468127674	0.104139121185442
0.0856530524637326	0.116791228511685
-0.297374096616068	0.409771128909425
-0.197661976871046	0.241327326190706
0.259485133300321	0.447235442068394
-0.471781741342564	0.979387996073949
-0.047144231075544	0.0504887293121761
-0.123492654858717	0.131677513462012
-0.0410609358854857	0.0396224054187312
-0.112080585868204	0.157940788774672
0.747795743925429	1.47687833494956
-0.696793034395541	1.19754940752709
0.54318003545286	1.0544554958086
0.322349777275482	0.479770461932175
-0.00365411733445309	0.0041048537798297
-0.362273456772767	0.539294001870297
0.313503687558829	0.437318330092478
-0.0937597452909022	0.114414730862383
0.0431645801294993	0.0519871764529248
-0.154790721151659	0.205181625285253
-0.469698907477559	0.85363593583856
-0.114332964184534	0.133706177754596
-0.301570419236869	0.494756320830162
0.104613216883932	0.151122299657538
0.281782312692521	0.555416727171499
0.206461079336166	0.306877852154171
-0.397613095013663	0.795853863969106
-0.332717434121693	0.512891325483098
0.163576908295736	0.242862369954147
-0.335984771198575	0.619230264343756
-0.307810634990161	0.408544339068862
-0.035359162964384	0.0397600650135996
0.125891634787595	0.163032619792791
0.36159807295758	0.554697995899821
0.0854135717679369	0.122025377220415
-0.0623687373385969	0.089627886661672
-0.466803075607374	0.944358394497396
0.31488169518878	0.439854559872428
-0.0974333044053678	0.109279254876697
0.091614483685012	0.127324580743146
-0.0301852824101187	0.0366947542204291
0.25385588771901	0.241854589247887
-0.0297057036753883	0.0346624084118006
0.0266827952108001	0.03070621543418
0.167369132141029	0.21120063810549
-0.166883735910634	0.220998424034854
-0.149920989586782	0.238917597122941
-0.111397915368367	0.171319638277644
0.0847269694913946	0.120917235476669
-0.617575590714042	1.36375282827969
0.248792437995607	0.349017178436446
0.148608419519672	0.208648238428215
-0.145856534345835	0.170681858358305
-0.483470922897269	0.827846462138723
0.0392107910014221	0.0488701863304334
-0.426688988455497	0.612688416754106
-0.133476300093455	0.188834654447806
-0.369472468634731	0.700202576904383
0.150178844229803	0.211205222866608
-0.446614879334431	0.987843796461068
0.29747874821536	0.472841521894296
0.211391793032437	0.382286649204883
0.256004695383519	0.42811529751871
-0.735239441839006	1.75445912206146
0.626060228827666	1.25531078073131
0.326803844480479	0.506193865901398
-0.225518677681715	0.32257221956527
0.447305118771697	0.65631651963729
0.112145194754385	0.138901062412317
-0.0849192537555386	0.111862974854534
0.241704145212889	0.32511433411725
-0.247959459890411	0.329345884019013
0.179237667487629	0.236603625546309
-0.228030119499106	0.314731096200039
0.470276516195561	0.869160256914403
0.446234136867564	0.669018014289952
-0.390143992265062	0.473536340407222
0.180213542019335	0.238096057629982
-0.165497677883721	0.210816424553266
-0.0215554392262549	0.0261937265079297
0.131885678355867	0.174398181229638
-0.179322136666662	0.228019373327533
-0.161170449162518	0.18811626181031
-0.0227395970971963	0.0266243219391416
-0.421879295909294	0.741394158818138
-0.462511728314313	0.911696945751628
0.113859168343785	0.152048639333696
0.667919593136783	1.52495493195468
-0.366646243770733	0.641571815703364
0.045736823812622	0.058141025086868
-0.0857247468596023	0.123616173615393
-0.453545275266423	0.846618294921409
0.436695670097361	0.761180451994332
0.555821758452187	1.22012223362957
0.448527909788935	0.643672411201689
-0.212437950656708	0.293070209186781
0.238709872797167	0.365883970459024
0.0114136822309493	0.0119944482818953
0.0919576470965915	0.133931082371967
0.0112111355604299	0.0139938196607866
-0.643817292486828	1.39094527045077
-0.0331822382627089	0.0372402097635131
-0.294488051693879	0.374935828167578
0.183729064526908	0.293307604428039
0.0175608025650582	0.0197303067888095
0.58768834955819	0.779880821520849
-0.317394879645882	0.521478682720449
-0.16798855010102	0.222715619301799
0.100950751220831	0.129334188938616
0.268662046413082	0.423102611200057
-0.217560080152508	0.410519470838288
0.0618068661335122	0.0923882246507712
-0.0288878231673984	0.0376265669431553
0.148108752317624	0.221952815864415
0.210852484360768	0.319313558875895
-0.222371661013899	0.339953589157625
-0.0572781790907648	0.0643239722035299
0.120081453322156	0.163650912176722
0.0579769027786191	0.0689841798056628
0.520954784281882	0.908118674806756
-0.240388363347535	0.343987687773326
0.122945132094628	0.179171257353634
0.601316429048418	1.12175944965841
0.104593008237114	0.126595995876472
0.188113661718925	0.282673086603546
-0.109737620762263	0.182131631322564
0.0310088758459228	0.0378030570652568
0.432766390352933	0.80465084223864
-0.249287859819452	0.474504003867218
-0.0122440299082981	0.0131450361030162
-0.0339043248051788	0.0455233739234284
0.572792249072101	0.79736720402997
-0.419228188043838	0.579079531715669
0.185973150128663	0.301092495001452
-0.484538583736351	0.980920458924603
-0.233389846130922	0.297684013712985
0.0330892777052692	0.03060916937627
0.139760226603432	0.160017666653655
-0.0825542908063938	0.108438814120243
0.590548179244475	0.963597126065879
-0.132683889119201	0.126277222831494
0.0620242176102898	0.0662392757577113
-0.704361382172512	1.44834370666165
-0.448096251537934	0.717612764231601
0.143029241066019	0.210288468404958
-0.285830860781467	0.424702538080749
0.330926514505167	0.549477864577213
-0.409990770046356	0.611807599629875
-0.396862343316212	0.67628640022804
0.0711629663377832	0.0833222042825351
0.00559694545115949	0.00637820106819044
0.304139819492423	0.50941077372387
-0.0330640554161117	0.0387540459477844
0.143697269708558	0.197958730104633
-0.0964106328530347	0.139631893869996
0.0711873111024007	0.109852588027959
0.065448677142587	0.0840505642238593
0.30159347472408	0.488827629646663
0.303745652263045	0.50097737120112
-0.0109752815798534	0.013756932264178
-0.363526908843962	0.541825479566478
0.0343488124863994	0.0363507172943336
-0.0650345447349807	0.0762517321790971
0.294738676983662	0.459848246492482
-0.0779883071286288	0.112382711158604
-0.429808153210828	0.946491779337429
-0.0204135849455541	0.0256629894774227
0.401967769881433	0.694695090772541
-0.676520197442483	1.35146661096891
-0.0290275708817377	0.0365517955024006
0.129699806352803	0.19275493861613
0.0194762964534527	0.0174230094359336
0.144801084632556	0.185111766792433
-0.0309641430431111	0.0376775020849881
0.0150173127154272	0.0142531158435082
0.0698064683413279	0.0709309621723787
0.0907636951332977	0.0899943026238692
-0.424350400463985	0.894825495155325
0.168700761002175	0.32497718437584
0.158643142857795	0.246480860720966
-0.120146032199173	0.185102099958232
0.324074791852073	0.641810560879396
0.247416380292899	0.399344310538628
0.123824200216543	0.147602208943301
0.217248455005254	0.368259870391154
0.212467962534241	0.384835727092488
-0.492837259724022	0.897759132906625
0.329969015227182	0.530096020196973
0.373194903560356	0.772701183869849
0.457959507942615	0.978443554213633
0.271318680524563	0.498101196294367
-0.050441940705264	0.0614957833355767
0.134662350756346	0.215749569874651
0.296776511258935	0.558547097115492
0.399144471924049	0.676590247246456
-0.170011507069107	0.249699694743426
0.0355954393450736	0.0377185544965202
-0.334263080332222	0.615237847568966
0.350576001201292	0.461482165148895
-0.646440883983112	0.777395535610545
-0.261892757693743	0.487030583714728
0.545384556385224	1.24315266951621
0.00411335223387216	0.00355126339192785
0.11661356547534	0.112741293686912
-0.181758180166618	0.161032162936474
0.0633237624022651	0.0724292749430857
-0.011960913232065	0.0122263413818138
0.266685733721309	0.271725401516414
-0.345822005194084	0.44034908367808
0.400359993571095	0.557356609049039
0.23038388955813	0.295596206380172
-0.266043546956899	0.353109367121758
-0.455437127827312	0.654288688820996
-0.357832397062329	0.475540046899742
0.432785121144614	0.817657204747954
0.186829490256821	0.17079931782059
-0.289050097808186	0.251758676900308
-0.0245964765345864	0.0251199901653923
-0.431907473772214	0.714784923722267
-0.206049103192446	0.323349063718688
0.0271494328341996	0.0390999172759743
0.162354122475921	0.289772964503018
-0.191370247480641	0.324907070173899
0.160415923354105	0.218006166791429
0.355799871117922	0.772070288993521
-0.0829813711638161	0.116284713285663
-0.1069813652712	0.114248465054128
-0.673833564303463	1.38303168553685
0.629141825788681	1.09666370992336
-0.210835806001703	0.290374482976957
0.0519170962614402	0.0727711469342421
0.0426036733058946	0.0602491294980694
-0.0574980085415594	0.0727771647767962
0.299162227686338	0.371382707497275
0.0124349515100162	0.0124506505179513
-0.333480848304963	0.613304804862991
0.244588825023381	0.388126588866155
-0.742125938224222	0.750073464324694
0.138031741662236	0.186362377799801
-0.00303726283977002	0.00326070769056329
0.292307341088884	0.344692080552274
0.0180953646855666	0.0161798088642799
-0.371359216415571	0.471990185361797
0.122497692225835	0.178442729507751
0.55439255528936	1.78271700711591
-0.13285130837174	0.211219186869054
-0.39447259638907	0.828361799446882
-0.264919470986903	0.480343151437639
-0.206777104457549	0.314765379155554
-0.204839848191686	0.320957965305602
-0.0932665714238551	0.122720511656457
-0.0286621403213512	0.037322445075877
-0.0465363382347614	0.0587117325271191
-0.231742404904089	0.365175306695595
0.374970688800305	0.778082920498802
0.557732094228813	1.2078030855115
-0.384656906209934	0.769723092076109
0.0250074166166637	0.0257826501400398
-0.295882078715083	0.526074066281184
0.204682523096764	0.329631110773085
0.529183087162941	0.890473083653454
-0.498718413507959	0.96016418308081
-0.197079062195341	0.240532019056528
-0.546996561272696	1.08703499316842
-0.493282872827276	0.568561512577907
-0.332464982151356	0.367525988002286
0.194704757514862	0.302424244324688
-0.27404712118721	0.392839022391243
0.559789680820169	0.602526999284257
1.15779561592767	2.19302819706553
-0.716295353817264	0.814613017236579
-0.061209546549754	0.0655537428102519
0.604255243749758	0.947105384390664
1.47355655631441	3.43572984798073
0.178988062232588	0.211788594698294
0.755347530472151	1.17610841031014
-0.222290732843006	0.246876799252789
-0.146388304950745	0.171370293324384
-0.0538496554778747	0.0631419715184474
0.0230353676016072	0.0192783067305201
0.436674979577295	0.73354316688686
-0.292053412315544	0.464284385880727
0.0104239967774869	0.00698064686781541
0.651396752642545	0.728052754566398
-0.7296925474732	1.29517789156513
-0.541157686301838	1.01544578249909
0.243997340468383	0.334829939885406
0.00319909950253769	0.00391056948318321
-0.402262677422157	0.883619439824724
0.378305633170698	0.858491722929083
0.660116370187866	1.98500928081688
-0.25174278859636	0.372776419427811
0.18596071830971	0.301125910836959
-0.296190508178093	0.455093196222937
0.495314234929541	0.748367557151564
-0.591867338242311	0.949499404347985
-0.521403610309256	0.777365163405166
0.52067014688648	0.907382608053311
0.131131473082935	0.218417847794985
-0.190983276716441	0.332716102853382
0.141644370238015	0.208081634196649
-0.28943863513215	0.336512714513818
-0.182601794876771	0.161896958905498
-0.091562836929222	0.136395495835803
0.304979686512057	0.608099214505405
0.00368337622221499	0.00318202720855985
-0.555625108651477	1.30443619256939
0.494660788249151	1.00934892102593
0.0208281122772613	0.0247744042636964
-0.301484907379909	0.44719971140911
0.121084788053442	0.131152851323958
0.142422691339524	0.235396365839338
0.117416764134545	0.18633532864444
-0.0644360373933286	0.0898310984174292
0.139477297244816	0.227234988297422
-0.154923481675551	0.21250607203822
-0.483699636353674	0.828397712373319
0.364838555041328	0.602651641578996
0.172408205368883	0.198893409338754
0.953863364540313	2.77183927021278
0.0802545271568741	0.0902856673904103
-0.227027754747342	0.313074263231597
0.164214130504966	0.244017343117058
0.240463910748678	0.323121419256659
0.0737134225956584	0.096760050812612
-0.195783338243486	0.288778769241151
0.251954514124557	0.414191138507486
0.327803766078232	0.668075131743513
-0.107607568696098	0.131579136283744
-0.411355131153629	0.745140811554641
-0.0138896064793751	0.0149263709233967
0.372969829806561	0.742797051898946
-0.044708524149529	0.0405456673038427
0.208733733548201	0.242664267318631
0.337859233525008	0.600284356702321
-0.24611931136031	0.388893907450132
-0.122968098885279	0.131066112725457
-0.466068271484346	0.589760555161853
0.288338854186427	0.33096895050837
-0.0619360601260087	0.0756596981028105
0.479286705588971	0.813511940812267
0.604957680997422	0.762182984523259
-0.320938242866463	0.443692320443751
-0.355817736341927	0.472220785864271
0.483134329722667	0.806223278014153
0.00889500836817541	0.00975497003218362
-0.214964684942638	0.274123359227188
0.0798127907572912	0.0834381737720409
-0.43666095530983	0.81543342604337
-0.629690360226805	0.974491483493851
-0.1288110119067	0.115269955111156
0.138019628386938	0.172391754751756
-0.0704616643398808	0.0858868226722852
-0.347725039138669	0.674262564949046
-0.333128517036547	0.580447117683684
0.155022507637695	0.222131691262986
-0.242377265826392	0.393904976590409
-0.0884708593962999	0.12037100355793
0.0728195614061698	0.100170639676564
0.368334051019071	0.651302719115927
-0.170137634178682	0.264880107809833
-0.154859632796923	0.212349074456312
0.0860230887033334	0.128564284226323
0.211230362125998	0.320078353842327
-0.214026542392974	0.272711474946807
0.711975515124167	1.63874246786587
0.218076282236191	0.303091324882357
0.0608454335147349	0.0649031186988503
-0.469386151227266	1.08886890887376
0.400018062710784	0.847938083973113
0.223952885056427	0.35834823911798
-0.00415664141259915	0.00466925640719004
0.470905133447883	0.855511066318067
0.583042886396661	1.50248752183278
0.576349486323222	1.34259352709372
0.826564532301925	1.17758804923082
-0.161911706782563	0.180868576166601
-0.139260810686696	0.147868442364876
0.201719644879099	0.319894390925629
-0.109308739127034	0.122164911858149
-0.202985050896169	0.214571989254007
-0.452092895908955	0.934559658860835
-0.114035483665167	0.165503466532937
0.0807840057790662	0.118670359700366
0.314621669237968	0.686961162025917
0.483727722896587	0.791170491457662
0.296311625916397	0.358846519118864
-0.181722837135562	0.240925851450788
0.361609946254442	0.565082868310036
-0.184941902068178	0.139877661946704
-0.0126278614911584	0.0107883446905667
0.0104239967774869	0.00698064686781541
-0.661662152463404	0.673473983979896
1.00128283249292	1.8082783567967
0.00278218092000899	0.00255636230350519
-0.31099419551638	0.446103657607435
-0.810735270700226	1.06207778025025
0.319223578990543	0.456554637928445
0.399234051366339	0.555199486807338
0.0581878763599936	0.0830886826290244
-0.0795336376522556	0.108112997963364
-0.646891027045901	1.36416161559457
0.179273662167718	0.281313647168169
0.718562662920617	1.34023079516539
-0.55608489125746	1.35995327989062
-0.285794972947143	0.424641367921851
-0.222308902319285	0.32855253626087
0.426296692320618	0.985497083810083
-0.286789096881815	0.380832250505905
0.44882467538602	0.644253164651774
-0.116077994268994	0.17334644234455
-0.159218945163657	0.233693852087047
0.0446672194958071	0.0633401436715532
-0.165806472965922	0.202994680100492
-0.101815398940941	0.119295366274609
0.123817348088948	0.147610660242545
-0.292887896169712	0.465810881470223
-0.467530640612112	0.592615400116987
-0.0598648671009344	0.0468696403541614
-1.10615422849053	1.35722273391196
-0.11453609467519	0.0882860150085757
-0.633337439114397	0.907488828626947
-0.421842309180806	0.741291201334699
-0.23390627499194	0.298471887355259
-0.280915826484155	0.342664725225994
0.0326667244312687	0.0302065659087227
-0.385665254834334	0.732695882853679
0.266671362841661	0.271673946258079
0.00473666488469459	0.003815597505783
0.213616071070862	0.356291516842004
-0.41190242282366	0.885822243906262
0.12277930045421	0.178912518098401
-0.137075256029702	0.240624480838147
0.218877533099218	0.343686368648318
-0.529973495135595	0.850792932272957
-0.509657561734019	0.874190584901504
0.744575493352038	2.59381067768557
0.350210925548195	0.710729293680187
0.214252243058468	0.216727498995955
0.108360405355017	0.0913159718530101
0.0630880388001555	0.0721404576071868
-0.629240953232507	0.973615418023209
0.124517025997331	0.148551150816689
-0.128216816218424	0.192508591680367
0.302517167956222	0.498335126890404
-0.0128421317869912	0.0109719198012717
0.438290901792098	0.737423299185374
-0.136870652100576	0.199995525951868
0.655901467977264	2.27618791097049
-0.0829054982989669	0.130097578564907
-0.350373844764724	0.539503684955144
-0.181387560182076	0.202382727934904
0.158042567509759	0.21119175852507
0.456644284988794	0.565609128421054
-0.1527166548906	0.135869898296208
0.0930539849221718	0.0841964074909925
0.213839402228136	0.173654170767407
-0.417766838654512	0.409360329966861
-0.293590633862227	0.37332099854347
0.344170449092503	0.420008853328507
-0.202766084951302	0.214300101870071
0.272634371410726	0.286629639378214
0.147403155739719	0.173140059280048
-0.295456741564339	0.376522000162783
0.0630950351950704	0.0721420946150495
-0.365539677909263	0.504646442062383
-0.022479694212094	0.0273445908902394
-0.332777388793624	0.611506336653823
-0.0487611644428819	0.0523005575408587
-0.26225716464924	0.487876745715328
0.0574754232251645	0.0683510935467891
0.130152940247828	0.171734671966226
-0.0444698498682658	0.0580217601000522
0.489360002881686	0.770262325587886
0.321423789483575	0.478048737604555
0.358264058549324	0.807527526132861
-0.547503142526326	1.11606234362473
0.160850690150472	0.253391483723795
-0.21029395594176	0.300389139304886
-0.067858150416555	0.0760179653659343
-0.0233891523500883	0.0262735952086642
-0.0722435255154404	0.0692541197909036
0.392374810559435	0.376687159764746
-0.104180845445451	0.0732928772303358
-0.273860156652594	0.255998334010772
-0.117539962029868	0.11877145424235
-0.148631816547278	0.181643121255847
-0.01098120930284	0.0106338596099272
-0.0993344926693297	0.100566852272116
-0.252616741663263	0.322054224447142
0.550853521611452	1.03629760460116
-0.441773712429142	0.485027867821175
0.0609527536764837	0.0511040120918663
0.321006537684474	0.477203241742591
-0.0136223945015875	0.0171251544137703
-0.387460981219132	0.792779261857294
-0.301401967046185	0.494403880500571
-0.32195074819105	0.478862964557909
-0.101404491209945	0.118766506211028
-0.566363752893758	1.03468209509526
0.167393289245572	0.268973990215023
-0.518109770297002	0.972007147607184
0.0926835205207033	0.0838404242625421
0.136247685786063	0.123882176694594
0.839337933359571	1.61643551853778
0.32616508678237	0.504868055860412
0.632835131273924	1.24987223448054
-0.110870761450603	0.155988819108625
-0.417735270947123	0.713514814622546
0.241298211263844	0.324511610853024
0.0723543671410346	0.0948265975468276
0.29465157148647	0.546423253793442
0.401048919874984	0.840290944313344
0.025564526588287	0.0332064292535972
-0.00132655278872921	0.00142802915151116
0.118665269094004	0.150252903917909
-0.146548803239969	0.214325246295269
-0.0551615689688331	0.0618042749999566
-0.06204581823188	0.0560394125051269
-0.301590606808135	0.333872594602861
0.0234631212856754	0.0196395603934215
-0.518195206276735	0.743759891385933
-0.245649089743241	0.272214670349453
-0.0482607931007338	0.0517345573894775
0.193428074321107	0.240796197905364
-0.158083543656752	0.158970766965222
-0.195445372903486	0.258828790766057
0.354314333346259	0.488933672532007
-0.155613503349624	0.22055634849229
0.178828484014995	0.258867926491696
0.118599037765004	0.150170603124313
-0.594923802374211	1.21738954967716
0.0724730703429099	0.084978223487478
-0.422074328213779	0.74189854425135
0.702511898947349	1.49786185486458
0.144935412869458	0.185275507442338
0.226800192433808	0.368742375949501
0.326567953208787	0.505723606551681
0.438522300437504	0.738095556493703
0.437736739427555	0.736147313105978
-0.157727644119235	0.237809780522878
0.54852056282551	1.23539193826723
-0.425242186426601	0.681032333270009
-0.362503443711063	0.539779703228243
0.0980847180227522	0.108212499166453
-0.182983631191369	0.269464646558647
-0.0720917645473138	0.0880586671921246
0.19452378069839	0.273252130094276
0.19349181861803	0.240901911982908
-0.34529873601377	0.43965733892349
-0.153871000291527	0.137047618756153
0.516091267754597	0.678769176911409
-0.353805074415015	0.508319750383177
-0.0953231545490473	0.106716538001372
0.46495827956331	0.88488778179842
0.0480042960447318	0.0557196563812524
0.341541236047296	0.405776306710114
-0.13290478488548	0.187882869668375
-0.0591605103080552	0.0631775217818161
-0.45181355853234	0.522021671828244
-0.141993514753642	0.18810899545472
-0.101306520620565	0.118620001681897
-0.0614866278970288	0.0750759112572986
0.128706249550804	0.191077845055666
-0.315465845121767	0.517190967488559
-0.0500460866816735	0.0634094902976194
0.153963625951817	0.22036678348941
0.0910258419450691	0.138300903441292
-0.248379005800224	0.380102860349787
-0.0139053108559983	0.0134814094930612
0.261114001661362	0.257605014576376
0.525797326905525	0.657150625982094
0.0738155173091888	0.0866304559614347
0.332106712185636	0.55224221808645
-0.295591470350726	0.525357459870944
0.253553944608869	0.3047359484101
0.253695020347573	0.305016702456643
-0.343433943720142	0.436631924967107
-0.0905807378062034	0.0866094756522498
0.563097349101605	1.18447239474059
0.00841146615322745	0.0114761390238505
0.494987505702598	1.01039364819156
0.126458828315688	0.163853968911259
0.288655503960125	0.425961926276596
0.202216325134528	0.320848539694333
0.20897536325922	0.342549331547633
0.465249654549197	0.9005315632488
-0.538019972051282	0.951119038684346
-0.181055310528866	0.282423911347973
0.259363815670361	0.386281935194348
0.503831974734734	1.20891867541908
0.263565374753444	0.333392526399912
-0.266231260696167	0.44703515489078
-0.0484806925140942	0.0613239494303704
0.359204978580547	0.539567524741271
-0.775174704484701	1.7694580914826
0.7297734905173	1.33822516894993
0.116824916718347	0.147575075499996
-0.493282872827276	0.568561512577907
-0.0719939802300993	0.0607080511580711
0.028499493072895	0.03592255787773
0.0321312495153771	0.0392233122993959
-0.486227973000065	0.532188154958446
-0.160421515113445	0.17893400611283
-0.356261537350414	0.473027833188664
-0.330706381867565	0.438868223905482
-0.318597043965423	0.405597399731101
-0.0922009376466642	0.0882854521045277
0.020372573324941	0.0182314216720224
-0.266187120643346	0.353365498754329
-0.0694790667446417	0.0779529483677805
-0.0561240834790522	0.0629364763382504
0.273865113961415	0.446462471181265
0.197329529441976	0.25108742019492
0.0153291063667084	0.0178912229992908
-0.00206811210533187	0.00242440914472091
0.164288980180426	0.244161188104721
0.154153519596058	0.185539366884125
0.504954247907202	0.713860754196296
-0.266789243263851	0.354374813268451
0.454166535902181	0.59284409000498
0.0535382776871728	0.0695188027047241
-0.0645871823817434	0.0847638083445807
-0.51694753186283	0.968582483817013
0.102213841901119	0.104538774860393
0.825614079543372	1.47038888448673
0.457749160527196	0.977741280846351
-0.487096762599833	0.859815487144661
-0.431055508195069	0.448204567876542
-0.452465804347166	0.747919764821363
0.347003125047262	0.692408765458623
0.221812015476708	0.314412409469407
-0.716058443433208	1.35044173932888
0.214918599415149	0.256475011709006
-0.162657713234139	0.190245816182298
0.223095986736687	0.356647394803898
0.200939837840593	0.318305737172838
0.0354389059037896	0.0417455918302547
-0.697728691856977	1.51215480519066
-0.376824983495166	0.640731182975665
-0.0840679023488868	0.102759362635675
0.209332998055014	0.343264832149424
-0.0600820260344062	0.0812553783146443
0.208415951579135	0.310505416044963
-0.0986790597955567	0.134520722080622
0.0310340796365429	0.0343468898795123
0.17589764380632	0.271556252922194
-0.195470266699753	0.278626555128007
0.0303190712821895	0.0369374022394197
-0.0804628950563716	0.109481354975883
-0.126109089467611	0.141005984184553
0.17818840016673	0.25776782816362
0.124418946284742	0.148425768389032
0.0471333733454251	0.0546560059677585
-0.0976160293383667	0.0986698418182438
0.263792771349003	0.333754170071561
0.24105297292502	0.418679641416293
0.208295433008586	0.310233741083413
-0.080989257193355	0.0820809308437847
0.1403905788738	0.160712525653966
-0.450435109668365	0.519783401085829
0.0257154072618733	0.0295648869062917
-0.486982868222956	0.700013624104445
-0.492380199525438	0.566952761021894
-0.158083543656752	0.158970766965222
0.145573970489726	0.186243165369672
0.17418489560485	0.247361706878549
-0.209643918513595	0.309844607077426
0.0347815573217065	0.0409446289669029
0.19233225502981	0.239113146356195
-0.281011208962621	0.388426943843084
-0.143273043162552	0.202581540342102
0.227891460968491	0.370983819532925
0.0699589196867095	0.0710963885672274
-0.620468662146345	1.16777344121895
-0.361663372374388	0.577407919936626
0.40070038494138	0.595559616167253
-0.393238496439418	0.768362189509266
0.371529923560517	0.73851401000444
-0.0135268981594047	0.0158305581669336
0.310198784232793	0.414803014496689
-0.319417704290746	0.406921874108226
0.0176298532634068	0.0198094580160087
-0.0822243823774229	0.100339608818412
-0.44276060968768	0.587073812228967
0.0869494963102418	0.106646183082822
-0.0384796633193755	0.0485517553956386
-0.951016631012358	2.17349233751985
0.34335885507223	0.648559126526558
-0.557691488971507	0.863553898055465
-0.379404041658127	0.439861652210875
0.068462927635109	0.0694684145629372
0.176380988440718	0.15536480898172
-0.510124301628996	0.674729214752435
0.25909841738293	0.319759252762224
0.190710593574632	0.236760432798193
-0.241053411755313	0.345157590095883
0.914066494647676	2.19521365633284
0.139364739753356	0.18839044128505
-0.0703256329353566	0.0857066015699413
0.023697133041368	0.031703237119477
-0.61826812110731	1.3327261887347
0.0874173148583907	0.107274732590115
-0.571397749139903	1.13816170650787
0.214045886669566	0.291467145558946
-0.341250474348072	0.61208802427575
0.341326684346601	0.626114952634012
-0.240055873218645	0.343367253818592
0.153604561045351	0.219755316620833
-0.071641619886333	0.0938338119161745
0.071392925535908	0.0782914958491985
0.176053788315707	0.274989228895154
-0.0290851030528555	0.0378914649851628
-0.0686753263545446	0.0930032459945638
0.0171277885545507	0.019237388946402
0.00682018823249442	0.00747231965511004
-0.591615805295949	1.01444583791394
0.775266604167158	1.6170399584334
0.581898015123797	1.32022929606713
-0.134840868484297	0.191043747627821
0.429573887959972	0.872557268993769
-0.321573417696498	0.47819133969315
0.765733623443424	1.62299526767245
0.46096109822781	0.556805298588473
-1.57640281254861	2.99394182371155
-0.166879916570699	0.212846247805172
-0.510214465958584	1.08793252896082
-0.43016034136257	0.780378869427305
-0.241674709208532	0.281896533623016
0.163176756318138	0.222527379063991
-0.23145213603877	0.364566979575697
-0.434489012275778	0.647987390085363
-0.886983358153714	1.3139794992064
0.709722596456806	1.34712690305233
-0.381903454286459	0.708326446381225
0.337296821915119	0.590249797462025
0.222080141239892	0.314899287911122
0.0153533413625057	0.0172098012209007
-0.333922536803848	0.582387904221069
-0.0781502592846065	0.0991686260282259
-0.462423510061938	1.02504026078321
0.0388723975129956	0.0440355575518115
-0.0363539698886219	0.0370256309060025
-0.365074801041664	0.402641421790312
-0.591098995617182	0.914191213305756
-0.124203400971728	0.157998595107439
-0.0521205063626043	0.0679886691114976
0.217638774895713	0.302338081060281
0.554324548410893	1.21612550866204
0.50333073880022	0.968185069619127
-0.331191402938785	0.402843504718586
0.614288460054304	1.10892086975589
-1.10676403756142	2.20767874670758
-0.473630950215582	0.626590014412178
0.013469787720524	0.0134954923780126
-0.448696910016912	0.718953004138999
0.266996829425813	0.345654674814457
-0.0125780200844514	0.0114783255911219
-0.143339308878027	0.196574242240909
0.0903795064935901	0.0972301607828487
-0.203594239090374	0.32810250943291
0.152463024832976	0.232372464121863
0.399890545567675	0.690216634247256
-0.316668965962187	0.519903623643627
0.199662587590871	0.286244608786768
0.286161456105189	0.499421126969604
-0.093598856340946	0.123202387753514
0.172800500331777	0.24504545469586
0.0872368043065892	0.119200185148655
0.0509950126116722	0.0627797295396158
-0.0871930036864286	0.101991247099874
0.0655461984711403	0.0954792203573276
-0.206203906156563	0.323664790097244
-0.512307359919353	1.11834644296614
0.213269295060503	0.323872983208425
-0.13087451022013	0.153316032512069
-0.304715911179631	0.371112007513125
-0.0361655794497561	0.0388154131573527
-0.0224820750572892	0.026314193275613
-0.181590857107087	0.258406282165084
0.209445852933243	0.279194962784589
0.454971185771047	0.594253607060048
-0.132273326672349	0.125802965956149
0.439099188066632	0.711259279205454
-0.0772855458699839	0.097960379102501
-0.36665722929908	0.506803359451882
-0.0352436084453444	0.0377934500697932
0.151321460978484	0.197738902906017
0.25919568346297	0.385989901018323
-0.524786772970466	0.811914007286071
-0.632200157608708	0.904903346112197
-0.431276502888789	0.713605547428538
0.110667286819116	0.136841601321887
0.132090743352883	0.187272380895244
-0.0847673761730155	0.111641131959177
-0.342226917309298	0.580537963945656
0.0450198589204784	0.057172745953575
0.216933912003727	0.301044836332978
0.163762682794021	0.277481498474017
-0.342541173896729	0.546260133850724
-0.259356032527607	0.316884412450714
0.091947856405417	0.0912688521785427
-0.0448615957150648	0.0406896290642097
-0.0569256516263136	0.0719986865439822
0.0877663573494815	0.114007860452674
-0.140976611382864	0.149975776942584
-0.122001210672624	0.12991960033486
-0.505147568160141	0.639651149778991
-0.0406898202959905	0.0392493526227996
0.692246881418627	1.35817164829639
0.0207939170247777	0.0224246051537996
-0.535071134111279	0.917789924202319
0.167691462031517	0.211701744370792
0.287365223275875	0.41613957003044
0.533984747478892	1.08441726530682
-0.132576371241732	0.216018047789125
0.488389036799617	1.02205790935823
0.282632165140183	0.400437505213028
-0.253541707163591	0.376204860576463
-0.150747770803478	0.191901907020499
-0.0618501345271805	0.0755502061565075
0.0982221053380991	0.132474017057186
-0.0113732497392467	0.0122015533555334
-0.453709620066218	0.939206262665262
-0.768851201150961	2.00445770379597
-0.0500465965190311	0.0609787203737557
-0.142026967632676	0.188146618588637
0.178222336801197	0.257791048602812
0.138880361918	0.187615939058496
0.124211079624324	0.181312954642047
0.031202980465896	0.0345397009752785
0.0590074254693651	0.0742500944463198
0.432541887594026	0.790917677921497
0.462307885725515	0.906674925185439
0.0853640774646056	0.11633398346785
0.11264940784965	0.158360231679531
-0.563065285963338	0.996218508449329
0.0885378209183304	0.102117820284459
-0.35933910522721	0.43671683437118
-0.410369481003874	0.543958948319995
0.268762165387522	0.348440911179062
0.517624502090351	1.14052956328142
-0.223012560454341	0.329863795714826
-0.247985603551345	0.379287923818265
0.568520734576541	1.1811620201952
-0.296531879188262	0.455949642307103
0.271795527527138	0.360430052422961
-0.416472342169755	0.710600346662433
-0.0765921711762701	0.0897991854990896
-0.150291794497119	0.183960599094323
-0.398258244311826	0.739809562834227
-0.0746404019418618	0.104468093667263
-0.0675909132654295	0.0856624677513863
-0.182335156527211	0.26830629747096
0.429192783848057	0.833776681588149
-0.0950785110087619	0.125376905416528
0.427750111442762	0.854714675189816
-0.0547797709324858	0.0717238025134375
0.0725736209535055	0.0851060394266292
-0.181759640753507	0.192721819937155
-0.443121200587049	0.87071818563809
-0.512942644193693	1.12050883150083
-0.480029987338956	0.6622515296804
0.512942540339349	0.941982735350373
0.154949511691044	0.186578661083401
-0.552434537169791	0.791618549467296
0.165888867252075	0.209008200271558
-0.165497677883721	0.210816424553266
-0.690981184037216	1.57181224192624
0.215123075764396	0.293199437511357
0.89349445985467	2.32932393492853
0.233095163066718	0.349936160856063
0.247792355286104	0.444332570604285
-0.459519591123062	0.88308164017419
-0.550221013471135	1.17831277170521
-0.0720917645473138	0.0880586671921246
0.433856850854195	0.781087203747795
0.105209571454456	0.144865300089176
-0.621668080297181	1.20646193411759
-0.255971003205124	0.366301356772525
-0.224405667274965	0.383524601139697
0.372824902951284	0.742385649996775
-0.380579753121637	0.60770872553603
0.525303872592355	1.1125219415644
-0.283764114803277	0.463379685965066
0.0445217984764259	0.0483867739569884
0.324504202226545	0.492868526448876
-0.308116001794641	0.409109597446898
0.359534733167563	0.540226472113926
-0.486013358083494	0.698119343350369
0.225705924031543	0.326258155967447
-0.101606009202504	0.142848510543283
0.197742240472456	0.251700161184876
-0.148160781012403	0.181029736944341
-0.504565425922425	1.02399833135625
0.179360779808723	0.212301702651058
0.400733028474432	0.583146431017002
-0.104753361061083	0.0940557844098764
-0.118858541774368	0.162255637527512
0.399282134943059	0.757698117466832
-0.343205232529923	0.582643311178894
0.215365145987055	0.332355329543683
0.0800901136202519	0.0960997521274438
-0.0432955571814425	0.0583439847521743
0.363767822982648	0.600284187469636
-0.0322166319872471	0.0377220574700314
-0.0316095075009765	0.0369854250951067
-0.115668825077448	0.152581413098502
-0.170873462303783	0.251230996794634
-0.320479948428823	0.618543423714806
-0.341889756870547	0.579704741064578
0.463195537876624	0.909446882594177
0.0229623844297416	0.0273916376850313
0.200996972665532	0.318530778370602
0.427304411087845	0.902896049513054
-0.410510313503918	0.679005731408569
-0.419451172064087	0.579565204281516
-0.222205287859628	0.24675622361818
0.202160127139881	0.320557294000669
-0.253423578601565	0.424792727494302
-0.168059338206013	0.222734066093377
0.192954293157986	0.270610762406637
-0.0497691309718713	0.060622113544917
0.362944570312681	0.578156340028294
0.0677982244561847	0.0916574937411916
0.204132833034567	0.298421193886751
0.0314376915373006	0.0383447653016622
-0.161132900751047	0.257746155608109
-0.381467374992098	0.707202166262721
0.0816060235699168	0.114729665625389
0.102163543834273	0.131066395116467
-0.408362485468066	0.798819384976468
-0.208440297420016	0.307673735768079
-0.285240082747605	0.466619815065575
0.114425429638351	0.178974547534739
-0.0835600704881492	0.102136810943123
-0.231878547049884	0.365414653812884
-0.193979331383424	0.294737193139361
-0.454310110223427	0.75246896117768
-0.143200373714583	0.196353794667737
0.195235252568336	0.214749291471803
-0.216360384349882	0.264200721471501
-0.507649565615329	1.05686067787755
0.59149015442803	1.47192514832921
0.317632478729752	0.453684116366582
0.131199935824517	0.160163955943098
0.344762056536464	0.420950474910883
-0.0137547014952076	0.0147793656988454
0.536434422110856	0.868612990249158
0.0476302833079359	0.0455543032411164
0.353479733133124	0.476951428396414
-0.706072675535167	1.45262203621367
-0.117428654749902	0.137775442624332
-0.0753109955848522	0.0805807917464361
-0.0132170470837818	0.0141993379436653
-0.545383142797658	1.05461292957858
-0.0344324487009114	0.0404077693924137
-0.0815861877193063	0.0827389998080385
0.0790518375274665	0.0947349008391843
0.0714320413869577	0.0836546106355643
0.111933111230065	0.157217203070357
-0.596486393302615	1.31663710988072
0.17818840016673	0.25776782816362
-0.033705079788945	0.0395297750996066
0.508041362836365	0.946668481348264
0.187829348891513	0.282161716208708
-0.502774702681931	0.995488792011576
0.139219129291114	0.214202433920514
-0.295724077805512	0.525659051861088
-0.318864138287313	0.614345810011472
-0.0118033815683573	0.0143101427566417
-0.527547555608891	1.10003744568253
-0.297094542636682	0.378956292425265
0.143402539122268	0.197393809542234
-0.472999593664052	1.00362180026027
-0.284616602083487	0.506178703119376
0.138187927265778	0.199770099201285
0.537422792675264	1.27049221133563
0.204260847635179	0.328920276748756
-0.15907650915626	0.253743028492595
0.265335072998335	0.410165455949444
-0.0774719211640718	0.105030782850847
0.0650806134115259	0.0791629468702493
0.453309448306129	0.606753013045095
-0.107377261429918	0.146268773282479
-0.376824983495166	0.640731182975665
0.275011773836533	0.455063685299226
-0.225155889300526	0.385347738086673
-0.0385481348129462	0.0486372051832392
-0.673005895104936	1.7757480130936
-0.222340176688933	0.328624262453531
-0.0506094162828164	0.051489055843181
0.469892568762271	0.882857457958209
-0.246829960050283	0.273904341808418
-0.196420305149921	0.260433378481832
0.229732843860425	0.338619330095561
0.248996665082783	0.40257505088962
-0.194056152443034	0.294857864487602
-0.284149558414882	0.421207024647351
-0.0224083574343632	0.0282353683280922
-0.59318006192178	1.11609712273476
-0.489372988883273	1.16448004273217
0.286300732203539	0.499763541788785
0.0655877357320829	0.0842406013974338
-0.442602947363566	0.779108777503019
-0.0828251345277218	0.101149898328496
0.427770236909592	0.879779266693411
-0.434261871018155	0.809531242714229
-0.315997788738428	0.518418908424395
0.15369000425855	0.184883957234737
0.0910184157068233	0.132371685093701
-0.065020303713994	0.090730061539298
0.13174304775154	0.18666079935946
-0.239085810486385	0.341584914286177
-0.0953967210663221	0.116649064212143
-0.544899325171976	1.08084596617013
0.235427739804655	0.309185142301509
0.263354242073313	0.333096928242373
-0.000891063915313497	0.000909748372049143
-0.120182234180928	0.164370381393868
0.462476622536581	0.8924595870732
-0.33158519379764	0.475964004044125
-0.221896560063107	0.339154246547727
0.399500488386023	0.758250170433136
0.0716947597175771	0.0938728981131474
0.345915555777384	0.663821841928194
0.0550712860377373	0.0653148119460072
-0.223083131183348	0.247948184822056
-0.468531518060502	0.72544445489779
0.220457226060528	0.346807380994562
0.345320295402968	0.670914453327937
-0.0220450850818141	0.0267993346781989
0.190329723211231	0.262219981385066
0.24495156648735	0.388869446912686
0.0365296985141774	0.047029417938497
0.119804344663438	0.15188727344485
-0.555485531652915	0.828238482166844
-0.0334277327078032	0.0391949191173551
0.0323010544440919	0.0394346179425168
0.00213327512596226	0.00269264217786034
0.0598351136230512	0.0791933604700144
0.305437419086413	0.512267281965367
-0.855916228161047	2.38156133604708
-0.195167848407346	0.287661153932987
0.043212742506959	0.056726743823555
0.231038582465149	0.340940893884298
0.361999475595575	0.576109759420574
0.359955516272685	0.540970319513538
-0.514377488483819	0.708836258495105
-0.424133827052981	0.678590203852453
-0.595746477153878	1.59061463711927
0.66800603411158	1.37184734586495
-0.196090056757833	0.279742618712071
-0.304474277410573	0.529119847678545
-0.149409990457271	0.189818725074535
0.239141933122269	0.366606103704011
0.370004840719817	0.695588703844498
-0.838243939815527	2.10382773498453
-0.24625599653442	0.389142952031401
-0.250170089365539	0.383559675124525
-0.0728010381022996	0.0889898642754849
0.352289766712231	0.464358130021545
-0.513044666042525	0.907923092529928
0.279982404998663	0.472572574397531
0.0892780807998328	0.103051104770534
-0.023963223123462	0.025725923137707
-0.252930962877897	0.423777075140483
0.290294691844365	0.522358122339564
-0.0817137081911959	0.114303783924666
0.339439723208678	0.603996305707159
-0.0569939749702268	0.0794132112692374
0.244938866873558	0.43251650323054
-0.149771512200497	0.183298930639484
-0.0651342442063074	0.0763832751803066
0.559772359242965	1.01932258480813
0.37135725343375	0.718775643826221
0.178323775537284	0.210864427872074
0.145836270306624	0.171028968786379
-0.218653179635543	0.343826859705822
-0.0508371863857269	0.0620040667791963
0.207739730756395	0.276352664663771
0.269216237072509	0.349147402512514
-0.66230786369871	1.10018465668986
-0.136396475187083	0.173406845829099
0.933832989355221	1.77874174282335
-0.158017951964222	0.158900772454496
-0.13472202617226	0.164814522987505
0.901098629607178	2.19450866686884
-0.285264310428309	0.423561410770436
0.04585700759637	0.0499081995574186
-0.310292249704621	0.444766418447679
0.178799805779849	0.235891995446304
0.069437787299298	0.0705296062333101
0.122663309152762	0.146022816313689
0.34385706936829	0.649779457172163
-0.0450404626530571	0.0588117055559867
0.197740311649582	0.282912881608755
0.0653957000299867	0.0749306728901314
0.112385545568873	0.11840260785307
0.0346088473848053	0.0407270123116203
-0.458655324830999	0.88066930226039
-0.50257917704183	0.994867962273663
-0.181870519396304	0.300232216911965
-0.107522151153418	0.146496314381285
0.262956042795398	0.399327903181757
0.130065766589741	0.171602981358426
-0.163795409492106	0.208182469131055
-0.753756182572379	1.42307503085155
-0.309431828644483	0.522695029211239
0.364783194517183	0.632614454092606
0.649665838682088	1.53901795574581
-0.0876059892104664	0.126639093803191
-0.182849895996667	0.260589977507155
0.206772640069551	0.307436004410712
0.709739464012159	1.48963134291159
0.163808265154037	0.183783196853308
-0.318268744729125	0.553845393046269
0.400600284746162	0.59527840378746
-1.03296060691865	1.52313150348875
0.434999043252842	0.770443123227754
0.035213859564732	0.0414722709763656
0.0285610989571015	0.0359925769539555
0.204513265611833	0.266648391778486
-0.292640754413939	0.465430573447344
0.143312232623986	0.22412926301523
0.374602393749706	0.776881775514121
0.358262226620256	0.844189246424216
-0.126872954781597	0.207076178312017
-0.0784594929775115	0.0995944253901254
0.323674366895031	0.491164463037223
-0.192905193701568	0.319314303839686
0.0448756048189309	0.0541289016984483
-0.24728845164126	0.274493380057924
-0.31785170973562	0.404311564331442
-0.638768746913369	0.842511779495453
0.15797728698636	0.172685906760182
0.555017114586202	1.02731753000361
-0.0646658160909607	0.0757921414643424
-0.194327152714019	0.276602952049472
-0.0813978136790293	0.0911826742054016
-0.0129340142682778	0.0145264038967995
0.129540945921154	0.144154471157369
-0.0911363406033238	0.127729644104693
-0.268856889065341	0.43812093853649
0.703135649555112	1.63722198827931
0.0534625958591552	0.0694086822595556
0.398876666791206	0.676019123307658
0.206686034651223	0.307297408614783
0.159479693738574	0.232726026500847
-0.0418965350047166	0.0511076338971038
0.103923510017318	0.150008920087937
0.249363824741617	0.408638351757553
-0.24342014536343	0.383218043669599
-0.214555274296023	0.356389568591073
-0.0751435380086373	0.105239130827911
-0.283039000286506	0.461687107119725
-0.325606497933883	0.582438920029588
-0.556829412802248	0.831173047898266
0.240134938999392	0.322614582726188
-0.235773246932173	0.403860255770538
-0.414167510299462	0.831303971100901
0.263557592773265	0.400462918365579
-0.193103187268327	0.283777462777773
-0.378703963422108	0.644999667029594
-0.148939958757795	0.224596415063206
-0.0373115956201717	0.0547161738504454
0.305489136873273	0.5124009454402
0.216455487773537	0.366571821904319
0.347428322146127	0.68538038938671
-0.0346347773190808	0.0465597357232404
-0.0416478644732976	0.0487269315010425
-0.751252346142445	1.20324971761434
0.911443604251702	1.33761803755767
0.448523032541679	0.643702075619613
0.356599757620211	0.503438300740263
0.137615644430634	0.19880501340222
-0.213403205300674	0.283363034324482
0.744893448012217	1.62354713809171
0.295787918472673	0.35798963662544
0.373743814552856	0.764559353340967
-0.0117094241796139	0.0119685066014113
0.444803982212485	0.666135892075417
-0.57189824752398	1.22787125185245
-0.053637690868729	0.0701256891733108
0.59932208453869	1.79111928167226
-0.0895616149803617	0.133041795167739
0.0393760740377191	0.0446314512531052
0.370648776290118	0.69722424943542
0.371711622966532	0.719786562529308
-0.262358699338383	0.45243038622113
-0.0295304695632102	0.0372085109618014
0.05336265603002	0.0554816598419723
0.178102029609428	0.184640007706826
0.696554806862513	1.64299557093332
0.240134938999392	0.322614582726188
0.329269069148373	0.519916222001548
-0.367035804003746	0.767491921493997
-0.128111846620844	0.16929441723194
0.0452580715645026	0.0546119944122668
0.195585446461564	0.328013696073089
-0.151059062746481	0.241093244461633
0.219614572700893	0.377739871481497
0.241584882823403	0.462101595081688
0.429161637682254	0.908317296246081
-0.0951978783126217	0.116373483292854
0.0789155883790799	0.0945452490355354
-0.0658145766699804	0.0864724200775939
0.209632207271775	0.243864675221799
-0.226459145822446	0.312064395791368
-0.367390063030005	0.507956823941551
0.75634078333423	1.17867477722219
0.298621658641805	0.475233310032309
-0.196061531129995	0.289280288750785
0.274799624292591	0.454641715496466
-0.0681698460862801	0.0763941693029742
0.177757159585936	0.234254042089875
0.300392620949355	0.486273210260467
0.135639315149307	0.229620267850775
-0.594125289965317	1.30855836960375
-0.303999871018238	0.452268242976195
-0.0296143737704072	0.03730656694298
0.710365640432149	1.34904033579074
0.511412548285668	1.16994086566739
-0.150313506641657	0.191246311460375
-0.197317403938312	0.251492236134769
-0.195403617117727	0.297410222257644
0.136906103331701	0.184604823432515
0.302635372526758	0.498566067313949
0.268211213327227	0.42218451418683
-0.268802176811778	0.398950862020595
0.249208101660488	0.349770726232
0.505408141516716	0.956578479598156
-0.400326808265438	0.574702377845099
0.315298299229326	0.440841684099531
0.0917119445786871	0.0910126008577971
0.235454247482846	0.359442368006547
-0.00346319085471094	0.00389011045205115
-0.482645323331826	0.82580359746727
0.577948302613309	1.167345137005
-0.12715998574314	0.142324423086698
-0.0886324379229645	0.120595111282681
0.33124045006445	0.55018349035452
0.108932798136969	0.123669256347309
-0.326658511461851	0.553627841698508
0.220632156717154	0.379986699120608
-0.21811395834718	0.411895108658211
0.508678922588319	0.948399076979079
-0.0396412527134152	0.0381975255654611
0.65099159788363	1.0706620927572
0.283269495489398	0.316022405643009
1.05223497478872	2.56487891930966
-0.40228352135849	0.705683499854349
-0.213795782745681	0.272346709997142
-0.0449055494907161	0.0504129450255899
-0.27448112296938	0.393606460453894
0.108642769214151	0.12330643148588
0.208706850090221	0.278023642601857
-0.409904035395056	0.741528396001185
0.0851409858165679	0.11027049313972
0.158697644180459	0.246584828305964
0.103212382688888	0.155807116714769
0.678888756500467	1.50700191108409
0.00448268578859177	0.00529681662996334
0.546007022739621	1.22657749977836
-0.0136027176943065	0.0165248589584263
-0.402235773306058	0.643277893424442
0.768076252932949	1.7570127948723
0.438969870301762	0.725176308325105
0.320771432570123	0.468242073063324
-0.19944207596479	0.233020956362783
0.0545441981051289	0.0709085387673959
0.315265241497267	0.572834214598591
0.35952783824199	0.540181565297538
0.0498773721566685	0.057997863234789
0.131205194787262	0.160216824220929
0.018162473967946	0.0204162253597842
0.22345480772104	0.317251803706993
-0.788565569327323	1.71247553542201
-0.352966019135059	0.506702096525941
-0.0435602318322549	0.0488296970451077
0.0796036042697588	0.106519156045558
-0.281726089558357	0.474818941352613
0.258693372409032	0.385025482255038
0.467318818123429	0.876503141449266
-0.352013638402247	0.504768219824535
-0.260774042169255	0.359866971921936
0.497728786137665	0.968278254636396
0.307816620349508	0.525104708644186
0.524761220423151	0.89849400282876
-0.183433402731652	0.252694726375548
-0.116456808724855	0.136526748902589
0.317830645887423	0.594514026160858
-0.163466891238913	0.191380496927216
0.266524444134961	0.4748736978804
0.778243372015888	1.75702091771523
-0.0589425299946981	0.0717167070953318
-0.0981095482599728	0.124327668695645
-0.74035308777687	1.48118149561555
0.0893267286365	0.0959910929252827
0.362235754376661	0.576636069106656
-0.196907268714353	0.250896214411202
0.123173137575111	0.13365590901636
-0.259092582030611	0.409415973182414
-0.515137831156584	0.938802009440616
-0.531445005907666	0.881708691808405
-0.0115168306268347	0.00983547922894087
-0.232905185623433	0.232433619591252
0.201451000494227	0.227773333973899
0.0919633714344497	0.0912684620346603
-0.0145585030483295	0.0115453609358983
-0.677959280301675	0.97026541016232
0.0322102856770603	0.0297753342746461
0.717914369548456	1.18958123192005
0.0168765679252252	0.0160325832972363
0.444366201939628	0.665175337679894
0.596494790074142	1.13210438642019
-0.627983804654567	1.00788548442335
-0.111404821718	0.141545572614627
-0.166919137627124	0.221035919120497
0.756374743657137	2.3244144717484
0.710711341941287	1.49312016848083
0.00695026720399927	0.0051531649595559
0.0536907095115294	0.0482961368680735
-0.410006115014115	0.677941643137173
-0.254575257277805	0.413912558237283
0.0886866363170992	0.108946990385208
-0.307453530059696	0.4890594866266
0.159270363819673	0.232353352626004
-0.226487751753618	0.312137589492937
-0.134033066978094	0.163857541753455
-0.334218445899858	0.549973391130784
-0.342513782320704	0.510256369133921
0.33146440443876	0.542125805411914
0.123173137575111	0.13365590901636
0.356880938095102	0.514348853319293
0.204081341620665	0.298313570432457
-0.0117610141973875	0.0120218312267644
-0.0765615795993446	0.0897450382709935
0.270278658144892	0.432603396523909
0.126191108462998	0.163454559699895
0.20330359448625	0.264805591940803
0.227780084734242	0.3299537619168
0.00112903978632226	0.00109671685069873
-1.01768682187013	1.37988293040055
-0.0884828278984162	0.112293187579625
0.372156157903837	0.730329701323783
0.0127441701010819	0.0153961267509748
0.661268936684762	1.37846617164319
0.201136640195818	0.292933361418053
-0.301735055985531	0.494970970492604
-0.436238678585238	0.744109840758911
0.286761842861193	0.415021134264188
0.259773785489205	0.447940753157221
0.138829470342262	0.200822153621542
-0.056538655934607	0.0787248164091887
0.0784461126933929	0.0995154728808103
-0.306587480661862	0.487182905419321
0.677288368972734	1.21049187800748
0.400039373153357	0.793308870540657
-0.285300240997334	0.423545106234627
-0.480249070599229	0.66269732367536
-0.400552447879007	0.575183772327927
-0.13948458921899	0.148194699553216
0.330402353410944	0.349961950166693
-0.0767923157064705	0.0900443552889087
0.151992388933281	0.198805055982958
-0.136537252781978	0.173587632493635
0.0449341510413639	0.0488623020819079
0.0857166921463823	0.111059919434857
-0.592216179418382	1.08065367678214
-0.0320279359364647	0.0390215622812301
-0.0228865003729992	0.0256974772277204
-0.26128739986834	0.450052681635072
-0.377835761101568	0.73666667247648
0.184279707556935	0.248423801424899
-0.0929888902066364	0.130655062865491
-0.274723074726834	0.393927591940818
-0.160233576462166	0.170130145088193
0.481227428250942	0.801826609506605
-0.140643737126146	0.186045827003965
-0.0827611327028775	0.101067317167372
0.359759487931609	0.540628679044464
0.0942647253913212	0.118213852595937
0.398315444618348	0.686360752340121
-0.247486982473057	0.274795124489695
-0.272559994005397	0.301918076031348
0.0516322906170522	0.0536309181541124
0.347151000818978	0.435061942592724
-0.53100792262551	0.880629164009005
0.363315203385934	0.578933579919955
0.738001377261847	1.63282459507812
-0.526245156651327	0.8415239172959
-0.361699588271305	0.577565948261228
0.529998897468498	1.09114506490434
0.0296236932733675	0.0327253657286679
0.0869836387213057	0.106691634451501
0.00855890150657109	0.00898111207393923
-0.165817573045294	0.211290711497653
0.241734039426343	0.377140969990816
-0.19346289794668	0.302768733835866
-0.116950585214512	0.154517069856246
0.160588105879887	0.197916862006279
0.105788084721802	0.145761310511649
-0.662175692199176	1.57417978359682
-0.739807193823905	1.47916619086938
-0.386632012279439	0.576928470000398
0.597336533492142	0.95548963546371
-0.56505680249184	1.00136565397551
-0.0357948215135862	0.0384058917982795
-0.866279924211229	1.68586499967187
-0.306999654313006	0.407117804337794
-0.255502654259506	0.365422524901734
-0.436865408870808	0.65263981877332
0.0625445769925521	0.071474183533607
0.652693911549528	1.22817430107806
0.191247461489032	0.23760743843407
0.839921585800227	1.61814812172183
-0.165365714435449	0.210576932890945
0.00234206896430321	0.00304689839736495
0.35753097058063	0.525730889110294
-0.341007947279538	0.542899124509938
-0.0398053128269316	0.0484420486036532
0.207153173299129	0.308193086960582
0.508844580303733	0.948649963615517
0.307868961770388	0.525183081612992
-0.214802174776047	0.346514448511455
0.188975658399229	0.284201722741906
-0.333070229059243	0.580316475037105
0.366377846188546	0.646688087228085
-0.29146614739762	0.463108131672013
0.480332629572386	1.08759495435788
0.0927954989394928	0.122829349676833
-0.233440784891134	0.29771303472055
0.0991360065050814	0.109515527615059
0.355662530837936	0.491256070813364
0.480217238429971	0.815727917769918
0.102527180472293	0.131580940412024
-0.488192133498949	0.862349852793441
-0.0711731409263008	0.0868383436526143
0.256983129848426	0.37573523216438
-0.494727286624503	1.05542970293746
-0.245965670536664	0.388518415794008
0.207153173299129	0.308193086960582
0.258726554624705	0.385072012534501
0.177562703431556	0.27802341441154
0.361877000143616	0.555183057429356
-0.370109593924466	0.610580034011955
0.0200562147883035	0.0216136045284389
0.4785311917748	0.827704099679156
-0.285045588631934	0.46626850685858
-0.232778845025925	0.296737037777221
0.118096558614789	0.149442815182453
-0.409403160980587	0.676570864613291
-0.197879135882507	0.252385732860974
0.310571899262324	0.415448317138529
0.0131785589302629	0.0132012561713325
-0.179722424508159	0.219361948717964
0.18722889249426	0.200061162404725
0.0894726484916445	0.096165109586804
-0.769962691314169	1.58611825508889
-0.21710471272084	0.26531300461504
0.270453185427332	0.358115308276156
-0.129399096616188	0.151354582138463
-0.181417910588384	0.240440748882878
0.121532157641356	0.165913352105875
0.566658505414865	1.17497674241466
0.398716406581361	0.687408637526918
-0.0740226989081079	0.103530887607595
0.613852493646281	1.26683688108787
0.0590499309352617	0.0780687361394706
0.19834484590577	0.283973101341235
0.0297909057556974	0.0329297145807111
0.151288488632972	0.197750123481347
-0.161477171474898	0.251473567729517
-0.188799925228368	0.319280959927756
0.0965416935005043	0.114072896107233
0.0287813002095596	0.0317797782309864
0.154334631105113	0.185805211637551
0.238986529339849	0.366414173779641
-0.197125099518413	0.261551120075884
-0.270372067861002	0.401848549054254
-0.011992367382119	0.01226005496727
-0.822529492017224	1.97096392688495
0.208381723664158	0.310414747043358
0.199160141361053	0.285405098685187
0.00752331697533209	0.00824557518020199
0.220848884336602	0.270268518300485
0.200210892175708	0.316995403403188
0.100621995158405	0.12885850657062
-0.531378397945417	0.881573027550537
-0.362273456772767	0.539294001870297
-0.388491100384234	0.79560554014128
0.18790395111781	0.282279977832723
0.587254701876613	1.15105904800608
-0.0299490391135441	0.0377541645136982
-0.562432481019672	0.964885219983342
0.0984070165680629	0.139497463290521
-0.948563163117649	2.33043624346817
-0.0252900421678682	0.024441427710356
0.192587061172252	0.239602469029077
0.535851080896593	0.867159674229042
0.446559225608479	0.654851720566127
0.0480699383022854	0.0558023510779328
-0.424518511996056	0.747883875355573
-0.823962589318102	1.41255113227156
-0.208216554809719	0.307257349393463
-0.560442133440612	0.929991871098419
0.494137290835758	1.00785999118372
-0.100151820541105	0.127279879982615
-0.193852860535582	0.312340868125557
-0.144446906285572	0.161598434298611
0.163791088969644	0.243255534500739
-0.0456425485652958	0.0512786705333428
-0.180880503149089	0.230487442759525
0.116324713254112	0.201715975909728
0.0780305592309872	0.098918293053235
-0.0435471714385295	0.051066123853619
0.0844151509296821	0.109216455984289
-0.169879291673288	0.241731805253834
0.116484128289761	0.135553986466763
-0.449169802135359	0.620354893130047
0.399121146981184	0.504293815438691
0.0538741364048457	0.0600707838167295
-0.0817370778713139	0.0829042308457955
0.433456422126559	0.780028651154387
-0.124939146641932	0.159075137732158
-0.179962402428371	0.219797092470817
0.343469909988157	0.639886722598391
-0.774752214842555	1.97975540778142
0.0300416751423673	0.0365840927385891
0.0106396756243357	0.0111765023870202
-0.528283778849776	1.10220464836198
0.516620723804131	1.13726579108672
-0.768386017119011	1.36272362488957
0.267847489938307	0.421423301046942
-0.108512922220688	0.148040004003392
0.091545720160208	0.127216960167045
0.13019306169911	0.205224346700789
-0.17183307822999	0.260567674458289
-0.435582556424841	0.89864410378392
0.073111828318362	0.0857674712644893
-0.911797975400023	1.93056046241466
-0.290334398816375	0.337741614137193
-0.136599326979946	0.137653459407648
-0.457749335173142	0.658530116729893
-0.0698805604763929	0.0784568920154208
0.44762789600603	0.641972216567387
-0.429155523149024	0.777842627426377
0.252578433626976	0.361653000597826
0.351916465924974	0.463780066101581
0.267660950529397	0.346771117534331
0.125899211487324	0.174983971405279
0.142060129850229	0.234659397843048
0.187566823750925	0.304291493508574
0.311805403676181	0.549428441803935
0.401452284285369	0.952728530557163
-0.494482565592305	1.07732460684916
-0.365699267533958	0.638896996133466
-0.0281580989108931	0.035409493641596
0.369315250301919	0.673877726932336
-0.0314960230271177	0.0383509600885016
-0.0700697196356148	0.0786851501917188
-0.341025352037561	0.577709704550458
-0.307903111129717	0.408724015430388
0.683656115583784	1.65306160867826
-0.341940286015557	0.544966187521235
-0.000710377849262802	0.000725713231132165
-0.117505851775638	0.155310597960668
0.0608454335147349	0.0649031186988503
0.296580173172029	0.463518962318962
0.1263249685649	0.163655475498498
0.336203425943601	0.578934323899413
-0.494710339620351	0.925788856234104
0.035745269812612	0.0459778228503084
0.360393769250934	0.552258017976973
0.436191895002066	0.759997993995428
-0.182548700604882	0.268688473565356
0.0871834073378348	0.10696102711462
-0.38579901861783	0.575297912266427
0.443715437181451	0.678498768116585
0.170524813692809	0.196297072600577
-0.143167791065057	0.159985337087352
0.435172651841976	0.743555301349017
-0.275312464712384	0.436483843971884
-0.308408546367144	0.409575575993155
-0.0354647664181188	0.0380368983091658
0.707420379666754	1.92294778670934
-0.253076398397824	0.375340702433792
-0.0593674502981406	0.0802096447719034
0.0426189047663984	0.0558994284331181
0.479650039176632	1.09991534728285
0.209070352840941	0.315848674938827
0.590791649732108	1.30740113474937
-0.513525006512914	1.1222611096744
-0.290515824938765	0.461135013323873
-0.159073949155758	0.233447155790202
-0.243415309249211	0.335801704181198
-0.574440787775775	1.35115390559022
0.0256168597195399	0.0332760146716759
-0.311772837876137	0.447596438575462
0.0863682664520352	0.112032214135801
0.256143573783073	0.374216225626908
0.192668382998166	0.239725743855487
-0.0113754397544697	0.0116219478251618
-0.179841863991192	0.237863788022555
-0.211879267458549	0.280807068436628
0.365054941646329	0.613380249339387
-0.0235192159352333	0.0264234709766393
0.0997177342755394	0.11020520544672
0.0693608585866159	0.0982975607572505
0.310446052363021	0.644964936343312
-0.211637164173089	0.434466055445741
0.539935363790139	1.06440765299066
-0.287713445439834	0.497439284838947
0.148391303530879	0.222449444955692
0.236595859589667	0.31098840852699
-0.197431178592736	0.272078686697183
-0.342613809855566	0.546354956425721
-0.446970949639925	0.989025210372681
0.0455293352627873	0.0578630832389076
-0.0237820430932909	0.0255258366896639
-0.132683145901123	0.187509517880511
0.109158852745587	0.123951304082538
0.163154453401457	0.222487448048041
0.193455599757254	0.271471048805346
-0.255367720706213	0.365162671294181
-0.304641885112044	0.370961330463199
-0.235776659155433	0.287636461689986
-0.269829288034555	0.47778193414597
-0.151821434481213	0.193493638441655
0.279150003663277	0.38705630977121
0.263045657928209	0.332593791430892
-0.130195498072419	0.152413582024507
0.269804269453136	0.425370762100414
-0.0318007293303969	0.0372192723214089
0.030574319467951	0.0372511099227552
-0.699757224863937	1.47567992895157
0.24781280563736	0.289953017143163
-0.302891300554302	0.450116851173944
-0.181027115811354	0.221239739697885
0.337175825870016	0.589905751197156
-0.120100018858007	0.146768501392786
-0.713137010677735	1.66184699752907
-0.496468059919055	0.930782559536778
0.0300102796097904	0.0365487191028375
-0.343121011214002	0.582508692390702
0.198570487844799	0.284377565631598
-0.0579256940582288	0.0733577663941777
0.0425765724138417	0.0512451587839189
-0.835010216973134	1.57723101967582
0.203674426847886	0.265390519906369
-0.134417752746	0.219562375483482
0.426010490174157	0.984614080389488
0.146190592412954	0.171518388099862
0.356735866077683	0.514084090319088
-0.224542185171638	0.383970133492695
-0.0729017801283872	0.0699318597217499
-0.379362885421689	0.4398312830695
-0.747256295078679	0.981932783147605
-0.656032531748515	0.70914619332352
0.0000262010078495641	0.000031799511752124
0.361271095169681	0.55405614149622
-0.149081140333795	0.182339823102839
0.364080174929619	0.590752102646301
-0.181374250612158	0.182013049931539
-0.181048776315329	0.239843293365896
-0.147506123536341	0.112682937700276
0.175131469570369	0.154163069275397
0.436693273745687	0.74736564697414
-0.503987155783713	0.835694758301539
0.509401462809986	0.932179878973382
-0.494903791585159	1.07874486727239
-0.214791906629467	0.261751262694493
2.0067827594413	3.089385437002
-0.182161309551837	0.0939563331089012
-0.155811648978559	0.147834117331431
0.303318268058981	0.386354559741399
-0.355964292123649	0.472554330356394
-0.47462801288039	0.761362655321924
0.0795720932508732	0.0764776365358824
0.399480223891405	0.543106138751683
-0.254747131635284	0.268453402758454
0.650100140550428	1.06828072754965
0.369833583870227	0.674898072459717
-0.119602840519021	0.163473739773178
0.400763937854866	0.595676122655088
-0.509380881391193	0.673294237675117
0.187094973633769	0.199953560992421
-0.326644556716389	0.646336478821957
-0.127503254306733	0.191276909728186
0.538247974269833	0.636824493351985
-0.320314297573501	0.408257699896832
0.0462464808650789	0.058826779294634
-0.157632010633369	0.230885662202241
-0.132840114625648	0.12644347894369
0.224018286979662	0.358325039433284
-0.0787055770386609	0.0999299207493294
-0.411115832428916	0.545291567378458
-0.18196657921432	0.161242872968747
-0.0301039571419305	0.0256000238641298
-0.240564349769802	0.225995069950365
0.324089015504094	0.491958894567672
0.191699965079076	0.238294555793199
0.565470477593135	1.19141312448231
-0.0247509350593209	0.0265853413747323
0.516270136538731	0.932671508255626
-0.430847895738701	0.447915545511672
0.275762036587485	0.374129377076461
-0.519297329270849	0.470063124844501
-0.644924639597534	0.774934935240823
0.315651309505742	0.441443420960156
-0.0905560563129272	0.115195968676189
-0.308544047696343	0.491275074482205
0.77697877752848	1.62229318447082
0.386780479498153	0.314175863115507
1.00830360394166	1.05598092233095
-0.314768166599113	0.330144981994763
0.550246022660186	0.837698745036994
0.0723313710791894	0.0793858939197503
-0.781523028527131	1.74048252837583
-0.64524268776803	0.77539495248155
0.522347575661979	0.911587625418407
0.283458649873877	0.401643620607226
0.0803326922432222	0.0840272831738695
-0.443472359927414	0.781217164287473
0.172886995188646	0.245203200940125
-0.511195170153232	0.903386575998559
-0.0952184454237363	0.0798530104833629
0.0815191511191864	0.0918193236992033
-0.191695697249535	0.30807373563053
-0.556300604425733	1.3339941290783
0.00783888395279444	0.00580623010937518
0.259466062870514	0.320317564287881
-0.216490812395657	0.350079740367844
-0.196225146522222	0.289451775026611
-0.257938480416243	0.314817880879324
0.571918207835127	1.17065769278037
0.214012710941672	0.291430192207171
0.146350261130903	0.155039849563927
-0.254475413500436	0.268110650416896
-0.206646042781403	0.206935032659485
0.396331175086592	0.422634537324825
1.18156038897361	2.81705643260349
-0.423373336185497	0.744956780704058
-0.182018089246078	0.222757192393037
-0.0687291702641066	0.0770801631916612
-0.390399845955813	0.645255372178483
-0.0127134128380941	0.0116040211936573
-0.253833935981832	0.267261330139881
0.748986997903881	0.868132238678393
-0.186426502492942	0.141052790413505
-0.215053811631434	0.274282938415023
-0.130054079229702	0.152231642806547
0.681049359495274	1.79594578660582
-0.0128421317869912	0.0109719198012717
-0.248692547761734	0.147385274496048
-0.278985876112102	0.206842080705569
-0.689096740857153	0.906613696177887
0.139015718619223	0.159060297428887
-0.404347523923139	0.710795363320907
-0.121784762178791	0.149083491886087
-0.252879782725154	0.374945758667867
-0.349565517126735	0.365713210886221
-0.118435873564474	0.119751659443565
-0.552967953701446	0.762588173068671
0.117175198557847	0.113352137061894
-0.130605285698923	0.152976456620416
0.173101185765001	0.223425612085319
-0.297710042242171	0.410462899438091
0.175439615731671	0.154456151837449
-0.299376854398186	0.41358024466233
0.373577762178537	0.764017444073842
-0.194550676057883	0.295818600499628
0.393056062464143	0.37756549924205
-0.137646661318121	0.206996854794087
0.080893796379171	0.0971362716067174
0.488673669782274	1.0387678140887
-0.114648770162952	0.181433503892274
-0.171257396700888	0.274507265714239
0.265473275940008	0.410456309760013
0.155972957734393	0.223702822997381
-0.068739920286026	0.0872120982833317
-0.431808345438961	0.714665564195754
-0.500619650440135	1.14255025439262
-0.0625438183475208	0.0764440621835928
-0.196555380656866	0.260655346423467
-0.411965190842046	0.886093177398401
0.231806453427685	0.342363643609995
0.0632809154954617	0.0723776395054654
-0.11684335456161	0.154350929746359
0.158075059146853	0.211240934104696
-0.248100816232478	0.379522744227813
0.331431475136736	0.542080716722315
-0.223152996974676	0.318245967011925
-0.515408211414256	0.939473305123626
-0.323598495293549	0.514881583127496
0.226140842199746	0.32699055648076
-0.366975225112054	0.507234352330838
0.201644294155669	0.319771217077298
-0.594752296674719	1.15283089522665
-0.39826233564475	0.797691891800578
0.186822725899345	0.280312952993658
0.136352351097741	0.183701660582716
0.291621687140775	0.43898056305772
-0.436877468217987	0.745543818495693
0.0167587660693229	0.0226743136526612
0.0163181266962085	0.0214031163899651
-0.0772902713680822	0.111274374490798
-0.170055642343178	0.315491269267472
-0.214749843261384	0.356843760965919
-0.15933571299673	0.247532395491646
0.0584792902647169	0.083535216250446
0.146372010345572	0.25877085892469
-0.0246079302878389	0.0349583442187
-0.0159609467165409	0.0194289946900597
0.434059099332098	0.781575057481802
-0.195139985803867	0.258234821064907
-0.138506591873473	0.208502730375585
-0.105179507373141	0.138744730497851
-0.135670856876703	0.198018100775388
-0.790200612479836	1.71788971074721
0.325212686907941	0.644907352435787
0.218581545543339	0.375525375768799
-0.102283064167931	0.119905263813062
0.292967564263523	0.345707242447219
-0.24777265747017	0.275152726839815
-0.622442920567816	1.10278875656723
0.51200762563115	0.938620539940541
0.025948610935063	0.0298404967287306
0.14806708077262	0.139386820618538
0.202984081185253	0.326333192754025
-0.122668259199282	0.130702918306996
0.249000741984711	0.291660241765986
-0.0245245147550338	0.0275795902432068
-0.212508944524669	0.29317524984992
-0.290905783123458	0.338636055727494
0.489796838954985	0.771073999677198
-0.050236428801384	0.0510897391833933
0.0805359930810592	0.0774621140494692
-0.248458006632928	0.330166367082802
0.163016023573657	0.222275632725936
-0.424044571120684	0.678396728551572
0.278918688482176	0.302427714878896
0.0920416423884031	0.0832136531118506
0.00499395732836871	0.00402195086214743
0.236735226385709	0.362025275673965
-0.595202757123006	1.2183559382147
-0.316052349799258	0.518525229639205
0.374413034662998	0.786300303937453
-0.0132443196202268	0.0160838130172936
0.285564492129789	0.413008339808675
0.399642473050081	0.580951208774
0.633713663014615	1.25289222871957
-0.241718549320816	0.346232641873983
0.056615741861662	0.0772316482877625
0.533262149939896	1.29102683802278
0.238398015150509	0.365312708051043
0.053734997992035	0.0599081625264781
-0.257339989761719	0.313850982859867
-0.22568875148816	0.375419176991327
-0.205342917511572	0.321973767968505
-0.400786002395156	0.508833713076863
0.525752153778973	0.901196335200876
0.269215253800961	0.424213667533285
0.0555075320190547	0.0658863739454449
-0.196050302209775	0.259827616898221
0.225739344374828	0.326332750979295
-0.0658369112839158	0.0772646277571355
-0.0965832414897607	0.108276147194205
-0.0561290978484804	0.0629626800733903
-0.623628691875669	1.14152881513816
-0.322080723874006	0.47922652594904
-0.272602839185559	0.390134283640607
0.812745286671161	1.76164535665251
0.460490515228465	0.930455336495805
-0.151956312908624	0.193696178998331
0.358065507487835	0.526654000539851
0.295277617852303	0.35713842624962
-0.371883074749432	0.472891414700398
0.433356259406942	0.806118361948847
0.278736628141808	0.386377786537446
0.438969870301762	0.725176308325105
0.172342553467357	0.198806731049913
0.324734711815256	0.493329125579491
-0.0243814952387665	0.0261820137000614
-0.238452965852972	0.353464213238967
-0.227967322325348	0.302000184222602
0.262911469549284	0.460734758328345
-0.0376165456690393	0.0383633385670505
-0.214400855809829	0.18910965013288
0.00248394074938066	0.00228361191262417
-0.0116151730929866	0.0105965819719549
0.451533006397764	0.603461008049467
0.120582725931024	0.164442779504686
-0.180998521962492	0.248642009915921
0.341038154838984	0.625404341946213
-0.0414788508744772	0.0485265863998851
-0.394306158978428	0.670055384446596
0.225460341623448	0.282574479973966
-0.240704983007525	0.280483833841346
-0.00216607305177502	0.00232635891950956
-0.594185950847144	1.24593812067839
0.165087064261112	0.245517723683841
-0.0235717848230109	0.0276191683602399
0.274055387567218	0.446925747502013
0.120753855895156	0.164690936858812
-0.383917217227209	0.672543996817562
0.472344934725345	0.859185482788723
-0.0415488559043649	0.0485990445008511
-0.290905783123458	0.338636055727494
0.400516763605731	0.607555613484178
0.0179404336515941	0.0235769840643009
0.121994767223641	0.177581763209609
-0.23242236659487	0.296168011219072
-0.145600929379315	0.170313957202079
0.138273993126643	0.186736515084487
0.0885378209183304	0.102117820284459
0.92106137124999	1.9200891151466
0.0913558721410379	0.0906354092892679
0.352650818550533	0.475562968495217
0.0350312134364095	0.03710004823838
0.0346772036685205	0.04082013599093
0.168793396537468	0.23497238158206
-0.121701280985658	0.129567688500045
-0.115535418097286	0.135311728054927
-0.673033770025963	1.00168972074629
-0.549928049510778	0.727130019660043
0.00315553749612744	0.00289794693979391
-0.0987352389104354	0.0999362732193301
0.0333610106487899	0.0392093114739156
0.318801031663834	0.455865536467037
0.189727138904628	0.261127651195733
0.979482787532645	2.22938115807599
-0.344850764860617	0.43898146334199
0.232767316701993	0.349318783369661
-0.591025076754878	0.914054550541992
-0.31644686056054	0.367448916742322
0.116493945514323	0.112622849710602
0.61540458854172	1.11160954243699
0.104678264642409	0.0979106528766141
-0.0988100114917001	0.100021593286377
-0.147042809771027	0.215193006107851
0.768549726020731	1.75895304759329
0.0232973629772234	0.023984090875365
-0.222873490555015	0.329593849451984
0.498746235204312	0.737549428982733
-0.706067891654282	1.13103757540818
0.398507319832266	0.675112845468049
-0.692975052131092	1.23075129251802
0.131483333099728	0.16060263041985
-0.0795397788495291	0.0888843304109883
-0.712906520399404	1.38657534064736
0.543791955843851	1.05552192134452
-0.378673029465505	0.645036061309423
-0.116000326333538	0.15309325004124
0.131537951265767	0.173814041169015
-0.641967129171452	0.809590497270813
-0.595046179280101	1.15389621636803
-0.297965260825373	0.458791857728434
-0.438205357710916	0.749055626019521
-0.954778558905721	2.0190162525072
0.100510259534571	0.111153583643291
-0.564775249423449	1.00078599806381
-0.014193431951335	0.0112525899496006
-0.301376275875232	0.333587273572206
-0.273026154281662	0.302473785808475
-0.204167390362783	0.216030645507357
-0.331397276677046	0.440031734066224
0.400082639830653	0.594319382889575
0.0552491423767574	0.0616776527839923
-0.130963817659468	0.179203945012374
0.0363044969525914	0.0428006614191992
-0.0475038043844521	0.0508934147658837
0.117459853860629	0.136816255681115
0.672951363381262	1.51504661801706
0.578833896098301	0.981233155756424
0.0342984053579726	0.0362993072397553
-0.851253676509289	1.35987914023678
0.0899912396287163	0.0967762767846795
-0.146899914987067	0.112176063409813
0.646158869707103	0.907080757248001
0.462671554662267	0.907716897189048
-0.591109245697849	0.980533294215359
0.214847515622737	0.256351132525545
-0.30759761339988	0.408203152399273
0.0452057271323247	0.0491684002780441
-0.490012657770212	0.730577846960997
-0.441712339047645	0.585432098158875
0.642713120032331	1.07807058052891
0.357579840266169	0.515697424590952
-0.552702749148988	1.24045121151592
-0.105240882637251	0.112257068101318
0.053734997992035	0.0599081625264781
-0.0776316173482251	0.0911010526612291
-0.769081284108649	1.14161262629068
-0.532702053445713	0.88439429714242
0.399255266339106	0.542693081879168
0.54091986630707	0.858739565865836
-0.0537502573697985	0.0630207268369128
0.019831307328861	0.0213683151483568
0.226495979510664	0.284153230377467
0.117605570898556	0.113811627641226
0.078895254587318	0.0757811659834964
0.181947900070127	0.267852035096453
-0.386029448515429	0.575762182480993
0.179258677438352	0.185971995619956
-0.265012458664529	0.444379831768129
0.507537677960863	0.945192002599881
0.457229884584276	0.56676241284052
-0.155115941424462	0.212819648794867
0.202792868985797	0.26397653139244
-0.330648128123382	0.402163346881929
-0.296486120334451	0.294365488660261
-0.401936381881998	0.442502121361906
0.492675595479479	0.437625475455246
0.107286174494922	0.121579723862248
-0.360595641055072	0.613312735103216
-0.716877715878019	1.35301076700027
-0.367322852266295	0.507956831512157
-0.0380693341422597	0.038838196138541
0.355808614588965	0.491478513539996
-0.836431255930963	1.38463815702302
0.160078506207088	0.15594836678785
0.398470365928762	0.566294196911059
-0.0254421162988079	0.0245881830464037
0.297413090665438	0.360498614850912
-0.486693410798263	0.532809994404579
0.899010849163313	1.48263554818629
0.213882618491046	0.173695629976342
0.860531652412964	0.867060552474143
0.253325746055601	0.304480876506518
-0.454990903613163	0.653262382683914
-0.0425150890324115	0.0518997217634513
0.681892391896524	0.888601176893775
-0.0735783227215138	0.0706217244527034
0.275164604289681	0.373108109660671
-0.257936156655076	0.314762564621399
0.400600220997346	0.749528038579649
0.187689546009225	0.281885618612425
0.33908545677121	0.392044091299504
-0.349361211391292	0.365427293697875
0.22911103238442	0.246331751756698
0.228740372201761	0.245822341092601
0.235508600806813	0.309316781954311
0.527714718182487	0.886967303624188
0.0512600716327202	0.053226349236314
-0.810380283873507	0.864375238789771
0.138498502141911	0.142638102478114
0.316249908342829	0.582913997178612
-0.0542524025368885	0.0636434338738878
0.00767761869246225	0.00568791543757901
-0.0894772025535965	0.12188422006304
-0.321712537809307	0.478485841140277
0.740214633986126	1.33275336946841
-0.330716028226511	0.47429215740686
0.299312941192169	0.476506031557491
0.0671614399862401	0.0624874475742341
-0.645181026296329	0.775439353469845
-0.249710337775145	0.218944075420523
0.329706243883473	0.349091159470018
-0.243235323653746	0.335443490109545
-0.499978597871031	0.963741652334525
0.296835354453031	0.359662410867924
0.248286657595943	0.348129756528363
-0.617881887361087	1.39799845587014
-0.235481234268121	0.347810569515082
0.0536804131506348	0.0598276190767048
-0.0260357076313354	0.0251770698701914
-0.0752305325523001	0.080490670591979
-0.330842220809433	0.474476250573526
-0.0127840087392957	0.0109220302901689
-0.0958050111237444	0.107318186146729
-0.128070933336057	0.114556658795301
-0.241451096603669	0.281479331767452
0.468164675511533	0.518129596206959
-1.50840644381893	1.97745035749804
0.0404098706729729	0.0407816483081383
0.363278995028422	0.578810486911792
-0.051306885559771	0.0626112964696896
-0.927844170785438	1.74962523604902
-0.181578911831058	0.171767267295186
0.450950210183854	0.617556711249043
-0.182355234102222	0.241900961249732
-0.403807490042459	0.770333212714469
-0.206350474492109	0.313952500230132
0.728906056921529	0.871699345299692
0.303609677778525	0.386939666328166
0.392273106820117	0.362600559072895
0.397979812419694	0.477075321925212
-0.331849876287531	0.440771729360957
-0.210970551332006	0.290588599497134
-0.449048150364753	0.815195780698169
-0.214195622067486	0.188901357650998
0.14792217959951	0.156979012816088
-0.131779547698515	0.18053154409685
0.0876580386395256	0.100993454866601
1.06640738946912	1.07271114941907
0.0419884859313364	0.0505012500435413
-0.444407998040664	0.874516071139412
-0.344559869518826	0.476815825549099
0.0206121753474172	0.0222265989341631
-0.518244629424939	0.972379953220811
0.315814768718942	0.441788334043372
0.0451632885328129	0.0431081236289558
-0.509475603652672	0.673463712351621
0.604091387562183	0.946648279064254
0.640734059574753	1.39130637645667
0.084936822719428	0.115694818478884
0.298834789623067	0.482997102002613
-0.236422060678699	0.405274493545564
-0.37453639949146	0.675189246334616
-0.13745053055972	0.206620687952639
-0.511038368999899	1.09090794777644
-0.292803416181204	0.535116825486519
-0.0475164377015948	0.0509053543807207
0.145011535535169	0.200031726179619
-0.0900352781982419	0.09620142230544
-0.419227526065622	0.579135132175254
-0.181020179897788	0.230701796040801
-0.518344937449517	0.744069090509916
-0.0971739559877253	0.108956143784392
-0.295913885618883	0.293635446418092
-0.593972135767567	0.533968633519731
0.138066801688072	0.186374829779417
0.15014833562228	0.195970873370719
0.458025900554036	0.965119563273517
0.399121146981184	0.504293815438691
0.242653424530246	0.276443355810779
-0.264702358744344	0.308281016513311
0.440729358512356	0.72904217594746
0.0787151740381192	0.0942964492860449
-0.243170989787173	0.395574379043959
0.128904877188913	0.202829109663083
-0.105246756379292	0.112259747683243
0.31633124488296	0.442693034333243
0.144061723877142	0.184007479384088
-0.470959377537211	0.752414705886399
0.743366602445308	1.61727068605954
-0.0126121923608095	0.0135439693633052
-0.0242840662742379	0.0260767849768781
-0.389948803677158	0.473375552892696
-0.447725454202193	0.716736100329408
-0.0480521547264032	0.0667510934744361
-0.324734146049237	0.549207426223628
0.224595488279763	0.19035042005573
-0.154593012423107	0.204865038613035
0.192460730082545	0.294415424755085
-0.0406142901122457	0.039176824182492
0.311941718430902	0.549678086800225
-0.318727793080344	0.584490984465491
0.0976008411896142	0.115458682869184
-0.227888584882897	0.240569959362349
0.149351576730904	0.140735546057894
0.130902542834324	0.145865238804141
-0.242029070038222	0.393205960780261
-0.181040436707633	0.282358756615321
0.333760723253282	0.564417890707598
0.039442092735308	0.0447047632434078
-0.575344814251446	1.29691152136807
0.0248473378940838	0.028539357033118
-0.088665111948833	0.112526699127215
-0.0996776468529292	0.136033310846456
0.027066898475888	0.0340542228529011
-0.341134979746568	0.577796018665192
-0.421316425010636	0.805555445472261
0.304451301495551	0.510136787067191
0.113355892179326	0.119521025425809
-0.33052259858486	0.473886652890828
-0.332447362419684	0.512313069053965
-0.196306125632196	0.249952281974726
-0.782028550397021	1.11700421392729
0.344914511631016	0.4212162400994
0.520816643308847	1.11612973257541
0.016158169945328	0.01813159095561
0.762983698086303	1.8970679089347
-0.0483976826803125	0.0612123706631767
-0.500564655412705	0.802889224566915
-0.126160815354176	0.141057690925444
-0.567318541437566	1.06712366219753
-0.279651391222454	0.429233456948309
-0.0838434822338478	0.110316682439324
0.243753124942939	0.277914646976296
0.0107721842610507	0.0113181318391476
0.124418946284742	0.148425768389032
-0.310802756008796	0.445776027308513
0.222348264731069	0.315365734588311
0.178828484014995	0.258867926491696
0.211507180799611	0.320626540582116
0.326771145392729	0.506093674727629
0.504034964945465	0.970080055942906
-0.577319126295942	1.44819891877388
-0.152988977195222	0.202392014731089
-0.518715864300029	0.744769225442579
0.174741170575499	0.269453324132133
0.295571008258204	0.555488706349944
0.439399865163314	0.740000900845926
0.0918414904280369	0.13373206499603
-0.230667056388584	0.37453141088122
-0.179293315041203	0.209364386515596
0.0143092417949685	0.0143392141753821
-1.23331343736344	2.73980061414677
0.535932963196161	0.867254477030619
-0.376033139481474	0.731463674793491
0.89789195933877	2.46341556948559
-0.234663487395573	0.413105411389845
-0.10832337971869	0.161819314448229
-0.454244803768121	0.84872684945232
-0.014403973740173	0.0161962341270639
-0.167963527435322	0.230670938361427
0.328863603680169	0.527771072594516
0.496273605746428	0.98090427501541
0.147629374342563	0.173433315565776
-0.0458463263533425	0.0515192215786436
0.223708064168623	0.233542811249682
-0.34540369035179	0.400319810941085
-0.341681519006532	0.544285889204867
-0.0335168253823761	0.0376306532023513
1.2728808456265	3.6713549561252
0.142569009521277	0.209698522808316
0.784700896966984	1.47600789589037
-0.473157754138925	0.758140537374836
-0.38129209711113	0.609152922278298
0.0449445928877056	0.0570640229029999
0.368496456850763	0.661567950788512
-0.34141723846766	0.578650039838993
-0.570181083970738	1.16414573678489
-0.216330334671798	0.370271752060698
-0.0996309657804556	0.100908719971379
-0.0340205898054196	0.0382154289589865
0.178911829514328	0.185583260340702
-1.08586371468595	2.92414176305195
-0.25340737623211	0.375950245769681
0.296745587682255	0.4637770442906
-0.415037989249474	0.707009678044849
-0.274756076716238	0.435378673763573
-0.0144339680258641	0.0162286602320551
-0.181382544376647	0.282955864693401
-0.171289321887017	0.259383074732198
-0.452183683741279	0.52255537096848
-0.465921030974966	1.0564302922005
-1.19183706322599	4.34240479081372
-0.137368008347592	0.174860424855148
0.833849840539111	2.04291101178976
0.0291627332061105	0.0367769996665825
-0.724900601935024	1.5701341062752
-0.683178814793254	0.938471636144891
-0.355809792080044	0.329381029070258
0.0186392795674501	0.0166682399790821
0.172436965083363	0.244425092513449
0.330375508340441	0.699713410696374
0.43883053024529	0.724859282562587
-0.683149381736003	1.62275373384097
0.120106497927176	0.152291173933502
-0.0876950253779719	0.119200114965683
0.324550197764283	0.492921263741476
-0.358387165062215	0.608192148562742
-0.423481646208875	0.745461715331778
0.47278401223061	0.860298185929919
-0.342103851271753	0.472474538824463
0.288338854186427	0.33096895050837
0.30399238536634	0.387408804125866
-0.260917631942702	0.211352694019984
0.0928250946461142	0.0751258084089538
-0.36156463342616	0.577253475756197
-0.548395405113097	1.11885676855732
-0.235869062726067	0.287777757715252
-0.331919584147949	0.476618580584071
-0.780931399135605	1.95545992763466
-0.258532461186071	0.31564500940452
-0.219658414444036	0.256388940419468
-0.0598707324217391	0.0640337143962706
-0.321168262016351	0.62021688504488
0.205341270498507	0.331113634249847
-0.208978240203453	0.298027431893393
-0.0688870475082375	0.093315453636335
-0.278599932697192	0.467888070570231
0.646158869707103	0.907080757248001
0.197560976138384	0.251445990054117
0.0453542066240393	0.0493333289254072
0.838582982014527	1.6142947936012
0.256378713784286	0.374643083576401
0.06459194936953	0.0828573121750766
0.0714986541185548	0.083752079338362
-0.346221505416992	0.401622570683262
-0.455544697385442	0.755197646149628
0.573250097108936	1.35178926881799
-0.307786007729727	0.62092589515785
-0.697479817791867	0.877482251499648
0.432315519573834	0.790324248982104
-0.230227919392798	0.305769522833611
-0.11670438474336	0.154136589995933
-0.461582656739595	0.908867154047629
-0.0122915257693917	0.0131965847798793
-0.148848183631372	0.236828273879725
0.0337488822184727	0.0432918633016777
-0.405946681049914	0.714485929105216
0.478359927604007	0.811133179174142
0.0123385195503479	0.0123540843393646
-0.0577815058091098	0.0731418212941824
0.00247490414893634	0.00302652214964804
-0.465711799818523	1.05565485004123
0.275301373731599	0.449385136586575
-0.237020201524574	0.350804814938566
0.605271010304584	1.28689978158338
0.3328988680397	0.553831808975936
-0.376932925865736	0.640873246767
0.298846177427045	0.475456243156066
0.107837443482054	0.141097718248271
-0.764654528236433	1.83001694252222
-0.432735101322201	0.956466964990362
0.0599182605326472	0.0793143563980162
0.367003359559843	0.648143439635587
-0.247877011802462	0.379071931132189
0.332797553075952	0.553784497928686
-0.38881936433314	0.741130833058826
-0.572982815226588	1.26029868523823
-0.301376275875232	0.333587273572206
-0.0600318018586849	0.0642121751126633
-0.367567846332318	0.643816773563223
0.0589120542695666	0.0741337090203566
-0.162337105533278	0.189849856514066
-0.56505680249184	1.00136565397551
0.000479339659573726	0.000469108873550237
0.215669415263189	0.257490549315957
0.400526358558405	0.691687411159646
0.00347287169457315	0.00424510104962816
-0.0453982214560515	0.0593050348519573
-0.0916760637026463	0.0877432276097076
0.249252930638899	0.349804402374249
0.0407829344583102	0.04116947249908
-0.16655086889143	0.220456096934094
-0.414118805775485	0.831347661204694
0.37016422682587	0.705447335990622
0.186682610897798	0.280054748447943
0.220382756619347	0.346660551940504
-0.333442286171725	0.479365604582446
0.224894223573532	0.360195210110716
-0.573407492440089	1.26170689285992
-0.570581175103424	1.13593660091859
-0.138310081002006	0.208110044135864
-0.182988890026386	0.26082860726842
0.178603910923252	0.258481190373236
0.137945082481388	0.186234601213062
-0.391130130271615	0.762062914149704
0.0736316791982756	0.0966470000996865
0.0692803065256594	0.0981727428802387
-0.294536102721766	0.496590664398162
0.467452114283965	0.876869718889658
0.603648605654677	1.6198578301155
0.172502208509307	0.222502041120716
0.182310841526616	0.268502005355158
-0.162830733173703	0.281793841863757
0.0113666702421781	0.0141888125626828
0.0173698871146187	0.0155221933399283
-0.32489553493531	0.5176350704984
0.0271499429432975	0.0341655811649672
0.0117507587298852	0.0146640299057745
0.203856335047855	0.26563807890158
0.0130315317171612	0.0151770845895107
0.139536180685289	0.174516048871782
0.431988124593221	0.802676637299987
0.140199413725301	0.203103887953695
-0.342111317294773	0.54532881161697
0.24939307441943	0.350066724289428
0.261652571527489	0.396774643134551
0.365537713385374	0.624530102838401
-0.160228330705986	0.249176090564345
-0.0589589974836999	0.0796177275582975
-0.293344651581367	0.493913258572285
0.543499654581885	1.25529555034481
-0.465972655507686	0.822653260496395
-0.562140463282071	0.933436169831392
-0.0400513715452613	0.0487484351376976
0.158075059146853	0.211240934104696
-0.250139579349511	0.383541781628108
0.554978227229647	1.21827169442041
-0.0322438533120296	0.0392799577191401
-0.569055980128292	1.13132672295517
0.281615422784641	0.482649094630529
0.00984449357753159	0.0130655959877184
-0.258449390872415	0.408075090294352
0.112083776538118	0.157494363505928
0.163811248941587	0.223534813190213
-0.474159632359371	0.88696984219978
0.152227015411343	0.199151383453419
-0.332207771715131	0.610014068834683
-0.461409094284869	0.688207243111386
-0.401499404527219	0.641634316034221
0.0148273714397884	0.017297923545178
-0.376492418103918	0.639797324271535
0.0396450198665345	0.0449478993138135
0.271696393618305	0.360266150907121
0.93397728206722	2.35030493432193
0.331846558569002	0.53391212819691
-0.465450062331739	0.94019860637132
0.161100092234512	0.198662697748038
0.572031851737024	1.34766653567969
0.208508977144121	0.242352566678847
0.160694533481775	0.198018949553193
-0.286262611211492	0.425525852979588
0.0344000997628444	0.0404798179816703
0.0114611670248654	0.0138297953812949
-0.216511867683751	0.350103558238265
0.162302829935265	0.221057314851112
-0.786502096024059	1.92663084526616
-0.0830502447569196	0.109157870257708
0.0430672304771238	0.0565266837799933
-0.161864300013048	0.245216020012453
0.398582753147712	0.687071233722433
-0.141629715843769	0.18756198808143
-0.460550833176471	0.8856895272204
-0.122703306492623	0.155785096602031
-0.740266997946587	1.72701162733847
-0.392176345465169	0.70852171957182
-0.104176275067733	0.137249469662083
0.365312188167652	0.624072080330923
0.582473547176513	1.32224286311015
0.0487752900407956	0.0566483099752646
-0.516468357407047	0.96668772861844
0.981532786769283	2.65746096036575
-0.353336520064238	0.507406987133234
0.864576868610874	1.76099655125685
0.0982911201651185	0.116350005677399
0.454537516716994	0.995142678098327
-0.182487760164599	0.276947218527762
-0.182691836832318	0.27735544708346
-0.0309641430431111	0.0376775020849881
-0.142443712248841	0.19512033292466
-0.0769270789630486	0.0902189258530538
-0.40811032146631	0.607763770715885
0.49844492430658	0.737033548280815
0.44615246285664	0.66884907767531
-0.433312264211752	0.891423418477019
0.144134326709749	0.238794996385611
-0.246332760454237	0.389319373968847
0.216957879501054	0.367639940033419
0.17319770628594	0.30344491925972
0.169181985202306	0.256047032511344
-0.546376664835941	1.08466497072133
-0.208839309374256	0.297763576707803
0.352337125495365	0.743720307630924
0.188708739755601	0.329153832664961
0.073783117043539	0.0866100470180689
0.232767316701993	0.349318783369661
-0.0326141474942541	0.0382080546491746
-0.372248909135576	0.759182389200985
-0.124040383549536	0.157765357901387
-0.109168908270914	0.149060733327629
-0.0323029376608568	0.0378288602682916
0.54156719901742	1.24873759535713
-0.621986811084139	1.24188607826576
-0.166192304314361	0.211819189272109
0.434091457181808	0.781684333247791
-0.854943979552211	1.71357791724126
0.173382419558328	0.200163883437229
-0.168690605518899	0.231877010252673
-0.100237818875782	0.1274011513386
0.320168513952679	0.467097228331892
0.467052224445326	0.875725716461418
0.444006379378549	0.679150592472954
0.399110713680392	0.592312032748164
-0.0446058630507569	0.0582139085341064
0.336847269805703	0.589204568659971
0.336502210764499	0.378274145002999
0.080956263939134	0.0778921794636064
0.178647250918129	0.185310237828435
0.0345386416808387	0.0406502165761593
-0.246912905485239	0.390432599400785
-0.158365347338885	0.238977263977676
-0.0564098096648265	0.0785381494994797
-0.232032581960435	0.365759476991035
0.0218908145916753	0.0270508045767156
0.301193092158183	0.488073247075871
0.287016457073245	0.508051606458154
0.103250920888663	0.148862779590683
-0.434702104231985	0.64849254056797
0.226241151116307	0.327243293563661
0.296745587682255	0.4637770442906
0.431687191825719	0.801479335278456
-0.0313571600855834	0.0381757867835426
0.532614445910046	1.28884677217089
0.00362702687925861	0.0045771358636811
-0.453881982467816	0.84776089841415
0.437364544997769	0.749158833535073
0.181135743703943	0.34778499560836
-0.543167555143389	1.41048685247385
0.595982718733347	0.771104506740945
0.341260574391194	0.625790849547141
-0.0227641075507183	0.0244112459064059
0.675948382950856	1.80098722596059
-0.0194142184561286	0.0268038946558558
-0.0300255072446956	0.0378555929533546
0.278687780627717	0.469579299758162
-0.309735574055108	0.52341194022716
-0.291197350120349	0.417231613159248
-0.223321788143546	0.330401950803389
-0.0450404042934662	0.0505683125919397
-0.474368752428214	1.02787155135578
0.0932527169342431	0.129852265063022
-0.121497205648348	0.171326823947044
-0.105325562077593	0.152732451893783
0.137801408302812	0.15745710703302
-0.0565601370685296	0.0714974760595864
0.204185156932583	0.266183767779218
0.0716997684341953	0.0840059813672111
-0.0307711822504964	0.0374355981193618
-0.340215958910299	0.575709621833062
0.105631758802238	0.14549714426447
0.150014758143686	0.195776320781402
-0.0636652713352377	0.0834616243029928
-0.232698930295264	0.296591639648527
0.162631900096342	0.272292555140075
-0.354980443112765	0.671804905007226
-0.0506338943247917	0.0617393529245809
-0.154943959714579	0.219367515255301
0.0399457727392114	0.045301215708314
-0.200198472073613	0.234068268382746
-0.125172658534899	0.15941016874084
-0.076761658104767	0.0900115023950811
-0.203881973353993	0.215708054029875
0.317966174344006	0.594826413470253
0.211196553839617	0.320042117931523
-0.0247020807969789	0.0265341830102667
-0.198127285054069	0.242108376985573
0.230366037603948	0.295581187695726
-0.0411174331527833	0.0501203354062764
-0.168960694874276	0.240177467271093
0.571739671659455	0.795080772421328
0.825935296949003	1.17611540597329
0.0975966686111568	0.115439273728187
0.231245173434285	0.382701145760635
-0.157805366925949	0.237963747092563
-0.67945482520402	1.68715312187327
-0.0709142651236299	0.0864946211097612
-0.409845051267477	0.677320242856626
0.0960342667858684	0.113407161885763
-0.402932656983873	0.644522376412255
-0.418452592638168	0.797200124561862
0.180347670045159	0.28331159324292
-0.0612619314038516	0.0747830811252208
-0.1164486501346	0.153769396797972
-0.377641277526805	0.736080046641535
-0.302585252979926	0.449413292666364
0.401116436060837	0.8404660288439
-0.258504351080743	0.408136112945346
-0.416166026459926	0.709802727087872
-0.0213276711978398	0.0259033510760405
-0.157078632990495	0.229935096658998
0.174323277549555	0.247599231894635
0.22721134870913	0.32896454200844
-0.339294513612861	0.639817938990406
-0.117195684064933	0.175328274723818
0.437129791674797	0.761929011474687
0.273804469739392	0.288102550703858
0.297667178788863	0.473264959853167
0.298212075037511	0.474022941869708
0.00251884024252411	0.00317888470685717
-0.311442942930253	0.556098304650626
-0.21755684719074	0.265966560978732
0.478683561655287	0.811975776212994
0.651140857653705	1.99393434502877
-0.0461474367912557	0.0518717010413185
-0.0850299335173862	0.104082136589957
-0.0824835122240629	0.135931285129041
-0.489519371949172	1.18696844424337
-0.164939167175062	0.293119454213444
0.109120220777475	0.199200328645976
0.187614942499355	0.281770771690978
-0.273470798022472	0.391675335311253
-0.203852359074122	0.338083191496965
0.593964310834569	1.2954245156154
0.178407809178834	0.185024644087952
-0.363526908843962	0.541825479566478
0.138177920060611	0.142284060310852
-0.0117994495940341	0.0120606112185144
0.477142713402908	0.824360252053505
-0.094794557035053	0.115835357467855
-0.0118356835884657	0.0127014264212208
0.759205937639126	1.4761145795735
-0.0994775147352555	0.126313052932405
-0.290739813762658	0.461597496407334
0.221039041350343	0.517195208001579
0.200789024759626	0.318109837639384
0.537339653962326	1.26983444155851
-0.181849787953507	0.283957635415781
0.014043799839366	0.0133225679292272
0.340364711453801	0.805076039225038
0.451231365568932	1.03827807047399
0.429917888135431	0.898150273746019
-0.260238766136297	0.577827977408233
0.122721241961492	0.178817446040135
0.303776506767005	0.508589012612009
-0.113221472125506	0.178819194115299
0.086527533298776	0.1181373648773
-0.1933375628531	0.302420494672861
-0.0826620524964201	0.100930540161202
-0.12986091590448	0.15198000804618
-0.196272164351491	0.270198942815465
-0.330773804266139	0.438931945527775
-0.18195715016496	0.241298326093261
0.398870950501786	0.62835479509594
-0.152388405189474	0.201438246699795
-0.341695705489872	0.579318733456959
-0.355773941695882	0.673798994215124
-0.324901941884403	0.549670421826782
-0.278417448919753	0.426720189732753
-0.0061437299322468	0.00745659770170169
0.820610989879981	2.16931862168769
0.163818083491481	0.183738790914429
0.0437000470161664	0.0526562917050998
-0.05526953828738	0.0836148354206781
-0.35325435990843	0.852154441133066
-0.0360873523714338	0.0543029649235378
0.196085339921912	0.356455631847273
-0.0714590557260783	0.122796129414721
-0.0338168826775066	0.0379758914530052
0.397357711231173	0.488733665851867
-0.0951684631604259	0.0798058779051104
0.350238155558776	0.450414959526454
-0.401016089978593	0.57614132581184
0.293560175148905	0.450131727076178
0.212799550948331	0.28940584079766
0.112907064622726	0.119009757370005
-0.140834914875797	0.224114901046963
0.245569297967093	0.337541727566677
-0.161463345332479	0.180292075354731
0.261970322701227	0.511949904107412
-0.296101871854759	0.595888701808146
0.272291167685449	0.562561834684556
0.142767975336939	0.272963377540056
0.285583791514628	0.498191747512438
-0.260275284283337	0.358942859910175
0.0993677848300319	0.134217764154004
-0.159709335727604	0.321858577180966
-0.45308400032848	1.13849526963682
-0.158171154642309	0.159075174820938
0.333269252225816	0.363852988018118
-0.0405620224559296	0.0494088575145437
-0.240555723721129	0.280284657903327
-0.200118548110626	0.233974128371995
-0.111843362734227	0.125339339647921
-0.211303685568613	0.291180934290495
0.158934136465083	0.246997332504003
-0.367594435528372	0.643825465034977
0.511762753590634	1.1711655339626
0.0867497163111772	0.106374380284153
0.204028188764219	0.298014254230435
-0.170378220468277	0.250363241612968
-0.490863585105308	0.892267996381432
-0.62033102603936	1.33933721427323
0.209028857849311	0.278537451312777
0.699854224674137	1.78852824391832
-0.19461884847046	0.295952142202151
-0.219514929977113	0.345549685669457
-0.146820680289659	0.214803251796902
-0.298063628486303	0.458980423041538
-0.125590977211316	0.183022421377711
0.634538624707168	1.0845925108905
-0.521869883657325	1.27150264009199
-0.323954302859463	0.547406630763442
-0.157761912393337	0.224232198082114
0.275178580541276	0.449242713519941
0.270254879760314	0.426241600674825
-0.35385845728432	0.703697899488454
0.0138437865392954	0.0161362947659146
0.00813432220406654	0.0107773096323626
0.0925913015926903	0.134953933964599
0.244693528482446	0.388404990427556
-0.0766922390506553	0.0899230189932612
0.338835793575333	0.611186253263203
-0.307421872613664	0.488975651693774
0.630408130469185	1.40727255649632
0.138566448762294	0.142728448921976
0.163577786515286	0.22317046519168
-0.0143383856650421	0.0167921934038109
0.706259530548591	1.7847884954626
0.0610551281162225	0.0651438874372823
0.0000110351946833278	0.0000171574051126883
0.15405214612217	0.185412980447459
0.138870054607806	0.158866516992898
-0.281279096872561	0.388975769110829
0.246342898384387	0.397004540403474
-0.513933855825668	0.935445244014549
-0.0279109362187597	0.0253937774846341
0.123362266922151	0.146959968903562
-0.0240013370398907	0.0281363227434834
-0.421744794635052	0.741042525292004
-0.503864889865078	1.02116212574319
0.257537771773686	0.489486303414449
0.115326250995873	0.172624735050911
0.293224321208825	0.449509496160958
0.679052988949037	1.50755981804413
-0.615243492260952	1.45322160874456
-0.133271009041412	0.18845892226752
-0.0453895309400396	0.0592980635127485
0.400500042970314	0.905003888794676
0.370874004707915	0.707709598385678
0.204496398251476	0.299052653759184
-0.269098095666729	0.399492722058921
0.119946090871003	0.172099285303996
-0.247818341615063	0.329130838605829
-0.269564308257565	0.439638362816615
-0.0940457108009392	0.123865005670344
-0.0771966072695085	0.0905638092996088
0.0706913795992582	0.0827161926801591
-0.310947361681553	0.526083487862106
-0.256306889551159	0.417512748831948
0.398702499502526	0.76738727618969
0.677536000520605	1.80887078452266
-0.132714430951541	0.211011256339683
0.257284564608867	0.376279824231998
0.254151546366646	0.305612549947295
0.297210092346033	0.472219162541687
0.187759435418568	0.282027281576291
0.00909835255664808	0.00997909204714447
0.433546445901325	0.793546725147037
-0.197565522338379	0.2622415647651
-0.498564360238663	0.797850423952354
-0.410593070600833	0.544359013126044
0.354930912084237	0.489985656329746
-0.299518473596021	0.413822219055636
-0.258477726289944	0.355569011716721
0.0712028297115367	0.0931818422461072
-0.224282048376597	0.320413424850432
-0.470090389851736	1.09116844266578
0.0954523973169363	0.119853012351442
0.368675767158724	0.672347129419152
-0.00216476363706576	0.00243520658958353
0.430195338649051	0.836558644695641
0.0386382295924367	0.0481251064701226
-0.510211747782258	1.06448529385516
-0.150151629722925	0.183787193969005
-0.251868212041553	0.421476868542377
0.220168396217177	0.346248588250852
0.0323524980214181	0.0428325720242382
0.493073849019285	1.02064224028695
0.398925152398439	0.756810451305118
0.17229846003565	0.244191830366905
0.472053159673416	0.842988003439002
0.364452409518096	0.611995439719911
0.236073117951846	0.310285354191804
-0.0604518082411525	0.0646905565829019
0.645944072517586	0.9066439391284
-0.264330825703384	0.307749271638395
-0.147545836958466	0.216049468355916
0.361274770034607	0.554008265374232
-0.504934083282599	0.63925334532644
0.0383764344886053	0.0333081729893116
-0.594040159067954	1.18299860255862
0.26157340580235	0.390160623565791
-0.316638931337076	0.519825239037857
0.21736391203924	0.372801745208087
-0.14633584343104	0.213950115833887
0.128906897105584	0.179702784396954
-0.00628115320392658	0.00813840932662117
-0.212782772531793	0.362866599493954
0.370367242816788	0.696421356554965
-0.0198790135160651	0.0258143539547635
-0.273976596206604	0.472721271971201
-0.147483169792439	0.222085967884199
-0.126968184854566	0.167493939838119
0.256310839346685	0.374530859862834
0.689215149956838	1.64487826235262
-0.0665249966252093	0.0676395112117429
0.801179294800529	1.76162626037114
0.069810580313557	0.0709345115019757
-0.0892901369488976	0.0953462025014224
-0.281289669729769	0.43256910795007
0.399920924335855	0.770699123256304
-0.748733892221079	1.66283485683304
0.472045280300799	0.8585475570422
0.31604137228935	0.442196651145975
0.0641958904046019	0.0933335717072872
-0.268532990436116	0.398436556073006
0.128030748640776	0.127850388745211
0.333243720667472	0.563460373159102
0.457020489583647	0.962052841757738
0.241385166150347	0.274600348977835
0.159573084002412	0.1964571390735
0.192071071330752	0.238848734668734
-0.0367916135171553	0.0374934406482465
0.594722341136004	1.46321980005818
-0.370782729846896	0.611967761633605
0.109031404734385	0.142898125819542
-0.0778747054463557	0.112208400505246
-0.0715473501503868	0.105582297972856
0.338744659473354	0.774743146402647
0.0729270163810374	0.0956432735046735
-0.113712936864981	0.144846884840297
0.430189955216033	0.861786897153202
-0.0819271361919487	0.099940569066441
0.0659036174266942	0.0960404103777612
-0.181088939419147	0.257512768346692
0.233680641689042	0.392715936818172
0.0967679191250103	0.114362272753752
-0.0762920208696433	0.0894127159617531
-0.0713118916649848	0.0870251929489798
0.321008413788581	0.468607342885302
0.611895406178774	0.939292034670945
-0.928442393351469	1.58764938134971
0.0909134515049687	0.0978394783719697
-0.050623440043371	0.0515080625288731
-0.425001075508911	0.680347034022486
0.0231864505611391	0.0276650869527158
-0.0727147049173863	0.0888802126341247
-0.394032774104295	0.827167615293257
-0.190109494787827	0.364370919097564
0.263439205880993	0.521245614295634
0.101159371215738	0.1296196675262
-0.182430934612385	0.251047128028358
0.209896330077845	0.404690578829686
-0.115914400501461	0.183709967468954
0.235252836404347	0.436744316256698
-0.0265569514512885	0.0256897784541651
0.340468547898893	0.623913344877674
0.310886898888414	0.539497509614165
0.252812405793182	0.240785044867852
-0.179672400389577	0.200161163022385
0.353957535398986	0.488229755788677
-0.420196388038913	0.580911704281809
0.0594546936099213	0.0586622272525314
0.214570244190981	0.292322888404544
-0.258459470324775	0.31558553990897
0.321927986378159	0.319193279335412
-0.180186677141088	0.190777555850623
0.25512723115427	0.426562263672958
-0.238335069223824	0.353228060792201
0.00747520413943735	0.00553906929133947
-0.152586076570122	0.20173965310328
-0.129578405470326	0.151590012960446
0.288558195302181	0.331276258612317
-0.167386562476751	0.221780942139792
0.0876512188612999	0.107587269042673
-0.000862585296511413	0.000880048715428523
-0.0241908144130195	0.0271964698922344
-0.294264115516651	0.374561024386815
0.172776273762126	0.22287618805143
0.114743145768951	0.171650976580723
0.423975401018136	1.01355627831318
-0.220548272533562	0.406942394145787
0.263784852406254	0.522377574110541
-0.0349212024314891	0.04542456747932
-0.0211279541050611	0.0256604393003692
-0.286936832814679	0.426736779614034
0.111939213051071	0.157260242392173
-0.541036264814621	1.0154582749391
-0.155167127786791	0.219766305421075
0.398388711052927	0.515678785497045
0.835656056719669	1.75493130479283
0.0797023946678071	0.0896204656434832
0.351695737779301	0.46340187681587
0.669114663383666	1.37521382899641
-0.0269476141732548	0.0244984864535465
-0.216120878394218	0.26382411860858
-0.151087765544273	0.192375948666967
0.398965716201272	0.516797489971534
0.431768018177189	0.814946403816042
0.525942896727333	1.11434942265535
0.0358822033101251	0.0461608896591373
-0.0203311536385131	0.0264141414613044
0.242076431048545	0.548955119378578
0.0883214028140564	0.10848101400536
0.267067434175345	0.413554248375784
0.160343134347471	0.267663934745643
-0.120725611988674	0.190740748700666
-0.247371733104244	0.469727251661264
-0.0821795957930396	0.0921457375358789
-0.22457782675737	0.320936351696894
-0.259092582030611	0.409415973182414
-0.59134993972933	0.746770541118234
-0.63539337500559	0.874003904495266
0.0802489978797792	0.0771582333702359
-0.475446449645208	0.629816958784352
0.579327235078084	0.982675904757394
0.550901783171073	1.03651586841668
0.0974179014986231	0.115207380485744
-0.70559849474727	0.845314523881005
-0.248011595094842	0.275483475766284
-0.594677614732187	1.15289958946238
-0.616206303013222	1.32489654370231
0.108778107563294	0.091700022338677
0.179035436683422	0.236267419117284
0.174204201632507	0.225022515219009
-0.316248946126961	0.331995565412691
-0.224435636124953	0.249729226636204
0.473597961038375	0.846854887038584
0.24566817707612	0.337563302275834
0.301695148005765	0.489078655813125
0.164033126953176	0.18408271817534
0.111405735931217	0.137892255458003
0.503495428293458	1.20773407131255
0.6251899563933	1.56980780511614
-0.247861628981129	0.470958741690597
0.244424513174692	0.431267397192136
0.505855967605257	1.19981659554157
0.0258492948120455	0.0297223188779393
-0.319341007560703	0.40674694059658
-0.0990806958902291	0.125724427462594
-0.267880024640076	0.356059283299618
-0.195465257146318	0.268861344468832
0.024845857800836	0.0256118340341219
-0.142275302109074	0.158824076336789
0.516285100956118	0.679289720148455
0.433221818324379	0.779418673231635
-0.0238693258462789	0.0230344561152009
-0.195564139107922	0.269017806505914
-0.209694194123589	0.288400624688078
-0.306726596694636	0.487506072037002
-0.547809753054256	1.1170567936037
-0.326341281511866	0.61480164571368
0.00278152372139057	0.00350995612507725
-0.118826873715386	0.198087138550746
0.155405911471876	0.222802574846622
0.0641557679314802	0.0734417850796647
-0.482207234150815	0.952705034260691
0.0486328629461288	0.0700146910885969
0.168755382345862	0.271588461574531
-0.131849643211565	0.154595747870354
0.0229905464195975	0.02366126544707
-0.126375440258806	0.161125467992053
0.00294225909600742	0.0025460201581222
0.23037812840083	0.247982737035858
0.393303470189566	0.377810852794395
0.0634865008070825	0.0533668816727407
-0.701216632852213	1.1644100390737
0.243881807161404	0.386738305120242
0.488777484615214	0.768951497871307
-0.99893508313544	1.23383855417632
-0.518418592677514	0.744221322019077
-0.247118336366523	0.390860516905192
-0.00496888854307824	0.00581223356027928
-0.332084722478059	0.328347004491626
0.0968631927250039	0.114499787850489
0.131142389803905	0.173237113653753
0.160061459118794	0.155934576352048
-0.0478759305844288	0.0513112697406407
-0.444262542305914	0.874078995488154
0.0802244026494661	0.0962726040241969
0.071868951241922	0.0788232182206904
0.398055474756035	0.72024601600762
-0.0745254851401893	0.104297140823398
0.0599109848140511	0.0793063354509806
0.239770563702692	0.498296439778123
-0.298855530124792	0.655898324260699
0.65181238008755	1.6882173403169
0.336449521136847	0.588209288125829
-0.417993316378467	0.646611400925613
-0.252303673093884	0.422377692053478
-0.428400005506676	0.775936193838684
0.0380023417373602	0.0472908934850834
0.28364018624227	0.316542163769587
-0.343358836078455	0.436512581293045
0.313361902976739	0.428755310211181
0.0810079461505742	0.0847828939624504
0.445259323680573	0.667105241424328
-0.55776626357827	0.863683906986987
-0.355516769019269	0.471748351737717
0.231372798976947	0.341618912793803
-0.392843837123709	0.543222410107372
0.400894025740592	0.68072355163979
-0.126968396916014	0.190349709800224
-0.325220755854155	0.672870480887984
0.115526261321426	0.190708175154864
0.240007645096953	0.458171045251419
0.114479827392558	0.153015071355486
0.0865789849727191	0.123866099307891
0.0741581096135298	0.102185736180349
0.592251835294753	1.80070543500196
-0.0661481453730692	0.067236184170158
0.337573579663217	0.599579549666258
0.0715021079929662	0.0888023222987812
-1.48212611159157	2.39472104811944
-0.219959610738857	0.256853568704213
-0.365275840354234	0.402874032050106
-0.290400804022069	0.337889098490783
0.400825613878089	0.545364265578536
-0.332546379798536	0.512481192407148
0.0279422373401071	0.0273559739197465
0.148145304655694	0.157234277547938
0.451572414819814	0.618946643453504
0.244648284821365	0.43185063893857
0.198727314945036	0.253199593032922
-0.0359016680318866	0.0282993511438035
-0.895820412104828	1.79306771132517
-0.205478215774684	0.322222616946857
0.0229090836235121	0.0273248990079156
0.121978318716402	0.132236370756335
-0.482874036116201	0.826389688995391
-0.0821795957930396	0.0921457375358789
0.451736838754047	1.02662244270018
0.131938995967625	0.161208255909461
0.370300701369895	0.706174735098465
-0.060890432490852	0.0824272175574076
-0.300917487767443	0.592175569114214
-0.0662290610383744	0.0979264705996382
-0.0718559544338781	0.103646100502946
-0.381555428512775	0.707408070428321
-0.493458697413236	1.07394407610459
0.57757932852479	1.16632969751812
-0.036045244294616	0.0469633709002219
-0.390894108031994	0.70519133124088
0.179668773185326	0.21274203565198
0.147086336265046	0.188424847143738
0.322116800966252	0.47948409549196
0.397992789207957	0.626217197766361
-0.301805011997409	0.334151498233582
-0.318299476839872	0.405058618924384
-0.248011595094842	0.275483475766284
-0.0599512443114761	0.0641239315097467
-0.0609837647071514	0.0652983988300065
-0.0891030114442876	0.11318280422472
-0.179732384863918	0.209973319867776
-0.591651014363481	1.01426352886412
-0.750802116577333	1.67074787595505
-0.398005829193488	0.854689903762757
0.347003418695337	0.684249689648681
-0.154242470218929	0.272657904350584
-0.147264691675148	0.215551935475608
-0.537304032424312	0.950987915268677
-0.241593478365166	0.392253045711748
-0.326322134441835	0.584162235027822
0.168481184606762	0.234461552555776
0.0339146757059653	0.0358735411747394
0.714184671051062	1.64509740722121
0.226642646679613	0.327926156190587
0.0578131607405216	0.0569657921436655
0.294455940496952	0.34775221289567
0.0398099633332434	0.0401551106483558
-0.228377033601547	0.241161529921093
-0.147275683188066	0.172569830490654
0.0876196468247252	0.107538626577963
0.400071811903935	0.64309804725127
-0.344477760723634	0.438400339183632
-0.769800334551526	1.36639994495013
-0.0681287504349488	0.0763542107544745
0.102423840597296	0.131406004162493
0.00493750227139974	0.00397677570755797
0.179668773185326	0.21274203565198
-0.179578781289372	0.237422208545219
-0.298457176890927	0.459582753870155
0.0346613184562878	0.0407823875763792
0.349194417721793	0.448799061326416
0.0384029307841891	0.0434805533499529
-0.16964246410819	0.233419223365597
0.256036317311227	0.485662103819214
-0.284098219766831	0.464187766525874
0.198053426184467	0.283450365482173
0.0860271060659203	0.128567263750755
-0.158366019139485	0.232205491821331
-0.150984446009388	0.240930440747448
0.0371402977981831	0.0516249093414133
0.0514156339462053	0.068936699902055
0.334160599811968	0.565498658202449
-0.564662456622727	1.03020410476331
0.451019338830385	1.03758314524825
-0.0748459714074464	0.0916533284989662
0.0316116910642422	0.0431768511889127
0.355900801748106	0.502186868032889
0.0211676728984355	0.0228343401206814
-0.16605332164594	0.211626946613239
-0.122595333794845	0.130631047582899
0.0394368913684127	0.0397648189155836
-0.591987191156688	0.815201163353173
0.0812918634763817	0.0850872293352036
0.0342984053579726	0.0362993072397553
0.0492748990412069	0.0572688281053754
-0.790832775497761	1.49155436522861
0.136808407965358	0.170683026193936
0.316399143569601	0.583336902949088
0.165220238259071	0.245815712057739
-0.634026546343161	1.59891507296178
0.281459581683795	0.625509988699025
0.655657530274557	1.67853803696723
-0.388036288490454	0.739193222389065
0.061644501692033	0.0957304908849633
-0.0423557343233495	0.0570164875193999
-0.355323018436929	0.672688915836338
-0.236602180542049	0.288904666574227
-0.00145328601941149	0.00148245236582021
0.505306446361151	0.95640388624667
-0.559760225695015	0.898392958778507
0.366317188553087	0.62628903475602
-0.700842133263385	1.16379002805313
-0.451869523911327	0.522087384771707
0.123684410163625	0.147419518993757
0.109031404734385	0.142898125819542
-0.486684928906348	0.699371158355361
-0.257639084296652	0.314348717637506
-0.0890778886237296	0.0951078418149926
-0.208227491526623	0.317527331659281
-0.0693791433937171	0.0778587297597802
-0.431985286158672	0.449329829252255
0.138829399234212	0.173615839217617
-0.124353698606962	0.175968918457335
-0.369153716925462	0.608211446080213
-0.312961397538726	0.449599707065301
0.0961256131674175	0.113529080114982
0.615503991379689	1.42760809685967
0.0481727689797572	0.0559148478096183
-0.239973069154587	0.401035963815912
0.00799205295892498	0.00876140079523404
0.314492723339168	0.570924335266323
-0.543183459795536	1.35803729044039
0.377088722279833	0.804073812250648
0.110009560736919	0.161786443834055
0.377160602077974	0.824710842580944
-0.35196183753561	0.580070351634638
-0.169624927113549	0.241222220492676
-0.126540484746794	0.16687333970635
-0.0554042392495932	0.0770195138599442
0.180314632626111	0.238250648737979
-0.282571862729552	0.501351684363134
0.494792978578342	0.747262131461803
-0.341109589562334	0.577924634581344
0.11843790282175	0.169693096500273
-0.0563211947031172	0.054186957890765
0.208428879146681	0.277571367575669
0.262554661657692	0.398509136549435
-0.478206809673175	0.792405570752259
-0.624082425028484	1.10720085869324
0.214517884602872	0.292240495484636
-0.140902593093141	0.149907856108003
0.359097124435879	0.528850923852917
0.0744249146347723	0.102547583635415
0.318538229582297	0.713950076153673
-0.0500110991967109	0.0756761745486993
-0.134721244832451	0.225468417072922
-0.19310755617625	0.310920607799369
0.401054811712188	0.784822417575421
0.313910415625775	0.569635076648968
-0.140759750637545	0.22395630010762
0.319461951181075	0.716652755208071
-0.0711731409263008	0.0868383436526143
-0.325348152218646	0.550715165954626
0.557607662159642	1.20738919669193
0.620576474491414	1.10057869888881
-0.456033250082748	0.655480440379988
0.230127556243567	0.247664612487767
0.909009394715139	1.63072156619428
-0.410104873038871	0.678171374383727
0.0261818110870258	0.0301159419580511
-0.0805413137083095	0.0815802875131323
-0.382905171104232	0.508104273027041
-0.690787507140615	0.909875428796618
0.399862783785214	0.701755346858612
0.00994129899513215	0.0104404684310332
0.911550381391626	1.33798338610228
-0.138310371976628	0.176225042498307
0.0949172623112493	0.119124737442764
0.34211413403677	0.636733393770945
-0.0870670358497361	0.101763967199145
0.317914390287683	0.454239141873253
0.322844286425745	0.48933450609279
-0.260135263127889	0.447352752820832
0.401776290015818	0.609889739770802
0.133823731083442	0.202261024069979
0.120904718480015	0.194701160551302
-0.0962483677668536	0.130764406530732
0.399687744801043	0.880172331507701
0.117208815440217	0.185936730398237
0.0626719772599113	0.0871159966542509
-0.0682380744394895	0.0865163597676371
-0.380538142748014	0.704789651813342
0.0125064968159766	0.0156277317185652
0.25427529053284	0.424725728949692
-0.267895981872412	0.397154772016275
-0.0273195369837413	0.0248448799658548
-0.511934974952744	0.905312375466215
-0.59197978092423	1.04834607161768
-0.199221464212061	0.23273843824144
0.0401678931580503	0.0405186093524483
0.185536159049566	0.225100728853088
-0.199225319642112	0.232713298519776
0.718619599283489	1.48643665112599
0.030496957425121	0.0337358433571428
0.540694479142191	0.858239765846177
-0.011501569584927	0.0111402684877843
0.0500527470656843	0.0670081082469619
-0.636336784379257	1.57428009924521
-0.320059097230463	0.58780341928893
0.285978324270229	0.572834228825233
0.3725925662286	0.731908865657717
0.29768421630736	0.465641421130427
-0.227880406782553	0.380057490256222
0.264342107814899	0.463979696994589
0.178626575476281	0.28007340363097
-0.419459044466391	0.800291841559874
-0.00414631201380337	0.0050280813956437
0.302619479112601	0.498644573710168
-0.458886192031205	0.555374824837559
-0.024514185583748	0.0263283090792282
0.505797579124953	0.715079282987423
0.0225080519245744	0.0188338385296768
-0.00199704458052431	0.00214576040729959
-0.151352040501815	0.192804995642457
-1.38074041092774	3.85899569522213
0.0222940054062476	0.018652421379582
-0.0855782097555586	0.0665138872752312
0.592426050292193	1.47584152139636
0.0304577990585766	0.0371134706253983
-0.387738029133677	0.404378858064621
0.185472047513174	0.225010130903051
0.0808668196408559	0.0910419615708988
-0.161911706782563	0.180868576166601
0.147467322273361	0.173231430285394
-0.222479192027994	0.328887958952144
-0.475164482609209	0.889573277070733
0.0300586117565049	0.033235958064715
-0.332456436809823	0.546035739491141
0.0263457953078062	0.0303059453488762
-0.198249889026666	0.252940896992419
0.157233585905916	0.171809129624201
-0.126174935380334	0.141095275252653
-0.0229941959723543	0.0246636900142059
-0.133123115400752	0.162498993200256
0.162691709650219	0.137641108061313
-0.392919311541944	0.543384236956742
0.482162327183127	0.803931152139496
-0.442388914246771	0.586519393383423
0.620721682317754	1.10093221766609
-0.143021292355976	0.159797187787724
-0.1356365797824	0.136540184445386
0.147754010946101	0.139066669707641
-0.111770425687938	0.106703163012472
0.225524505155678	0.282663236304598
0.317450527673568	0.453348520484519
0.297917258365397	0.466065977062186
-0.27404712118721	0.392839022391243
0.115277196627056	0.133957230797132
0.0801152136945827	0.0837748340528144
0.0389066041782371	0.0440767620855131
-0.745228785157689	1.44715657243623
-0.181389648414934	0.231259762364085
0.00417267877870322	0.00360213381527258
-0.24197340107886	0.282323117963076
-0.0132244038736247	0.0128189045972095
0.135877456523624	0.123502717833061
-0.591520591299129	0.712784931468708
0.45955353347091	0.554661296331983
0.807067923875464	1.17772652929918
-0.314925191335889	0.330357791539731
-0.0806164305073931	0.0816675358246107
0.652239355492617	1.22664318699989
-0.15514080384359	0.14699875837609
0.520896662531751	0.668296916443569
0.198123581566284	0.252292498140993
-0.33101198516854	0.439420431321651
-0.443253599238472	0.376811347588239
0.0947834779002677	0.118938431778827
0.430921407905122	0.838477199298154
-0.299413531854561	0.413615637299918
0.305454503863916	0.512284877613513
0.0982918072986453	0.132573556504384
0.122948496394218	0.146338345941442
0.177825304346079	0.257133328318137
-0.343375165612297	0.547988013265076
0.115654798129118	0.154780817506266
0.398636963690934	0.755999647661037
0.26984002296914	0.425436413200471
0.112578168592028	0.150091665625881
-0.713384406846494	1.38727310792803
0.149868738673907	0.210715783860121
0.06040665359669	0.080009670856716
0.726950396687223	1.77326918965868
-0.37160311698312	0.573240538586496
-0.217854598965169	0.352852482564851
-0.171126421344739	0.259288449030277
-0.264199458525842	0.405168700813686
0.0171622910711168	0.0192758166534594
0.363645348410778	0.589913685650235
0.0815599621704624	0.0918786215663885
0.253556733854732	0.363419893773717
-0.117152770959944	0.154797289613092
-0.140753577475031	0.149734211904041
0.56834329738253	1.1805278642961
0.826207181461193	1.47185104133005
0.395488340741759	0.421544700728746
0.479981681921225	0.815123904319667
0.163244522667516	0.222640581135406
0.6136890921919	1.10727557762154
0.310619512603149	0.415491262583368
-0.011992367382119	0.01226005496727
-0.0239342256894048	0.0244300249160497
0.0986600247183215	0.116820673103791
0.0386100472819319	0.0388954522664741
0.357633242049156	0.526089926525219
0.567717946558288	0.997471608664792
0.506578838032628	0.960011452819666
0.209398387888128	0.279123985022057
-0.21317369574629	0.283000819363501
-0.0134579576208429	0.0163467992537843
-0.0949688386337852	0.125215696222553
-0.35230457009075	0.505397943627782
-0.352012994055945	0.698455541919117
-0.0126623500238555	0.0169398829222701
0.451146297356949	1.02427218007929
-0.0546862298590544	0.071585815632231
-0.0262565736533645	0.0253929238843426
0.330508716376373	0.531079319612062
-0.0746326120018319	0.079807184582215
0.529719554932847	0.891649983631033
-0.181389296348689	0.20241363708382
0.286209222052525	0.41413748079436
0.278827608343608	0.386527584059422
0.095721147293837	0.120208339565878
0.115508546759129	0.134267533224607
-0.438512108418145	0.749630429660884
0.00742333706532166	0.00813524791732704
0.121835615976772	0.132062285519875
-0.279749391117766	0.429477060769278
0.472299511972033	0.506486257948424
0.00559694545115949	0.00637820106819044
-0.322956193358015	0.480908169968005
-0.325128062030771	0.518106482126641
-0.487140395134498	1.01042204622927
0.865979468548197	1.76575830368624
-0.0697408287898983	0.0782869884706856
-0.0136851274784551	0.0166216244348663
-0.105318385870847	0.138946548410594
0.65791867164034	0.902063590147762
0.361929955380104	0.575866833351034
0.268476476843372	0.485324264463947
0.177475083706721	0.295231711468014
0.00853216052796605	0.0116410313650889
-0.56380563374223	0.99829967371872
0.0410244487159338	0.0414206764958385
0.324412163173687	0.501107538589745
0.0504191445273942	0.052309605469161
0.156635979421619	0.171076835997802
0.276214615382276	0.374862157036714
0.522009390310537	0.670218479187942
0.116202538161814	0.135187813827086
-0.0501701897571024	0.0510214383001925
0.444588204770414	0.680284625515938
0.126000327443393	0.150496388526278
-0.356489999481951	0.473325416461083
0.329835251315768	0.52985328058214
-0.52826139653337	0.846912763184354
0.143857434746863	0.211936667676947
-0.0827611327028775	0.101067317167372
0.495846926066322	0.749056520369996
-0.046664894043782	0.0610535678902038
-0.62947439708152	0.936388969899853
-0.163718690668821	0.200027159075961
0.185472047513174	0.225010130903051
0.222928825698835	0.232816447979914
-0.333096137276376	0.675539125154499
-0.131349577745426	0.153953900879279
0.260301951363113	0.387980242259641
-0.0717619550110432	0.0876211202066645
0.342043999252789	0.636578343630171
0.213776715583733	0.291041518948946
0.161290110062716	0.19894021167235
-0.0324937999170127	0.0380546466160812
-0.232662660154393	0.296443538388713
-0.536114668899096	0.920209971707945
0.218109549647656	0.303151860710255
0.323305598120024	0.490389551275051
-0.240891273943412	0.34486625971013
-0.211601332531724	0.291686963046668
-0.470567407211368	0.855921596285948
0.399993105000746	0.702027696964004
-0.699724022242081	1.16074870445322
0.08040290722842	0.107668032167613
-0.230405894850846	0.41488090910216
0.038499649419487	0.0479434785559586
0.458099589347738	0.965318887981304
0.0225995890221845	0.0269482547191841
0.572756110624544	1.17322652485027
-0.0897571805381532	0.0958957896346083
0.0177232892992867	0.0158429818861102
-0.365288299877239	0.402929912424602
0.0187328411620393	0.0167508577909948
-0.474255939143327	0.760574168813596
-0.159943584052546	0.234870661369443
0.35787377527833	0.526316149021513
0.322670495836408	0.480572795367011
-0.0564143743509963	0.0632779002941169
-0.361514713923259	0.823724461302844
0.644773247078385	0.903933086643682
-0.539742747333576	0.620512555017502
-0.0320780178754466	0.0375549651200278
-0.448460725008831	0.813643701300979
1.14047788385944	3.79590484182209
-0.341956296989261	0.613789417762275
0.0292519966715955	0.0323175649508094
-0.162284294809362	0.181335521700882
0.219488474216438	0.305397384400966
-0.379689081966743	0.795177471730796
0.0721710890634194	0.0991838951599763
-0.322359051388072	0.479762120065268
-0.826275886537154	1.22663297249144
0.59218233337422	0.967146485473956
0.15353005114833	0.219638416706717
0.46562610071487	0.886596379964241
-0.367846504615407	0.64449597693106
-0.0301006394390267	0.036587432055053
-0.434476642267923	0.648008404068881
-0.230328459071831	0.305944027063833
0.0926251148274271	0.122581322588917
0.568234143400202	0.998841064266394
0.244785575107614	0.336238371284501
-0.221304856374211	0.32665166386262
0.177600658973982	0.256740821299883
-0.320059097230463	0.58780341928893
0.282497377979142	0.557345855308842
-0.00200527870477736	0.00204551719674518
0.156102537343878	0.208169561131504
-0.717547136833579	1.6343451988318
0.544786704541456	0.846837781529376
-0.181744790116049	0.182438278429966
-0.343537769659618	0.474965710291953
0.454755536632109	0.59388480532405
-0.256670474988681	0.312831265777648
-0.417532853001772	0.645689937788688
-0.442198683815279	0.778067024039427
0.294295944632441	0.451533444752794
-0.294339715974547	0.374672761030733
-0.158794432572214	0.225936500957292
0.0453955990614115	0.0493863157076005
-0.491163021288757	1.04482924859424
-0.265033905868224	0.406871046322534
-0.0130278727678267	0.0139940257194047
0.22388305493609	0.358229613799592
0.263808908490351	0.333801082781903
-0.0307711822504964	0.0374355981193618
0.173053864627203	0.223332954181449
0.495095218150724	0.747830216840295
-0.482791932231893	0.954372472256102
-0.25726666914925	0.313777592160643
0.177997709105364	0.257407970633301
0.238427490790601	0.407895523910321
0.297579339732564	0.473066892047544
-0.034689830371159	0.0389919505315459
0.111339072069122	0.137809861543214
-0.534683928984222	0.916886707046458
-0.563435469470826	0.997280969204377
0.399333950630518	0.62939346135241
0.0990289466313797	0.117287974402422
0.220839556290478	0.312643636282458
-0.111447315794728	0.141605708476971
0.0378673285273478	0.042841970967439
0.00368337622221499	0.00318202720855985
-0.000687586499369385	0.000745829225403986
-0.145049410509842	0.211685731224193
-0.25656980801953	0.418176103594709
-0.403064478617297	0.707812337834565
0.0060802503704722	0.00692991859931053
-0.428094103983136	0.841273144662466
-0.507402912808561	0.868789326471906
-0.59259734043659	0.984204324397138
-0.826488776279652	1.22704206749363
0.0573033558678502	0.0424651317375759
0.477050480397078	0.824162588367652
-0.21896974053204	0.333478885698637
0.336357768332556	0.579215030642931
0.35854358509778	0.527959786064581
-0.409070527395057	0.675753195059957
0.192069881363449	0.316990789250176
-0.591598726374914	0.88177802739434
0.517961888800073	0.681830254054402
0.187829348891513	0.282161716208708
-0.615780623765537	1.42309299656342
0.0492056319941778	0.0658024243201397
-0.883712702926394	2.46018815781593
0.274838008191783	0.372511702620799
0.357774396005651	0.526358594594682
-0.75196231247234	1.67483853536813
-0.0517564813720098	0.0762528972259905
0.0201679901726321	0.0276793259966654
0.364755053940939	0.612687639891829
-0.0808390184883314	0.0819024581177113
-0.215164055217694	0.262349908378026
-0.146346650558791	0.207753333875457
-0.120320014329297	0.16459732755908
-0.037079602897612	0.0398098474509468
0.000544723034469616	0.000550543902952406
-0.32417545909598	0.578797133846156
0.33829189859998	0.601325390388385
-0.213192788867312	0.271378167042327
-0.0724555224385488	0.0885372922510547
-0.0921045914883479	0.129259960947232
-0.621053007567274	1.27349090982251
-0.183845640529573	0.27095891505625
0.336933786397886	0.589400247909354
-0.240226319739072	0.343588972467164
-0.169627217704983	0.256538275097028
0.457485944777355	0.949545985669757
1.0775473376348	1.9943759554839
-0.0229211812480754	0.0257346095890518
0.00315738166886893	0.00273056042378573
0.0174611871976032	0.0196174022552587
-0.0956655929037811	0.117006255778592
-0.308763619762905	0.521113345312691
-0.275690675912174	0.395718615143606
-0.182486850893694	0.259964285989953
0.0422322625474789	0.0508079435577529
-0.210657657281143	0.301024319556911
0.487310310647548	1.03430989051493
0.39813775101323	0.809512366883588
0.248884048888842	0.349149721411053
0.486365434605269	1.04688176015239
-0.256000914487508	0.311734955793388
0.428609813925272	0.857403097004767
1.21752253116087	3.45578729365315
-0.0133051763196226	0.0121457003500558
-0.315682685510623	0.486685123792779
-0.385343233341119	0.676175281389228
-0.0999270389415196	0.126958836396325
0.459792281161577	0.942555556159987
0.150885954888875	0.19712101388553
0.131506239066843	0.173798506488282
-0.366217584218272	0.505939142112592
-0.0952893165384896	0.106682747789423
0.123313686454538	0.146914419411699
-0.823322197875181	1.78979043003701
0.0894660159621165	0.103272064151763
0.183339613780063	0.246870447005885
0.326266677483986	0.505034747045453
0.186808990440766	0.302867153615952
0.0780160076058077	0.0989110784136249
0.658833038655899	1.06102801306575
0.476541868929173	0.822739992837614
-0.078374320610157	0.099479002583975
-0.0356354646606476	0.0464009591555903
0.319388457627918	0.613558967039979
-0.152996630909627	0.202299767648411
-0.0431346259864787	0.0581257857157073
-0.0328727970734158	0.0385189168065602
0.132606382004486	0.147955232593033
0.123426280983006	0.108201585586015
0.0471990252885259	0.054733696622503
0.267759015432727	0.41475187980279
-0.146317480857557	0.213916727642905
0.400072504861653	0.713914231860286
0.0992169766017207	0.109615902430388
-0.142644432645765	0.195441370380272
0.110511932577761	0.154973416635991
-0.305535743680448	0.372374669334684
-0.0232019813529522	0.0223720239496154
0.250085555548076	0.410271028768067
-0.169957274554941	0.264556518682879
-0.0395424440076767	0.0564868501065713
0.280126714894229	0.47289089287215
-0.225214053581064	0.322086850452679
0.151087548253759	0.197437808000632
0.48086808946534	0.817075016200297
0.177010478815713	0.294269234979721
-0.389864701815545	0.855738544665663
-0.105092795890623	0.112084297830383
-0.136074775556032	0.1370462215182
0.295649871487786	0.357762373202449
-0.135598643476371	0.166019476090916
0.199283494881485	0.285631235141495
-0.468147639304895	0.724659718867508
-0.0896893959636541	0.105209511377491
-0.206845274052951	0.314862139215038
-0.326616280820287	0.615523037648568
-0.346318749390844	0.401800949491854
-0.0118023125285501	0.0114338995549738
0.016879342639223	0.0160382462166385
0.473840414662843	0.847625236547447
0.0949482770834808	0.119133063843229
0.226809912085827	0.328263701800878
-0.195982903598429	0.279515246161675
0.289374647186576	0.520220058052056
-0.155874153351758	0.214057060040075
0.242546568006589	0.378698802195897
-0.0312403107033661	0.0380231699260219
0.199909328211278	0.286637206257939
-0.453219116167449	0.937908035406468
-0.358474367920392	0.729563366759777
0.483628198575372	1.05318458390496
0.27294394391077	0.43815229482039
0.248563466892573	0.401723166910693
0.00482890535975384	0.00570578647519942
-0.316951968344952	0.520164124359068
0.00770589826235808	0.0087882693833199
0.399845116938703	0.770187640040234
0.804222784447551	2.17721325292938
0.214708495309616	0.292549485023456
-0.296594059799023	0.456035192457436
0.0900068661005619	0.0967916052837723
-0.842208024989394	1.20098348182112
0.283663291115454	0.31653340450018
0.550808787149521	1.03625394954875
-0.102969839205564	0.145025218848105
-0.440988436010441	0.584104368520769
0.287460751875861	0.329664529572606
0.395171598261057	0.42105054459556
0.001588164406582	0.00146494389852568
0.0796394545447475	0.0765517430842274
0.115830406972262	0.134696327526061
-0.181183129207621	0.221582801239885
-0.330710128345519	0.508569621285941
0.13101803434383	0.159940128334429
0.09075717650715	0.119801997948301
0.61505272731157	1.1107759277497
-0.633401967495682	0.907567170473966
-0.253891279016355	0.267352841422731
0.127286675941614	0.127008147813514
0.0981084094454923	0.116107959481193
-0.180930132807987	0.230560719815119
-0.285942178687135	0.534271004574418
0.0599109848140511	0.0793063354509806
0.00736159194336471	0.00839500789884715
0.397643384379526	0.684620057052198
-0.197106700147498	0.271586734016886
-0.0145333090300439	0.0176705393823001
0.290646736460055	0.437104251520897
-0.0747987485484075	0.0983783567770187
0.498071372514201	0.986672569219198
0.0358726930533136	0.0422706985610935
-0.266132711713307	0.353233726451507
-0.138140587820966	0.176000964218569
-0.180268176641863	0.200894164796797
-0.619689086241263	1.33732471010254
0.361034670416012	0.553322614159935
0.115086201309192	0.13370165581843
-0.277219801181902	0.424090117995825
-0.4037967158072	0.770365389734113
0.0591674972749271	0.0744836030833171
-0.105761804654155	0.129033991563909
0.358096902361254	0.516663124427165
-0.153158751621491	0.202644387038082
-0.0944030117755174	0.105571659580342
0.196034831588834	0.185505917477671
0.360553295820784	0.542246220012247
-0.48470408389616	0.830661093196204
-0.351822734455765	0.579763693432402
0.733860763588297	1.7668898377536
-0.0533178536058843	0.0624823263252079
0.35988355277933	0.551188865903032
-0.359730209633359	0.611370535781662
0.0975094189836004	0.115334779702275
-0.227532300267044	0.313906543549694
-0.502978685493231	0.833138517090906
-0.251567376625488	0.320395317934937
0.0582717675871139	0.0732818895319819
0.546871139320389	1.04522238109416
-0.488265591616456	0.862795881388147
-0.234846368163088	0.359202118562923
-0.0952272901175828	0.116413468476116
-0.734546479662391	1.51019580311606
0.519547038449238	0.922818584392012
-0.593245893567507	1.18040474475927
-0.151321588625207	0.199713819362843
-0.115668825077448	0.152581413098502
-0.0483398076504181	0.0671773117647328
-0.127993628069936	0.169112325961922
0.0583253829253421	0.0733474741132489
-0.0210527869372161	0.0264875217018195
0.478635524509559	0.811753697659832
-0.206904704807353	0.304771055960236
-0.321851686627546	0.478769682620921
-1.00530200053491	2.41715125583143
-0.142714853662941	0.159398239905311
-0.123771636696227	0.157374848531191
0.517182490401597	0.680892476610138
-0.179548055729328	0.189986910347695
0.154038307035978	0.220465847413415
-0.182466582494313	0.251120927645639
0.651590733515859	1.07202252515721
0.284010852392874	0.31704679220437
-0.159170609231143	0.168842413305441
-0.332342137925013	0.328688534658988
0.0590059676432606	0.0581999601167422
0.755622332664514	1.17674547667239
0.293760137699058	0.450581453748936
0.440981013050533	0.701386658524369
0.0136153951930179	0.0136423235648835
-0.0114910573446897	0.0144118861914108
-0.196085538282802	0.259894102094647
-0.0494593768790402	0.0602158538864126
0.454445479779613	0.59336767351898
-0.242197411673895	0.282631381038577
-0.0267092911201045	0.0258388414671536
0.133235197205129	0.163007792541078
-0.0876950253779719	0.119200114965683
-0.505542240751252	1.02696646475638
-0.220864691895216	0.33719879877001
-0.181069896185257	0.230766026724191
-0.263078442564835	0.402939087913927
0.430515378655299	0.824702021785679
-0.094577150557203	0.124649584548674
-0.380916982444337	0.705741536018445
-0.237522512718625	0.351727950103228
0.490112589837957	1.02770794642234
-0.049480427677091	0.0626580707547712
0.173700205934786	0.224333454702058
0.687283459497737	1.5064485739507
-0.142341879368258	0.158913254133132
-0.144753659285072	0.161968676639776
-0.0889964830148605	0.113026614977238
-0.201487780329927	0.224408788763281
-0.332384395121919	0.512194616024916
-0.158588193385041	0.2394078393012
0.167273288300605	0.211111544560062
0.155288079281449	0.169365602203714
0.161578105991629	0.254813805150453
-0.140452335910415	0.18576243211579
0.160596501767002	0.19794411417132
-0.27972234516989	0.340801283151432
-0.572425079196268	1.2296334670592
0.0399457727392114	0.045301215708314
-0.435524778053301	0.650173666933329
0.154397406554239	0.221068706286967
-0.25593533112849	0.366205889523492
0.517647113292656	0.918232325642793
0.248493308902471	0.401574276793176
0.233971125472334	0.393315962106285
0.154904749792752	0.22197159873405
0.576205550120264	1.34212667074994
-0.00129216373604348	0.00139155052729877
-0.00156150136797681	0.00167930807166458
-0.0605879203864503	0.0739009225399431
-0.341724802541457	0.508557614444882
0.0160604156881863	0.0152546168438263
0.700718914346644	1.35245568725049
0.526694753331376	0.658703930230435
0.476352324169738	0.838093086638157
-0.0698805604763929	0.0784568920154208
0.0624600910403138	0.0667206471707323
-0.712164963765225	1.38436414431999
-0.778954301068093	1.33747801318725
0.39861521846652	0.687138380256096
0.0806593084358944	0.0968352641839239
-0.115252847545988	0.167559882782096
0.33424781958064	0.565738780357266
-0.272244829597367	0.346691531419462
0.0839337083710133	0.108518864008158
-0.143314294521792	0.1601700550177
0.0718475862954484	0.0892753044086352
0.203723148985502	0.265469622159905
0.145836270306624	0.171028968786379
0.0477358742014864	0.0553940583905449
0.000200935338528293	0.000201283274398915
-0.416840106337984	0.711459714353393
-0.144579727731822	0.161736548355562
-0.622947566438672	1.10384969341541
0.167316072626942	0.211165366301774
0.00240880836222379	0.00221489578476167
0.00173725241819439	0.00160114432325917
0.0410244487159338	0.0414206764958385
-1.02324310773072	2.10342939482759
-0.103643997841887	0.136447984483295
-0.088757430939963	0.0947064723380753
-0.2967981236091	0.378563612795454
-0.143594176068993	0.196972568485215
0.581977089706076	1.15788152482687
-0.230659733060448	0.306367886880242
0.0802564150216264	0.0963032163494449
-0.216892477645821	0.264966809854744
0.194699908234311	0.302382774150469
-0.220838416209734	0.33714199087895
0.317627713066411	0.593930783343935
-0.0244426534193911	0.032680992369957
-0.0360253578762369	0.0386608461543411
0.314989943932906	0.440254753377989
-0.909384427839653	1.29389893431041
0.147759718308994	0.15674309606749
0.138999389507656	0.159034930791976
-0.303082495121238	0.525902729401417
0.0124999225147376	0.0125171390755453
-0.284823828147155	0.422729029803111
-0.300566517225314	0.492547916201481
0.227545905747582	0.32955272238477
0.357492057741038	0.525811021768782
-0.241227113664932	0.281248112841102
-0.224344817020912	0.320520217645616
0.399952326119747	0.678610462332164
0.0980375458377614	0.145450076511361
-0.0664477804788952	0.0928877854610259
-0.0762879435331871	0.0893953285194778
0.212528358241542	0.288833826588752
-0.69120399366674	1.57256410919224
0.0675855574113588	0.102810761666496
0.236806815910251	0.404261327995987
-0.28627198026408	0.379983012812422
-0.875042013218579	1.49897379002489
-0.353432246288505	0.507601626528372
-0.426724643446298	0.771209073634916
-0.108955381296832	0.148728409846617
-0.179961322109989	0.229066421893511
-0.264051490489205	0.404892990935505
0.0709321200770415	0.0879856325326689
0.167112966940413	0.232193931016387
-0.181034827570638	0.257394123676942
-0.647393172512063	1.29192601871076
0.676247423185673	1.80328586460804
-0.0829593175458992	0.101332791903164
0.263559375434201	0.462230392445179
-0.0440528394588885	0.0574264948056971
0.0991832370076625	0.126759599033871
0.0239654308947092	0.0286157495290838
-0.253846384848508	0.376719280459732
0.360481181243571	0.552341431415204
-0.146372885916357	0.171387778941241
-0.34260874822405	0.473366777263776
-0.214949676875362	0.274133497428329
0.362961438124232	0.598450814516427
-0.0829888088167265	0.109072215474865
-0.359839116511915	0.611565978625924
-0.333182802008385	0.547694505534886
0.606578103978722	1.60958008248798
0.27142363709929	0.359801501573803
-0.439507832238529	0.842196707122675
0.0486363830733254	0.0649899938863105
-0.50580203701164	1.02782475991803
0.399620041275812	0.781010551511874
-0.197610236341654	0.251948001342007
0.0868166449498604	0.112669269522463
0.0702551592420186	0.0821696874219283
-1.17196839568323	2.470974846947
0.442301518389847	0.704317645055941
0.295411386907024	0.548098908988135
0.183171923787608	0.246618116026222
-0.088917566967084	0.0949138077744666
-0.287188052579728	0.381518441952198
-0.496528551619766	0.769109820128377
0.178464006742512	0.235378455831604
0.209183080737857	0.243274044962783
0.0802794318446814	0.0771987029881402
0.118931905315451	0.115176592198
-0.304192086490553	0.370246477679461
-0.910957418163803	1.77078063494356
0.915555480627125	1.77543233265285
0.267352583089665	0.346262169448545
-0.0247418957500233	0.0252707298064834
-0.459398906681585	0.785312652149785
-0.341453152618299	0.470883850372878
0.137183099304344	0.185040440433832
-0.545076105948072	1.05422836506948
0.331931108361326	0.551858185724891
0.636856659772564	1.40393434991605
-0.388051477643919	0.579362697379554
-0.0726806318436485	0.0888346315331543
0.497994660274813	0.986535065067719
0.266929177923701	0.413295053050494
-0.193932067484556	0.275859539065903
0.268954340903637	0.423591938466634
0.271324453389143	0.359646657345271
-0.12977133089079	0.151858935127859
0.288977303754153	0.426473178118396
-0.0441654621613057	0.0495443004305076
0.0810478682732785	0.0912614184008491
0.296044035231465	0.462547966830665
-0.180310503516978	0.238627221066642
0.308441315893497	0.403227631394277
-0.287639366747631	0.382235938214133
-0.464978564189925	0.820274888031445
0.104916533947544	0.15162853270369
-0.509129586993718	1.08457025853652
-0.113241076197473	0.159836566981291
-0.389528553955325	0.643276420208735
0.124988686342758	0.16168682435957
0.240183834162097	0.322681025904697
-0.385680579711655	0.676853709116016
-0.0296067679233744	0.0373055164200144
0.0455984745252639	0.0579569607466871
-0.4957052571762	0.767346745965062
-0.0699391724292064	0.0785082255674147
0.136898797175548	0.197571696644251
0.0971890648558671	0.1375431126535
-0.23684343270691	0.406214259788497
0.119046139217901	0.162016110874108
0.39992942070908	0.825915513791177
0.132130814002659	0.161484563872814
0.266528632564377	0.412511056803907
-0.195310880657244	0.287838161590354
0.144296975407261	0.184362811191862
0.550705982941581	1.22366233008096
-0.210122133710301	0.300074544040624
0.466177679432431	0.888315239193895
0.123274873673962	0.179727410444604
0.365285172853442	0.633949913568017
0.738723724147071	1.48367795367536
0.400497552321494	0.772189571387031
0.361828003888595	0.575570208217981
-0.700146790898285	1.47781215358145
0.157306614288147	0.210065712877865
0.489609369361964	1.02614903311259
0.107491659637105	0.140633423227576
-0.254466784032315	0.363391068786064
-0.265931226787957	0.408574985395908
-0.247877011802462	0.379071931132189
-0.254079032129071	0.377149463951148
-0.261368091327898	0.450211599705775
0.131239503920643	0.185835103458485
0.029903006768917	0.0364068375847207
0.336985567096649	0.589526901743044
0.0540132456496585	0.0602324549770295
0.556692308581677	1.20451286649971
0.864125636546849	1.32760900850589
-0.103971935593376	0.110741251270545
-0.0430167842094933	0.0525343317817321
-0.265206474750625	0.351658418277681
-0.0455018781813725	0.0486223091199333
0.397211316487729	0.463095489130062
-0.554337861512238	0.795713507703285
0.53268875187997	0.879543899324549
0.202719930388312	0.229469258265912
-0.158730359787701	0.168300169181596
-0.673340765848274	1.00229234183262
-0.196306125632196	0.249952281974726
0.346847286027034	0.434580926684675
-0.0657795816458791	0.0668330174813073
-0.0712255983804375	0.0869115267307001
0.742218198832904	1.76516127975875
0.267205710419676	0.413807025703725
0.430214303335364	0.836442958759441
0.296846231273245	0.464029625663683
0.745770499665649	1.62665655670716
0.0706242816789509	0.0717965019173195
-0.033916919040777	0.0380890135133849
0.26984002296914	0.425436413200471
0.222985853212443	0.316427214438862
0.467249919363351	0.876248146996854
-0.0239215530063584	0.0256774286592885
0.160505474599167	0.197800135948962
0.0570463219046141	0.0678164292215562
-0.198351842042345	0.253035815335352
-0.333383580400544	0.514170558810196
-0.426304759778927	0.611856141678431
0.0349543878748014	0.0411585372990969
0.125899211487324	0.174983971405279
-0.470395654719034	0.855407732056203
0.021532613653336	0.0265989512362535
0.20858880022609	0.310797918830879
0.278038997278398	0.461819498172501
0.288655503960125	0.425961926276596
-0.365495123720854	0.676317117919298
-0.374016841787969	0.673864601409161
-0.558789587643444	0.896087399095527
-0.945599217902589	1.72685342462786
-0.292852502365353	0.420299273772757
0.373567929421078	0.76374900361388
0.266860649766843	0.475455553972262
0.668976448090059	1.37478910007865
-0.137792510933247	0.207252399583157
0.0307558592341437	0.0419627680738996
0.325791267484434	0.504024391520774
-0.419376467284633	0.579401924123816
0.396835003569941	0.449696216461694
-0.316883979440834	0.368117269312641
0.021895312704807	0.0260862438803484
0.118734343715011	0.170158685764981
-0.244012615691952	0.336824914902712
0.143921985980641	0.198316272661089
-0.439599725454144	0.84243512575652
0.372000149827834	0.720530684538251
-0.373738118420828	0.673173593839001
-0.0281443212948782	0.0366167896670343
-0.202975117394237	0.34575305277165
0.0466060456065279	0.0642067315517601
-0.0558510683293379	0.0626279987977238
-0.519569937547651	1.23848106432021
0.290041504155262	0.435901267108681
-0.182625853621003	0.260207134343812
0.272217345112256	0.436707708803169
0.334160599811968	0.565498658202449
-0.500844316516403	0.966198157324659
0.0133853883210872	0.0161788969095383
0.114183640842133	0.152521719735063
0.0692852785382983	0.0703676733909119
-0.426101539336544	0.611213160122479
0.186620112768991	0.170578536432979
-0.0835006940433743	0.0752583534019238
-0.180972874412313	0.25728265029416
-0.0485496286427088	0.061418146944661
0.10191205420695	0.104207044878224
0.312328319379334	0.287898744893962
0.320409078314941	0.317148038087846
0.400359993571095	0.557356609049039
0.0781221325425138	0.0681505984307931
0.618538476738354	0.928648061232073
-0.461862338192075	0.560035072834175
-0.509598987351715	0.673719250815879
0.579857064106867	0.788385752953144
0.641296429019807	1.07427002700672
-0.0549702617491834	0.0528161964957175
-0.12147713473253	0.129297920818196
-0.215828532087045	0.263393211691117
0.848793970470053	1.90766294133624
0.780935390721739	1.02319338992968
0.729145422985506	0.87172410556558
-0.0906678335319965	0.0866974936235532
-0.362630586194804	0.539877523845101
0.05529800731714	0.0617443858788728
0.047023133452962	0.0449597136780778
0.0283909631257152	0.0278035599311898
-0.318969734634969	0.406213917416439
-0.180410984045228	0.210935887683486
-0.311006964565205	0.555036078335798
0.0451648799837804	0.0491245645735451
-0.315997788738428	0.518418908424395
0.401852407844471	0.585080632865104
0.156107259323779	0.170379117639663
-0.349055012021977	0.643860895192968
-0.468904636808832	0.85150471336254
-0.0635659786660433	0.0574820658842577
0.655433014793175	1.38678446097511
0.156871055148819	0.209378397910801
-0.0471230398846538	0.0595032481674704
-0.182333722292203	0.276694067728168
0.755228034179702	1.62382594060887
0.209767935351991	0.279701539052804
0.00964771076140184	0.0124159453271788
0.0421462593879545	0.0506957697670438
-0.0113881247391326	0.011637983065989
0.368113453707379	0.660952702048477
-0.034642286969558	0.0371261979819575
-0.0437453992449772	0.0570202537966809
-0.127993628069936	0.169112325961922
0.187027827939947	0.199885559504346
-0.0459761164778891	0.0491738214938396
0.243313463737701	0.277344289081917
0.183708880526259	0.247470917899289
0.151791483316698	0.198508497687368
-0.0233275024238186	0.0273294721263653
-0.617378253646566	1.39622141446852
-0.227496849617856	0.313873598051561
-0.0726806318436485	0.0888346315331543
-0.509869023083262	1.0862996464439
0.0655147977414575	0.0993832994615095
-0.530624314267549	1.13530386197043
-1.0235912943484	2.4039264183917
0.0315763635180014	0.0385212867793397
-0.195750795192291	0.259336481750076
-0.0455316683764587	0.0670334854570597
-0.225178258171514	0.322009585166936
-0.473154691580272	0.883991716867751
-0.203740042761088	0.328396015932966
-0.0327093141422312	0.0366829067824158
0.0388462813648906	0.048389779988417
0.189057218783203	0.260117443955052
-0.565487795368179	1.03253871285
-0.0339907144523397	0.036403222962819
-0.122444161515318	0.130434779046953
-0.0104608324243232	0.0101271361525809
-0.366058766535073	0.505675027066272
-0.48578970653068	0.69768161763054
0.448946914985671	0.629261085368119
0.0112229526604346	0.011229130116749
0.217504457750671	0.302110372682781
-0.259481289308434	0.410282966580625
-0.151087765544273	0.192375948666967
-0.0430207854340683	0.0481928405067643
0.101140844215318	0.111913737411659
0.168007830647746	0.212157045610395
-0.76852267216949	2.00168745195315
-0.223571745076989	0.381676416603721
0.331731810356691	0.703727554359698
0.482212748629227	1.07853576165602
-0.208279567843832	0.317627690053313
0.117963957296218	0.14921360770012
-0.0385481348129462	0.0486372051832392
-0.45656451437808	1.07870053903792
0.454383239537514	1.0348889812413
0.399983305391542	0.618502911417774
-0.1798257052576	0.210113720980371
-0.248406746785095	0.330045410891488
-0.0935011952532832	0.104427021684495
0.0205479857394129	0.0253533630091781
0.400200770606608	0.82678266033007
0.0956857332102173	0.120174199053596
0.248240121962516	0.348052637719646
0.296380417851798	0.358945001466794
0.287188920705563	0.423215513425592
0.39912107312106	0.688254347005399
0.58759400759358	1.15177568190433
-0.0815861877193063	0.0827389998080385
-0.180913965662551	0.239613487576055
-0.690370659128906	0.909118279660252
-0.24596070500213	0.325985253858879
-0.442910533096949	0.6857091755079
0.928002017675442	1.63313840189642
0.220751865326093	0.270194180175045
-0.0264426471651861	0.0240289363695022
-0.0369525904544894	0.0376589457838062
-0.166883049948296	0.212860628809767
0.245247183020622	0.337022704116069
0.145674882197964	0.186383692497643
0.198486663636979	0.252841590480429
0.332433434861566	0.552983839285443
0.137817951777749	0.157484423541119
0.469101707507111	0.866167423745297
0.508953259169141	0.949012594573351
-0.649044244133685	1.25915135396579
0.217877497332785	0.337070155165499
0.0639700425754959	0.0732145058433086
-0.236534054396982	0.405540003593295
-0.133532616574421	0.163129970127522
-0.211198489447561	0.279745069350107
0.0249296508282188	0.0323534380814204
-0.0907066836950882	0.115392486077239
-0.022686578529556	0.0265590060307774
0.0397140514932271	0.0495238783183257
0.286809399301429	0.415173284103843
0.226308104416853	0.327355605406986
-0.413059534297759	0.477845182004603
-0.386348690937609	0.576387527655803
-0.180691552673327	0.230165517560171
-0.331984094412442	0.441086685877051
-0.104648551279024	0.111552206553667
0.0104020191270433	0.0109270254421348
-0.0223039604057342	0.0239059413327344
0.431367344240852	0.814041395134678
0.322347784537932	0.479946461459619
-0.256744890518631	0.367700390224484
-0.216280502927589	0.264085314448414
0.0277177925063144	0.027131634603526
-0.0124136657856074	0.0106047199855236
-0.591884553948884	0.781436411445044
0.0569432081337098	0.0676990471679607
-0.0661718518661063	0.0924698839349545
0.170790084660609	0.278697221274837
-0.226532784911652	0.37722625711711
0.147467322273361	0.173231430285394
0.776738368828398	1.62197170345152
-0.07194973181152	0.0766749117856957
-0.202217301202139	0.344006373500194
0.255370202379916	0.372745476087255
0.146450827246601	0.171818707545881
0.47607642926666	0.837550040895139
-0.377434284320625	0.542654127829366
-0.145019254560977	0.169547169242129
0.119570073466682	0.151556022131247
0.012920695476896	0.0129386603488788
-0.0788945002754643	0.107163979725188
-0.216936877948125	0.350986198642838
0.128650985184538	0.191019446236619
0.138435152107899	0.173040343427824
0.20174621516169	0.22819424982162
-0.0729848181878802	0.0778971489022943
-0.094092988802706	0.11487811953519
0.472321266493732	0.84372044417246
0.0393712839228922	0.0396962203483871
0.294371074680753	0.347659530701323
0.226073739976491	0.32684527916047
-0.213900603594515	0.272458038008248
0.222831774592639	0.232699728239743
0.35116981453297	0.462561594105113
0.717817099369538	1.18898378487961
0.729903248428072	1.33862028484905
-0.371242850814714	0.471735968135474
0.112210789076866	0.138989511199909
0.602576539257945	1.12550337188368
1.03916011843572	2.26115798271177
-0.232582516789476	0.296362989072921
-0.0766922390506553	0.0899230189932612
0.150011694411183	0.239187422183592
-0.398684268239899	0.740899759323935
-0.120809670545409	0.147762492109681
-0.318694664234405	0.554826358947368
-0.312883082621819	0.449545181875247
0.0361717219516648	0.0465499028313346
-0.232473530414815	0.296227856378343
-0.460569533361467	0.788192707169349
0.0632766889255443	0.0880196373371758
0.0917079258227993	0.121215480328826
-0.0714506222149729	0.0872107779572358
0.194914097517699	0.302801490341647
-0.02837053944762	0.0369277218374635
0.204197539944394	0.328835499075658
-0.117404730155334	0.11862112979513
0.560659911633699	0.817098958838116
-0.424184731856634	0.678707977315649
-0.146583315961096	0.171668081325954
0.121309587726219	0.131429105830164
-0.231971399026267	0.295453879818792
0.0790676110370781	0.100357513599211
0.656087745854411	1.68046904113716
0.197755074390271	0.282920259881209
0.329938512572138	0.530041142101851
0.535753453388106	1.07118949974106
0.0203273118009543	0.0181919525383159
0.0405561057986083	0.0409326535972716
0.0020784513553279	0.00180560705462875
0.509386743331091	0.950284800114179
0.466191359906959	1.22624497052517
0.00355727745089206	0.00434830952385029
0.366151084052998	0.63612058357743
-0.403241050386576	0.645398907114543
-0.182732626594787	0.204066107453315
-0.127079707905702	0.142231980889281
0.372888882660256	0.752283106204258
0.253772116928579	0.423639101365655
-0.0372292992253944	0.0379555897948438
0.0929792246697937	0.0923533113539927
0.401008186203288	0.63299582938068
-0.0988100114917001	0.100021593286377
-0.199241314173545	0.243688176184322
0.0641997314658782	0.0734917791282035
-0.724224179252812	1.56795866779079
-0.299713052451215	0.414067366981928
0.11943596617089	0.151366471839969
0.464258761144347	0.897718833492598
-0.240558785296327	0.344239834894125
-0.215284482130399	0.274636721553529
-0.103952535511559	0.136913832720775
0.338040824761426	0.609188481242307
0.346231228365376	0.682095167913342
-0.146190888806178	0.213704612841105
-0.281598707598319	0.389501002129899
0.0869178598910705	0.106586083777936
-0.0340897803345447	0.0382856453076995
-0.310853747932784	0.445856755310726
0.828999497931591	2.30645839158543
0.563383676412282	1.00768107372925
0.17908545341963	0.211932865965704
-0.179931825245241	0.180323387597285
0.296821027003205	0.359613701757605
-0.104932363859353	0.138367226669725
0.512716453385013	1.15781214922132
0.326786779734799	0.335222133465994
-0.254475413500436	0.268110650416896
-0.181906926681102	0.161099133856152
-0.0893845612523407	0.0954626110115439
0.12853582862747	0.128394494734446
0.164033126953176	0.18408271817534
-0.3204217103463	0.442786899646011
-0.12192291695945	0.129826814815234
0.400033530290615	0.630974610586005
-0.182135234392728	0.250570561274777
-0.491875131673221	0.734570302577642
-0.0511148688163345	0.0623653732696563
0.344999778452306	0.421388172689255
0.0921564264629999	0.0833262599831287
-0.0959791855258311	0.107536055912506
-0.402962835801095	0.644753291548499
-0.543646047836503	1.05013637500794
-0.0228822402407977	0.0256875914199892
-0.044708524149529	0.0405456673038427
0.443989787366488	0.693266977381179
0.252952437627331	0.303904405743829
-0.112134362316869	0.125692493690498
0.282114361732136	0.483768278539007
-0.0434779577776256	0.0509769433389948
0.218344931957233	0.303552351128871
0.634382691140562	1.08423960060632
-0.264307300497596	0.405455037082571
0.127099214017802	0.188300846701783
-0.326113217819983	0.614229645804389
-0.00028867000716826	0.000296754275081891
0.619559880348781	1.0974397790662
0.539935363790139	1.06440765299066
-0.592777097109257	1.08290708032757
0.769824884155284	1.76354838734825
-0.322906959114406	0.480832147686616
-0.0896110221231194	0.0957239737546663
-0.0906485700963579	0.0969193953332653
-0.227965956787499	0.314657527648298
-0.415933069138676	0.709242106444085
-0.665344335400159	1.51093655638742
-0.334280857792625	0.583220774652921
0.266616038976353	0.412696409549888
0.234740901643574	0.352924933897076
0.398783300734568	0.756386772550756
0.13110642090582	0.173211879815587
0.117762091408627	0.148957577079389
0.0720569275944661	0.0895245025350858
-0.100006234577419	0.101317638969113
0.110500076716662	0.136623137785714
0.133018125205546	0.200778267289401
-0.14948076391302	0.225647197307246
0.285425662242404	0.412756401394998
-0.183966685263883	0.234984137225325
-0.353481987282419	0.50765074605489
-0.628865212943976	0.972399241054182
0.266881088110594	0.345361858505044
0.591217276301304	0.965221987858803
0.105322420731924	0.0985788706474819
0.000851958943553801	0.000829053291754636
-0.895889378177574	1.79344614480281
-0.684310024357576	1.29186644400832
-0.40946092118546	0.610742470147803
-0.228208775832738	0.302413568340297
0.183636178827364	0.270897272623008
0.0328761367272283	0.0386144787705166
0.190322513106444	0.290365779090099
0.399155982512837	0.604634168707221
0.00708896448407353	0.00776689546341235
0.325896505036387	0.50425253825758
0.0443597907568464	0.0534858655810886
-0.119892583342833	0.163926902375209
-0.0129472138567099	0.0139064381001552
-0.223097632880332	0.329999698839891
-0.166650702594218	0.212506433841502
0.0382043463036344	0.0475565575746691
0.138222026195004	0.186665699731166
-0.567809811550411	1.0685463608973
0.400852339763791	0.738801614988552
-0.0128861274451042	0.0150695182106734
0.221043866686363	0.270614671831611
0.0207404491843738	0.0255961863304358
0.210642826219914	0.318946512763683
0.779342142214476	2.17713300407432
-0.0121650134653221	0.015770840639395
0.0651594530078348	0.083648676793734
-0.0258912826024508	0.0250291762092561
-0.133573810025821	0.163209940993637
0.0203822719804419	0.0219742203659407
-0.260305214174719	0.358892124301324
-0.434038629591195	0.808542648047639
0.0109119748810979	0.0114658205195905
-0.0952089438294027	0.10657964966765
-0.214629476072099	0.273651976774084
0.330907815654324	0.532074903776816
0.322901420465294	0.48101040265187
0.104793683506561	0.144168290808537
-0.156524919035054	0.215005133705646
0.106174295537808	0.128703862199784
-0.181007085056067	0.248615551282177
0.107907271625752	0.141252251998629
-0.0334860403441762	0.0375847061889377
0.220832937688695	0.270307968326798
-0.833744450330723	1.5740200314988
-0.230686908354931	0.374593904718383
0.0479862715969039	0.045902946721304
-0.210829558341387	0.279115830663801
0.0853858114900916	0.110616677276469
-0.10124258070211	0.128820160931294
-0.0895164956345506	0.0956114863571377
0.0393418509343892	0.0445891364305672
0.81071664465303	1.47071247430236
0.745356350590259	1.62514346750774
0.641141292314359	1.07380539654385
0.526752213764448	0.658840516258258
0.249828114012197	0.292817047195222
0.0689123648972665	0.0699612143823994
0.277038189082049	0.376160037058429
-0.136599326979946	0.137653459407648
-0.0255082117850339	0.0246507525801862
0.28676493605214	0.41513254756182
-0.0954344197562936	0.106861268742719
0.400909226157828	0.595929773924593
-0.182502243017457	0.25117399753364
0.171534512939308	0.22097471298762
-0.0229140976032114	0.0278872038159129
0.501108284343558	0.724318593566835
0.0997342990617557	0.110245193460883
-0.106400376252467	0.129920342420262
-0.100270844531373	0.12742889233856
-0.410461455968904	0.742994171442291
0.182963500603417	0.269725134444842
0.307143193682784	0.523623410645157
0.278968220263795	0.386784611843012
0.266671333118533	0.345099460720681
0.059807595733172	0.0753336263491131
0.400954466192317	0.739123698701557
-0.310931457393723	0.44589759779323
-0.227731401671871	0.314267491549996
0.589061559890533	1.30091705479821
-0.470469835465218	0.855654000330087
-0.214205408742443	0.272968265565379
-0.180243614789686	0.220170512891103
-0.274310392761352	0.393209397290788
0.542581848856911	1.0521521659764
-0.107103717132291	0.130894612621855
0.367560583433871	0.659589234743793
0.399665319443563	0.747443139466714
-0.146113838994256	0.213579078689242
0.0443818665536251	0.0482300763047134
0.366151084052998	0.63612058357743
0.184346979963359	0.248533797203907
-0.0691896969423725	0.0776333302193337
-0.310253784835036	0.444692057510525
0.0336982593282178	0.0311842829122057
-0.298952175454905	0.412795990579335
0.179214984856111	0.212109829696314
0.244361463559542	0.278705580288083
0.112385545568873	0.11840260785307
-0.53946027059116	0.98359199294397
0.0861440571424034	0.111712040520438
-0.122707691295897	0.173321539893553
-0.151287326853132	0.192703629213697
-0.00356757271782682	0.0040077787095388
-0.116053846425411	0.15316383475347
0.0224288646458818	0.0267398357535679
0.609786959949242	1.27788202530517
0.0570757599823751	0.0779316325458744
-0.0891581191100978	0.095200029416884
-0.138560669281474	0.214215816456386
0.245400328097377	0.389734740602549
0.121222639914864	0.165438790491272
-0.0513392045032637	0.0626543139761004
-0.179156123671979	0.218600882252071
0.270382313948646	0.432683763677674
0.269262555310287	0.548587661799955
0.157004978773682	0.209595307316189
0.251711334575476	0.464231937479496
-0.0531363377103881	0.0718686227396576
0.16666667912888	0.210171519448674
-0.0371342781124739	0.037842614008401
-0.37632033621122	0.540536525174786
-0.248531457991098	0.427036864445463
-0.653490862785565	1.1954706882463
0.277602380424247	0.460872687672792
0.0887550416291238	0.109059154389385
0.11456570688292	0.153146351049478
-0.0758876874088901	0.0889030944690099
0.12612532267716	0.163373764413423
0.107819569707704	0.122266184619958
0.546357118234855	0.850079275933064
-0.591569243321248	0.948726157862859
-0.309348292443765	0.522465998731255
0.112165885069954	0.157615863603469
0.25803775345655	0.438341446290213
0.431965138605211	0.853787725174511
-0.284786757183089	0.377324390492926
-0.138608774752451	0.176679613423582
-0.197027569221286	0.24044791433004
-0.409922466139157	0.543129829912757
-0.197522203045336	0.282158109207066
-0.0564567709221058	0.0785919606107839
0.144007344058646	0.251413527268805
0.130805632527875	0.185123881258292
0.219954014548356	0.345832359844876
-0.26174262100229	0.361554433628933
-0.452171970022942	0.934728935360098
-0.205991042084793	0.323245554617381
-0.117089431914823	0.154719328435003
-0.286802764217122	0.380910615415817
0.268050389303796	0.347347253895753
-0.424745322150819	0.608201187424256
-0.839413839025867	2.1086117474862
-0.322031614296429	0.479098378178265
-0.331265651371976	0.475378381369208
-0.0231336179487477	0.0248165860579951
0.646213005011334	1.23700439195702
0.398359568796727	0.627099076323521
0.0800828005891894	0.0900773896279689
0.0876512188612999	0.107587269042673
-0.149681339241504	0.183178217992781
0.367474293228721	0.628774487543306
-0.4948301692932	0.926185682513042
-0.0246114812447659	0.0264340516612816
0.0678180266854067	0.0916732456990994
0.194104429826455	0.213398023713722
-0.341387970933973	0.578569677286871
0.440495704164855	0.714445919213608
0.149228882649466	0.209657640271691
-0.16937770393612	0.240891043671465
-0.401070931398114	0.576155313869726
-0.105819940963782	0.139676380007172
-0.195845526479745	0.249220611159784
-0.779904304823845	1.95117832441397
0.474682953467652	0.849563845034938
-0.302152244923461	0.448605646803596
-0.0449055494907161	0.0504129450255899
-0.507224934762501	0.86838629950162
0.528748466509296	0.88954330226215
0.336577947371686	0.378474674378454
-0.491204011028281	0.733196761009585
-0.0682191435242913	0.0764619482995471
-0.855482524582485	1.71413794210499
-0.484017744075598	0.829146055895518
0.399481454962875	0.677483330584904
0.652373014324308	1.6909059563202
0.025539793207392	0.0263394009635343
-0.00375816701743245	0.00422148730470027
-0.192594977523721	0.318699383306021
0.0395105472414026	0.044789985086379
0.160785776123583	0.198176901378467
0.334647849512083	0.566665957012668
-0.0733409795740839	0.0703786936489839
-0.531894550158461	0.882811117153597
-0.196806275204792	0.250666998994304
-0.44782967930621	0.717015089731404
0.550946669901032	1.03661894374888
-0.0850299335173862	0.104082136589957
0.399113569571296	0.664650883722466
0.270152425953356	0.42599957841049
0.535851080896593	0.867159674229042
0.209767935351991	0.279701539052804
-0.361475972885263	0.576864729876299
0.143650081806534	0.211591512544454
0.368580020837815	0.661875590954319
-0.34098233495905	0.542658451977782
-0.132142194095408	0.181104870301636
0.195919961352489	0.30480851751991
-0.00307158167246007	0.00329753306496113
0.163295142406632	0.291888155126091
-0.206996978585196	0.325142486574187
0.086871800848459	0.118640707570601
0.439788712192579	0.712774539170006
0.247810694949011	0.289993942403355
0.31938272920312	0.465531136339666
0.293861100296947	0.450783159834962
-0.439386742511012	0.841857871410957
0.0627019685157171	0.052676337283448
0.320916673238012	0.468379317329234
0.459964651012546	0.555403619247443
-0.221614413011366	0.24590941244785
-0.50900920602229	0.672518278833543
0.00849522057267564	0.00931495160051057
-0.197738658699476	0.252169992649716
-0.0128279128860336	0.0131203002947371
0.35019298629285	0.460778754733597
0.569225045016118	1.0015519219163
0.648219329733084	1.39003225872498
0.172862589223019	0.199494958827604
0.234863456603561	0.353298102663951
-0.435457975850215	0.65001929840393
-0.0893237880990897	0.121642115931339
-0.0125982597177572	0.0147308765083169
0.192535302872203	0.294584704055181
0.422910819875982	1.01042445788228
0.110304259128927	0.154627874867914
-0.341966545208421	0.613820003834892
0.0730981524847585	0.100592852143516
0.117068891818747	0.193654442215616
0.0734240051509744	0.0963557355002714
-0.0837600026238148	0.110173048213856
0.160456247556217	0.197746836036043
-0.199369677888752	0.232944048562073
0.184011214976828	0.247996788448805
0.285333805430553	0.412580756813509
0.460348214669471	0.930067943825133
0.271767358936142	0.435787443057929
0.365234985491006	0.633710257310092
-0.146965756869308	0.215058665223997
-0.168851575921271	0.239936472247027
0.783277231334607	1.47244737854614
0.282169943284294	0.399616588168245
0.128879592989543	0.12874182892386
0.504969421736159	0.713798428186186
1.20765075081927	2.38401621966803
0.502653490202552	0.727339221009786
-0.0821832571070436	0.083391016534781
0.108497747954287	0.123121777627359
-0.0563864671519564	0.0542342608072157
0.179133845717049	0.211980382917014
-0.0136544190013772	0.0159775347019462
-0.544164086236836	0.657567612698379
0.110405342757948	0.0931891396923611
-0.86227753150183	2.21626342299765
0.258117377623595	0.438673048071018
-0.464791659888606	1.03261867628582
0.319851704018174	0.607356564854725
0.360437800785412	0.552367880496829
0.0873505197606714	0.113418103962362
-0.151352040501815	0.192804995642457
-0.539123052591896	1.34210728389092
0.187610459568156	0.281756519268955
-0.52523849049067	0.812996437888228
0.398277967984619	0.490129631614534
-0.107138675146302	0.130933534231844
0.431091288786203	0.813224676485884
0.482064737593196	0.803866742144075
0.233982479080226	0.35162559602899
0.0105418103826734	0.0110747672732121
-0.275058521860964	0.257326289254006
-0.449615908973417	0.621301860536186
-0.253990371597126	0.267449837448737
0.30405957352267	0.38768362951098
-0.283156419237894	0.297656083845011
-0.160081623323397	0.169958989143225
-0.0897239994580487	0.105259658414855
0.504482384608896	0.712539713062401
0.0135503612779024	0.0135764072573654
-0.112214778093683	0.125791534238359
0.325332942491992	0.49435101958742
0.197610833389246	0.251519508227602
0.471536414224609	0.856970834769581
-0.323087075457339	0.481131117593066
0.0808642057435968	0.113620214485974
-0.5243357852617	1.0402696589147
-0.256340108662382	0.366986640099179
0.0925313518235163	0.164980122380259
0.00500857271330642	0.00570691254945402
0.505809016680438	0.957889674162109
0.278503260038815	0.534352719928542
0.380091150425266	0.964184606010298
-0.251605449975177	0.46741573677191
0.137546746945332	0.185610329697813
0.278926506644419	0.386691313934397
0.555526208548221	1.02873719723141
0.798583321181058	1.61584475236596
0.12050713734904	0.152869373483447
0.193020780847827	0.270730241006268
0.460716895062492	0.916770328272398
0.366639358564933	0.627045208509482
0.399905221989358	0.581616393031786
-0.517824966166099	0.742885420125474
-0.217038570687756	0.26519782059174
-0.21424218926047	0.188958167650332
0.336207397366704	0.377929114476064
0.397993170280091	0.464224177802517
-0.504535971786832	0.836909997642751
-0.072951599069559	0.0699569700979526
0.516714832608602	0.680096664048975
0.595831042023177	0.951889955811954
-0.15366172267448	0.13683714550717
-0.332636855961152	0.367665284934216
-0.298063628486303	0.458980423041538
-0.105403331526355	0.139077094138305
0.235539988248754	0.437451096869489
0.284322639507448	0.568615151761214
-0.459029437158378	0.784425911025742
0.305264284625268	0.511920563293521
-0.0361127069685128	0.0367750529434724
-0.084326258189991	0.135447180936725
-0.0511746487861055	0.0690427119851087
0.104854525434488	0.0980982619011691
-0.645340089841871	0.775731146756359
0.233129422704602	0.299847805610904
-0.0767209783993133	0.0971638576363968
0.0286465762798982	0.0316258312468411
0.00547652870264996	0.00440751314847233
0.169417229809792	0.170378430063992
-0.825637559793098	1.22524200021449
-0.62946713067102	0.973998648243359
-0.258462353387337	0.315586323626988
0.315506409049777	0.441199806486199
0.0496097017761365	0.0514225997658724
0.576567035189	1.16339504884781
0.166836237075208	0.231711564318745
0.615495079609369	1.27205084441073
-0.368811300825896	0.607619962607305
0.272004598552246	0.360794667324735
-0.351960005410092	0.542965508683168
-0.0878816574834024	0.102884690098306
-0.0606286666985115	0.0648913036291268
0.399108640074287	0.6647957514076
0.191033283542214	0.263258578730936
0.398903199223981	0.83369116395097
-0.341080222378267	0.577780522108842
-0.136831007651292	0.199968061094608
-0.0393377573654251	0.0561678539761986
-0.00000291526133213823	0.00000140795913468704
0.144901901827054	0.185266138609848
0.307936733372368	0.525294401862934
-0.428623701164971	0.776523669673623
0.199334556614358	0.28572558052335
-0.463069265799402	0.691550733025544
-0.158071549051243	0.167467228903543
-0.536551195637423	0.585386024058808
-0.214925634894248	0.189593682964085
-0.623924661310311	1.10672092791598
-0.815993735429069	1.82071595173578
0.52794182119803	0.887518021292777
-0.0249898787815536	0.0241453756710753
0.108706724474825	0.123385465057962
-0.750968422656866	1.20246791493611
0.148586447632784	0.157756886052848
-0.394110603525192	0.669547886544399
-0.273722636266133	0.433175472107869
0.0988811563652523	0.146853479343427
0.105706841316822	0.145631569920946
-0.212616847110055	0.282050845332948
-0.54629637944917	1.08523946999044
-0.0105889697789066	0.0113532765633983
0.0364347895240651	0.0505838917154394
-0.5465551806149	1.11293409821593
-0.150477996315539	0.191480452339873
-0.0731038695494469	0.0701203376620296
0.322255911526061	0.479748949756954
-0.157647919316903	0.224003490548229
0.400216920915825	0.631371234257524
0.0340712763234131	0.0400671721462372
-0.0405435742279422	0.0390846145023169
0.434800816368482	0.770070099416658
-1.15120243553161	3.16378020493308
0.172593658797008	0.222634168013963
-0.0452065908330773	0.05077170573467
0.161282636178562	0.219468870309017
-0.196434310264153	0.270508404206757
-0.059209251761715	0.0750865306144289
-0.16605332164594	0.211626946613239
-0.0457450371393691	0.0489121936457371
0.366531023586483	0.64687014971809
0.204236153462866	0.298571098164531
0.615003000267112	1.42571199278823
-0.411840651672271	0.885084813188547
-0.50842077819332	1.0590628039473
-0.341640692674745	0.579172483603286
0.256063290118523	0.428514121475099
0.0372786951662078	0.0463506642364641
-0.300369175842413	0.492184299742477
0.144094467796818	0.198572830936866
0.215579780301671	0.332780479996438
0.0643696248655551	0.078241150155267
-0.239286695088291	0.354908515564359
-0.0375360520956801	0.0382795000632169
-0.0543400294679524	0.0608026818790565
-0.211936297746676	0.28097563026507
0.000533796462307686	0.000539650141194023
-0.73473787160026	1.51081240734678
0.0986996616385956	0.108977592508513
-0.209930270488242	0.299745441652025
0.261772838490021	0.452317722168524
-0.0974814133047537	0.141361786190501
-0.146956478737358	0.215010794160406
-0.487810606058863	1.15898113098902
0.165578783035259	0.246443061520494
0.0875855054625452	0.107501413613986
0.239288431188967	0.414715481677887
0.336121082390282	0.587455150787076
-0.0673903913509517	0.0853695562635837
-0.910928367508428	1.61230367145665
0.146207735311516	0.171539908760762
0.494715741994856	0.747106102796044
-0.223844334476264	0.248973360544749
0.361829419702073	0.55515141354621
0.131113889631742	0.160086099090183
-0.0434772873483919	0.0509879228390382
-0.348731687745214	0.60839979406626
-0.594990756332413	1.37274434100709
0.192520179073446	0.26979780406057
0.294863790787587	0.546939269971373
-0.279228673505354	0.469433111708456
0.0121783860717731	0.0147054984068151
0.279534111167562	0.543263705245564
0.202089428898139	0.294730503883252
0.195797613327222	0.304314460171391
0.353515998163456	0.765436447986524
0.0304577990585766	0.0371134706253983
-0.0537116851107934	0.0769581256538035
-0.3312141664983	0.607311557511587
-0.00236666962622069	0.00254162224238938
0.661425938550994	1.22493287145984
-0.616328854642629	1.39205847480316
0.230638461172413	0.340301153687767
0.564124602564502	1.00988541524187
-0.273162425413973	0.348112103548257
-0.205791454759531	0.20591725908617
-0.56271667938987	0.965473851625923
0.0403809356818145	0.0458049695823177
-0.38608257671988	0.57580811692466
-0.299812389828576	0.490949208761337
-0.292007725344742	0.533204193946739
-0.109265674736442	0.167485874743629
-0.0564742557367272	0.0786322736030395
0.0927664692939467	0.122787717831394
-0.169861363554558	0.26437157509737
0.128305475112178	0.190417638887372
0.0150512888148226	0.020323341665839
-0.0685815903617338	0.0928386518979838
0.0813037218125837	0.085113128456926
0.0679054346166112	0.0632146522545232
0.35599994752088	0.502366431029197
-0.468167789868175	0.948071760629429
0.0461708213636858	0.0587269829038726
-0.131193381024767	0.179603203303381
-0.417538961198765	0.713088578251237
-0.0119146676293464	0.0149508706974835
0.0429924357536187	0.0517714694413202
-0.496065740904248	0.767966300276144
0.324826596899007	0.49340746904209
-0.00185295298965416	0.00208723059074622
0.0342791559484575	0.0403329727980028
0.300435349330229	0.373506636865521
-0.00256730190530984	0.00275677067029286
0.203166761019135	0.230038541618377
-0.0754566679336496	0.0807476295154778
0.22727415716984	0.285270146734445
-0.258308551791503	0.315303106641711
0.509844165820542	0.704547800627785
-0.241525544456949	0.281693013893141
0.118198260319257	0.149558903492233
0.359345418638601	0.539867227591191
0.399741983457113	0.581327169504259
0.0876809009838034	0.113886933809055
-0.443129048585092	0.780494123797482
0.179641198135944	0.237205439121655
0.400560358891332	0.607413368167638
-0.00328525539333191	0.00398451111481776
0.0340936986564484	0.0452453565844622
0.640835950150963	1.39170772672556
0.263938598513486	0.462905401953686
0.198727314945036	0.253199593032922
0.0427677355436903	0.0514877009377376
0.148148515617925	0.235650385609395
0.593636740172129	1.64313872714042
-0.19707110468546	0.271558718932145
-0.179747334159068	0.200269420073731
-1.02361508968928	2.10490317049637
0.102809916636849	0.105215123588883
0.0476016626273091	0.0552301159793633
-0.285491640287029	0.46722887706025
-0.272643451259975	0.347216965564397
0.271034049631437	0.359164908791811
0.0223514146768004	0.0187015569610237
0.0191250539776965	0.0171098197348998
0.865976598539356	1.3314931043328
0.186410651183089	0.170353400354096
0.329674013840004	0.520635509254755
0.187918446515474	0.258205234764657
-0.423118253358833	0.512896455883945
0.544193896909993	0.845251004852589
0.128316662410268	0.128157624328527
0.508047912436974	0.946116567123065
0.709702557633397	1.34732180631867
0.272044116879295	0.436335653621594
0.177656038616909	0.234092435391324
-0.511174857611223	0.676388733668482
0.187121748684861	0.227331080589503
0.325977765475962	0.654997161031464
0.0185267472337048	0.023595925892485
-0.35536656216214	0.328912387009731
-0.0276119288283499	0.0346922375346421
0.139080406943044	0.159145783914502
0.179406422627943	0.236832668742888
0.134313843412156	0.20311537567134
-0.0310488833350844	0.0377859269295322
-0.484753906608713	0.830784524753103
-0.100155339689678	0.101483530308832
-0.307969736331544	0.408860728490804
-0.759858127351772	0.719533291739139
-0.591839849109951	0.605998168883027
-0.120304686337439	0.147073018071984
-0.62121302717285	1.23968329984658
-0.146728685589602	0.171854788189231
0.0391746597315809	0.0340175874446838
-0.233004293530606	0.297092320008157
-0.417355033659847	0.645365417531343
0.144901901827054	0.185266138609848
0.0959190655327643	0.12049402868359
0.275170570903962	0.37294817984696
0.263419214969612	0.33318036256643
-0.750290823445634	1.20102167750636
0.091104882236392	0.126505154844596
-0.0643967801296658	0.0754611665902308
0.132928733984627	0.103136757987609
0.244184645500487	0.335190374944223
-0.274447986076975	0.434723300974715
-0.466366594428204	0.942990712488694
0.181927876228036	0.267865004452982
-0.324968275148859	0.517777641291765
0.223310243306212	0.357079019807477
-0.419480819726665	0.863560148010176
-0.307058472917028	0.488224396984973
0.246721142708476	0.441884635307578
-0.298779975889157	0.488597936855954
0.61012415331779	1.27908972552792
0.099228668122445	0.134013071477193
-0.19896459544964	0.243321773790274
-0.123416718081245	0.13158942750694
0.121161607363099	0.131246359830886
-0.132056878911073	0.161021410963228
-0.375352310141812	0.538554350488363
0.307175579151938	0.401112785281539
-0.308129021735663	0.409109770479121
0.186588544644979	0.199347934490715
0.0613621716431077	0.0654922778781934
0.333294634449443	0.563548752484339
0.332258080403474	0.552512614918348
-0.211097907163881	0.290817089545625
0.105194738564624	0.152078277617568
0.364633567635584	0.622397474309349
-0.210379821019151	0.300532869201489
0.527922173379616	0.887543986567708
0.204838620910111	0.330118891334335
-0.333661797810925	0.54871069630394
-0.105295170173101	0.13890881259963
-0.315356545785066	0.516916215820208
0.0713367090235441	0.078216609601843
0.171125667827089	0.197139973256273
-0.222881581951664	0.2476952026715
0.293992970582149	0.450746193736959
0.132313635169066	0.161754638309787
0.291821757295287	0.439388825884964
-0.326045907018496	0.552224770513033
0.312426962003361	0.558537475934838
0.0514230036869044	0.0633416802878503
0.0398587597276026	0.0497110669599411
-0.387175161619983	0.736987892668284
-0.359506336888601	0.61085891073438
0.368317856053175	0.681332294167263
-0.210690451122177	0.301052800550365
-0.196446688889985	0.250177873669267
-0.295905019496448	0.377218909022982
-0.303968360897467	0.369890103796512
-0.0110640136773694	0.0107135637827791
0.125391466212183	0.149723366427098
-0.209141855820876	0.308915010857419
-0.559151211264584	0.896877422923274
-0.0107322145077817	0.0109625028819862
0.268954340903637	0.423591938466634
0.330440742507534	0.531124052288446
0.90638785986104	2.33597254395286
-0.0340687561687542	0.0399691216454976
-0.0425100948138251	0.0497998978703828
-0.22921806795944	0.304145872528212
-0.0606208399255477	0.0739381639534459
-0.0931518699600232	0.113560510833831
-0.112174204321428	0.142683451035472
0.145641261078145	0.186351452284825
0.120675216457166	0.15309954892377
-0.323035434779794	0.513637413094357
-0.0822587803255551	0.0834745761967689
0.552113677868113	0.614453825709668
0.179279624354651	0.212168005971182
-0.120369932218194	0.147157930368426
-0.0873725253664443	0.110728433254798
-0.197520797241161	0.251784380982891
0.222012742889546	0.314753389347867
0.0431645801294993	0.0519871764529248
-0.380615936790725	0.607822036695508
-0.316469590185487	0.519367369125595
-0.305862467892672	0.587557048120626
-0.116897026276841	0.154439684207851
-0.0837644210937411	0.102397590232703
-0.100118433986428	0.127219387680106
0.0885211414036106	0.108750126664693
-0.319652880260749	0.441170527573864
-0.320210262158806	0.442358529305373
0.399256373007238	0.711970922453276
0.887640445160018	1.61980870756588
-0.0770618428172887	0.0903920802438801
0.167552100165538	0.21150869296773
-0.544245025010335	1.05189748898526
0.276630732629108	0.375548280417992
-0.427367205106043	0.614052251459617
-0.218990060763477	0.255464345614851
0.66099116339005	1.22377816707162
0.0445543450559314	0.0484214911501152
-0.219415844489464	0.334380440920253
-0.039570084035913	0.0500010598918166
0.29954891323904	0.484499216154841
-0.438561582884286	0.839527631748758
0.137953586617359	0.172367794739436
0.365764534710029	0.6251400502372
0.118230658183129	0.149638759950188
-0.0673079466821805	0.0753343357327011
0.0809279013595827	0.0971828596996184
-0.247048894945465	0.274206107706783
-0.0948508302746596	0.0795152532166934
-0.309803701175104	0.523568319474758
0.0567889546399038	0.071276676415984
0.432232627568804	0.816331716581922
0.738489297020436	2.04414080025535
-0.291665802128544	0.418083419315009
-0.084415804900223	0.111142432619665
-0.642184035509455	1.45692207336772
-0.209450262634396	0.309429744894767
-0.113543537982926	0.144633706951368
0.283003027773806	0.401088961484704
0.35727136021196	0.515143485656075
0.362939942400116	0.577924792542599
-0.386720795030465	0.577104651844338
0.957340701875608	1.93044904803893
0.486735316548324	0.781366990513163
0.651396752642545	0.728052754566398
0.0046986050712872	0.00405395400413095
0.131608769455516	0.173981620474864
-0.232131429619506	0.295665841451771
0.289070013260916	0.426789092419113
-0.225919108915594	0.311153749816213
-0.116728651162145	0.117866299819123
-0.104726659426375	0.111636100647119
0.0801903222673132	0.0962298341211044
-0.514553600808143	0.70959439335508
0.496274935116157	0.732185824049365
-0.0234017281260541	0.0238744731680634
0.0410244487159338	0.0414206764958385
0.537327501590215	0.870500056853848
-0.142922443273699	0.195903675912386
0.503501473319952	0.968582699044506
0.101157123047511	0.111949335337116
-0.254805003094719	0.268510121785739
-0.00676014575048607	0.00791355517683519
0.0224288646458818	0.0267398357535679
0.0909670696948896	0.12630552778607
-0.0318122389380736	0.0439662490864933
-0.325627813391992	0.61296145047861
-0.0529150794007216	0.0619819290674544
0.00934145741356594	0.0120164294446851
0.117949097048249	0.168882125396259
-0.170496130821529	0.242789056144869
0.140461784262283	0.175922851707569
-0.242257131054516	0.347233060853572
-0.344776313184434	0.438836147433731
-0.0260396349039434	0.0251771550065882
0.596879408182361	0.772492915144024
-0.31498129198864	0.330423394456968
0.0307987529747581	0.0340797457496669
0.259831874604905	0.387156764900756
-0.0413098560834095	0.048319360555449
0.399480223891405	0.543106138751683
0.40033888950927	0.655729119269381
0.237272339969573	0.363129793198786
0.361227236854279	0.553976201855037
0.399652094547392	0.677919339739423
-0.0903562756285676	0.0965850118177545
-0.621752229127967	1.17166854164917
-0.628870967026131	0.972706290683467
-0.340078643352259	0.505180047223647
0.149954526214992	0.225117596769764
-0.0655067450823386	0.0914616676492175
0.0184866177452482	0.0165315052743396
0.796942573999527	2.43894018923642
0.0568436279603874	0.0675747950115894
-0.377056892470027	0.734588722020836
0.0968314900713146	0.136964073967786
0.624971650745749	1.41299163861901
-0.155583904084083	0.220453552810843
-0.486899806269074	0.859184581076944
0.0945843765319185	0.11866356011743
0.061216868780883	0.0653262458800535
0.0393760740377191	0.0446314512531052
-0.222662303523492	0.247390659853325
0.532480139311455	0.879059003503188
0.395074069444082	0.407578658891583
0.716021722121149	1.03708148015031
0.256882137996849	0.375569109621625
0.160043270404452	0.233584135772287
-0.121925481865847	0.12983560710617
-0.518418592677514	0.744221322019077
0.0209752777020278	0.0226196746845667
-0.150847577664063	0.192042547413656
-0.35827792371904	0.607853196802531
-0.196453407859001	0.280370002137156
0.254066086756561	0.424145897715181
-0.521253831509791	0.777134976531301
-0.761215611332473	1.39452755678481
-0.240316967965044	0.389491236783039
-0.397921047951813	0.854401931003356
-0.759243368506784	1.17130893604905
-0.111277845066267	0.141383804828484
-0.292074504573762	0.418897909387202
0.229645250725393	0.33843823481717
-0.0349629636162574	0.0374840561103241
-0.169975395251179	0.257189487699003
-0.195614663585045	0.288476631706476
-0.127925182237239	0.192023248567494
-0.362852749090619	0.705727930384821
-0.285129378808575	0.466453866759812
0.230950150718396	0.382168810492324
0.26103879298058	0.389327339989685
0.0390410725074716	0.0442351166707187
0.478529569680505	0.827441300383061
-0.0956798502323666	0.12622780745191
0.19835513560039	0.25264778101411
0.361056251651516	0.563886226045828
-0.0890422957692445	0.121229787000737
-0.0640919371737193	0.0840661408995138
0.312296567158488	0.55029536429619
0.0794186605896074	0.0952143550610023
0.361701925547083	0.565252346650523
0.60410391436183	0.946796990896422
-0.80113411473312	1.46617287919821
-0.525712821198263	1.06959085332571
0.48366518941287	0.790930362888761
0.313542666055474	0.429134619128545
-0.448200516961821	0.717836199755186
0.138954757899281	0.213743578663155
0.512792644272122	1.15824280475614
-0.290067885876888	0.460194232398523
0.0352232427427057	0.0373124598509328
-0.0117610141973875	0.0120218312267644
0.28948144095671	0.42754360089127
0.0220381888555038	0.0184357443435491
-0.728436452982561	1.29244213557187
0.513382583482891	0.692789418663202
-0.279105668668893	0.385223059211352
0.363094969775693	0.57827275793582
0.488742276263632	1.03906013430988
0.597329215061989	1.13422599420336
-0.180638399523266	0.220797228751357
0.148384019327075	0.208273560303312
0.364419714138158	0.611935238569361
0.539261780922233	1.06233665423212
-0.151891578183854	0.193593457331465
0.488754707500253	1.30969771051397
-0.195850621705683	0.259508646540541
0.0718657392894038	0.0892898230770984
-0.466447180310961	1.26816241105303
0.907097022191292	2.33856344654602
0.61075938222272	1.28076387155058
-0.255998421652713	0.416977640392208
-0.025711900368762	0.0355309906182415
0.24061016001853	0.374897780685149
0.319164620676149	0.456439148984902
0.0128197893487584	0.0154891998258887
-0.119244284209882	0.16290656497622
0.304901096647026	0.511133592767591
0.327783280341383	0.812371001662328
0.225875960488998	0.471149863587672
0.0200134681719348	0.021569180702918
0.104522379121326	0.0977531029963657
-0.102456960338689	0.120095597957175
0.105434082745448	0.12772696753989
0.310863708801064	0.415955758255435
0.171888391954039	0.1981990991166
-0.461725745353807	0.688715174653414
0.0994792364784896	0.127165619156311
0.238623109858447	0.365734775068891
0.28141345421046	0.475565069131938
0.339401929454729	0.603817654486847
0.337140983008546	0.598486324339135
-0.262491061443141	0.401705022167875
0.143386339212909	0.197458164012402
-0.373815962352301	0.577770366267717
0.0715705491820862	0.0888971601168126
0.0384371211593098	0.0435206807098508
0.0249466559796305	0.0286562077864657
-0.205981412353963	0.323230159816402
0.192007493223764	0.238746263172392
0.272114181700321	0.436427974998839
0.122356297993011	0.132693703981228
0.518526662236658	0.920509912835973
-0.182036683451239	0.250396954356169
-0.0640280464747794	0.0749974941710035
-0.0955955972225068	0.116911762151911
0.0433582822959456	0.0569262550263416
0.0494836755449562	0.0661987476233486
-0.211133419077865	0.290901935495265
-0.132516074170747	0.161693451811516
-0.359888285318824	0.437461006794852
0.144801084632556	0.185111766792433
0.483273888804869	0.790049856400371
0.112648792228071	0.139577315280147
-0.18042457972727	0.21095203509688
-0.0443661372902734	0.0497834878911894
-0.130408289255432	0.178355010975379
-0.537494812623227	0.951449271732669
-0.328318973494277	0.619686766300802
0.0631392819167818	0.0766346775118607
-0.112174204321428	0.142683451035472
-0.460558356436792	1.11286388496252
0.0169936453544624	0.0190844110324516
-0.181089751037115	0.211870683258344
-0.454717783047946	0.753400964677365
-0.219292419096467	0.345052941248758
0.481261118646597	1.09073923086404
-0.0644964825745052	0.0755895711720379
0.363517320672332	0.609672701415985
-0.0603714043379824	0.0645935112975592
-0.116125901759384	0.136087085832506
-0.0725874005311861	0.0952112455491214
-0.403955511547924	0.829706436504273
0.37474745768377	0.777348269697229
-0.114407507247637	0.166141339644598
0.286588380206243	0.50704574371447
-0.331637148518312	0.47609710741223
-0.0827310390761191	0.0928129275615783
0.197791268368977	0.283014147762608
-0.298431017877049	0.459679922558713
0.370441279450328	0.696484635810047
0.0797927519724947	0.0897258220230358
-0.0215386530878211	0.0271084088447237
0.186216507087097	0.198878958266264
-0.620822307990489	1.23856016023994
0.313910415625775	0.569635076648968
-0.619699989830339	1.3032885339569
0.0103114266157876	0.0108313827669724
-0.472732026666312	0.75718206201601
-0.478014435814284	0.791937704277499
-0.401907760810179	0.642488895072022
0.327690543499566	0.516714223417859
0.274470538458014	0.447804765837526
-0.23748203701427	0.395592731574966
0.397853045892781	0.625890463460822
0.441043399868092	0.701571041675114
0.134514592556208	0.215507578352298
0.258391815597776	0.491499712476459
0.772262400042958	1.47783409877411
-0.101076462005219	0.118320847502474
-0.38511959927059	0.675636084041848
0.684001464824853	1.36341167204869
-0.0462972085330259	0.0495345616882409
-0.274886665418872	0.394339625664566
-0.852536413030893	1.3629236859447
-0.118554642122306	0.144603692445853
0.000610347481909801	0.000595581777555571
-0.0644616821887403	0.0755461954606313
-0.0899982835396874	0.0961510436475311
-0.464671725286912	0.819462575111367
-0.195000098235661	0.277814807654858
-0.319419847541544	0.406811081578798
-0.0920230500558121	0.0880615839979107
-0.0234017281260541	0.0238744731680634
0.201599895535433	0.227987941511126
0.225995124709518	0.283390343415034
-0.410006115014115	0.677941643137173
0.249852078250211	0.350826666585524
0.273161683521176	0.287286918688713
-0.508778805138205	0.872056666603431
0.540913120380364	1.45860164829006
0.0606912355125869	0.0869350743222933
0.329806220902432	0.349201337949217
0.0413974701484746	0.0418078605283598
0.400996920194293	0.669077975770165
-0.127523934167938	0.16839318506431
-0.507594453412962	0.86934524608522
-0.142675759844183	0.159242682751668
-0.0640162801609426	0.0579066895379692
0.208589378659606	0.242430352005012
0.0799558240659499	0.0959254952072739
-0.712447731330456	1.3852482672995
-0.641118803656593	0.808059866830742
-0.140828724542753	0.149822786598884
0.224001668055497	0.234082796568764
0.350872913775436	0.462042926501187
-0.528201139415415	1.10171082661886
-0.341556992298302	0.508289079438744
-0.454399355481256	0.752694443680592
0.796570526264781	1.47132619404779
0.186087256280293	0.225853416709231
-0.203366247114833	0.337001341734295
-0.224524597593337	0.38397679312172
0.333968646014576	0.364801773401017
-0.0226733989673421	0.0265389537497847
-0.300870851390091	0.493237294619858
-0.197047803395371	0.251116891736535
-0.423740021728034	0.893298204944691
0.0211627942822832	0.0228297237707573
0.363282857037076	0.609112397345543
-0.592084995152334	0.815508227820332
-0.197601183934448	0.272415373807781
0.097582893424413	0.138121669853361
0.153385571931433	0.219389771356132
-0.199561784561094	0.244164787022371
0.287795676830581	0.424406132724322
0.231933568462794	0.298067233155973
-0.315803890271149	0.517922953706958
-0.491599859410509	1.0463292039739
-0.106089881632913	0.154019105284531
-0.591639031212231	1.01469267279583
-0.466729454743146	0.72144575325678
0.0714682861733794	0.0887328125034046
-0.179734155936179	0.311735134390657
0.164552552349258	0.279093843583175
0.0925268900621843	0.0836879219598704
0.43949170048016	0.740049190934356
-0.123771636696227	0.157374848531191
-0.0434779577776256	0.0509769433389948
0.400569476181516	0.656216589132605
-0.208887821675647	0.308496644522824
0.591172629212606	1.14000710655247
0.4413324200837	0.70221639703021
0.125723756527694	0.162778817923926
0.523373814416712	0.895292168349156
-0.120774807246257	0.14772303417803
0.333331099482379	0.563664622809214
0.131296404121472	0.160342524491228
-0.000941241838896878	0.000960791570096717
-0.0660804414054943	0.0671494326626717
0.179603965700561	0.212656345404288
-0.466536396716163	0.590853901154774
-1.29313524475214	2.33711433971772
-0.0118177278955732	0.0107836426482082
-0.25563758830416	0.365675025744916
-0.343711651673117	0.512524694525547
-0.228949246572153	0.303651005063543
-0.622588749880302	1.1032060529786
0.0449751046066859	0.0489075134345021
-0.389233239737787	0.642723026937781
0.0204732285805069	0.0220738361110096
0.0923197511071558	0.0916621092119531
-0.0656272950592165	0.0666736077773934
0.215092248342826	0.217753831103999
0.122899706687314	0.107683327460703
0.254521581171886	0.306235708778096
0.457188559366452	0.582412358289329
0.324872181629394	0.493379560593781
-0.386154508751212	0.575903800724433
-0.226523204084603	0.312212985509816
0.0698115499108662	0.076418706423563
-0.479572902863602	0.661362390699616
0.257831725919737	0.317748890347667
-0.220108249812174	0.257065144864836
0.0348113877211433	0.0368590889931451
0.109253695743002	0.092157278149377
-0.447229027893249	0.715607631513081
0.494398911114751	1.00875309389542
0.11729351089213	0.148269695111057
0.564032718485108	1.00964616320465
0.296762849147501	0.471293880811612
0.0913558721410379	0.0906354092892679
0.236264311056963	0.310570310090482
-0.0051613381393444	0.00603731542266421
0.208585353866012	0.242461259041088
0.142448593630581	0.181525093305642
0.139015718619223	0.159060297428887
0.0285391576688162	0.0279536095497208
-0.132840114625648	0.12644347894369
-0.056262912185183	0.0631073964909375
-0.0546360111564462	0.0825732581784072
-0.481844374783908	1.35873975419424
0.263072667207359	0.33255735696336
0.285100586163006	0.412094575768145
0.360341436937155	0.551998277411316
0.0461373054073744	0.0502238316115068
-0.0817370778713139	0.0829042308457955
0.198657715383256	0.284544903667396
-0.590673331827748	0.77906429349051
-0.281586597916181	0.343647401332765
-0.0941280389155255	0.114916560613987
0.147338907001902	0.173032813107256
0.0464962555699058	0.037564627604218
0.0130979710921091	0.0131204268815079
0.0029312966704195	0.00269270537708768
-0.148211068350676	0.18108595893592
0.344780065435824	0.421050238795461
-0.232407904605716	0.296156614647098
-0.126829908631414	0.2118896898558
-0.191689463403178	0.316837275648562
-0.876697136857695	0.984685950272059
0.485744141232675	0.778949922377915
0.473131921188712	0.845893052039925
0.106005878778134	0.128489601045612
0.153085460078982	0.184030915714816
-0.144072718635362	0.197669532467563
-0.0256628668037165	0.0248095112653671
0.293426214278535	0.44983681881551
-0.27290845069464	0.302430748203843
-0.181020179897788	0.230701796040801
-0.911081287743475	1.61258294495977
0.400598654288313	0.607710494791771
0.327824563795617	0.516982561340529
-0.331543697518934	0.403541836245081
-0.396801224603475	0.676326817294755
-0.45724028726787	1.08121975681204
0.0730689851465489	0.108544339867734
-0.736400262397863	1.01032461826538
-0.180371370010197	0.229694708324784
0.0348339045853752	0.0410030509311897
0.556416478741457	1.20352582006049
0.400491413016041	0.595066726735861
0.292396438240893	0.440153225861509
-0.427796285481635	0.614810571979982
-0.126999476274747	0.142134634362724
0.187838639854429	0.200849836444419
0.0450247735349721	0.048965860476358
-0.352031933406303	0.543087780718792
-0.265961879772916	0.352984252463558
-0.180191102712745	0.229426112650249
-0.182115353582741	0.182855089838497
0.352946668462336	0.476042138767265
-0.297200057907189	0.625181965025668
0.248140180709639	0.494246067937454
-0.401356207506808	0.509868888159998
0.0306316906334201	0.0338879798603998
0.433788038676318	0.780793456923574
-0.332180916694617	0.641301813401419
-0.124939146641932	0.159075137732158
-0.0424460064260949	0.0497181715576653
-0.551392653046171	0.759700407091277
0.362857223999606	0.567622331259061
-0.0376970855427109	0.038446015534794
0.342472057452833	0.407289470650606
0.651590733515859	1.07202252515721
0.588545049251067	0.781214237056574
0.0186867018200198	0.0167143841710813
0.585771853163576	1.14675707942348
0.086059407971305	0.144582469135275
0.100637852147036	0.158041007126408
0.334495520295477	0.36547785980101
-0.0567738920132466	0.0717879122569273
0.433456422126559	0.780028651154387
-0.082320397134248	0.0923147677443707
-0.440171164642173	0.843992852050427
-0.0116543348048514	0.0112898257709355
0.856040946776073	2.04082854015407
0.00090539534467923	0.000917756762449538
0.329635804793743	0.529512020046278
-0.18207237239713	0.250422808466678
-0.251779423980776	0.32078170655141
-0.0647956414451903	0.0759626300698961
0.0604806735994008	0.102861854230525
0.355395980857584	0.780114660679308
-0.330781720672007	0.402367170705752
-0.617435929664839	1.36327164547864
-0.207297538712087	0.305497356476018
0.400246289273697	0.594692507655025
0.130793780693504	0.172733765305428
0.270404688299698	0.495849424228461
-0.122680710338623	0.210162461796264
0.0377162441699251	0.052460473885003
0.126083880471802	0.150621641465281
0.287872352674821	0.509986708639434
0.184922697326094	0.317546102074735
0.205778002729148	0.361450635017649
-0.10738223925836	0.160192889915424
0.191879311913182	0.293095242878825
-0.256475035467173	0.367232088953051
0.350346493677671	0.461121694834683
-0.410445190063772	0.544090997163656
0.627160530522929	0.921402300309637
-0.181159671477274	0.181771700852149
-0.344701560951983	0.438718100126893
-0.219584859619648	0.256322499741554
-0.202940573269491	0.214536889564781
0.109448885731103	0.124305599257502
0.36833846165647	0.661497303384535
0.100715610184342	0.102839342443402
-0.521552003691613	0.777832107881589
-0.044770695389137	0.0502567475391858
-0.0942147382454379	0.124119204023467
0.0713112063783897	0.0885531139587393
-0.301709653283511	0.495051955601871
-0.112576540825108	0.143262764289815
-0.088848007843397	0.104135994998103
-0.229537866384303	0.30466565035415
0.137581526225352	0.18566570058626
-0.182764836248098	0.260445640603745
-0.0342206186921232	0.0384482882539238
-0.262661285180968	0.261403716275777
0.21483670396919	0.217434843549993
-0.229498532807738	0.304598963737037
0.136730987628274	0.124363151943965
-0.592244599930095	0.679076264499811
-0.154029814350107	0.137199867941905
0.400812096924422	0.644646841487964
-0.401455191174464	0.577014629575048
-0.386490336729355	0.576665557290401
-0.254892396768167	0.462187895476819
0.11570933832478	0.0856527124799138
0.596992943785531	0.772571430149808
0.0513883128861906	0.066520647816837
0.149052695188073	0.223553168540639
0.398852330128065	0.745318995378732
-0.19982504021893	0.233550069107358
-0.18270128498146	0.161991897427914
-0.512651326702292	1.11949115672351
0.260061106974436	0.256382013528356
0.330132815674883	0.349656692406254
0.532937570703607	0.389401424577372
0.592191206891857	0.571653388351509
-0.0356427458301558	0.0280955712596427
0.771506362518281	1.47589720096749
0.177788692090013	0.210074589773147
0.452717496596115	0.605733746617472
-0.0958534717232744	0.0804144987176891
-0.0335514139498744	0.0376691954654395
-0.520194170901466	0.471271151397805
-1.76161927387339	3.10573552211959
0.577178771113956	1.16496358919972
0.591127154300346	1.13980153140453
0.332066140694077	0.543388057144611
0.12395288945714	0.108705230350429
0.552679232694277	0.615257908511245
-0.348618655281719	0.642649273648585
-0.0502459487374793	0.0425536195716434
0.3206751567048	0.317488752026868
-0.0215161057081173	0.0122218679389174
0.291914765182769	0.237129030408447
-0.592047807286355	0.713764914572068
0.597259909288173	0.955424589749496
-0.493495116010191	0.568892742144565
0.0763030117667786	0.0591859088642953
0.847130210941896	1.17595852022938
0.445714588630954	0.668015706482702
0.884097829349641	0.706448905291521
0.493379729160773	0.438453577682456
-0.119129439057851	0.145418717321934
0.145737846919441	0.170892277028053
0.061669089881558	0.0658359013310989
0.252651221630774	0.30344141018051
-0.33429319995605	0.28907826179728
0.605587022345769	0.763205317827153
0.401002975885929	0.632891096403066
0.578707539403554	0.98122382164291
0.342316924239463	0.407063548457691
-1.16692921927759	1.63901276299169
0.21472166766655	0.217314156309959
-0.301474212341236	0.333709791740158
-0.105392647935303	0.128514831457716
-0.436877468217987	0.745543818495693
-0.155711383420206	0.147719085602294
0.978027650841893	1.94036754766965
0.0788690828574258	0.0885931559152717
-0.499898258033146	0.60481096462657
-0.591570575560238	0.780942132717641
-0.34143778397736	0.543822004538252
0.259893053681438	0.256188586878438
-0.201786756309922	0.224768675391998
0.339044168876068	0.611757768991618
0.305748875110325	0.512874471787158
-0.119250124461637	0.162907720908569
0.0463478841128659	0.044288389512081
0.608910401739163	1.11882685867176
-0.435219988545882	0.649526826703396
0.203988819901898	0.231041898332422
0.096628997532527	0.114172828482074
0.185553216838608	0.225119367817744
0.157440533642988	0.210266485151549
0.68901865009285	1.51201523649392
-0.142613639388182	0.195407742658785
0.345662183073199	0.432542212367766
0.510986666430068	0.936944425182045
0.18290344173682	0.246167853071647
-0.41117566686959	0.680475052604591
0.0420409644234154	0.0505692198637364
-0.076861710811084	0.0901408809121719
0.482620649402158	0.805084075126346
0.25368892557306	0.36357527239577
0.825696404788577	1.47048958635653
0.0165793181269778	0.0157504685064194
-0.79873888376143	1.27753321935919
-0.653808408683028	1.19654630639701
-0.0609351896474831	0.0652307313330518
-0.227597099311805	0.301342655370536
-0.196015082498756	0.259737414747265
-0.161611732469084	0.18047458826665
-0.0060749471321513	0.00737282016694226
-0.0817349584398447	0.0828994366001169
-0.243047110516498	0.335161805366118
0.184816685228364	0.249229717296656
0.11083548566286	0.137098358672769
0.400246538681378	0.655542568906552
-0.254102399419971	0.460363166050584
-0.34914959042864	0.609442006727809
-0.658677399320762	1.13088685919115
0.0390018788444156	0.0338677096748935
-0.411340989938162	0.545580887756773
0.538829733615497	1.06116273179885
0.559682724514156	1.01916169823378
0.647983730585765	1.38931926847807
0.525380917843802	0.900374113707041
-0.0410609358854857	0.0396224054187312
-0.169450404584238	0.233090666558199
-0.696199380104862	1.19574315877625
0.128049608953297	0.127863463741659
-0.00370794858275114	0.0039799530468359
-0.639479526231621	1.5172116615563
0.313088883670084	0.428355806883899
-0.121628389780592	0.129468712397155
0.00675136695939525	0.00739711902974257
0.0947149676003448	0.118815432524849
-0.0475548604802417	0.0509531534240719
0.26306186432955	0.332624590176717
-0.117067552538257	0.154682150795245
0.0338113205907841	0.039759683064706
-0.622375221347158	1.13821244366372
-0.108886684017676	0.148612312510021
0.500546060801822	0.977248415414024
-0.30320383200189	0.553462103344131
-0.0746326120018319	0.079807184582215
0.192378576833517	0.239297469193025
-0.424657737586418	0.748214869774718
-0.148211068350676	0.18108595893592
-0.501297704921263	0.990957044490843
-0.126787765467765	0.141855244084266
0.684463036141081	1.36405907061848
-0.214083493410065	0.188799339696225
0.398023189314955	0.502480476997555
-0.331192078298881	0.327173875707069
-0.202084985281925	0.225181273735357
0.675447514996456	1.36641808238166
0.161380922436403	0.199068699964165
0.00213057065748758	0.0020659512517986
-0.264635086146979	0.308148061334091
0.0779525502557109	0.109092535165941
-0.18104271669386	0.181648196883985
-0.381785520923874	0.506233365266674
-0.487504822936027	0.700841829341533
0.0462796801970826	0.0442241413275184
0.178530799783616	0.235487382701667
-0.592562859015908	1.08236198279143
0.168196035701808	0.212454241472936
0.566317104536718	0.806606536426516
-0.255175504405512	0.26897262561406
-0.435934936642832	0.813710179407316
-0.0835951468784815	0.102184307770833
0.029862471757892	0.036355909109312
0.551280568876358	1.22554309388558
0.264112927130674	0.334239415087708
0.187771637761734	0.200781768417434
-0.870207582993833	1.8419594343908
-0.428762987822504	0.776893137948807
0.0723045132415153	0.0847676127425777
0.243030491235504	0.333087393348536
-0.368678859605532	0.510279834738576
0.138627098970186	0.158552296754873
-0.140379334613467	0.149199705301969
-0.591272952782793	0.712183603661688
-0.402844186253003	0.443596550638893
-0.76972572784327	1.36618477428219
0.564589301038333	1.01102048103999
-0.331324545531042	0.403190294825503
0.0617171422570188	0.0658887273775836
0.398942268282167	0.711216873005267
-1.08708347107092	1.78857667740319
-0.443038558769009	0.486654238149447
0.31819618140354	0.454759159540241
0.046808433587194	0.044745598062369
0.520582669375375	0.907162022964962
-0.39100564808752	0.705539754948628
-0.379876931428034	0.606122926912236
-0.727621994014685	1.28948568081404
-0.012917425855507	0.0117902392721715
0.280917862703866	0.397260447543853
-0.310662424876975	0.445498291970519
0.00521487246225508	0.0059415280388596
-0.596922897651351	1.31768774838242
-0.215008595646615	0.357326388831113
0.365298206864723	0.634029955927636
0.333644082895531	0.564366632000198
-0.550724746942549	1.18020783863231
0.0206121753474172	0.0222265989341631
0.0886211962910792	0.1021851915127
0.0795411280404242	0.106419888078322
0.231472834820235	0.341795329979849
0.534985108020141	0.864798621837177
0.309954644513805	0.414391930152939
-0.429573486268635	0.778952327509605
0.0516472901964522	0.0636316366257703
0.00563062377066505	0.00641662886070951
-0.319493701888379	0.616001530409147
0.286070220641284	0.413870235285041
-0.179236238704732	0.218714407185165
-0.536846155085311	0.949811382811512
-0.745148350981226	1.69838282542261
-0.492909419361873	1.07204279449697
0.12363560679453	0.147364475701969
-0.0601580386135707	0.0733124803032924
0.51216214012176	0.939761560248324
-0.0652988895314955	0.0765963910055934
0.174024881381213	0.268112032223381
-0.212255755228152	0.281516338089319
-0.021837071663768	0.0233903910447831
0.400996920194293	0.669077975770165
0.265385707901026	0.410291380962813
-0.0889915887659766	0.104311379334127
-0.22574863966455	0.310818691635174
-0.155756748214706	0.213839035531076
-0.760549138876173	1.39261915672872
-0.360586108364244	0.438652282480275
-0.286445310492369	0.380231448044383
0.647704666421332	1.24089894206033
-0.252942063096766	0.375086283275422
-0.410070290172697	0.543348921003549
-0.22593114368784	0.375896350207899
0.0791841685011429	0.0949093810261121
-0.135835974643129	0.136732729687292
0.113420117892102	0.140679445020184
0.0170626425463703	0.0191610378401526
0.0478015046271894	0.0554717784130083
0.436961785059254	0.748124824759134
0.0642470767646857	0.0735528083485954
-0.247997081036281	0.329431294988237
0.15493703221423	0.222006373806873
0.118632954136453	0.15021306511545
0.0785346384159943	0.104945559913959
-0.477962979655564	0.791692065520705
0.18444772580648	0.248683184319395
0.400995994090677	0.692702738745299
-0.325461226001226	0.582087012635029
-0.0732121628690059	0.0960974468701535
0.10016010823055	0.135415043843203
