group	x	y	clickSelects	showSelected1
609	0.75	-0.25	97	0,0
609	0.75	0.25	97	0,0
609	4.75	4.25	97	0,0
609	5.25	4.25	97	0,0
609	5.25	3.75	97	0,0
609	1.25	-0.25	97	0,0
609	0.75	-0.25	97	0,0
609	-44.75	4.25	97	50,0
609	-44.75	4.75	97	50,0
609	-44.25	4.75	97	50,0
609	-44.25	4.25	97	50,0
609	-44.75	4.25	97	50,0
609	0.25	-0.75	97	50,50
609	0.25	-0.25	97	50,50
609	3.75	3.25	97	50,50
609	4.25	3.25	97	50,50
609	4.25	2.75	97	50,50
609	1.75	0.25	97	50,50
609	1.75	-0.75	97	50,50
609	0.25	-0.75	97	50,50
609	-45.25	3.75	97	100,50
609	-45.25	4.25	97	100,50
609	-42.75	6.75	97	100,50
609	-42.25	6.75	97	100,50
609	-42.25	6.25	97	100,50
609	-44.75	3.75	97	100,50
609	-45.25	3.75	97	100,50
609	-0.25	-1.25	97	100,100
609	-0.25	-0.75	97	100,100
609	0.25	-0.75	97	100,100
609	0.25	-1.25	97	100,100
609	-0.25	-1.25	97	100,100
609	-42.25	6.75	97	150,100
609	-42.25	7.25	97	150,100
609	-41.25	7.25	97	150,100
609	-41.25	8.25	97	150,100
609	-40.75	8.25	97	150,100
609	-39.25	6.75	97	150,100
609	-39.25	6.25	97	150,100
609	-39.75	6.25	97	150,100
609	-40.25	6.75	97	150,100
609	-40.75	6.75	97	150,100
609	-40.75	6.25	97	150,100
609	-40.25	5.75	97	150,100
609	-40.25	4.25	97	150,100
609	-44.25	0.25	97	150,100
609	-44.75	0.25	97	150,100
609	-44.75	3.75	97	150,100
609	-42.25	6.25	97	150,100
609	-42.25	6.75	97	150,100
609	0.25	-0.75	97	150,150
609	0.25	-0.25	97	150,150
609	4.25	3.75	97	150,150
609	4.75	3.75	97	150,150
609	4.75	3.25	97	150,150
609	0.75	-0.75	97	150,150
609	0.25	-0.75	97	150,150
609	-45.25	3.75	97	200,150
609	-45.25	4.25	97	200,150
609	-40.25	9.25	97	200,150
609	-39.75	9.25	97	200,150
609	-39.75	8.75	97	200,150
609	-44.75	3.75	97	200,150
609	-45.25	3.75	97	200,150
609	0.75	-0.25	97	200,200
609	0.75	0.25	97	200,200
609	2.25	1.75	97	200,200
609	2.75	1.75	97	200,200
609	2.75	1.25	97	200,200
609	1.25	-0.25	97	200,200
609	0.75	-0.25	97	200,200
609	-44.75	4.25	97	250,200
609	-44.75	4.75	97	250,200
609	-44.25	5.25	97	250,200
609	-43.75	5.25	97	250,200
609	-43.75	4.75	97	250,200
609	-44.25	4.25	97	250,200
609	-44.75	4.25	97	250,200
620	-43.75	5.25	97	50,0
620	-43.75	5.75	97	50,0
620	-40.75	8.75	97	50,0
620	-40.25	8.75	97	50,0
620	-40.25	8.25	97	50,0
620	-43.25	5.25	97	50,0
620	-43.75	5.25	97	50,0
620	-41.75	7.25	97	100,50
620	-41.75	7.75	97	100,50
620	-41.25	8.25	97	100,50
620	-40.75	8.25	97	100,50
620	-40.75	7.75	97	100,50
620	-41.25	7.25	97	100,50
620	-41.75	7.25	97	100,50
620	0.75	-0.25	97	100,100
620	0.75	0.25	97	100,100
620	1.25	0.75	97	100,100
620	1.75	0.75	97	100,100
620	1.75	0.25	97	100,100
620	1.25	-0.25	97	100,100
620	0.75	-0.25	97	100,100
620	-39.75	9.25	97	150,100
620	-39.75	9.75	97	150,100
620	-36.75	12.75	97	150,100
620	-36.25	12.75	97	150,100
620	-36.25	12.25	97	150,100
620	-39.25	9.25	97	150,100
620	-39.75	9.25	97	150,100
620	-39.25	9.75	97	200,150
620	-39.25	10.25	97	200,150
620	-38.75	10.25	97	200,150
620	-38.75	9.75	97	200,150
620	-39.25	9.75	97	200,150
620	3.25	2.25	97	200,200
620	3.25	2.75	97	200,200
620	4.75	4.25	97	200,200
620	5.25	4.25	97	200,200
620	5.25	3.75	97	200,200
620	3.75	2.25	97	200,200
620	3.25	2.25	97	200,200
620	-43.25	5.75	97	250,200
620	-43.25	6.25	97	250,200
620	-42.75	6.75	97	250,200
620	-42.25	6.75	97	250,200
620	-42.25	6.25	97	250,200
620	-42.75	5.75	97	250,200
620	-43.25	5.75	97	250,200
621	-39.75	9.25	97	50,0
621	-39.75	9.75	97	50,0
621	-36.75	12.75	97	50,0
621	-36.25	12.75	97	50,0
621	-36.25	12.25	97	50,0
621	-39.25	9.25	97	50,0
621	-39.75	9.25	97	50,0
621	-40.25	8.75	97	100,50
621	-40.25	9.25	97	100,50
621	-39.75	9.25	97	100,50
621	-39.75	8.75	97	100,50
621	-40.25	8.75	97	100,50
621	2.75	1.75	97	100,100
621	2.75	2.25	97	100,100
621	3.75	2.25	97	100,100
621	4.25	2.75	97	100,100
621	4.25	3.75	97	100,100
621	4.75	3.75	97	100,100
621	5.25	3.25	97	100,100
621	5.25	-1.25	97	100,100
621	4.75	-1.25	97	100,100
621	2.75	0.75	97	100,100
621	2.75	1.75	97	100,100
621	-35.75	13.25	97	150,100
621	-35.75	13.75	97	150,100
621	-35.25	14.25	97	150,100
621	-34.75	14.25	97	150,100
621	-34.75	13.75	97	150,100
621	-35.25	13.25	97	150,100
621	-35.75	13.25	97	150,100
621	-38.25	10.75	97	200,150
621	-38.25	11.25	97	200,150
621	-37.25	12.25	97	200,150
621	-36.75	12.25	97	200,150
621	-36.75	11.75	97	200,150
621	-37.75	10.75	97	200,150
621	-38.25	10.75	97	200,150
621	-41.75	7.25	97	250,200
621	-41.75	7.75	97	250,200
621	-41.25	7.75	97	250,200
621	-41.25	7.25	97	250,200
621	-41.75	7.25	97	250,200
622	-35.75	13.25	97	50,0
622	-35.75	13.75	97	50,0
622	-18.25	31.25	97	50,0
622	-17.75	31.25	97	50,0
622	-17.75	30.75	97	50,0
622	-35.25	13.25	97	50,0
622	-35.75	13.25	97	50,0
622	-38.25	10.75	97	100,50
622	-38.25	11.25	97	100,50
622	-35.75	13.75	97	100,50
622	-35.25	13.75	97	100,50
622	-35.25	13.25	97	100,50
622	-37.75	10.75	97	100,50
622	-38.25	10.75	97	100,50
622	-34.25	14.75	97	150,100
622	-34.25	15.25	97	150,100
622	-33.25	16.25	97	150,100
622	-32.75	16.25	97	150,100
622	-32.75	15.75	97	150,100
622	-33.75	14.75	97	150,100
622	-34.25	14.75	97	150,100
622	-34.75	14.25	97	200,150
622	-34.75	14.75	97	200,150
622	-33.75	15.75	97	200,150
622	-33.25	15.75	97	200,150
622	-33.25	15.25	97	200,150
622	-34.25	14.25	97	200,150
622	-34.75	14.25	97	200,150
622	-39.75	9.25	97	250,200
622	-39.75	9.75	97	250,200
622	-36.75	12.75	97	250,200
622	-36.25	12.75	97	250,200
622	-36.25	12.25	97	250,200
622	-39.25	9.25	97	250,200
622	-39.75	9.25	97	250,200
623	-17.25	31.75	97	50,0
623	-17.25	32.25	97	50,0
623	-7.75	41.75	97	50,0
623	-7.25	41.75	97	50,0
623	-7.25	41.25	97	50,0
623	-16.75	31.75	97	50,0
623	-17.25	31.75	97	50,0
623	-34.75	14.25	97	100,50
623	-34.75	14.75	97	100,50
623	-32.25	17.25	97	100,50
623	-31.75	17.25	97	100,50
623	-31.75	16.75	97	100,50
623	-34.25	14.25	97	100,50
623	-34.75	14.25	97	100,50
623	-32.25	16.75	97	150,100
623	-32.25	17.25	97	150,100
623	-31.75	17.25	97	150,100
623	-31.75	16.75	97	150,100
623	-32.25	16.75	97	150,100
623	-31.25	17.75	97	200,150
623	-31.25	18.25	97	200,150
623	-28.75	20.75	97	200,150
623	-28.25	20.75	97	200,150
623	-28.25	20.25	97	200,150
623	-30.75	17.75	97	200,150
623	-31.25	17.75	97	200,150
623	-34.25	14.75	97	250,200
623	-34.25	15.25	97	250,200
623	-33.25	16.25	97	250,200
623	-32.25	16.25	97	250,200
623	-30.75	17.75	97	250,200
623	-30.75	18.75	97	250,200
623	-29.75	18.75	97	250,200
623	-29.75	19.75	97	250,200
623	-26.75	22.75	97	250,200
623	-26.25	22.75	97	250,200
623	-26.25	22.25	97	250,200
623	-29.25	19.25	97	250,200
623	-29.25	18.25	97	250,200
623	-29.75	17.75	97	250,200
623	-29.75	17.25	97	250,200
623	-29.25	17.25	97	250,200
623	-28.75	17.75	97	250,200
623	-28.25	17.75	97	250,200
623	-28.25	16.75	97	250,200
623	-27.75	16.25	97	250,200
623	-27.75	15.75	97	250,200
623	-28.75	14.75	97	250,200
623	-28.75	13.75	97	250,200
623	-29.75	13.75	97	250,200
623	-30.25	13.25	97	250,200
623	-30.75	13.25	97	250,200
623	-31.75	14.25	97	250,200
623	-32.25	14.25	97	250,200
623	-32.25	13.25	97	250,200
623	-32.75	13.25	97	250,200
623	-32.75	14.25	97	250,200
623	-33.75	14.25	97	250,200
623	-34.25	14.75	97	250,200
624	-6.75	42.25	97	50,0
624	-6.75	42.75	97	50,0
624	-4.75	44.75	97	50,0
624	-4.25	44.75	97	50,0
624	-4.25	44.25	97	50,0
624	-6.25	42.25	97	50,0
624	-6.75	42.25	97	50,0
624	-30.75	18.25	97	100,50
624	-30.75	18.75	97	100,50
624	-29.75	18.75	97	100,50
624	-29.75	19.75	97	100,50
624	-28.75	20.75	97	100,50
624	-28.25	20.75	97	100,50
624	-28.25	20.25	97	100,50
624	-28.75	19.75	97	100,50
624	-28.75	19.25	97	100,50
624	-26.75	17.25	97	100,50
624	-26.75	16.75	97	100,50
624	-27.75	16.75	97	100,50
624	-28.25	16.25	97	100,50
624	-28.75	16.25	97	100,50
624	-30.75	18.25	97	100,50
624	-30.25	18.75	97	150,100
624	-30.25	19.25	97	150,100
624	-29.25	20.25	97	150,100
624	-28.75	20.25	97	150,100
624	-28.75	19.75	97	150,100
624	-29.75	18.75	97	150,100
624	-30.25	18.75	97	150,100
624	-27.75	21.25	97	200,150
624	-27.75	21.75	97	200,150
624	-27.25	21.75	97	200,150
624	-27.25	21.25	97	200,150
624	-27.75	21.25	97	200,150
624	-25.75	23.25	97	250,200
624	-25.75	23.75	97	250,200
624	-24.75	24.75	97	250,200
624	-24.25	24.75	97	250,200
624	-24.25	24.25	97	250,200
624	-25.25	23.25	97	250,200
624	-25.75	23.25	97	250,200
625	-3.75	45.25	97	50,0
625	-3.75	45.75	97	50,0
625	-2.25	47.25	97	50,0
625	-1.75	47.25	97	50,0
625	-1.75	46.75	97	50,0
625	-3.25	45.25	97	50,0
625	-3.75	45.25	97	50,0
625	-26.75	22.25	97	100,50
625	-26.75	22.75	97	100,50
625	-26.25	22.75	97	100,50
625	-26.25	22.25	97	100,50
625	-26.75	22.25	97	100,50
625	-28.25	20.75	97	150,100
625	-28.25	21.25	97	150,100
625	-26.75	21.25	97	150,100
625	-26.75	20.75	97	150,100
625	-27.75	19.75	97	150,100
625	-28.25	19.75	97	150,100
625	-28.25	20.75	97	150,100
625	-26.75	22.25	97	200,150
625	-26.75	22.75	97	200,150
625	-25.75	23.75	97	200,150
625	-25.25	23.75	97	200,150
625	-25.25	23.25	97	200,150
625	-26.25	22.25	97	200,150
625	-26.75	22.25	97	200,150
625	-23.75	25.25	97	250,200
625	-23.75	25.75	97	250,200
625	-23.25	25.75	97	250,200
625	-23.25	25.25	97	250,200
625	-23.75	25.25	97	250,200
626	-1.25	47.75	97	50,0
626	-1.25	48.25	97	50,0
626	-0.75	48.75	97	50,0
626	-0.25	48.75	97	50,0
626	-0.25	48.25	97	50,0
626	-0.75	47.75	97	50,0
626	-1.25	47.75	97	50,0
626	-24.25	24.75	97	100,50
626	-24.25	25.25	97	100,50
626	-23.75	25.75	97	100,50
626	-23.25	25.75	97	100,50
626	-23.25	25.25	97	100,50
626	-23.75	24.75	97	100,50
626	-24.25	24.75	97	100,50
626	-6.25	42.75	97	150,100
626	-6.25	43.25	97	150,100
626	-5.75	43.25	97	150,100
626	-5.75	42.75	97	150,100
626	-6.25	42.75	97	150,100
626	-24.25	24.75	97	200,150
626	-24.25	25.25	97	200,150
626	-23.75	25.75	97	200,150
626	-23.25	25.75	97	200,150
626	-23.25	25.25	97	200,150
626	-23.75	24.75	97	200,150
626	-24.25	24.75	97	200,150
626	-22.75	26.25	97	250,200
626	-22.75	26.75	97	250,200
626	-15.75	33.75	97	250,200
626	-15.25	33.75	97	250,200
626	-14.75	33.25	97	250,200
626	-14.75	32.75	97	250,200
626	-15.25	32.25	97	250,200
626	-16.25	32.25	97	250,200
626	-22.25	26.25	97	250,200
626	-22.75	26.25	97	250,200
627	0.25	48.75	97	50,0
627	0.25	48.25	97	50,0
627	1.25	47.25	97	50,0
627	1.75	47.25	97	50,0
627	2.25	47.75	97	50,0
627	2.25	49.25	97	50,0
627	0.75	49.25	97	50,0
627	0.25	48.75	97	50,0
627	-21.75	27.25	97	100,50
627	-21.75	27.75	97	100,50
627	-21.25	27.75	97	100,50
627	-21.25	27.25	97	100,50
627	-21.75	27.25	97	100,50
627	-5.25	43.75	97	150,100
627	-5.25	44.25	97	150,100
627	-3.75	44.25	97	150,100
627	-3.75	43.75	97	150,100
627	-4.25	43.25	97	150,100
627	-4.75	43.25	97	150,100
627	-5.25	43.75	97	150,100
627	-21.75	27.25	97	200,150
627	-21.75	27.75	97	200,150
627	-21.25	27.75	97	200,150
627	-20.75	27.25	97	200,150
627	-20.75	25.75	97	200,150
627	-22.25	25.75	97	200,150
627	-22.25	26.25	97	200,150
627	-21.75	26.75	97	200,150
627	-21.75	27.25	97	200,150
627	-14.75	34.25	97	250,200
627	-14.75	34.75	97	250,200
627	-14.25	35.25	97	250,200
627	-13.75	35.25	97	250,200
627	-13.75	34.75	97	250,200
627	-14.25	34.25	97	250,200
627	-14.75	34.25	97	250,200
610	-20.75	28.25	97	100,50
610	-20.75	28.75	97	100,50
610	-20.25	28.75	97	100,50
610	-20.25	28.25	97	100,50
610	-20.75	28.25	97	100,50
610	-3.75	45.25	97	150,100
610	-3.75	45.75	97	150,100
610	-3.25	45.75	97	150,100
610	-3.25	45.25	97	150,100
610	-3.75	45.25	97	150,100
610	-20.75	28.25	97	200,150
610	-20.75	28.75	97	200,150
610	-18.75	30.75	97	200,150
610	-18.25	30.75	97	200,150
610	-18.25	30.25	97	200,150
610	-20.25	28.25	97	200,150
610	-20.75	28.25	97	200,150
610	-13.25	35.75	97	250,200
610	-13.25	36.25	97	250,200
610	-12.75	36.75	97	250,200
610	-12.25	36.75	97	250,200
610	-12.25	36.25	97	250,200
610	-12.75	35.75	97	250,200
610	-13.25	35.75	97	250,200
611	-15.75	33.25	97	100,50
611	-15.75	33.75	97	100,50
611	-15.25	34.25	97	100,50
611	-14.75	34.25	97	100,50
611	-14.75	33.75	97	100,50
611	-15.25	33.25	97	100,50
611	-15.75	33.25	97	100,50
611	-2.75	46.25	97	150,100
611	-2.75	46.75	97	150,100
611	-0.75	48.75	97	150,100
611	-0.25	48.75	97	150,100
611	0.25	48.25	97	150,100
611	0.25	47.75	97	150,100
611	-0.75	47.75	97	150,100
611	-1.75	46.75	97	150,100
611	-1.75	46.25	97	150,100
611	-1.25	45.75	97	150,100
611	-1.25	45.25	97	150,100
611	-1.75	45.25	97	150,100
611	-2.75	46.25	97	150,100
611	-17.75	31.25	97	200,150
611	-17.75	31.75	97	200,150
611	-15.25	34.25	97	200,150
611	-14.75	34.25	97	200,150
611	-14.75	33.75	97	200,150
611	-17.25	31.25	97	200,150
611	-17.75	31.25	97	200,150
611	-11.25	37.75	97	250,200
611	-11.25	38.25	97	250,200
611	-10.25	38.25	97	250,200
611	-10.25	39.25	97	250,200
611	-9.25	39.25	97	250,200
611	-9.25	40.25	97	250,200
611	-8.75	40.75	97	250,200
611	-7.75	40.75	97	250,200
611	-7.75	41.75	97	250,200
611	-2.75	46.75	97	250,200
611	-2.25	46.75	97	250,200
611	-2.25	46.25	97	250,200
611	-5.25	43.25	97	250,200
611	-5.25	41.75	97	250,200
611	-3.75	40.25	97	250,200
611	-3.75	39.75	97	250,200
611	-4.25	39.25	97	250,200
611	-4.25	38.25	97	250,200
611	-5.25	38.25	97	250,200
611	-5.75	37.75	97	250,200
611	-6.75	37.75	97	250,200
611	-6.75	36.75	97	250,200
611	-7.25	36.75	97	250,200
611	-7.75	37.25	97	250,200
611	-7.75	37.75	97	250,200
611	-6.75	38.75	97	250,200
611	-6.75	39.25	97	250,200
611	-7.25	39.25	97	250,200
611	-8.75	37.75	97	250,200
611	-8.75	37.25	97	250,200
611	-7.75	36.25	97	250,200
611	-7.75	35.75	97	250,200
611	-8.75	34.75	97	250,200
611	-9.25	34.75	97	250,200
611	-9.25	35.75	97	250,200
611	-11.25	35.75	97	250,200
611	-11.75	36.25	97	250,200
611	-11.75	36.75	97	250,200
611	-11.25	37.25	97	250,200
611	-11.25	37.75	97	250,200
612	-14.25	34.75	97	100,50
612	-14.25	35.25	97	100,50
612	-13.75	35.25	97	100,50
612	-13.75	34.75	97	100,50
612	-14.25	34.75	97	100,50
612	-24.25	23.75	97	150,100
612	-24.25	24.25	97	150,100
612	-23.75	24.25	97	150,100
612	-23.75	23.75	97	150,100
612	-24.25	23.75	97	150,100
612	-14.25	34.75	97	200,150
612	-14.25	35.25	97	200,150
612	-13.75	35.25	97	200,150
612	-13.75	34.75	97	200,150
612	-14.25	34.75	97	200,150
612	-1.75	47.25	97	250,200
612	-1.75	47.75	97	250,200
612	-0.75	48.75	97	250,200
612	-0.25	48.75	97	250,200
612	-0.25	48.25	97	250,200
612	-1.25	47.25	97	250,200
612	-1.75	47.25	97	250,200
613	-13.25	35.75	97	100,50
613	-13.25	36.25	97	100,50
613	-12.25	37.25	97	100,50
613	-11.75	37.25	97	100,50
613	-11.75	36.75	97	100,50
613	-12.75	35.75	97	100,50
613	-13.25	35.75	97	100,50
613	-4.75	41.25	97	150,100
613	-4.75	41.75	97	150,100
613	-4.25	42.25	97	150,100
613	-3.75	42.25	97	150,100
613	-3.25	41.75	97	150,100
613	-3.25	41.25	97	150,100
613	-3.75	40.75	97	150,100
613	-4.25	40.75	97	150,100
613	-4.75	41.25	97	150,100
613	-12.75	36.25	97	200,150
613	-12.75	36.75	97	200,150
613	-12.25	36.75	97	200,150
613	-12.25	36.25	97	200,150
613	-12.75	36.25	97	200,150
614	-10.75	38.25	97	100,50
614	-10.75	38.75	97	100,50
614	-9.75	39.75	97	100,50
614	-9.25	39.75	97	100,50
614	-9.25	39.25	97	100,50
614	-10.25	38.25	97	100,50
614	-10.75	38.25	97	100,50
614	-22.75	22.25	97	150,100
614	-22.75	22.75	97	150,100
614	-22.25	23.25	97	150,100
614	-21.75	23.25	97	150,100
614	-21.25	22.75	97	150,100
614	-21.25	21.75	97	150,100
614	-20.75	21.25	97	150,100
614	-20.75	20.75	97	150,100
614	-21.25	20.75	97	150,100
614	-22.75	22.25	97	150,100
614	-11.75	37.25	97	200,150
614	-11.75	37.75	97	200,150
614	-10.75	37.75	97	200,150
614	-10.75	38.75	97	200,150
614	-9.75	38.75	97	200,150
614	-7.75	40.75	97	200,150
614	-7.25	40.75	97	200,150
614	-6.75	40.25	97	200,150
614	-6.75	39.75	97	200,150
614	-7.75	38.75	97	200,150
614	-7.75	38.25	97	200,150
614	-6.75	37.25	97	200,150
614	-6.75	34.75	97	200,150
614	-8.25	33.25	97	200,150
614	-8.75	33.25	97	200,150
614	-10.25	34.75	97	200,150
614	-11.25	34.75	97	200,150
614	-11.25	35.75	97	200,150
614	-11.75	36.25	97	200,150
614	-11.75	37.25	97	200,150
615	-8.75	40.25	97	100,50
615	-8.75	40.75	97	100,50
615	-8.25	41.25	97	100,50
615	-7.75	41.25	97	100,50
615	-7.75	40.75	97	100,50
615	-8.25	40.25	97	100,50
615	-8.75	40.25	97	100,50
615	-7.25	41.75	97	200,150
615	-7.25	42.25	97	200,150
615	-5.75	43.75	97	200,150
615	-5.25	43.75	97	200,150
615	-5.25	43.25	97	200,150
615	-6.25	42.25	97	200,150
615	-6.25	41.25	97	200,150
615	-6.75	41.25	97	200,150
615	-7.25	41.75	97	200,150
616	-7.25	41.75	97	100,50
616	-7.25	42.25	97	100,50
616	-6.75	42.25	97	100,50
616	-6.75	41.75	97	100,50
616	-7.25	41.75	97	100,50
616	-4.25	44.75	97	200,150
616	-4.25	45.25	97	200,150
616	-3.25	45.25	97	200,150
616	-3.25	46.25	97	200,150
616	-2.75	46.25	97	200,150
616	-1.75	45.25	97	200,150
616	-1.75	44.75	97	200,150
616	-3.25	43.25	97	200,150
616	-4.75	43.25	97	200,150
616	-4.75	43.75	97	200,150
616	-4.25	44.25	97	200,150
616	-4.25	44.75	97	200,150
617	-6.25	42.75	97	100,50
617	-6.25	43.25	97	100,50
617	-5.75	43.25	97	100,50
617	-5.75	42.75	97	100,50
617	-6.25	42.75	97	100,50
617	-2.25	46.75	97	200,150
617	-2.25	47.25	97	200,150
617	-1.75	47.25	97	200,150
617	-1.75	46.75	97	200,150
617	-2.25	46.75	97	200,150
618	-5.25	43.75	97	100,50
618	-5.25	44.25	97	100,50
618	-4.75	44.75	97	100,50
618	-4.25	44.75	97	100,50
618	-4.25	44.25	97	100,50
618	-4.75	43.75	97	100,50
618	-5.25	43.75	97	100,50
618	-1.25	47.75	97	200,150
618	-1.25	48.25	97	200,150
618	-0.75	48.75	97	200,150
618	-0.25	48.75	97	200,150
618	-0.25	48.25	97	200,150
618	-0.75	47.75	97	200,150
618	-1.25	47.75	97	200,150
619	-3.75	45.25	97	100,50
619	-3.75	45.75	97	100,50
619	-0.75	48.75	97	100,50
619	-0.25	48.75	97	100,50
619	-0.25	48.25	97	100,50
619	-3.25	45.25	97	100,50
619	-3.75	45.25	97	100,50
406	1.75	-0.25	300	0,0
406	1.75	0.25	300	0,0
406	2.25	0.75	300	0,0
406	4.75	0.75	300	0,0
406	5.25	0.25	300	0,0
406	5.25	-0.25	300	0,0
406	1.75	-0.25	300	0,0
406	-44.75	0.25	300	50,0
406	-44.75	0.75	300	50,0
406	-40.75	0.75	300	50,0
406	-39.75	1.75	300	50,0
406	-39.25	1.75	300	50,0
406	-38.25	0.75	300	50,0
406	-35.75	0.75	300	50,0
406	-35.25	1.25	300	50,0
406	-34.75	1.25	300	50,0
406	-34.25	0.75	300	50,0
406	-33.75	0.75	300	50,0
406	-33.25	1.25	300	50,0
406	-32.75	1.25	300	50,0
406	-32.25	0.75	300	50,0
406	-29.75	0.75	300	50,0
406	-29.25	1.25	300	50,0
406	-26.75	1.25	300	50,0
406	-26.25	0.75	300	50,0
406	-24.25	0.75	300	50,0
406	-23.75	0.25	300	50,0
406	-23.75	-0.25	300	50,0
406	-44.25	-0.25	300	50,0
406	-44.75	0.25	300	50,0
38	2.75	0.75	117	0,0
38	2.75	1.25	117	0,0
38	3.25	1.75	117	0,0
38	4.25	1.75	117	0,0
38	4.75	2.25	117	0,0
38	5.25	2.25	117	0,0
38	5.25	0.75	117	0,0
38	2.75	0.75	117	0,0
38	-44.75	2.25	117	50,0
38	-44.75	2.75	117	50,0
38	-44.25	2.75	117	50,0
38	-43.25	1.75	117	50,0
38	-42.75	1.75	117	50,0
38	-41.25	3.25	117	50,0
38	-41.25	4.25	117	50,0
38	-40.75	4.25	117	50,0
38	-40.25	3.75	117	50,0
38	-39.75	3.75	117	50,0
38	-38.75	4.75	117	50,0
38	-38.25	4.75	117	50,0
38	-35.75	2.25	117	50,0
38	-35.25	2.25	117	50,0
38	-33.25	4.25	117	50,0
38	-33.25	5.25	117	50,0
38	-31.75	6.75	117	50,0
38	-31.75	7.25	117	50,0
38	-32.75	8.25	117	50,0
38	-32.75	8.75	117	50,0
38	-30.75	10.75	117	50,0
38	-30.25	10.75	117	50,0
38	-28.75	9.25	117	50,0
38	-28.75	8.75	117	50,0
38	-30.75	6.75	117	50,0
38	-30.75	6.25	117	50,0
38	-30.25	5.75	117	50,0
38	-30.25	4.75	117	50,0
38	-29.25	4.75	117	50,0
38	-26.25	1.75	117	50,0
38	-25.25	1.75	117	50,0
38	-24.75	1.25	117	50,0
38	-24.75	0.75	117	50,0
38	-26.25	0.75	117	50,0
38	-26.75	1.25	117	50,0
38	-29.25	1.25	117	50,0
38	-29.75	0.75	117	50,0
38	-32.25	0.75	117	50,0
38	-32.75	1.25	117	50,0
38	-33.25	1.25	117	50,0
38	-33.75	0.75	117	50,0
38	-34.25	0.75	117	50,0
38	-34.75	1.25	117	50,0
38	-35.25	1.25	117	50,0
38	-35.75	0.75	117	50,0
38	-38.25	0.75	117	50,0
38	-39.25	1.75	117	50,0
38	-39.75	1.75	117	50,0
38	-40.75	0.75	117	50,0
38	-44.25	0.75	117	50,0
38	-44.75	1.25	117	50,0
38	-44.75	2.25	117	50,0
308	3.75	1.75	235	0,0
308	3.75	2.25	235	0,0
308	4.75	3.25	235	0,0
308	5.25	3.25	235	0,0
308	5.25	2.75	235	0,0
308	4.25	1.75	235	0,0
308	3.75	1.75	235	0,0
308	-44.75	3.25	235	50,0
308	-44.75	3.75	235	50,0
308	-0.25	48.25	235	50,0
308	0.25	48.25	235	50,0
308	1.25	47.25	235	50,0
308	1.75	47.25	235	50,0
308	2.25	47.75	235	50,0
308	2.25	48.75	235	50,0
308	2.75	49.25	235	50,0
308	4.25	49.25	235	50,0
308	4.75	48.75	235	50,0
308	4.75	47.25	235	50,0
308	4.25	46.75	235	50,0
308	4.25	45.75	235	50,0
308	3.75	45.25	235	50,0
308	3.25	45.25	235	50,0
308	2.75	45.75	235	50,0
308	2.25	45.75	235	50,0
308	1.75	45.25	235	50,0
308	-0.25	45.25	235	50,0
308	-0.75	44.75	235	50,0
308	-1.25	44.75	235	50,0
308	-1.75	45.25	235	50,0
308	-2.25	45.25	235	50,0
308	-9.25	38.25	235	50,0
308	-9.25	37.25	235	50,0
308	-9.75	36.75	235	50,0
308	-10.75	36.75	235	50,0
308	-10.75	35.75	235	50,0
308	-11.25	35.25	235	50,0
308	-12.25	35.25	235	50,0
308	-13.25	34.25	235	50,0
308	-13.25	32.75	235	50,0
308	-12.75	32.25	235	50,0
308	-12.75	31.75	235	50,0
308	-13.25	31.25	235	50,0
308	-13.75	31.25	235	50,0
308	-14.75	32.25	235	50,0
308	-15.25	32.25	235	50,0
308	-17.75	29.75	235	50,0
308	-17.75	28.75	235	50,0
308	-18.25	28.25	235	50,0
308	-19.25	28.25	235	50,0
308	-29.25	18.25	235	50,0
308	-29.25	16.25	235	50,0
308	-29.75	15.75	235	50,0
308	-31.75	15.75	235	50,0
308	-33.25	14.25	235	50,0
308	-33.25	13.75	235	50,0
308	-32.25	12.75	235	50,0
308	-32.25	12.25	235	50,0
308	-33.75	10.75	235	50,0
308	-34.25	10.75	235	50,0
308	-34.75	11.25	235	50,0
308	-36.25	11.25	235	50,0
308	-40.75	6.75	235	50,0
308	-40.75	5.75	235	50,0
308	-41.75	5.75	235	50,0
308	-42.25	5.25	235	50,0
308	-42.25	4.25	235	50,0
308	-43.75	2.75	235	50,0
308	-44.25	2.75	235	50,0
308	-44.75	3.25	235	50,0
308	1.75	-0.25	235	50,50
308	1.75	0.25	235	50,50
308	4.25	2.75	235	50,50
308	4.75	2.75	235	50,50
308	4.75	2.25	235	50,50
308	3.25	0.75	235	50,50
308	3.25	0.25	235	50,50
308	3.75	-0.25	235	50,50
308	3.75	-0.75	235	50,50
308	2.25	-0.75	235	50,50
308	1.75	-0.25	235	50,50
308	-45.25	2.75	235	100,50
308	-45.25	3.25	235	100,50
308	-44.25	4.25	235	100,50
308	-43.75	4.25	235	100,50
308	-43.75	3.75	235	100,50
308	-44.75	2.75	235	100,50
308	-45.25	2.75	235	100,50
308	-45.25	47.75	235	100,0
308	-45.25	48.25	235	100,0
308	-44.75	48.25	235	100,0
308	-44.75	47.75	235	100,0
308	-45.25	47.75	235	100,0
388	-43.75	4.25	29	100,50
388	-43.75	4.75	29	100,50
388	-30.75	17.75	29	100,50
388	-30.25	17.75	29	100,50
388	-28.75	16.25	29	100,50
388	-28.25	16.25	29	100,50
388	-27.75	16.75	29	100,50
388	-26.75	16.75	29	100,50
388	-26.75	17.25	29	100,50
388	-28.75	19.25	29	100,50
388	-28.75	19.75	29	100,50
388	-28.25	19.75	29	100,50
388	-27.25	18.75	29	100,50
388	-25.75	18.75	29	100,50
388	-25.25	19.25	29	100,50
388	-23.25	19.25	29	100,50
388	-22.75	19.75	29	100,50
388	-22.75	20.75	29	100,50
388	-22.25	21.25	29	100,50
388	-21.25	21.25	29	100,50
388	-21.25	23.75	29	100,50
388	-21.75	24.25	29	100,50
388	-21.75	24.75	29	100,50
388	-20.75	24.75	29	100,50
388	-20.25	25.25	29	100,50
388	-20.25	25.75	29	100,50
388	-21.25	26.75	29	100,50
388	-21.25	27.25	29	100,50
388	-20.75	27.75	29	100,50
388	-20.25	27.75	29	100,50
388	-19.75	27.25	29	100,50
388	-18.75	27.25	29	100,50
388	-17.25	25.75	29	100,50
388	-16.75	25.75	29	100,50
388	-14.75	27.75	29	100,50
388	-14.75	28.75	29	100,50
388	-12.25	31.25	29	100,50
388	-12.25	31.75	29	100,50
388	-12.75	31.75	29	100,50
388	-13.25	31.25	29	100,50
388	-13.75	31.25	29	100,50
388	-14.25	31.75	29	100,50
388	-14.25	32.75	29	100,50
388	-14.75	33.25	29	100,50
388	-14.75	33.75	29	100,50
388	-4.25	44.25	29	100,50
388	-3.75	44.25	29	100,50
388	-1.25	41.75	29	100,50
388	-1.25	41.25	29	100,50
388	-2.25	41.25	29	100,50
388	-2.75	40.75	29	100,50
388	-2.75	39.75	29	100,50
388	-3.75	38.75	29	100,50
388	-4.75	38.75	29	100,50
388	-4.75	37.75	29	100,50
388	-9.25	33.25	29	100,50
388	-9.25	32.25	29	100,50
388	-10.25	32.25	29	100,50
388	-11.75	30.75	29	100,50
388	-11.75	29.75	29	100,50
388	-17.25	24.25	29	100,50
388	-18.25	24.25	29	100,50
388	-18.25	23.25	29	100,50
388	-24.75	16.75	29	100,50
388	-24.75	15.75	29	100,50
388	-25.75	15.75	29	100,50
388	-26.75	14.75	29	100,50
388	-27.25	14.75	29	100,50
388	-27.75	15.25	29	100,50
388	-28.25	15.25	29	100,50
388	-29.25	14.25	29	100,50
388	-29.25	13.25	29	100,50
388	-29.75	12.75	29	100,50
388	-30.75	12.75	29	100,50
388	-33.25	10.25	29	100,50
388	-35.25	10.25	29	100,50
388	-35.25	8.25	29	100,50
388	-36.25	7.25	29	100,50
388	-36.75	7.25	29	100,50
388	-37.75	8.25	29	100,50
388	-39.25	8.25	29	100,50
388	-39.75	7.75	29	100,50
388	-39.75	7.25	29	100,50
388	-38.75	6.25	29	100,50
388	-38.75	5.75	29	100,50
388	-39.75	4.75	29	100,50
388	-41.75	4.75	29	100,50
388	-41.75	4.25	29	100,50
388	-41.25	3.75	29	100,50
388	-41.25	3.25	29	100,50
388	-41.75	3.25	29	100,50
388	-42.25	3.75	29	100,50
388	-43.25	3.75	29	100,50
388	-43.75	4.25	29	100,50
333	-28.25	19.75	250	100,50
333	-28.25	20.25	250	100,50
333	-21.75	26.75	250	100,50
333	-21.25	26.75	250	100,50
333	-20.25	25.75	250	100,50
333	-20.25	25.25	250	100,50
333	-20.75	24.75	250	100,50
333	-21.75	24.75	250	100,50
333	-21.75	24.25	250	100,50
333	-21.25	23.75	250	100,50
333	-21.25	21.25	250	100,50
333	-22.25	21.25	250	100,50
333	-22.75	20.75	250	100,50
333	-22.75	19.75	250	100,50
333	-23.25	19.25	250	100,50
333	-25.25	19.25	250	100,50
333	-25.75	18.75	250	100,50
333	-27.25	18.75	250	100,50
333	-28.25	19.75	250	100,50
335	-20.25	27.75	252	100,50
335	-20.25	28.25	252	100,50
335	-15.25	33.25	252	100,50
335	-14.75	33.25	252	100,50
335	-14.25	32.75	252	100,50
335	-14.25	31.75	252	100,50
335	-13.75	31.25	252	100,50
335	-13.25	31.25	252	100,50
335	-12.75	31.75	252	100,50
335	-12.25	31.75	252	100,50
335	-12.25	31.25	252	100,50
335	-14.75	28.75	252	100,50
335	-14.75	27.75	252	100,50
335	-16.75	25.75	252	100,50
335	-17.25	25.75	252	100,50
335	-18.75	27.25	252	100,50
335	-19.75	27.25	252	100,50
335	-20.25	27.75	252	100,50
488	-3.75	44.25	50	100,50
488	-3.75	44.75	50	100,50
488	0.25	48.75	50	100,50
488	4.75	48.75	50	100,50
488	5.25	48.25	50	100,50
488	5.25	45.75	50	100,50
488	4.25	45.75	50	100,50
488	1.75	43.25	50	100,50
488	0.75	43.25	50	100,50
488	0.75	42.25	50	100,50
488	0.25	41.75	50	100,50
488	-1.25	41.75	50	100,50
488	-3.75	44.25	50	100,50
488	0.75	-1.25	50	100,100
488	0.75	-0.75	50	100,100
488	2.25	0.75	50	100,100
488	2.75	0.75	50	100,100
488	4.25	-0.75	50	100,100
488	4.25	-1.25	50	100,100
488	0.75	-1.25	50	100,100
488	-40.25	7.75	50	150,100
488	-40.25	8.25	50	150,100
488	-28.75	19.75	50	150,100
488	-27.75	19.75	50	150,100
488	-27.25	20.25	50	150,100
488	-26.75	20.25	50	150,100
488	-24.25	17.75	50	150,100
488	-23.25	17.75	50	150,100
488	-21.25	15.75	50	150,100
488	-21.25	14.75	50	150,100
488	-18.25	11.75	50	150,100
488	-17.25	11.75	50	150,100
488	-17.25	10.75	50	150,100
488	-14.75	8.25	50	150,100
488	-13.75	8.25	50	150,100
488	-12.25	6.75	50	150,100
488	-12.25	5.75	50	150,100
488	-11.25	5.75	50	150,100
488	-10.75	5.25	50	150,100
488	-10.75	4.25	50	150,100
488	-8.75	2.25	50	150,100
488	-7.75	2.25	50	150,100
488	-7.25	1.75	50	150,100
488	-7.25	0.75	50	150,100
488	-5.75	-0.75	50	150,100
488	-5.75	-1.25	50	150,100
488	-8.25	-1.25	50	150,100
488	-17.75	8.25	50	150,100
488	-17.75	9.25	50	150,100
488	-18.75	9.25	50	150,100
488	-18.75	10.25	50	150,100
488	-19.75	10.25	50	150,100
488	-25.75	16.25	50	150,100
488	-26.25	16.25	50	150,100
488	-26.25	15.25	50	150,100
488	-27.25	14.25	50	150,100
488	-27.75	14.25	50	150,100
488	-28.25	14.75	50	150,100
488	-28.75	14.75	50	150,100
488	-28.75	13.75	50	150,100
488	-29.75	13.75	50	150,100
488	-30.75	12.75	50	150,100
488	-31.25	12.75	50	150,100
488	-31.75	13.25	50	150,100
488	-32.25	13.25	50	150,100
488	-32.25	12.25	50	150,100
488	-32.75	12.25	50	150,100
488	-33.25	12.75	50	150,100
488	-33.75	12.75	50	150,100
488	-36.75	9.75	50	150,100
488	-36.75	8.75	50	150,100
488	-37.25	8.75	50	150,100
488	-37.75	9.25	50	150,100
488	-38.25	9.25	50	150,100
488	-39.25	8.25	50	150,100
488	-39.25	7.75	50	150,100
488	-37.25	5.75	50	150,100
488	-37.25	5.25	50	150,100
488	-38.25	4.25	50	150,100
488	-38.25	3.25	50	150,100
488	-42.75	-1.25	50	150,100
488	-44.25	-1.25	50	150,100
488	-44.75	-0.75	50	150,100
488	-44.75	-0.25	50	150,100
488	-40.25	4.25	50	150,100
488	-40.25	5.75	50	150,100
488	-40.75	6.25	50	150,100
488	-40.75	6.75	50	150,100
488	-40.25	6.75	50	150,100
488	-39.75	6.25	50	150,100
488	-39.25	6.25	50	150,100
488	-39.25	6.75	50	150,100
488	-40.25	7.75	50	150,100
488	-44.75	48.25	50	150,50
488	-44.75	48.75	50	150,50
488	-43.25	48.75	50	150,50
488	-43.25	48.25	50	150,50
488	-44.25	47.25	50	150,50
488	-44.75	47.25	50	150,50
488	-44.75	48.25	50	150,50
488	-45.25	37.75	50	200,50
488	-45.25	38.25	50	200,50
488	-43.75	38.25	50	200,50
488	-38.75	33.25	50	200,50
488	-38.75	32.25	50	200,50
488	-32.25	25.75	50	200,50
488	-32.25	25.25	50	200,50
488	-32.75	24.75	50	200,50
488	-33.25	24.75	50	200,50
488	-33.75	25.25	50	200,50
488	-34.75	25.25	50	200,50
488	-45.25	35.75	50	200,50
488	-45.25	37.75	50	200,50
488	-22.75	9.25	50	200,100
488	-22.75	9.75	50	200,100
488	-22.25	10.25	50	200,100
488	-21.75	10.25	50	200,100
488	-20.75	9.25	50	200,100
488	-20.75	8.75	50	200,100
488	-21.25	8.25	50	200,100
488	-21.75	8.25	50	200,100
488	-22.75	9.25	50	200,100
489	-20.75	20.25	50	150,100
489	-20.75	20.75	50	150,100
489	-20.25	21.25	50	150,100
489	-19.75	21.25	50	150,100
489	-18.25	19.75	50	150,100
489	-18.25	19.25	50	150,100
489	-18.75	19.25	50	150,100
489	-19.25	19.75	50	150,100
489	-20.25	19.75	50	150,100
489	-20.75	20.25	50	150,100
489	-7.75	48.25	50	150,50
489	-7.75	48.75	50	150,50
489	-5.25	48.75	50	150,50
489	-2.25	45.75	50	150,50
489	-2.25	44.75	50	150,50
489	-1.25	43.75	50	150,50
489	-0.25	43.75	50	150,50
489	0.75	42.75	50	150,50
489	1.75	42.75	50	150,50
489	2.75	41.75	50	150,50
489	2.75	40.75	50	150,50
489	4.75	38.75	50	150,50
489	4.75	36.25	50	150,50
489	4.25	36.25	50	150,50
489	-7.75	48.25	50	150,50
489	-41.25	40.75	50	200,50
489	-41.25	41.25	50	200,50
489	-40.75	41.75	50	200,50
489	-40.25	41.75	50	200,50
489	-39.25	40.75	50	200,50
489	-39.25	40.25	50	200,50
489	-39.75	39.75	50	200,50
489	-40.25	39.75	50	200,50
489	-41.25	40.75	50	200,50
489	-19.75	6.25	50	200,100
489	-19.75	6.75	50	200,100
489	-19.25	7.25	50	200,100
489	-18.75	7.25	50	200,100
489	-16.75	5.25	50	200,100
489	-16.75	4.75	50	200,100
489	-17.25	4.25	50	200,100
489	-17.75	4.25	50	200,100
489	-18.25	4.75	50	200,100
489	-18.25	5.75	50	200,100
489	-19.25	5.75	50	200,100
489	-19.75	6.25	50	200,100
490	-2.25	38.75	50	150,100
490	-2.25	39.25	50	150,100
490	-1.75	39.75	50	150,100
490	-1.25	39.75	50	150,100
490	0.25	38.25	50	150,100
490	0.25	37.75	50	150,100
490	-0.25	37.25	50	150,100
490	-0.75	37.25	50	150,100
490	-2.25	38.75	50	150,100
490	-38.25	37.75	50	200,50
490	-38.25	38.25	50	200,50
490	-37.75	38.75	50	200,50
490	-37.25	38.75	50	200,50
490	-36.75	38.25	50	200,50
490	-36.75	37.75	50	200,50
490	-37.25	37.25	50	200,50
490	-37.75	37.25	50	200,50
490	-38.25	37.75	50	200,50
519	-23.75	24.25	63	150,100
519	-23.75	24.75	63	150,100
519	-23.25	24.75	63	150,100
519	-22.25	23.75	63	150,100
519	-22.25	23.25	63	150,100
519	-22.75	23.25	63	150,100
519	-23.75	24.25	63	150,100
519	-45.25	35.75	63	200,100
519	-45.25	36.25	63	200,100
519	-44.75	36.25	63	200,100
519	-41.25	32.75	63	200,100
519	-40.75	32.75	63	200,100
519	-40.75	33.75	63	200,100
519	-40.25	33.75	63	200,100
519	-39.75	33.25	63	200,100
519	-39.75	32.75	63	200,100
519	-41.75	30.75	63	200,100
519	-42.25	30.75	63	200,100
519	-43.25	31.75	63	200,100
519	-43.25	32.75	63	200,100
519	-43.75	32.75	63	200,100
519	-44.25	32.25	63	200,100
519	-44.25	31.75	63	200,100
519	-43.75	31.25	63	200,100
519	-43.75	30.75	63	200,100
519	-44.25	30.75	63	200,100
519	-45.25	31.75	63	200,100
519	-45.25	35.75	63	200,100
519	-4.75	48.25	63	150,50
519	-4.75	48.75	63	150,50
519	-4.25	48.75	63	150,50
519	-1.75	46.25	63	150,50
519	-1.75	45.25	63	150,50
519	-0.75	45.25	63	150,50
519	1.25	43.25	63	150,50
519	1.25	42.75	63	150,50
519	0.75	42.75	63	150,50
519	-0.25	43.75	63	150,50
519	-1.25	43.75	63	150,50
519	-2.25	44.75	63	150,50
519	-2.25	45.75	63	150,50
519	-4.75	48.25	63	150,50
519	-45.25	45.75	63	200,50
519	-45.25	46.25	63	200,50
519	-44.75	46.25	63	200,50
519	-40.75	42.25	63	200,50
519	-40.75	41.75	63	200,50
519	-41.25	41.25	63	200,50
519	-41.75	41.25	63	200,50
519	-42.25	41.75	63	200,50
519	-42.25	42.75	63	200,50
519	-43.25	42.75	63	200,50
519	-45.25	44.75	63	200,50
519	-45.25	45.75	63	200,50
523	-5.75	42.25	63	150,100
523	-5.75	42.75	63	150,100
523	-5.25	43.25	63	150,100
523	-4.25	43.25	63	150,100
523	-3.75	43.75	63	150,100
523	-3.75	44.75	63	150,100
523	-2.75	45.75	63	150,100
523	-2.25	45.75	63	150,100
523	-1.75	45.25	63	150,100
523	-0.75	45.25	63	150,100
523	0.25	44.25	63	150,100
523	0.25	43.25	63	150,100
523	1.75	41.75	63	150,100
523	1.75	41.25	63	150,100
523	1.25	41.25	63	150,100
523	-2.25	44.75	63	150,100
523	-2.75	44.75	63	150,100
523	-2.75	44.25	63	150,100
523	4.75	36.75	63	150,100
523	4.75	32.25	63	150,100
523	4.25	32.25	63	150,100
523	-0.25	36.75	63	150,100
523	-0.25	37.25	63	150,100
523	0.25	37.75	63	150,100
523	0.25	38.25	63	150,100
523	-1.25	39.75	63	150,100
523	-1.75	39.75	63	150,100
523	-2.25	39.25	63	150,100
523	-2.75	39.25	63	150,100
523	-3.75	40.25	63	150,100
523	-3.75	40.75	63	150,100
523	-3.25	41.25	63	150,100
523	-3.25	41.75	63	150,100
523	-3.75	42.25	63	150,100
523	-4.25	42.25	63	150,100
523	-4.75	41.75	63	150,100
523	-5.25	41.75	63	150,100
523	-5.75	42.25	63	150,100
523	-41.25	29.75	63	200,100
523	-41.25	30.25	63	200,100
523	-40.25	31.25	63	200,100
523	-39.75	31.25	63	200,100
523	-23.75	15.25	63	200,100
523	-23.75	14.25	63	200,100
523	-14.75	5.25	63	200,100
523	-14.75	3.75	63	200,100
523	-15.25	3.75	63	200,100
523	-18.75	7.25	63	200,100
523	-19.25	7.25	63	200,100
523	-19.75	6.75	63	200,100
523	-20.25	6.75	63	200,100
523	-21.25	7.75	63	200,100
523	-21.25	8.25	63	200,100
523	-20.75	8.75	63	200,100
523	-20.75	9.25	63	200,100
523	-21.75	10.25	63	200,100
523	-22.25	10.25	63	200,100
523	-22.75	9.75	63	200,100
523	-23.25	9.75	63	200,100
523	-40.75	27.25	63	200,100
523	-40.75	27.75	63	200,100
523	-40.25	28.25	63	200,100
523	-40.25	28.75	63	200,100
523	-41.25	29.75	63	200,100
523	1.75	47.75	63	150,50
523	1.75	48.25	63	150,50
523	2.25	48.75	63	150,50
523	2.75	48.75	63	150,50
523	4.75	46.75	63	150,50
523	4.75	45.25	63	150,50
523	4.25	45.25	63	150,50
523	1.75	47.75	63	150,50
523	-45.25	38.75	63	200,50
523	-45.25	39.25	63	200,50
523	-44.75	39.25	63	200,50
523	-44.25	38.75	63	200,50
523	-44.25	38.25	63	200,50
523	-44.75	38.25	63	200,50
523	-45.25	38.75	63	200,50
524	-26.75	20.25	63	150,100
524	-26.75	20.75	63	150,100
524	-26.25	20.75	63	150,100
524	-23.75	18.25	63	150,100
524	-23.75	17.75	63	150,100
524	-24.25	17.75	63	150,100
524	-26.75	20.25	63	150,100
524	-33.75	22.25	63	200,100
524	-33.75	22.75	63	200,100
524	-33.25	22.75	63	200,100
524	-33.25	22.25	63	200,100
524	-33.75	22.25	63	200,100
524	2.75	40.75	63	150,50
524	2.75	41.25	63	150,50
524	3.25	41.25	63	150,50
524	4.75	39.75	63	150,50
524	4.75	39.25	63	150,50
524	4.25	39.25	63	150,50
524	2.75	40.75	63	150,50
524	-39.25	39.75	63	200,50
524	-39.25	40.25	63	200,50
524	-38.75	40.25	63	200,50
524	-37.75	39.25	63	200,50
524	-37.75	38.75	63	200,50
524	-38.25	38.75	63	200,50
524	-39.25	39.75	63	200,50
525	-21.25	21.75	63	150,100
525	-21.25	22.25	63	150,100
525	-20.75	22.25	63	150,100
525	-20.25	21.75	63	150,100
525	-20.25	21.25	63	150,100
525	-20.75	21.25	63	150,100
525	-21.25	21.75	63	150,100
526	-19.75	19.25	63	150,100
526	-19.75	19.75	63	150,100
526	-19.25	19.75	63	150,100
526	-18.75	19.25	63	150,100
526	-17.75	19.25	63	150,100
526	-11.75	13.25	63	150,100
526	-11.75	12.25	63	150,100
526	-9.75	10.25	63	150,100
526	-8.75	10.25	63	150,100
526	-0.75	2.25	63	150,100
526	-0.75	1.75	63	150,100
526	-2.25	1.75	63	150,100
526	-2.25	2.75	63	150,100
526	-3.25	2.75	63	150,100
526	-5.25	4.75	63	150,100
526	-5.25	5.75	63	150,100
526	-6.25	5.75	63	150,100
526	-13.25	12.75	63	150,100
526	-13.25	13.75	63	150,100
526	-13.75	14.25	63	150,100
526	-14.75	14.25	63	150,100
526	-14.75	15.25	63	150,100
526	-15.75	15.25	63	150,100
526	-19.75	19.25	63	150,100
527	-21.25	14.75	63	150,100
527	-21.25	15.25	63	150,100
527	-20.75	15.25	63	150,100
527	-17.75	12.25	63	150,100
527	-17.75	11.75	63	150,100
527	-18.25	11.75	63	150,100
527	-21.25	14.75	63	150,100
528	3.25	36.25	63	150,100
528	3.25	36.75	63	150,100
528	3.75	36.75	63	150,100
528	3.75	36.25	63	150,100
528	3.25	36.25	63	150,100
529	-17.25	10.75	63	150,100
529	-17.25	11.25	63	150,100
529	-16.75	11.25	63	150,100
529	-14.25	8.75	63	150,100
529	-14.25	8.25	63	150,100
529	-14.75	8.25	63	150,100
529	-17.25	10.75	63	150,100
530	-12.25	5.75	63	150,100
530	-12.25	6.25	63	150,100
530	-11.75	6.25	63	150,100
530	-11.75	5.75	63	150,100
530	-12.25	5.75	63	150,100
520	-10.75	4.25	63	150,100
520	-10.75	4.75	63	150,100
520	-10.25	4.75	63	150,100
520	-8.25	2.75	63	150,100
520	-8.25	2.25	63	150,100
520	-8.75	2.25	63	150,100
520	-10.75	4.25	63	150,100
521	-7.25	0.75	63	150,100
521	-7.25	1.25	63	150,100
521	-6.75	1.25	63	150,100
521	-5.25	-0.25	63	150,100
521	-5.25	-0.75	63	150,100
521	-5.75	-0.75	63	150,100
521	-7.25	0.75	63	150,100
522	-0.25	0.75	63	150,100
522	-0.25	1.25	63	150,100
522	0.25	1.25	63	150,100
522	2.25	-0.75	63	150,100
522	2.25	-1.25	63	150,100
522	1.75	-1.25	63	150,100
522	-0.25	0.75	63	150,100
374	-1.75	46.25	279	150,100
374	-1.75	46.75	279	150,100
374	-0.75	47.75	279	150,100
374	-0.25	47.75	279	150,100
374	4.75	42.75	279	150,100
374	4.75	42.25	279	150,100
374	4.25	42.25	279	150,100
374	1.75	44.75	279	150,100
374	1.25	44.75	279	150,100
374	0.75	44.25	279	150,100
374	0.75	43.75	279	150,100
374	4.75	39.75	279	150,100
374	4.75	38.25	279	150,100
374	4.25	38.25	279	150,100
374	1.75	40.75	279	150,100
374	1.75	41.75	279	150,100
374	0.25	43.25	279	150,100
374	0.25	44.25	279	150,100
374	-1.75	46.25	279	150,100
374	-45.25	41.75	279	200,100
374	-45.25	42.25	279	200,100
374	-44.75	42.25	279	200,100
374	-36.25	33.75	279	200,100
374	-36.25	33.25	279	200,100
374	-36.75	33.25	279	200,100
374	-37.75	34.25	279	200,100
374	-38.25	34.25	279	200,100
374	-38.75	33.75	279	200,100
374	-38.75	33.25	279	200,100
374	-34.75	29.25	279	200,100
374	-34.75	28.25	279	200,100
374	-33.75	28.25	279	200,100
374	-30.25	24.75	279	200,100
374	-30.25	23.75	279	200,100
374	-29.25	23.75	279	200,100
374	-24.75	19.25	279	200,100
374	-24.75	18.75	279	200,100
374	-26.25	18.75	279	200,100
374	-38.25	30.75	279	200,100
374	-39.25	30.75	279	200,100
374	-39.75	31.25	279	200,100
374	-40.25	31.25	279	200,100
374	-41.25	30.25	279	200,100
374	-41.25	29.75	279	200,100
374	-40.25	28.75	279	200,100
374	-40.25	28.25	279	200,100
374	-40.75	27.75	279	200,100
374	-41.25	27.75	279	200,100
374	-43.75	30.25	279	200,100
374	-43.75	31.25	279	200,100
374	-44.25	31.75	279	200,100
374	-44.25	32.25	279	200,100
374	-43.75	32.75	279	200,100
374	-43.25	32.75	279	200,100
374	-43.25	31.75	279	200,100
374	-42.25	30.75	279	200,100
374	-41.75	30.75	279	200,100
374	-39.75	32.75	279	200,100
374	-39.75	33.25	279	200,100
374	-40.25	33.75	279	200,100
374	-41.25	33.75	279	200,100
374	-45.25	37.75	279	200,100
374	-45.25	39.25	279	200,100
374	-44.75	39.25	279	200,100
374	-42.25	36.75	279	200,100
374	-42.25	35.75	279	200,100
374	-41.25	35.75	279	200,100
374	-40.75	35.25	279	200,100
374	-39.75	35.25	279	200,100
374	-39.25	34.75	279	200,100
374	-38.75	34.75	279	200,100
374	-38.75	35.25	279	200,100
374	-45.25	41.75	279	200,100
375	-11.75	12.25	279	150,100
375	-11.75	12.75	279	150,100
375	-11.25	12.75	279	150,100
375	-9.25	10.75	279	150,100
375	-9.25	10.25	279	150,100
375	-9.75	10.25	279	150,100
375	-11.75	12.25	279	150,100
80	0.25	48.25	133	150,100
80	0.25	48.75	133	150,100
80	0.75	49.25	133	150,100
80	1.25	49.25	133	150,100
80	4.75	45.75	133	150,100
80	4.75	43.25	133	150,100
80	4.25	43.25	133	150,100
80	0.25	47.25	133	150,100
80	0.25	48.25	133	150,100
80	-45.25	45.75	133	200,100
80	-45.25	46.25	133	200,100
80	-44.25	47.25	133	200,100
80	-43.75	47.25	133	200,100
80	-42.75	46.25	133	200,100
80	-42.75	45.75	133	200,100
80	-43.25	45.25	133	200,100
80	-43.25	44.25	133	200,100
80	-43.75	43.75	133	200,100
80	-43.75	43.25	133	200,100
80	-43.25	42.75	133	200,100
80	-42.25	42.75	133	200,100
80	-42.25	41.75	133	200,100
80	-37.25	36.75	133	200,100
80	-36.75	36.75	133	200,100
80	-34.75	38.75	133	200,100
80	-34.25	38.75	133	200,100
80	-34.25	38.25	133	200,100
80	-35.75	36.75	133	200,100
80	-35.75	36.25	133	200,100
80	-34.25	34.75	133	200,100
80	-34.25	33.75	133	200,100
80	-32.75	32.25	133	200,100
80	-31.75	32.25	133	200,100
80	-26.75	27.25	133	200,100
80	-26.75	26.25	133	200,100
80	-20.75	20.25	133	200,100
80	-19.75	20.25	133	200,100
80	-19.25	19.75	133	200,100
80	-19.25	18.75	133	200,100
80	-16.75	16.25	133	200,100
80	-15.25	16.25	133	200,100
80	-14.25	17.25	133	200,100
80	-13.75	17.25	133	200,100
80	-13.75	16.75	133	200,100
80	-15.25	15.25	133	200,100
80	-15.25	14.75	133	200,100
80	-13.75	13.25	133	200,100
80	-12.75	13.25	133	200,100
80	-12.25	12.75	133	200,100
80	-12.25	11.75	133	200,100
80	-0.25	-0.25	133	200,100
80	-0.25	-0.75	133	200,100
80	-0.75	-1.25	133	200,100
80	-2.25	-1.25	133	200,100
80	-2.25	-0.25	133	200,100
80	-45.25	42.75	133	200,100
80	-45.25	45.75	133	200,100
80	-1.75	48.25	133	200,50
80	-1.75	48.75	133	200,50
80	-1.25	48.75	133	200,50
80	-1.25	48.25	133	200,50
80	-1.75	48.25	133	200,50
430	1.25	-0.75	32	150,150
430	1.25	-0.25	32	150,150
430	2.75	1.25	32	150,150
430	3.25	1.25	32	150,150
430	4.75	-0.25	32	150,150
430	4.75	-0.75	32	150,150
430	1.25	-0.75	32	150,150
430	-44.75	3.25	32	200,150
430	-44.75	3.75	32	200,150
430	-42.25	6.25	32	200,150
430	-41.75	6.25	32	200,150
430	-40.25	4.75	32	200,150
430	-40.25	4.25	32	200,150
430	-41.75	2.75	32	200,150
430	-41.75	2.25	32	200,150
430	-41.25	1.75	32	200,150
430	-40.25	1.75	32	200,150
430	-40.25	1.25	32	200,150
430	-42.25	-0.75	32	200,150
430	-44.75	-0.75	32	200,150
430	-45.25	-0.25	32	200,150
430	-45.25	0.25	32	200,150
430	-44.25	0.25	32	200,150
430	-44.25	1.75	32	200,150
430	-44.75	2.25	32	200,150
430	-44.75	3.25	32	200,150
430	1.75	48.75	32	150,100
430	1.75	49.25	32	150,100
430	4.25	49.25	32	150,100
430	4.75	48.75	32	150,100
430	4.75	46.25	32	150,100
430	4.25	46.25	32	150,100
430	1.75	48.75	32	150,100
430	-45.25	48.75	32	200,100
430	-45.25	49.25	32	200,100
430	-41.75	49.25	32	200,100
430	-40.25	47.75	32	200,100
430	-39.75	47.75	32	200,100
430	-38.25	49.25	32	200,100
430	-34.75	49.25	32	200,100
430	-30.25	44.75	32	200,100
430	-30.25	44.25	32	200,100
430	-33.25	41.25	32	200,100
430	-33.25	40.75	32	200,100
430	-31.25	38.75	32	200,100
430	-30.75	38.75	32	200,100
430	-27.75	41.75	32	200,100
430	-27.75	42.25	32	200,100
430	-28.75	43.25	32	200,100
430	-28.75	43.75	32	200,100
430	-26.25	46.25	32	200,100
430	-25.75	46.25	32	200,100
430	-24.75	45.25	32	200,100
430	-23.25	45.25	32	200,100
430	-23.25	46.25	32	200,100
430	-22.75	46.25	32	200,100
430	-20.75	44.25	32	200,100
430	-20.75	43.75	32	200,100
430	-21.25	43.75	32	200,100
430	-22.25	44.75	32	200,100
430	-22.75	44.75	32	200,100
430	-22.75	43.75	32	200,100
430	-23.25	43.75	32	200,100
430	-23.75	44.25	32	200,100
430	-24.25	44.25	32	200,100
430	-26.75	41.75	32	200,100
430	-26.75	41.25	32	200,100
430	-25.75	40.25	32	200,100
430	-23.75	40.25	32	200,100
430	-23.25	39.75	32	200,100
430	-23.25	37.75	32	200,100
430	-20.25	34.75	32	200,100
430	-19.25	34.75	32	200,100
430	-19.25	33.75	32	200,100
430	-15.25	29.75	32	200,100
430	-14.25	29.75	32	200,100
430	-13.25	28.75	32	200,100
430	-12.25	28.75	32	200,100
430	-11.25	27.75	32	200,100
430	-11.25	26.75	32	200,100
430	-8.75	24.25	32	200,100
430	-6.75	24.25	32	200,100
430	-6.75	23.75	32	200,100
430	-7.25	23.25	32	200,100
430	-7.25	22.75	32	200,100
430	-5.75	21.25	32	200,100
430	-4.75	21.25	32	200,100
430	-4.25	20.75	32	200,100
430	-4.25	19.75	32	200,100
430	-3.25	19.75	32	200,100
430	-3.25	17.75	32	200,100
430	-1.25	15.75	32	200,100
430	-1.25	15.25	32	200,100
430	-2.25	15.25	32	200,100
430	-2.75	14.75	32	200,100
430	-3.75	14.75	32	200,100
430	-3.75	14.25	32	200,100
430	-3.25	13.75	32	200,100
430	-3.25	13.25	32	200,100
430	-5.75	13.25	32	200,100
430	-6.75	14.25	32	200,100
430	-7.25	14.25	32	200,100
430	-8.25	13.25	32	200,100
430	-8.25	12.75	32	200,100
430	-6.75	11.25	32	200,100
430	-6.75	10.75	32	200,100
430	-8.25	9.25	32	200,100
430	-8.75	9.25	32	200,100
430	-10.25	10.75	32	200,100
430	-10.25	11.25	32	200,100
430	-9.25	12.25	32	200,100
430	-9.25	13.75	32	200,100
430	-9.75	13.75	32	200,100
430	-11.25	12.25	32	200,100
430	-11.75	12.25	32	200,100
430	-12.75	13.25	32	200,100
430	-13.75	13.25	32	200,100
430	-15.25	14.75	32	200,100
430	-15.25	15.25	32	200,100
430	-13.75	16.75	32	200,100
430	-13.75	17.25	32	200,100
430	-14.25	17.25	32	200,100
430	-15.25	16.25	32	200,100
430	-16.75	16.25	32	200,100
430	-19.25	18.75	32	200,100
430	-19.25	19.75	32	200,100
430	-19.75	20.25	32	200,100
430	-20.75	20.25	32	200,100
430	-26.75	26.25	32	200,100
430	-26.75	27.25	32	200,100
430	-31.75	32.25	32	200,100
430	-32.75	32.25	32	200,100
430	-34.25	33.75	32	200,100
430	-34.25	34.75	32	200,100
430	-35.75	36.25	32	200,100
430	-35.75	36.75	32	200,100
430	-33.75	38.75	32	200,100
430	-33.75	40.25	32	200,100
430	-35.75	42.25	32	200,100
430	-35.75	43.25	32	200,100
430	-37.75	45.25	32	200,100
430	-38.25	45.25	32	200,100
430	-39.25	44.25	32	200,100
430	-39.25	43.75	32	200,100
430	-37.25	41.75	32	200,100
430	-37.25	41.25	32	200,100
430	-37.75	40.75	32	200,100
430	-37.75	40.25	32	200,100
430	-36.75	40.25	32	200,100
430	-35.75	39.25	32	200,100
430	-35.75	38.75	32	200,100
430	-36.75	37.75	32	200,100
430	-37.25	37.75	32	200,100
430	-42.25	42.75	32	200,100
430	-43.25	42.75	32	200,100
430	-43.75	43.25	32	200,100
430	-43.75	43.75	32	200,100
430	-43.25	44.25	32	200,100
430	-43.25	45.25	32	200,100
430	-42.75	45.75	32	200,100
430	-42.75	46.25	32	200,100
430	-43.75	47.25	32	200,100
430	-44.25	47.25	32	200,100
430	-44.75	46.75	32	200,100
430	-45.25	46.75	32	200,100
430	-45.25	48.75	32	200,100
367	3.25	1.25	272	150,150
367	3.25	1.75	272	150,150
367	4.25	2.75	272	150,150
367	4.75	2.75	272	150,150
367	4.75	0.25	272	150,150
367	4.25	0.25	272	150,150
367	3.25	1.25	272	150,150
367	-45.25	2.75	272	200,150
367	-45.25	3.25	272	200,150
367	-44.75	3.25	272	200,150
367	-44.75	2.25	272	200,150
367	-44.25	1.75	272	200,150
367	-44.25	0.25	272	200,150
367	-44.75	0.25	272	200,150
367	-45.25	0.75	272	200,150
367	-45.25	2.75	272	200,150
431	-39.75	2.25	32	200,150
431	-39.75	2.75	32	200,150
431	-38.75	3.75	32	200,150
431	-37.25	3.75	32	200,150
431	-35.75	2.25	32	200,150
431	-35.75	1.25	32	200,150
431	-35.25	0.75	32	200,150
431	-34.25	0.75	32	200,150
431	-34.25	-0.75	32	200,150
431	-37.75	-0.75	32	200,150
431	-37.75	-0.25	32	200,150
431	-36.75	0.75	32	200,150
431	-36.75	1.25	32	200,150
431	-38.25	2.75	32	200,150
431	-38.75	2.75	32	200,150
431	-39.25	2.25	32	200,150
431	-39.75	2.25	32	200,150
431	-24.25	28.75	32	200,100
431	-24.25	29.25	32	200,100
431	-23.75	29.75	32	200,100
431	-22.25	29.75	32	200,100
431	-17.25	24.75	32	200,100
431	-17.25	24.25	32	200,100
431	-18.25	23.25	32	200,100
431	-18.75	23.25	32	200,100
431	-24.25	28.75	32	200,100
318	-41.75	6.25	241	200,150
318	-41.75	6.75	241	200,150
318	-39.25	9.25	241	200,150
318	-38.75	9.25	241	200,150
318	-37.25	7.75	241	200,150
318	-37.25	7.25	241	200,150
318	-38.25	6.25	241	200,150
318	-38.25	5.25	241	200,150
318	-38.75	4.75	241	200,150
318	-40.25	4.75	241	200,150
318	-41.75	6.25	241	200,150
240	-38.75	9.25	214	200,150
240	-38.75	9.75	214	200,150
240	-37.75	10.75	214	200,150
240	-37.25	10.75	214	200,150
240	-36.75	10.25	214	200,150
240	-36.25	10.25	214	200,150
240	-35.75	10.75	214	200,150
240	-35.25	10.75	214	200,150
240	-33.75	9.25	214	200,150
240	-33.25	9.25	214	200,150
240	-32.75	9.75	214	200,150
240	-31.75	9.75	214	200,150
240	-29.25	12.25	214	200,150
240	-28.75	12.25	214	200,150
240	-28.25	11.75	214	200,150
240	-27.25	11.75	214	200,150
240	-26.75	11.25	214	200,150
240	-26.75	10.75	214	200,150
240	-29.75	7.75	214	200,150
240	-29.75	7.25	214	200,150
240	-29.25	6.75	214	200,150
240	-28.75	6.75	214	200,150
240	-27.25	8.25	214	200,150
240	-26.75	8.25	214	200,150
240	-26.75	7.75	214	200,150
240	-28.25	6.25	214	200,150
240	-28.25	5.75	214	200,150
240	-27.25	4.75	214	200,150
240	-27.25	3.75	214	200,150
240	-24.75	1.25	214	200,150
240	-22.75	1.25	214	200,150
240	-22.75	0.75	214	200,150
240	-24.25	-0.75	214	200,150
240	-33.75	-0.75	214	200,150
240	-34.25	-0.25	214	200,150
240	-34.25	0.75	214	200,150
240	-35.25	0.75	214	200,150
240	-35.75	1.25	214	200,150
240	-35.75	2.25	214	200,150
240	-37.25	3.75	214	200,150
240	-38.75	3.75	214	200,150
240	-39.75	2.75	214	200,150
240	-39.75	2.25	214	200,150
240	-39.25	2.25	214	200,150
240	-38.75	2.75	214	200,150
240	-38.25	2.75	214	200,150
240	-36.75	1.25	214	200,150
240	-36.75	0.75	214	200,150
240	-38.25	-0.75	214	200,150
240	-41.75	-0.75	214	200,150
240	-41.75	-0.25	214	200,150
240	-40.25	1.25	214	200,150
240	-40.25	1.75	214	200,150
240	-41.25	1.75	214	200,150
240	-41.75	2.25	214	200,150
240	-41.75	2.75	214	200,150
240	-39.75	4.75	214	200,150
240	-38.75	4.75	214	200,150
240	-38.25	5.25	214	200,150
240	-38.25	6.25	214	200,150
240	-37.25	7.25	214	200,150
240	-37.25	7.75	214	200,150
240	-38.75	9.25	214	200,150
240	-41.25	48.75	214	200,100
240	-41.25	49.25	214	200,100
240	-38.75	49.25	214	200,100
240	-38.75	48.75	214	200,100
240	-39.75	47.75	214	200,100
240	-40.25	47.75	214	200,100
240	-41.25	48.75	214	200,100
241	-21.25	1.75	214	200,150
241	-21.25	2.25	214	200,150
241	-20.25	2.25	214	200,150
241	-14.25	8.25	214	200,150
241	-13.75	8.25	214	200,150
241	-13.25	7.75	214	200,150
241	-13.25	7.25	214	200,150
241	-13.75	6.75	214	200,150
241	-13.75	5.75	214	200,150
241	-14.75	4.75	214	200,150
241	-14.75	4.25	214	200,150
241	-14.25	3.75	214	200,150
241	-14.25	3.25	214	200,150
241	-15.25	2.25	214	200,150
241	-15.25	1.25	214	200,150
241	-15.75	0.75	214	200,150
241	-17.25	0.75	214	200,150
241	-17.75	1.25	214	200,150
241	-18.25	1.25	214	200,150
241	-18.25	0.25	214	200,150
241	-19.25	-0.75	214	200,150
241	-22.75	-0.75	214	200,150
241	-22.75	-0.25	214	200,150
241	-21.25	1.25	214	200,150
241	-21.25	1.75	214	200,150
241	-34.25	48.75	214	200,100
241	-34.25	49.25	214	200,100
241	-20.75	49.25	214	200,100
241	-20.75	47.25	214	200,100
241	-20.25	46.75	214	200,100
241	-20.25	46.25	214	200,100
241	-20.75	45.75	214	200,100
241	-20.75	45.25	214	200,100
241	-20.25	45.25	214	200,100
241	-19.75	45.75	214	200,100
241	-19.25	45.75	214	200,100
241	-19.25	44.75	214	200,100
241	-15.25	40.75	214	200,100
241	-15.25	39.75	214	200,100
241	-14.25	39.75	214	200,100
241	-13.75	39.25	214	200,100
241	-13.75	37.25	214	200,100
241	-12.75	37.25	214	200,100
241	-12.75	36.25	214	200,100
241	-9.25	32.75	214	200,100
241	-9.25	32.25	214	200,100
241	-10.25	32.25	214	200,100
241	-10.25	31.25	214	200,100
241	-10.75	31.25	214	200,100
241	-13.25	33.75	214	200,100
241	-15.25	33.75	214	200,100
241	-15.25	34.75	214	200,100
241	-15.75	34.75	214	200,100
241	-16.25	34.25	214	200,100
241	-16.25	31.75	214	200,100
241	-15.25	31.75	214	200,100
241	-15.25	30.25	214	200,100
241	-15.75	30.25	214	200,100
241	-19.25	33.75	214	200,100
241	-19.25	34.75	214	200,100
241	-20.25	34.75	214	200,100
241	-23.25	37.75	214	200,100
241	-23.25	39.75	214	200,100
241	-23.75	40.25	214	200,100
241	-25.75	40.25	214	200,100
241	-26.75	41.25	214	200,100
241	-26.75	41.75	214	200,100
241	-24.25	44.25	214	200,100
241	-23.75	44.25	214	200,100
241	-23.25	43.75	214	200,100
241	-22.75	43.75	214	200,100
241	-22.75	44.75	214	200,100
241	-22.25	44.75	214	200,100
241	-21.25	43.75	214	200,100
241	-20.75	43.75	214	200,100
241	-20.75	44.25	214	200,100
241	-22.75	46.25	214	200,100
241	-23.25	46.25	214	200,100
241	-23.25	45.25	214	200,100
241	-24.75	45.25	214	200,100
241	-25.75	46.25	214	200,100
241	-26.25	46.25	214	200,100
241	-28.75	43.75	214	200,100
241	-28.75	43.25	214	200,100
241	-27.75	42.25	214	200,100
241	-27.75	41.75	214	200,100
241	-30.75	38.75	214	200,100
241	-31.25	38.75	214	200,100
241	-33.25	40.75	214	200,100
241	-33.25	41.25	214	200,100
241	-30.25	44.25	214	200,100
241	-30.25	44.75	214	200,100
241	-34.25	48.75	214	200,100
338	-37.25	10.75	255	200,150
338	-37.25	11.25	255	200,150
338	-32.25	16.25	255	200,150
338	-31.75	16.25	255	200,150
338	-30.25	14.75	255	200,150
338	-30.25	13.25	255	200,150
338	-30.75	13.25	255	200,150
338	-32.25	14.75	255	200,150
338	-32.75	14.75	255	200,150
338	-32.75	14.25	255	200,150
338	-31.25	12.75	255	200,150
338	-31.25	12.25	255	200,150
338	-32.75	10.75	255	200,150
338	-33.25	10.75	255	200,150
338	-34.25	11.75	255	200,150
338	-34.75	11.75	255	200,150
338	-34.75	10.75	255	200,150
338	-35.75	10.75	255	200,150
338	-36.25	10.25	255	200,150
338	-36.75	10.25	255	200,150
338	-37.25	10.75	255	200,150
188	-31.75	16.25	18	200,150
188	-31.75	16.75	18	200,150
188	-29.75	18.75	18	200,150
188	-29.25	18.75	18	200,150
188	-28.75	18.25	18	200,150
188	-28.75	17.25	18	200,150
188	-27.75	17.25	18	200,150
188	-27.75	16.75	18	200,150
188	-28.25	16.25	18	200,150
188	-28.25	15.75	18	200,150
188	-27.75	15.75	18	200,150
188	-27.25	16.25	18	200,150
188	-26.25	16.25	18	200,150
188	-25.75	16.75	18	200,150
188	-24.75	16.75	18	200,150
188	-24.75	18.75	18	200,150
188	-23.75	18.75	18	200,150
188	-22.75	19.75	18	200,150
188	-22.75	20.75	18	200,150
188	-22.25	20.75	18	200,150
188	-21.75	20.25	18	200,150
188	-21.25	20.25	18	200,150
188	-21.25	21.25	18	200,150
188	-20.25	22.25	18	200,150
188	-19.25	22.25	18	200,150
188	-17.25	24.25	18	200,150
188	-17.25	26.25	18	200,150
188	-16.25	26.25	18	200,150
188	-15.75	26.75	18	200,150
188	-15.75	28.25	18	200,150
188	-17.75	28.25	18	200,150
188	-17.75	28.75	18	200,150
188	-17.25	29.25	18	200,150
188	-17.25	30.25	18	200,150
188	-16.75	30.25	18	200,150
188	-15.75	29.25	18	200,150
188	-14.25	29.25	18	200,150
188	-13.75	29.75	18	200,150
188	-13.75	30.25	18	200,150
188	-15.75	30.25	18	200,150
188	-16.25	30.75	18	200,150
188	-16.25	31.25	18	200,150
188	-14.75	32.75	18	200,150
188	-13.75	32.75	18	200,150
188	-12.75	33.75	18	200,150
188	-12.25	33.75	18	200,150
188	-12.25	32.25	18	200,150
188	-13.25	31.25	18	200,150
188	-13.25	30.75	18	200,150
188	-12.75	30.75	18	200,150
188	-12.25	31.25	18	200,150
188	-11.75	31.25	18	200,150
188	-9.25	28.75	18	200,150
188	-7.25	28.75	18	200,150
188	-6.75	28.25	18	200,150
188	-6.75	27.25	18	200,150
188	-3.75	24.25	18	200,150
188	-1.75	24.25	18	200,150
188	-0.75	23.25	18	200,150
188	-0.75	22.75	18	200,150
188	-4.25	19.25	18	200,150
188	-4.25	18.75	18	200,150
188	-3.75	18.75	18	200,150
188	-0.25	22.25	18	200,150
188	1.75	22.25	18	200,150
188	1.75	23.25	18	200,150
188	2.25	23.75	18	200,150
188	2.25	24.75	18	200,150
188	3.75	24.75	18	200,150
188	3.75	23.25	18	200,150
188	2.25	21.75	18	200,150
188	2.25	20.25	18	200,150
188	2.75	19.75	18	200,150
188	2.75	18.75	18	200,150
188	3.75	17.75	18	200,150
188	3.75	17.25	18	200,150
188	2.75	17.25	18	200,150
188	2.75	16.75	18	200,150
188	3.25	16.25	18	200,150
188	3.75	16.25	18	200,150
188	4.25	16.75	18	200,150
188	4.75	16.75	18	200,150
188	5.25	16.25	18	200,150
188	5.25	13.75	18	200,150
188	4.75	13.75	18	200,150
188	3.25	15.25	18	200,150
188	2.75	15.25	18	200,150
188	2.25	14.75	18	200,150
188	2.25	13.75	18	200,150
188	1.75	13.75	18	200,150
188	1.25	14.25	18	200,150
188	-0.25	14.25	18	200,150
188	-0.25	13.75	18	200,150
188	0.25	13.25	18	200,150
188	1.25	13.25	18	200,150
188	2.75	11.75	18	200,150
188	3.25	11.75	18	200,150
188	3.75	12.25	18	200,150
188	4.25	12.25	18	200,150
188	5.25	11.25	18	200,150
188	5.25	2.75	18	200,150
188	4.75	2.75	18	200,150
188	4.25	3.25	18	200,150
188	3.25	3.25	18	200,150
188	2.75	3.75	18	200,150
188	2.75	8.75	18	200,150
188	1.25	8.75	18	200,150
188	0.75	8.25	18	200,150
188	-0.75	8.25	18	200,150
188	-0.75	9.25	18	200,150
188	-2.75	9.25	18	200,150
188	-2.75	11.75	18	200,150
188	-2.25	12.25	18	200,150
188	-2.25	12.75	18	200,150
188	-2.75	13.25	18	200,150
188	-3.25	13.25	18	200,150
188	-3.25	12.25	18	200,150
188	-3.75	11.75	18	200,150
188	-4.25	11.75	18	200,150
188	-5.75	13.25	18	200,150
188	-6.25	13.25	18	200,150
188	-9.25	10.25	18	200,150
188	-9.25	9.75	18	200,150
188	-8.75	9.25	18	200,150
188	-8.75	8.75	18	200,150
188	-9.75	8.75	18	200,150
188	-9.75	6.75	18	200,150
188	-10.25	6.25	18	200,150
188	-10.75	6.25	18	200,150
188	-10.75	7.25	18	200,150
188	-11.25	7.25	18	200,150
188	-11.75	6.75	18	200,150
188	-11.75	6.25	18	200,150
188	-11.25	5.75	18	200,150
188	-11.25	5.25	18	200,150
188	-11.75	5.25	18	200,150
188	-12.25	5.75	18	200,150
188	-12.75	5.75	18	200,150
188	-13.25	5.25	18	200,150
188	-13.75	5.25	18	200,150
188	-13.75	6.75	18	200,150
188	-13.25	7.25	18	200,150
188	-13.25	7.75	18	200,150
188	-13.75	8.25	18	200,150
188	-13.75	8.75	18	200,150
188	-9.75	12.75	18	200,150
188	-9.75	13.75	18	200,150
188	-8.75	13.75	18	200,150
188	-8.75	15.25	18	200,150
188	-9.75	16.25	18	200,150
188	-10.25	16.25	18	200,150
188	-10.75	15.75	18	200,150
188	-11.25	15.75	18	200,150
188	-11.25	16.25	18	200,150
188	-10.75	16.75	18	200,150
188	-10.75	17.25	18	200,150
188	-11.75	17.25	18	200,150
188	-11.75	17.75	18	200,150
188	-11.25	18.25	18	200,150
188	-11.25	18.75	18	200,150
188	-12.25	18.75	18	200,150
188	-13.75	20.25	18	200,150
188	-14.25	20.25	18	200,150
188	-15.25	19.25	18	200,150
188	-15.75	19.25	18	200,150
188	-15.75	19.75	18	200,150
188	-13.75	21.75	18	200,150
188	-13.75	22.25	18	200,150
188	-14.25	22.75	18	200,150
188	-14.75	22.75	18	200,150
188	-17.75	19.75	18	200,150
188	-18.75	19.75	18	200,150
188	-18.75	17.75	18	200,150
188	-19.25	17.25	18	200,150
188	-21.25	17.25	18	200,150
188	-21.25	16.75	18	200,150
188	-20.25	15.75	18	200,150
188	-20.25	15.25	18	200,150
188	-21.25	14.25	18	200,150
188	-21.75	14.25	18	200,150
188	-22.25	14.75	18	200,150
188	-22.75	14.75	18	200,150
188	-23.25	14.25	18	200,150
188	-23.25	13.75	18	200,150
188	-20.75	11.25	18	200,150
188	-20.75	10.25	18	200,150
188	-18.75	8.25	18	200,150
188	-18.75	7.75	18	200,150
188	-19.75	6.75	18	200,150
188	-19.75	6.25	18	200,150
188	-19.25	6.25	18	200,150
188	-17.75	7.75	18	200,150
188	-17.25	7.75	18	200,150
188	-17.25	7.25	18	200,150
188	-19.75	4.75	18	200,150
188	-20.25	4.75	18	200,150
188	-21.25	5.75	18	200,150
188	-21.25	6.75	18	200,150
188	-22.25	6.75	18	200,150
188	-22.25	7.75	18	200,150
188	-24.75	7.75	18	200,150
188	-24.75	6.75	18	200,150
188	-25.25	6.75	18	200,150
188	-25.75	7.25	18	200,150
188	-26.25	7.25	18	200,150
188	-26.25	6.75	18	200,150
188	-24.75	5.25	18	200,150
188	-24.75	4.75	18	200,150
188	-25.25	4.75	18	200,150
188	-27.25	6.75	18	200,150
188	-27.25	7.25	18	200,150
188	-26.75	7.75	18	200,150
188	-26.75	8.25	18	200,150
188	-27.25	8.25	18	200,150
188	-28.75	6.75	18	200,150
188	-29.25	6.75	18	200,150
188	-29.75	7.25	18	200,150
188	-29.75	7.75	18	200,150
188	-26.75	10.75	18	200,150
188	-26.75	11.25	18	200,150
188	-27.25	11.75	18	200,150
188	-28.25	11.75	18	200,150
188	-28.75	12.25	18	200,150
188	-29.25	12.25	18	200,150
188	-31.75	9.75	18	200,150
188	-32.75	9.75	18	200,150
188	-33.25	9.25	18	200,150
188	-33.75	9.25	18	200,150
188	-34.75	10.25	18	200,150
188	-34.75	11.75	18	200,150
188	-34.25	11.75	18	200,150
188	-33.25	10.75	18	200,150
188	-32.75	10.75	18	200,150
188	-31.25	12.25	18	200,150
188	-31.25	12.75	18	200,150
188	-32.75	14.25	18	200,150
188	-32.75	14.75	18	200,150
188	-32.25	14.75	18	200,150
188	-30.75	13.25	18	200,150
188	-30.25	13.25	18	200,150
188	-30.25	14.75	18	200,150
188	-31.75	16.25	18	200,150
188	-44.75	16.25	18	250,150
188	-44.75	16.75	18	250,150
188	-44.25	16.75	18	250,150
188	-44.25	15.75	18	250,150
188	-43.25	14.75	18	250,150
188	-43.25	13.75	18	250,150
188	-41.25	11.75	18	250,150
188	-41.25	11.25	18	250,150
188	-42.75	11.25	18	250,150
188	-42.75	12.25	18	250,150
188	-43.75	12.25	18	250,150
188	-44.75	13.25	18	250,150
188	-44.75	16.25	18	250,150
188	-2.75	47.25	18	200,100
188	-2.75	47.75	18	200,100
188	-1.75	48.75	18	200,100
188	-1.25	48.75	18	200,100
188	-0.25	47.75	18	200,100
188	-0.25	46.25	18	200,100
188	-0.75	45.75	18	200,100
188	-0.75	45.25	18	200,100
188	1.75	45.25	18	200,100
188	1.75	45.75	18	200,100
188	0.75	46.75	18	200,100
188	0.75	47.25	18	200,100
188	1.25	47.25	18	200,100
188	1.75	46.75	18	200,100
188	2.25	46.75	18	200,100
188	3.25	47.75	18	200,100
188	3.75	47.75	18	200,100
188	5.25	46.25	18	200,100
188	5.25	39.75	18	200,100
188	4.75	39.25	18	200,100
188	4.25	39.25	18	200,100
188	3.25	40.25	18	200,100
188	3.25	40.75	18	200,100
188	3.75	41.25	18	200,100
188	3.75	43.75	18	200,100
188	3.25	43.75	18	200,100
188	2.75	43.25	18	200,100
188	0.25	43.25	18	200,100
188	-0.25	43.75	18	200,100
188	-1.25	43.75	18	200,100
188	-1.25	44.75	18	200,100
188	-2.25	45.75	18	200,100
188	-2.25	46.75	18	200,100
188	-2.75	47.25	18	200,100
188	-44.75	47.25	18	250,100
188	-44.75	47.75	18	250,100
188	-42.75	47.75	18	250,100
188	-42.25	48.25	18	250,100
188	-42.25	49.25	18	250,100
188	-38.75	49.25	18	250,100
188	-38.75	48.75	18	250,100
188	-39.25	48.25	18	250,100
188	-39.25	46.75	18	250,100
188	-37.75	45.25	18	250,100
188	-37.75	44.75	18	250,100
188	-40.25	42.25	18	250,100
188	-41.25	42.25	18	250,100
188	-41.25	41.75	18	250,100
188	-39.25	39.75	18	250,100
188	-39.25	39.25	18	250,100
188	-41.25	39.25	18	250,100
188	-43.25	37.25	18	250,100
188	-43.75	37.25	18	250,100
188	-44.25	37.75	18	250,100
188	-44.25	38.25	18	250,100
188	-43.25	39.25	18	250,100
188	-43.25	39.75	18	250,100
188	-44.25	39.75	18	250,100
188	-44.75	40.25	18	250,100
188	-44.75	47.25	18	250,100
565	-29.25	18.75	79	200,150
565	-29.25	19.25	79	200,150
565	-22.75	25.75	79	200,150
565	-20.75	25.75	79	200,150
565	-20.75	27.75	79	200,150
565	-12.25	36.25	79	200,150
565	-11.75	36.25	79	200,150
565	-11.25	35.75	79	200,150
565	-11.25	34.75	79	200,150
565	-10.25	34.75	79	200,150
565	-8.75	33.25	79	200,150
565	-8.25	33.25	79	200,150
565	-5.75	35.75	79	200,150
565	-5.75	36.75	79	200,150
565	-3.75	36.75	79	200,150
565	-3.75	37.75	79	200,150
565	-3.25	38.25	79	200,150
565	-3.25	38.75	79	200,150
565	-3.75	39.25	79	200,150
565	-3.75	40.75	79	200,150
565	-3.25	40.75	79	200,150
565	-2.25	39.75	79	200,150
565	-1.75	39.75	79	200,150
565	-1.25	40.25	79	200,150
565	-0.75	40.25	79	200,150
565	-0.25	39.75	79	200,150
565	-0.25	39.25	79	200,150
565	-0.75	38.75	79	200,150
565	-0.75	37.75	79	200,150
565	-1.25	37.25	79	200,150
565	-1.25	36.75	79	200,150
565	-0.25	35.75	79	200,150
565	0.25	35.75	79	200,150
565	0.75	36.25	79	200,150
565	0.75	36.75	79	200,150
565	0.25	37.25	79	200,150
565	0.25	37.75	79	200,150
565	0.75	38.25	79	200,150
565	0.75	39.25	79	200,150
565	2.25	40.75	79	200,150
565	2.25	41.25	79	200,150
565	1.75	41.75	79	200,150
565	1.75	42.25	79	200,150
565	2.25	42.25	79	200,150
565	3.25	41.25	79	200,150
565	4.25	41.25	79	200,150
565	5.25	40.25	79	200,150
565	5.25	38.75	79	200,150
565	4.75	38.25	79	200,150
565	3.75	38.25	79	200,150
565	2.75	37.25	79	200,150
565	2.75	36.75	79	200,150
565	4.75	34.75	79	200,150
565	4.75	34.25	79	200,150
565	4.25	33.75	79	200,150
565	4.25	32.25	79	200,150
565	5.25	32.25	79	200,150
565	5.25	28.75	79	200,150
565	3.75	27.25	79	200,150
565	3.25	27.25	79	200,150
565	3.25	27.75	79	200,150
565	3.75	28.25	79	200,150
565	3.75	29.25	79	200,150
565	4.25	29.75	79	200,150
565	4.25	31.25	79	200,150
565	2.75	32.75	79	200,150
565	1.25	32.75	79	200,150
565	-0.25	31.25	79	200,150
565	-0.75	31.25	79	200,150
565	-0.75	31.75	79	200,150
565	-0.25	32.25	79	200,150
565	-0.25	32.75	79	200,150
565	-0.75	33.25	79	200,150
565	-1.25	33.25	79	200,150
565	-1.25	32.25	79	200,150
565	-2.75	32.25	79	200,150
565	-3.25	32.75	79	200,150
565	-3.25	33.75	79	200,150
565	-3.75	33.75	79	200,150
565	-5.75	31.75	79	200,150
565	-6.75	31.75	79	200,150
565	-7.25	31.25	79	200,150
565	-7.25	30.75	79	200,150
565	-6.25	30.75	79	200,150
565	-6.25	29.75	79	200,150
565	-5.25	29.75	79	200,150
565	-3.75	28.25	79	200,150
565	-3.75	27.25	79	200,150
565	-2.75	27.25	79	200,150
565	-1.75	26.25	79	200,150
565	-1.75	25.25	79	200,150
565	-0.75	25.25	79	200,150
565	-0.25	24.75	79	200,150
565	0.75	24.75	79	200,150
565	0.75	24.25	79	200,150
565	0.25	23.75	79	200,150
565	0.25	23.25	79	200,150
565	1.25	23.25	79	200,150
565	1.75	22.75	79	200,150
565	1.75	22.25	79	200,150
565	-0.25	22.25	79	200,150
565	-3.75	18.75	79	200,150
565	-4.25	18.75	79	200,150
565	-4.25	19.25	79	200,150
565	-0.75	22.75	79	200,150
565	-0.75	23.25	79	200,150
565	-1.75	24.25	79	200,150
565	-3.75	24.25	79	200,150
565	-6.75	27.25	79	200,150
565	-6.75	28.25	79	200,150
565	-7.25	28.75	79	200,150
565	-9.25	28.75	79	200,150
565	-11.75	31.25	79	200,150
565	-12.25	31.25	79	200,150
565	-12.75	30.75	79	200,150
565	-13.25	30.75	79	200,150
565	-13.25	31.25	79	200,150
565	-12.25	32.25	79	200,150
565	-12.25	33.75	79	200,150
565	-12.75	33.75	79	200,150
565	-13.75	32.75	79	200,150
565	-14.75	32.75	79	200,150
565	-16.25	31.25	79	200,150
565	-16.25	30.75	79	200,150
565	-15.75	30.25	79	200,150
565	-13.75	30.25	79	200,150
565	-13.75	29.75	79	200,150
565	-14.25	29.25	79	200,150
565	-15.75	29.25	79	200,150
565	-16.75	30.25	79	200,150
565	-17.25	30.25	79	200,150
565	-17.25	29.25	79	200,150
565	-17.75	28.75	79	200,150
565	-17.75	28.25	79	200,150
565	-15.75	28.25	79	200,150
565	-15.75	26.75	79	200,150
565	-16.25	26.25	79	200,150
565	-17.25	26.25	79	200,150
565	-17.25	24.25	79	200,150
565	-19.25	22.25	79	200,150
565	-20.25	22.25	79	200,150
565	-21.25	21.25	79	200,150
565	-21.25	20.25	79	200,150
565	-21.75	20.25	79	200,150
565	-22.25	20.75	79	200,150
565	-22.75	20.75	79	200,150
565	-22.75	19.75	79	200,150
565	-23.75	18.75	79	200,150
565	-24.75	18.75	79	200,150
565	-24.75	16.75	79	200,150
565	-25.75	16.75	79	200,150
565	-26.25	16.25	79	200,150
565	-27.25	16.25	79	200,150
565	-27.75	15.75	79	200,150
565	-28.25	15.75	79	200,150
565	-28.25	16.25	79	200,150
565	-27.75	16.75	79	200,150
565	-27.75	17.25	79	200,150
565	-28.75	17.25	79	200,150
565	-28.75	18.25	79	200,150
565	-29.25	18.75	79	200,150
565	-44.75	40.25	79	250,150
565	-44.75	40.75	79	250,150
565	-44.25	41.25	79	250,150
565	-43.75	41.25	79	250,150
565	-43.75	40.75	79	250,150
565	-44.25	40.25	79	250,150
565	-44.25	39.75	79	250,150
565	-42.75	38.25	79	250,150
565	-42.75	37.75	79	250,150
565	-43.25	37.75	79	250,150
565	-43.75	38.25	79	250,150
565	-44.75	38.25	79	250,150
565	-44.75	40.25	79	250,150
566	3.75	25.75	79	200,150
566	3.75	26.25	79	200,150
566	4.75	27.25	79	200,150
566	5.25	27.25	79	200,150
566	5.25	24.75	79	200,150
566	4.75	24.75	79	200,150
566	3.75	25.75	79	200,150
566	-44.75	31.25	79	250,150
566	-44.75	31.75	79	250,150
566	-44.25	32.25	79	250,150
566	-42.25	32.25	79	250,150
566	-41.75	32.75	79	250,150
566	-41.75	33.75	79	250,150
566	-41.25	34.25	79	250,150
566	-40.25	34.25	79	250,150
566	-40.25	35.25	79	250,150
566	-39.75	35.75	79	250,150
566	-39.25	35.75	79	250,150
566	-39.25	34.75	79	250,150
566	-38.75	34.75	79	250,150
566	-36.75	36.75	79	250,150
566	-36.25	36.75	79	250,150
566	-36.25	36.25	79	250,150
566	-39.25	33.25	79	250,150
566	-39.25	32.25	79	250,150
566	-39.75	31.75	79	250,150
566	-40.75	31.75	79	250,150
566	-40.75	30.25	79	250,150
566	-39.75	29.25	79	250,150
566	-39.75	28.75	79	250,150
566	-40.75	28.75	79	250,150
566	-40.75	28.25	79	250,150
566	-40.25	27.75	79	250,150
566	-40.25	26.25	79	250,150
566	-40.75	26.25	79	250,150
566	-41.25	26.75	79	250,150
566	-42.75	26.75	79	250,150
566	-44.25	25.25	79	250,150
566	-44.75	25.25	79	250,150
566	-44.75	31.25	79	250,150
336	-7.25	40.75	253	200,150
336	-7.25	41.25	253	200,150
336	-6.25	41.25	253	200,150
336	-6.25	42.25	253	200,150
336	-5.25	43.25	253	200,150
336	-3.25	43.25	253	200,150
336	-1.75	44.75	253	200,150
336	-1.75	45.25	253	200,150
336	-2.25	45.75	253	200,150
336	-2.25	46.25	253	200,150
336	0.25	48.75	253	200,150
336	1.75	48.75	253	200,150
336	2.25	48.25	253	200,150
336	3.25	48.25	253	200,150
336	4.25	47.25	253	200,150
336	4.25	46.75	253	200,150
336	3.75	46.25	253	200,150
336	3.75	45.25	253	200,150
336	2.75	45.25	253	200,150
336	2.25	44.75	253	200,150
336	2.25	43.75	253	200,150
336	-1.75	39.75	253	200,150
336	-2.25	39.75	253	200,150
336	-3.25	40.75	253	200,150
336	-3.75	40.75	253	200,150
336	-3.75	39.25	253	200,150
336	-3.25	38.75	253	200,150
336	-3.25	38.25	253	200,150
336	-3.75	37.75	253	200,150
336	-3.75	36.75	253	200,150
336	-5.75	36.75	253	200,150
336	-5.75	35.75	253	200,150
336	-6.25	35.25	253	200,150
336	-6.75	35.25	253	200,150
336	-6.75	37.25	253	200,150
336	-7.75	38.25	253	200,150
336	-7.75	38.75	253	200,150
336	-6.75	39.75	253	200,150
336	-6.75	40.25	253	200,150
336	-7.25	40.75	253	200,150
336	0.75	-1.25	253	200,200
336	0.75	-0.75	253	200,200
336	1.25	-0.25	253	200,200
336	1.75	-0.25	253	200,200
336	2.25	-0.75	253	200,200
336	2.25	-1.25	253	200,200
336	0.75	-1.25	253	200,200
403	1.75	-0.25	30	200,200
403	1.75	0.25	30	200,200
403	4.75	3.25	30	200,200
403	5.25	3.25	30	200,200
403	5.25	2.75	30	200,200
403	3.25	0.75	30	200,200
403	3.25	0.25	30	200,200
403	4.25	-0.75	30	200,200
403	4.25	-1.25	30	200,200
403	2.75	-1.25	30	200,200
403	1.75	-0.25	30	200,200
403	-44.75	3.25	30	250,200
403	-44.75	3.75	30	250,200
403	-36.25	12.25	30	250,200
403	-35.75	12.25	30	250,200
403	-35.25	11.75	30	250,200
403	-34.25	11.75	30	250,200
403	-33.75	11.25	30	250,200
403	-33.75	10.75	30	250,200
403	-34.25	10.25	30	250,200
403	-34.25	9.75	30	250,200
403	-33.75	9.75	30	250,200
403	-33.25	10.25	30	250,200
403	-32.25	10.25	30	250,200
403	-30.75	11.75	30	250,200
403	-29.75	11.75	30	250,200
403	-26.25	15.25	30	250,200
403	-26.25	16.25	30	250,200
403	-25.75	16.75	30	250,200
403	-24.25	16.75	30	250,200
403	-24.25	15.75	30	250,200
403	-23.25	14.75	30	250,200
403	-22.25	14.75	30	250,200
403	-21.75	14.25	30	250,200
403	-20.75	14.25	30	250,200
403	-19.75	13.25	30	250,200
403	-19.75	12.25	30	250,200
403	-19.25	12.25	30	250,200
403	-18.75	12.75	30	250,200
403	-18.75	13.25	30	250,200
403	-19.25	13.75	30	250,200
403	-19.25	14.25	30	250,200
403	-18.75	14.25	30	250,200
403	-14.25	9.75	30	250,200
403	-13.75	9.75	30	250,200
403	-12.25	11.25	30	250,200
403	-11.75	11.25	30	250,200
403	-11.75	10.75	30	250,200
403	-19.25	3.25	30	250,200
403	-19.25	2.25	30	250,200
403	-20.25	1.25	30	250,200
403	-21.25	1.25	30	250,200
403	-23.75	-1.25	30	250,200
403	-24.25	-1.25	30	250,200
403	-24.25	0.75	30	250,200
403	-30.25	6.75	30	250,200
403	-30.25	7.25	30	250,200
403	-29.75	7.75	30	250,200
403	-29.75	8.25	30	250,200
403	-31.25	9.75	30	250,200
403	-31.75	9.75	30	250,200
403	-32.25	9.25	30	250,200
403	-32.25	8.75	30	250,200
403	-31.25	7.75	30	250,200
403	-31.25	7.25	30	250,200
403	-31.75	6.75	30	250,200
403	-32.25	6.75	30	250,200
403	-33.25	7.75	30	250,200
403	-33.25	8.75	30	250,200
403	-33.75	8.75	30	250,200
403	-34.25	8.25	30	250,200
403	-34.25	7.75	30	250,200
403	-33.75	7.25	30	250,200
403	-33.75	6.75	30	250,200
403	-34.75	6.75	30	250,200
403	-36.75	4.75	30	250,200
403	-37.25	4.75	30	250,200
403	-37.25	5.75	30	250,200
403	-37.75	5.75	30	250,200
403	-38.75	4.75	30	250,200
403	-39.25	4.75	30	250,200
403	-39.25	5.75	30	250,200
403	-40.25	6.75	30	250,200
403	-40.75	6.75	30	250,200
403	-44.25	3.25	30	250,200
403	-44.75	3.25	30	250,200
403	2.25	48.25	30	200,150
403	2.25	48.75	30	200,150
403	2.75	48.75	30	200,150
403	2.75	48.25	30	200,150
403	2.25	48.25	30	200,150
403	-44.75	46.25	30	250,150
403	-44.75	46.75	30	250,150
403	-44.25	46.75	30	250,150
403	-36.25	38.75	30	250,150
403	-34.75	38.75	30	250,150
403	-28.75	44.75	30	250,150
403	-28.25	44.75	30	250,150
403	-28.25	44.25	30	250,150
403	-34.25	38.25	30	250,150
403	-34.25	36.75	30	250,150
403	-25.25	27.75	30	250,150
403	-25.25	26.75	30	250,150
403	-22.75	24.25	30	250,150
403	-21.75	24.25	30	250,150
403	-20.75	23.25	30	250,150
403	-20.75	22.25	30	250,150
403	-19.25	20.75	30	250,150
403	-19.25	19.75	30	250,150
403	-18.75	19.75	30	250,150
403	-18.25	20.25	30	250,150
403	-17.75	20.25	30	250,150
403	-17.75	19.75	30	250,150
403	-18.25	19.25	30	250,150
403	-18.25	18.75	30	250,150
403	-16.25	16.75	30	250,150
403	-16.25	16.25	30	250,150
403	-16.75	15.75	30	250,150
403	-16.75	13.25	30	250,150
403	-16.25	13.25	30	250,150
403	-14.75	14.75	30	250,150
403	-14.25	14.75	30	250,150
403	-13.25	13.75	30	250,150
403	-13.25	12.75	30	250,150
403	-12.25	12.75	30	250,150
403	-11.75	12.25	30	250,150
403	-11.75	11.25	30	250,150
403	-11.25	10.75	30	250,150
403	-10.25	10.75	30	250,150
403	-6.75	7.25	30	250,150
403	-5.75	7.25	30	250,150
403	-5.25	6.75	30	250,150
403	-5.25	5.75	30	250,150
403	-4.25	5.75	30	250,150
403	-4.25	4.75	30	250,150
403	-3.25	3.75	30	250,150
403	-3.25	2.25	30	250,150
403	-4.25	2.25	30	250,150
403	-5.25	1.25	30	250,150
403	-5.25	-0.75	30	250,150
403	-6.75	-0.75	30	250,150
403	-6.75	0.75	30	250,150
403	-5.75	1.75	30	250,150
403	-5.75	2.25	30	250,150
403	-6.25	2.25	30	250,150
403	-6.75	1.75	30	250,150
403	-7.25	1.75	30	250,150
403	-7.25	2.25	30	250,150
403	-6.75	2.75	30	250,150
403	-6.75	4.25	30	250,150
403	-7.75	5.25	30	250,150
403	-8.25	5.25	30	250,150
403	-9.25	4.25	30	250,150
403	-9.75	4.25	30	250,150
403	-10.25	4.75	30	250,150
403	-11.25	4.75	30	250,150
403	-11.25	5.25	30	250,150
403	-10.25	6.25	30	250,150
403	-10.25	6.75	30	250,150
403	-11.25	6.75	30	250,150
403	-12.25	7.75	30	250,150
403	-13.75	7.75	30	250,150
403	-15.25	6.25	30	250,150
403	-16.25	6.25	30	250,150
403	-16.25	4.75	30	250,150
403	-14.75	3.25	30	250,150
403	-14.75	1.25	30	250,150
403	-13.75	1.25	30	250,150
403	-13.75	0.75	30	250,150
403	-14.25	0.25	30	250,150
403	-14.75	0.25	30	250,150
403	-17.75	3.25	30	250,150
403	-17.75	4.25	30	250,150
403	-18.75	4.25	30	250,150
403	-19.25	4.75	30	250,150
403	-19.25	5.25	30	250,150
403	-18.75	5.75	30	250,150
403	-18.75	6.75	30	250,150
403	-16.75	6.75	30	250,150
403	-14.75	8.75	30	250,150
403	-14.75	9.25	30	250,150
403	-15.75	10.25	30	250,150
403	-15.75	11.25	30	250,150
403	-16.75	11.25	30	250,150
403	-17.75	12.25	30	250,150
403	-18.25	12.25	30	250,150
403	-18.25	11.75	30	250,150
403	-17.75	11.25	30	250,150
403	-17.75	10.75	30	250,150
403	-18.75	10.75	30	250,150
403	-20.25	9.25	30	250,150
403	-20.25	7.75	30	250,150
403	-19.75	7.25	30	250,150
403	-19.75	6.75	30	250,150
403	-20.25	6.25	30	250,150
403	-20.75	6.25	30	250,150
403	-21.75	7.25	30	250,150
403	-23.25	7.25	30	250,150
403	-23.25	5.25	30	250,150
403	-23.75	4.75	30	250,150
403	-24.75	4.75	30	250,150
403	-24.75	3.75	30	250,150
403	-25.75	3.75	30	250,150
403	-25.75	2.75	30	250,150
403	-26.75	1.75	30	250,150
403	-26.75	0.25	30	250,150
403	-26.25	-0.25	30	250,150
403	-26.25	-0.75	30	250,150
403	-26.75	-0.75	30	250,150
403	-27.75	0.25	30	250,150
403	-27.75	1.25	30	250,150
403	-28.75	1.25	30	250,150
403	-28.75	2.75	30	250,150
403	-27.75	3.75	30	250,150
403	-27.75	4.75	30	250,150
403	-24.25	8.25	30	250,150
403	-24.25	9.75	30	250,150
403	-26.25	11.75	30	250,150
403	-26.25	12.25	30	250,150
403	-24.75	12.25	30	250,150
403	-23.25	10.75	30	250,150
403	-22.25	10.75	30	250,150
403	-21.75	10.25	30	250,150
403	-21.25	10.25	30	250,150
403	-21.25	11.25	30	250,150
403	-19.25	13.25	30	250,150
403	-19.25	17.25	30	250,150
403	-18.75	17.75	30	250,150
403	-18.75	18.25	30	250,150
403	-19.25	18.75	30	250,150
403	-19.75	18.75	30	250,150
403	-19.75	17.75	30	250,150
403	-20.75	17.75	30	250,150
403	-20.75	16.75	30	250,150
403	-21.25	16.25	30	250,150
403	-21.75	16.25	30	250,150
403	-22.25	16.75	30	250,150
403	-22.75	16.75	30	250,150
403	-23.25	16.25	30	250,150
403	-23.75	16.25	30	250,150
403	-23.75	16.75	30	250,150
403	-23.25	17.25	30	250,150
403	-23.25	18.75	30	250,150
403	-23.75	19.25	30	250,150
403	-23.75	19.75	30	250,150
403	-23.25	20.25	30	250,150
403	-23.25	20.75	30	250,150
403	-23.75	21.25	30	250,150
403	-24.75	21.25	30	250,150
403	-24.75	22.25	30	250,150
403	-26.25	23.75	30	250,150
403	-27.25	23.75	30	250,150
403	-27.25	24.25	30	250,150
403	-26.75	24.75	30	250,150
403	-26.25	24.75	30	250,150
403	-21.25	19.75	30	250,150
403	-20.75	19.75	30	250,150
403	-20.75	21.25	30	250,150
403	-21.75	21.25	30	250,150
403	-21.75	22.25	30	250,150
403	-22.75	23.25	30	250,150
403	-23.75	23.25	30	250,150
403	-23.75	24.25	30	250,150
403	-27.75	28.25	30	250,150
403	-29.25	28.25	30	250,150
403	-29.25	27.25	30	250,150
403	-30.25	26.25	30	250,150
403	-30.75	26.25	30	250,150
403	-31.25	26.75	30	250,150
403	-32.25	26.75	30	250,150
403	-32.25	27.75	30	250,150
403	-33.25	28.75	30	250,150
403	-33.25	29.75	30	250,150
403	-33.75	30.25	30	250,150
403	-34.25	30.25	30	250,150
403	-34.75	29.75	30	250,150
403	-35.25	29.75	30	250,150
403	-35.25	30.25	30	250,150
403	-34.75	30.75	30	250,150
403	-34.75	31.25	30	250,150
403	-35.25	31.75	30	250,150
403	-36.25	31.75	30	250,150
403	-36.75	32.25	30	250,150
403	-37.25	32.25	30	250,150
403	-38.75	30.75	30	250,150
403	-39.75	30.75	30	250,150
403	-39.75	29.75	30	250,150
403	-40.25	29.75	30	250,150
403	-40.75	30.25	30	250,150
403	-40.75	31.75	30	250,150
403	-39.75	31.75	30	250,150
403	-39.25	32.25	30	250,150
403	-39.25	33.25	30	250,150
403	-36.25	36.25	30	250,150
403	-36.25	36.75	30	250,150
403	-36.75	36.75	30	250,150
403	-38.75	34.75	30	250,150
403	-39.25	34.75	30	250,150
403	-39.25	35.75	30	250,150
403	-39.75	36.25	30	250,150
403	-39.75	37.75	30	250,150
403	-39.25	37.75	30	250,150
403	-38.25	36.75	30	250,150
403	-37.75	36.75	30	250,150
403	-37.25	37.25	30	250,150
403	-37.25	37.75	30	250,150
403	-38.75	39.25	30	250,150
403	-39.75	39.25	30	250,150
403	-41.25	40.75	30	250,150
403	-41.75	40.75	30	250,150
403	-41.75	39.25	30	250,150
403	-41.25	38.75	30	250,150
403	-41.25	38.25	30	250,150
403	-42.75	38.25	30	250,150
403	-44.25	39.75	30	250,150
403	-44.25	40.25	30	250,150
403	-43.75	40.75	30	250,150
403	-43.75	41.25	30	250,150
403	-44.75	41.25	30	250,150
403	-44.75	46.25	30	250,150
403	-28.25	47.75	30	250,100
403	-28.25	48.25	30	250,100
403	-27.25	49.25	30	250,100
403	-25.75	49.25	30	250,100
403	-25.75	48.25	30	250,100
403	-25.25	47.75	30	250,100
403	-25.25	47.25	30	250,100
403	-25.75	47.25	30	250,100
403	-26.25	47.75	30	250,100
403	-26.75	47.75	30	250,100
403	-27.75	46.75	30	250,100
403	-28.25	46.75	30	250,100
403	-28.25	47.75	30	250,100
404	-24.75	9.25	30	250,200
404	-24.75	9.75	30	250,200
404	-24.25	9.75	30	250,200
404	-23.75	9.25	30	250,200
404	-23.25	9.25	30	250,200
404	-21.75	10.75	30	250,200
404	-21.25	10.75	30	250,200
404	-21.25	10.25	30	250,200
404	-21.75	9.75	30	250,200
404	-21.75	8.25	30	250,200
404	-21.25	8.25	30	250,200
404	-20.75	8.75	30	250,200
404	-20.25	8.75	30	250,200
404	-20.25	6.75	30	250,200
404	-19.75	6.75	30	250,200
404	-18.25	8.25	30	250,200
404	-17.75	8.25	30	250,200
404	-17.75	7.75	30	250,200
404	-19.75	5.75	30	250,200
404	-20.25	5.75	30	250,200
404	-20.75	6.25	30	250,200
404	-21.25	6.25	30	250,200
404	-21.25	5.75	30	250,200
404	-20.75	5.25	30	250,200
404	-20.75	3.75	30	250,200
404	-21.25	3.25	30	250,200
404	-21.25	2.25	30	250,200
404	-21.75	2.25	30	250,200
404	-22.25	2.75	30	250,200
404	-23.25	2.75	30	250,200
404	-23.75	3.25	30	250,200
404	-24.25	3.25	30	250,200
404	-24.25	2.25	30	250,200
404	-24.75	2.25	30	250,200
404	-25.75	3.25	30	250,200
404	-25.75	3.75	30	250,200
404	-24.75	3.75	30	250,200
404	-24.75	4.25	30	250,200
404	-25.25	4.75	30	250,200
404	-25.25	6.75	30	250,200
404	-25.75	7.25	30	250,200
404	-25.75	7.75	30	250,200
404	-24.75	8.75	30	250,200
404	-24.75	9.25	30	250,200
404	3.25	48.75	30	200,150
404	3.25	48.25	30	200,150
404	4.25	47.25	30	200,150
404	4.25	46.75	30	200,150
404	3.75	46.25	30	200,150
404	3.75	45.25	30	200,150
404	2.75	45.25	30	200,150
404	2.25	44.75	30	200,150
404	2.25	43.75	30	200,150
404	-0.75	40.75	30	200,150
404	-0.75	40.25	30	200,150
404	-0.25	39.75	30	200,150
404	-0.25	39.25	30	200,150
404	-0.75	38.75	30	200,150
404	-0.75	37.75	30	200,150
404	-1.25	37.25	30	200,150
404	-1.25	36.75	30	200,150
404	-0.25	35.75	30	200,150
404	0.25	35.75	30	200,150
404	0.75	36.25	30	200,150
404	0.75	36.75	30	200,150
404	0.25	37.25	30	200,150
404	0.25	37.75	30	200,150
404	0.75	38.25	30	200,150
404	0.75	39.25	30	200,150
404	2.25	40.75	30	200,150
404	2.25	41.25	30	200,150
404	1.75	41.75	30	200,150
404	1.75	42.25	30	200,150
404	2.25	42.25	30	200,150
404	3.25	41.25	30	200,150
404	4.25	41.25	30	200,150
404	4.75	40.75	30	200,150
404	5.25	40.75	30	200,150
404	5.25	47.25	30	200,150
404	4.75	47.75	30	200,150
404	4.75	48.75	30	200,150
404	3.25	48.75	30	200,150
404	-25.75	48.25	30	250,150
404	-25.75	48.75	30	250,150
404	-24.25	48.75	30	250,150
404	-24.25	48.25	30	250,150
404	-24.75	47.75	30	250,150
404	-25.25	47.75	30	250,150
404	-25.75	48.25	30	250,150
404	-25.25	49.25	30	250,100
404	-25.25	48.75	30	250,100
404	-24.75	48.25	30	250,100
404	-24.25	48.25	30	250,100
404	-24.25	48.75	30	250,100
404	-24.75	49.25	30	250,100
404	-25.25	49.25	30	250,100
331	-35.75	12.25	249	250,200
331	-35.75	12.75	249	250,200
331	-34.25	14.25	249	250,200
331	-33.75	14.25	249	250,200
331	-32.75	13.25	249	250,200
331	-32.25	13.25	249	250,200
331	-32.25	14.25	249	250,200
331	-31.75	14.25	249	250,200
331	-30.75	13.25	249	250,200
331	-30.25	13.25	249	250,200
331	-29.75	13.75	249	250,200
331	-28.75	13.75	249	250,200
331	-28.75	14.75	249	250,200
331	-27.75	15.75	249	250,200
331	-27.75	16.25	249	250,200
331	-28.25	16.75	249	250,200
331	-28.25	17.75	249	250,200
331	-28.75	17.75	249	250,200
331	-29.25	17.25	249	250,200
331	-29.75	17.25	249	250,200
331	-29.75	17.75	249	250,200
331	-29.25	18.25	249	250,200
331	-29.25	19.25	249	250,200
331	-25.75	22.75	249	250,200
331	-25.25	22.75	249	250,200
331	-24.75	22.25	249	250,200
331	-24.75	21.75	249	250,200
331	-25.75	21.75	249	250,200
331	-25.75	20.75	249	250,200
331	-26.75	20.75	249	250,200
331	-26.75	20.25	249	250,200
331	-26.25	19.75	249	250,200
331	-25.75	19.75	249	250,200
331	-25.25	20.25	249	250,200
331	-24.75	20.25	249	250,200
331	-23.75	19.25	249	250,200
331	-23.75	18.75	249	250,200
331	-24.75	18.75	249	250,200
331	-25.25	18.25	249	250,200
331	-25.25	17.75	249	250,200
331	-24.75	17.25	249	250,200
331	-24.75	16.75	249	250,200
331	-25.75	16.75	249	250,200
331	-26.25	16.25	249	250,200
331	-26.25	15.25	249	250,200
331	-29.75	11.75	249	250,200
331	-30.75	11.75	249	250,200
331	-32.25	10.25	249	250,200
331	-33.25	10.25	249	250,200
331	-33.75	9.75	249	250,200
331	-34.25	9.75	249	250,200
331	-34.25	10.25	249	250,200
331	-33.75	10.75	249	250,200
331	-33.75	11.25	249	250,200
331	-34.25	11.75	249	250,200
331	-35.25	11.75	249	250,200
331	-35.75	12.25	249	250,200
2	-25.25	22.75	10	250,200
2	-25.25	23.25	10	250,200
2	-16.25	32.25	10	250,200
2	-15.25	32.25	10	250,200
2	-14.75	32.75	10	250,200
2	-14.75	33.75	10	250,200
2	-12.25	36.25	10	250,200
2	-11.75	36.25	10	250,200
2	-10.75	35.25	10	250,200
2	-10.75	33.25	10	250,200
2	-10.25	33.25	10	250,200
2	-9.75	33.75	10	250,200
2	-9.25	33.75	10	250,200
2	-8.75	33.25	10	250,200
2	-8.25	33.25	10	250,200
2	-4.25	37.25	10	250,200
2	-4.25	38.25	10	250,200
2	-3.25	38.25	10	250,200
2	-2.75	38.75	10	250,200
2	-2.75	39.75	10	250,200
2	-1.25	41.25	10	250,200
2	-1.25	42.25	10	250,200
2	0.25	43.75	10	250,200
2	2.25	43.75	10	250,200
2	2.75	44.25	10	250,200
2	2.75	45.25	10	250,200
2	3.25	45.25	10	250,200
2	4.75	43.75	10	250,200
2	4.75	32.25	10	250,200
2	4.25	32.25	10	250,200
2	1.75	34.75	10	250,200
2	1.25	34.75	10	250,200
2	0.75	34.25	10	250,200
2	0.75	33.75	10	250,200
2	1.75	32.75	10	250,200
2	1.75	32.25	10	250,200
2	1.25	32.25	10	250,200
2	0.75	32.75	10	250,200
2	0.25	32.75	10	250,200
2	0.25	31.25	10	250,200
2	0.75	30.75	10	250,200
2	1.25	30.75	10	250,200
2	1.75	31.25	10	250,200
2	2.25	31.25	10	250,200
2	2.25	29.75	10	250,200
2	0.25	29.75	10	250,200
2	-0.25	29.25	10	250,200
2	-0.75	29.25	10	250,200
2	-0.75	29.75	10	250,200
2	-0.25	30.25	10	250,200
2	-0.25	30.75	10	250,200
2	-1.25	30.75	10	250,200
2	-1.75	31.25	10	250,200
2	-3.25	31.25	10	250,200
2	-3.75	30.75	10	250,200
2	-3.75	30.25	10	250,200
2	-3.25	29.75	10	250,200
2	-3.25	27.75	10	250,200
2	-2.75	27.25	10	250,200
2	-2.25	27.25	10	250,200
2	-1.75	27.75	10	250,200
2	-1.25	27.75	10	250,200
2	-1.25	26.75	10	250,200
2	-0.25	26.75	10	250,200
2	-0.25	25.75	10	250,200
2	0.25	25.25	10	250,200
2	0.75	25.25	10	250,200
2	1.25	25.75	10	250,200
2	1.75	25.75	10	250,200
2	1.75	24.75	10	250,200
2	2.25	24.75	10	250,200
2	2.75	25.25	10	250,200
2	2.75	25.75	10	250,200
2	2.25	26.25	10	250,200
2	2.25	27.75	10	250,200
2	3.25	28.75	10	250,200
2	4.75	28.75	10	250,200
2	4.75	25.25	10	250,200
2	2.75	23.25	10	250,200
2	2.75	21.75	10	250,200
2	3.75	20.75	10	250,200
2	4.75	20.75	10	250,200
2	4.75	17.25	10	250,200
2	4.25	16.75	10	250,200
2	3.75	16.75	10	250,200
2	3.75	17.75	10	250,200
2	3.25	18.25	10	250,200
2	3.25	19.25	10	250,200
2	1.75	20.75	10	250,200
2	1.25	20.75	10	250,200
2	0.75	20.25	10	250,200
2	0.25	20.25	10	250,200
2	-0.75	21.25	10	250,200
2	-1.25	21.25	10	250,200
2	-1.75	20.75	10	250,200
2	-2.25	20.75	10	250,200
2	-2.25	21.25	10	250,200
2	-0.25	23.25	10	250,200
2	-0.25	23.75	10	250,200
2	-0.75	24.25	10	250,200
2	-1.75	24.25	10	250,200
2	-4.25	26.75	10	250,200
2	-4.25	27.75	10	250,200
2	-4.75	28.25	10	250,200
2	-5.75	28.25	10	250,200
2	-6.25	28.75	10	250,200
2	-6.25	29.75	10	250,200
2	-7.25	29.75	10	250,200
2	-7.75	30.25	10	250,200
2	-8.25	30.25	10	250,200
2	-8.25	29.25	10	250,200
2	-8.75	29.25	10	250,200
2	-9.75	30.25	10	250,200
2	-10.75	30.25	10	250,200
2	-10.75	30.75	10	250,200
2	-10.25	31.25	10	250,200
2	-10.25	31.75	10	250,200
2	-11.75	31.75	10	250,200
2	-12.25	31.25	10	250,200
2	-12.25	30.75	10	250,200
2	-11.75	30.25	10	250,200
2	-11.75	29.75	10	250,200
2	-12.25	29.25	10	250,200
2	-13.25	29.25	10	250,200
2	-13.25	28.25	10	250,200
2	-14.25	28.25	10	250,200
2	-14.75	27.75	10	250,200
2	-15.75	27.75	10	250,200
2	-16.75	26.75	10	250,200
2	-17.75	26.75	10	250,200
2	-17.75	25.75	10	250,200
2	-18.25	25.75	10	250,200
2	-19.75	27.25	10	250,200
2	-20.25	27.25	10	250,200
2	-20.25	26.75	10	250,200
2	-19.75	26.25	10	250,200
2	-19.75	25.25	10	250,200
2	-18.75	25.25	10	250,200
2	-18.75	24.75	10	250,200
2	-19.25	24.25	10	250,200
2	-19.25	23.25	10	250,200
2	-20.25	22.25	10	250,200
2	-20.25	21.75	10	250,200
2	-19.75	21.75	10	250,200
2	-18.75	22.75	10	250,200
2	-18.25	22.75	10	250,200
2	-16.75	21.25	10	250,200
2	-16.75	20.75	10	250,200
2	-17.25	20.25	10	250,200
2	-17.25	18.75	10	250,200
2	-16.25	18.75	10	250,200
2	-16.25	17.75	10	250,200
2	-11.75	13.25	10	250,200
2	-10.25	13.25	10	250,200
2	-4.25	19.25	10	250,200
2	-4.25	20.25	10	250,200
2	-2.75	20.25	10	250,200
2	-2.75	19.75	10	250,200
2	-10.75	11.75	10	250,200
2	-10.75	10.25	10	250,200
2	-10.25	9.75	10	250,200
2	-9.75	9.75	10	250,200
2	-9.25	10.25	10	250,200
2	-8.75	10.25	10	250,200
2	-6.75	8.25	10	250,200
2	-6.75	5.25	10	250,200
2	-4.75	3.25	10	250,200
2	-4.25	3.25	10	250,200
2	-4.25	4.25	10	250,200
2	-3.75	4.75	10	250,200
2	-3.25	4.75	10	250,200
2	2.25	-0.75	10	250,200
2	2.25	-1.25	10	250,200
2	0.75	-1.25	10	250,200
2	-1.75	1.25	10	250,200
2	-2.25	1.25	10	250,200
2	-2.25	0.75	10	250,200
2	-0.75	-0.75	10	250,200
2	-0.75	-1.25	10	250,200
2	-8.25	-1.25	10	250,200
2	-10.75	1.25	10	250,200
2	-10.75	2.25	10	250,200
2	-11.75	2.25	10	250,200
2	-14.25	4.75	10	250,200
2	-14.75	4.75	10	250,200
2	-16.75	2.75	10	250,200
2	-16.75	1.75	10	250,200
2	-17.75	1.75	10	250,200
2	-19.75	-0.25	10	250,200
2	-19.75	-1.25	10	250,200
2	-20.25	-1.25	10	250,200
2	-21.25	-0.25	10	250,200
2	-21.25	0.25	10	250,200
2	-19.25	2.25	10	250,200
2	-19.25	3.25	10	250,200
2	-11.75	10.75	10	250,200
2	-11.75	11.25	10	250,200
2	-12.25	11.25	10	250,200
2	-13.75	9.75	10	250,200
2	-14.25	9.75	10	250,200
2	-18.75	14.25	10	250,200
2	-19.25	14.25	10	250,200
2	-19.25	13.75	10	250,200
2	-18.75	13.25	10	250,200
2	-18.75	12.75	10	250,200
2	-19.25	12.25	10	250,200
2	-19.75	12.25	10	250,200
2	-19.75	13.25	10	250,200
2	-20.75	14.25	10	250,200
2	-21.75	14.25	10	250,200
2	-22.25	14.75	10	250,200
2	-23.25	14.75	10	250,200
2	-24.25	15.75	10	250,200
2	-24.25	16.75	10	250,200
2	-25.25	17.75	10	250,200
2	-25.25	18.25	10	250,200
2	-24.75	18.75	10	250,200
2	-23.75	18.75	10	250,200
2	-23.75	19.25	10	250,200
2	-24.75	20.25	10	250,200
2	-25.25	20.25	10	250,200
2	-25.75	19.75	10	250,200
2	-26.25	19.75	10	250,200
2	-26.75	20.25	10	250,200
2	-26.75	20.75	10	250,200
2	-25.75	20.75	10	250,200
2	-25.75	21.75	10	250,200
2	-24.75	21.75	10	250,200
2	-24.75	22.25	10	250,200
2	-25.25	22.75	10	250,200
2	-45.25	42.75	10	300,200
2	-45.25	43.25	10	300,200
2	-44.75	43.25	10	300,200
2	-36.75	35.25	10	300,200
2	-36.75	34.25	10	300,200
2	-36.25	33.75	10	300,200
2	-36.25	33.25	10	300,200
2	-36.75	32.75	10	300,200
2	-36.75	32.25	10	300,200
2	-36.25	31.75	10	300,200
2	-36.25	30.75	10	300,200
2	-35.25	29.75	10	300,200
2	-35.25	28.75	10	300,200
2	-34.25	28.75	10	300,200
2	-34.25	28.25	10	300,200
2	-35.25	27.25	10	300,200
2	-35.25	26.25	10	300,200
2	-35.75	26.25	10	300,200
2	-36.75	27.25	10	300,200
2	-36.75	28.75	10	300,200
2	-36.25	29.25	10	300,200
2	-36.25	29.75	10	300,200
2	-37.25	30.75	10	300,200
2	-37.75	30.75	10	300,200
2	-38.25	30.25	10	300,200
2	-38.25	29.75	10	300,200
2	-37.75	29.25	10	300,200
2	-37.75	28.75	10	300,200
2	-38.75	28.75	10	300,200
2	-40.25	27.25	10	300,200
2	-40.75	27.25	10	300,200
2	-41.25	27.75	10	300,200
2	-41.75	27.75	10	300,200
2	-42.25	27.25	10	300,200
2	-42.25	26.25	10	300,200
2	-43.25	26.25	10	300,200
2	-44.75	24.75	10	300,200
2	-45.25	24.75	10	300,200
2	-45.25	29.25	10	300,200
2	-44.25	30.25	10	300,200
2	-44.25	30.75	10	300,200
2	-45.25	31.75	10	300,200
2	-45.25	42.75	10	300,200
2	-21.25	47.75	10	250,150
2	-21.25	48.25	10	250,150
2	-20.75	48.75	10	250,150
2	-20.25	48.75	10	250,150
2	-19.75	48.25	10	250,150
2	-19.75	47.75	10	250,150
2	-21.25	47.75	10	250,150
2	-45.25	39.75	10	300,150
2	-45.25	40.25	10	300,150
2	-44.75	40.25	10	300,150
2	-43.75	39.25	10	300,150
2	-43.75	38.75	10	300,150
2	-45.25	38.75	10	300,150
2	-45.25	39.75	10	300,150
181	-5.25	42.75	173	250,200
181	-5.25	43.25	173	250,200
181	-0.25	48.25	173	250,200
181	0.25	48.25	173	250,200
181	2.75	45.75	173	250,200
181	2.75	44.25	173	250,200
181	2.25	43.75	173	250,200
181	0.25	43.75	173	250,200
181	-1.25	42.25	173	250,200
181	-1.25	41.25	173	250,200
181	-2.75	39.75	173	250,200
181	-2.75	38.75	173	250,200
181	-3.25	38.25	173	250,200
181	-3.75	38.25	173	250,200
181	-4.25	38.75	173	250,200
181	-4.25	39.25	173	250,200
181	-3.75	39.75	173	250,200
181	-3.75	40.25	173	250,200
181	-5.25	41.75	173	250,200
181	-5.25	42.75	173	250,200
52	-42.25	4.75	121	50,0
52	-42.25	5.25	121	50,0
52	-41.75	5.75	121	50,0
52	-40.75	5.75	121	50,0
52	-40.75	6.75	121	50,0
52	-36.25	11.25	121	50,0
52	-34.75	11.25	121	50,0
52	-34.25	10.75	121	50,0
52	-33.75	10.75	121	50,0
52	-32.25	12.25	121	50,0
52	-32.25	12.75	121	50,0
52	-33.25	13.75	121	50,0
52	-33.25	14.25	121	50,0
52	-31.75	15.75	121	50,0
52	-29.75	15.75	121	50,0
52	-29.25	16.25	121	50,0
52	-29.25	18.25	121	50,0
52	-27.25	18.25	121	50,0
52	-26.75	18.75	121	50,0
52	-26.25	18.75	121	50,0
52	-26.25	17.75	121	50,0
52	-25.75	17.75	121	50,0
52	-24.75	18.75	121	50,0
52	-24.75	19.25	121	50,0
52	-25.25	19.75	121	50,0
52	-25.25	20.25	121	50,0
52	-22.75	20.25	121	50,0
52	-22.25	19.75	121	50,0
52	-22.25	18.75	121	50,0
52	-20.75	17.25	121	50,0
52	-20.25	17.25	121	50,0
52	-19.75	17.75	121	50,0
52	-19.25	17.75	121	50,0
52	-18.75	17.25	121	50,0
52	-16.75	17.25	121	50,0
52	-16.75	16.75	121	50,0
52	-17.25	16.25	121	50,0
52	-17.25	15.75	121	50,0
52	-16.75	15.75	121	50,0
52	-15.75	16.75	121	50,0
52	-15.75	17.75	121	50,0
52	-14.75	17.75	121	50,0
52	-13.25	19.25	121	50,0
52	-13.25	19.75	121	50,0
52	-13.75	20.25	121	50,0
52	-13.75	20.75	121	50,0
52	-13.25	21.25	121	50,0
52	-13.25	21.75	121	50,0
52	-14.25	21.75	121	50,0
52	-14.75	22.25	121	50,0
52	-14.75	23.25	121	50,0
52	-17.75	26.25	121	50,0
52	-17.75	26.75	121	50,0
52	-16.75	27.75	121	50,0
52	-15.25	27.75	121	50,0
52	-12.75	25.25	121	50,0
52	-12.25	25.25	121	50,0
52	-11.25	26.25	121	50,0
52	-11.25	27.75	121	50,0
52	-12.75	29.25	121	50,0
52	-12.75	30.25	121	50,0
52	-13.25	30.75	121	50,0
52	-13.25	31.25	121	50,0
52	-12.25	32.25	121	50,0
52	-11.75	32.25	121	50,0
52	-11.25	31.75	121	50,0
52	-10.75	31.75	121	50,0
52	-10.25	32.25	121	50,0
52	-8.75	32.25	121	50,0
52	-7.25	30.75	121	50,0
52	-7.25	30.25	121	50,0
52	-8.25	29.25	121	50,0
52	-8.75	29.25	121	50,0
52	-10.25	30.75	121	50,0
52	-10.75	30.75	121	50,0
52	-11.75	29.75	121	50,0
52	-11.75	29.25	121	50,0
52	-10.25	27.75	121	50,0
52	-9.75	27.75	121	50,0
52	-9.25	28.25	121	50,0
52	-8.75	28.25	121	50,0
52	-8.25	27.75	121	50,0
52	-8.25	27.25	121	50,0
52	-8.75	26.75	121	50,0
52	-8.75	26.25	121	50,0
52	-8.25	26.25	121	50,0
52	-7.25	27.25	121	50,0
52	-7.25	28.25	121	50,0
52	-6.25	29.25	121	50,0
52	-5.25	29.25	121	50,0
52	-4.75	29.75	121	50,0
52	-4.75	30.75	121	50,0
52	-3.75	30.75	121	50,0
52	-3.25	31.25	121	50,0
52	-3.25	32.75	121	50,0
52	-4.25	32.75	121	50,0
52	-4.25	33.25	121	50,0
52	-2.75	34.75	121	50,0
52	-2.75	35.25	121	50,0
52	-3.25	35.75	121	50,0
52	-3.25	36.75	121	50,0
52	-3.75	37.25	121	50,0
52	-3.75	37.75	121	50,0
52	-3.25	37.75	121	50,0
52	-1.25	35.75	121	50,0
52	-0.75	35.75	121	50,0
52	-0.75	37.75	121	50,0
52	-0.25	38.25	121	50,0
52	-0.25	38.75	121	50,0
52	-1.25	39.75	121	50,0
52	-1.75	39.75	121	50,0
52	-2.25	39.25	121	50,0
52	-2.75	39.25	121	50,0
52	-2.75	39.75	121	50,0
52	-2.25	40.25	121	50,0
52	-2.25	41.25	121	50,0
52	-1.75	41.25	121	50,0
52	0.25	39.25	121	50,0
52	0.75	39.25	121	50,0
52	1.25	39.75	121	50,0
52	2.25	39.75	121	50,0
52	2.75	40.25	121	50,0
52	2.75	40.75	121	50,0
52	1.25	42.25	121	50,0
52	1.25	42.75	121	50,0
52	4.25	45.75	121	50,0
52	4.75	45.75	121	50,0
52	4.75	28.25	121	50,0
52	2.75	26.25	121	50,0
52	2.75	25.75	121	50,0
52	4.75	23.75	121	50,0
52	4.75	11.25	121	50,0
52	4.25	11.25	121	50,0
52	4.25	12.25	121	50,0
52	3.75	12.25	121	50,0
52	3.25	11.75	121	50,0
52	2.75	11.75	121	50,0
52	2.25	12.25	121	50,0
52	2.25	12.75	121	50,0
52	2.75	13.25	121	50,0
52	2.75	13.75	121	50,0
52	2.25	13.75	121	50,0
52	1.25	12.75	121	50,0
52	0.75	12.75	121	50,0
52	0.25	13.25	121	50,0
52	0.25	14.75	121	50,0
52	0.75	15.25	121	50,0
52	2.25	15.25	121	50,0
52	2.75	14.75	121	50,0
52	3.25	14.75	121	50,0
52	4.25	15.75	121	50,0
52	4.25	16.25	121	50,0
52	2.75	17.75	121	50,0
52	2.25	17.75	121	50,0
52	1.25	16.75	121	50,0
52	0.75	16.75	121	50,0
52	-0.25	17.75	121	50,0
52	-0.25	18.25	121	50,0
52	0.75	19.25	121	50,0
52	0.75	19.75	121	50,0
52	-1.25	21.75	121	50,0
52	-1.25	22.25	121	50,0
52	-0.25	23.25	121	50,0
52	0.25	23.25	121	50,0
52	1.75	21.75	121	50,0
52	2.25	21.75	121	50,0
52	2.75	22.25	121	50,0
52	2.75	22.75	121	50,0
52	0.75	24.75	121	50,0
52	0.75	25.75	121	50,0
52	0.25	26.25	121	50,0
52	0.25	26.75	121	50,0
52	0.75	27.25	121	50,0
52	0.75	27.75	121	50,0
52	0.25	27.75	121	50,0
52	-6.25	21.25	121	50,0
52	-6.25	20.75	121	50,0
52	-4.25	20.75	121	50,0
52	-3.75	20.25	121	50,0
52	-2.75	20.25	121	50,0
52	-2.75	19.25	121	50,0
52	-1.75	18.25	121	50,0
52	-1.75	17.75	121	50,0
52	-3.25	16.25	121	50,0
52	-3.75	16.25	121	50,0
52	-4.25	16.75	121	50,0
52	-4.25	17.75	121	50,0
52	-4.75	17.75	121	50,0
52	-5.25	17.25	121	50,0
52	-5.75	17.25	121	50,0
52	-6.25	17.75	121	50,0
52	-6.75	17.75	121	50,0
52	-7.25	17.25	121	50,0
52	-7.25	16.75	121	50,0
52	-6.75	16.25	121	50,0
52	-6.75	15.75	121	50,0
52	-7.75	15.75	121	50,0
52	-8.25	15.25	121	50,0
52	-9.25	15.25	121	50,0
52	-13.75	10.75	121	50,0
52	-13.75	9.75	121	50,0
52	-14.75	9.75	121	50,0
52	-16.25	8.25	121	50,0
52	-16.25	7.25	121	50,0
52	-17.25	6.25	121	50,0
52	-17.75	6.25	121	50,0
52	-17.75	6.75	121	50,0
52	-17.25	7.25	121	50,0
52	-17.25	7.75	121	50,0
52	-17.75	8.25	121	50,0
52	-17.75	9.25	121	50,0
52	-18.25	9.75	121	50,0
52	-19.75	9.75	121	50,0
52	-20.25	9.25	121	50,0
52	-20.25	8.25	121	50,0
52	-21.75	6.75	121	50,0
52	-22.25	6.75	121	50,0
52	-23.75	8.25	121	50,0
52	-24.75	8.25	121	50,0
52	-24.75	8.75	121	50,0
52	-22.75	10.75	121	50,0
52	-22.75	11.25	121	50,0
52	-23.25	11.75	121	50,0
52	-23.75	11.75	121	50,0
52	-25.25	10.25	121	50,0
52	-25.25	9.25	121	50,0
52	-26.25	8.25	121	50,0
52	-26.75	8.25	121	50,0
52	-29.75	11.25	121	50,0
52	-29.75	11.75	121	50,0
52	-28.75	12.75	121	50,0
52	-28.25	12.75	121	50,0
52	-26.25	10.75	121	50,0
52	-25.75	10.75	121	50,0
52	-25.75	11.75	121	50,0
52	-24.75	12.75	121	50,0
52	-24.75	13.25	121	50,0
52	-26.25	14.75	121	50,0
52	-26.25	15.75	121	50,0
52	-27.25	15.75	121	50,0
52	-27.75	16.25	121	50,0
52	-28.25	16.25	121	50,0
52	-29.75	14.75	121	50,0
52	-29.75	14.25	121	50,0
52	-29.25	13.75	121	50,0
52	-29.25	13.25	121	50,0
52	-30.25	12.25	121	50,0
52	-31.25	12.25	121	50,0
52	-32.75	10.75	121	50,0
52	-32.75	10.25	121	50,0
52	-32.25	9.75	121	50,0
52	-32.25	9.25	121	50,0
52	-32.75	8.75	121	50,0
52	-32.75	8.25	121	50,0
52	-31.75	7.25	121	50,0
52	-31.75	6.75	121	50,0
52	-33.25	5.25	121	50,0
52	-33.25	4.25	121	50,0
52	-35.25	2.25	121	50,0
52	-35.75	2.25	121	50,0
52	-38.25	4.75	121	50,0
52	-38.75	4.75	121	50,0
52	-39.75	3.75	121	50,0
52	-40.25	3.75	121	50,0
52	-40.75	4.25	121	50,0
52	-41.25	4.25	121	50,0
52	-41.25	3.25	121	50,0
52	-42.75	1.75	121	50,0
52	-43.25	1.75	121	50,0
52	-43.75	2.25	121	50,0
52	-43.75	2.75	121	50,0
52	-42.25	4.25	121	50,0
52	-42.25	4.75	121	50,0
52	-45.25	45.75	121	100,0
52	-45.25	46.25	121	100,0
52	-44.75	46.25	121	100,0
52	-43.25	44.75	121	100,0
52	-43.25	44.25	121	100,0
52	-44.75	42.75	121	100,0
52	-45.25	42.75	121	100,0
52	-45.25	45.75	121	100,0
127	-28.75	18.25	14	50,0
127	-28.75	18.75	14	50,0
127	-19.25	28.25	14	50,0
127	-18.25	28.25	14	50,0
127	-17.75	28.75	14	50,0
127	-17.75	29.75	14	50,0
127	-15.25	32.25	14	50,0
127	-14.75	32.25	14	50,0
127	-12.75	30.25	14	50,0
127	-12.75	29.25	14	50,0
127	-11.25	27.75	14	50,0
127	-11.25	26.25	14	50,0
127	-12.25	25.25	14	50,0
127	-12.75	25.25	14	50,0
127	-15.25	27.75	14	50,0
127	-16.75	27.75	14	50,0
127	-17.75	26.75	14	50,0
127	-17.75	26.25	14	50,0
127	-14.75	23.25	14	50,0
127	-14.75	22.25	14	50,0
127	-14.25	21.75	14	50,0
127	-13.25	21.75	14	50,0
127	-13.25	21.25	14	50,0
127	-13.75	20.75	14	50,0
127	-13.75	20.25	14	50,0
127	-13.25	19.75	14	50,0
127	-13.25	19.25	14	50,0
127	-14.75	17.75	14	50,0
127	-15.75	17.75	14	50,0
127	-15.75	16.75	14	50,0
127	-16.75	15.75	14	50,0
127	-17.25	15.75	14	50,0
127	-17.25	16.25	14	50,0
127	-16.75	16.75	14	50,0
127	-16.75	17.25	14	50,0
127	-18.75	17.25	14	50,0
127	-19.25	17.75	14	50,0
127	-19.75	17.75	14	50,0
127	-20.25	17.25	14	50,0
127	-20.75	17.25	14	50,0
127	-22.25	18.75	14	50,0
127	-22.25	19.75	14	50,0
127	-22.75	20.25	14	50,0
127	-25.25	20.25	14	50,0
127	-25.25	19.75	14	50,0
127	-24.75	19.25	14	50,0
127	-24.75	18.75	14	50,0
127	-25.75	17.75	14	50,0
127	-26.25	17.75	14	50,0
127	-26.25	18.75	14	50,0
127	-26.75	18.75	14	50,0
127	-27.25	18.25	14	50,0
127	-28.75	18.25	14	50,0
348	-13.25	33.75	260	50,0
348	-13.25	34.25	260	50,0
348	-12.25	35.25	260	50,0
348	-11.25	35.25	260	50,0
348	-10.75	35.75	260	50,0
348	-10.75	36.75	260	50,0
348	-9.75	36.75	260	50,0
348	-9.25	37.25	260	50,0
348	-9.25	38.25	260	50,0
348	-2.25	45.25	260	50,0
348	-1.75	45.25	260	50,0
348	-1.25	44.75	260	50,0
348	-0.75	44.75	260	50,0
348	-0.25	45.25	260	50,0
348	1.75	45.25	260	50,0
348	2.25	45.75	260	50,0
348	2.75	45.75	260	50,0
348	3.25	45.25	260	50,0
348	3.25	44.75	260	50,0
348	1.25	42.75	260	50,0
348	1.25	42.25	260	50,0
348	2.75	40.75	260	50,0
348	2.75	40.25	260	50,0
348	2.25	39.75	260	50,0
348	1.25	39.75	260	50,0
348	0.75	39.25	260	50,0
348	0.25	39.25	260	50,0
348	-1.75	41.25	260	50,0
348	-2.25	41.25	260	50,0
348	-2.25	40.25	260	50,0
348	-2.75	39.75	260	50,0
348	-2.75	39.25	260	50,0
348	-2.25	39.25	260	50,0
348	-1.75	39.75	260	50,0
348	-1.25	39.75	260	50,0
348	-0.25	38.75	260	50,0
348	-0.25	38.25	260	50,0
348	-0.75	37.75	260	50,0
348	-0.75	35.75	260	50,0
348	-1.25	35.75	260	50,0
348	-3.25	37.75	260	50,0
348	-3.75	37.75	260	50,0
348	-3.75	37.25	260	50,0
348	-3.25	36.75	260	50,0
348	-3.25	35.75	260	50,0
348	-2.75	35.25	260	50,0
348	-2.75	34.75	260	50,0
348	-4.25	33.25	260	50,0
348	-4.75	33.25	260	50,0
348	-6.75	35.25	260	50,0
348	-8.25	35.25	260	50,0
348	-8.25	34.25	260	50,0
348	-8.75	34.25	260	50,0
348	-9.25	34.75	260	50,0
348	-9.75	34.75	260	50,0
348	-10.25	34.25	260	50,0
348	-10.25	33.75	260	50,0
348	-9.75	33.25	260	50,0
348	-9.75	32.75	260	50,0
348	-10.75	31.75	260	50,0
348	-11.25	31.75	260	50,0
348	-11.75	32.25	260	50,0
348	-12.75	32.25	260	50,0
348	-13.25	32.75	260	50,0
348	-13.25	33.75	260	50,0
539	3.25	0.25	68	50,50
539	3.25	0.75	68	50,50
539	4.25	1.75	68	50,50
539	4.75	1.75	68	50,50
539	4.75	-0.75	68	50,50
539	4.25	-0.75	68	50,50
539	3.25	0.25	68	50,50
539	-45.25	1.75	68	100,50
539	-45.25	2.25	68	100,50
539	-43.75	3.75	68	100,50
539	-42.25	3.75	68	100,50
539	-41.75	3.25	68	100,50
539	-41.25	3.25	68	100,50
539	-41.25	3.75	68	100,50
539	-41.75	4.25	68	100,50
539	-41.75	4.75	68	100,50
539	-39.75	4.75	68	100,50
539	-38.75	5.75	68	100,50
539	-38.75	6.25	68	100,50
539	-39.75	7.25	68	100,50
539	-39.75	7.75	68	100,50
539	-39.25	8.25	68	100,50
539	-37.75	8.25	68	100,50
539	-36.75	7.25	68	100,50
539	-36.25	7.25	68	100,50
539	-35.25	8.25	68	100,50
539	-35.25	10.25	68	100,50
539	-33.25	10.25	68	100,50
539	-30.75	12.75	68	100,50
539	-29.75	12.75	68	100,50
539	-29.25	13.25	68	100,50
539	-29.25	14.25	68	100,50
539	-28.25	15.25	68	100,50
539	-27.75	15.25	68	100,50
539	-27.25	14.75	68	100,50
539	-26.75	14.75	68	100,50
539	-25.75	15.75	68	100,50
539	-24.75	15.75	68	100,50
539	-24.75	16.75	68	100,50
539	-18.25	23.25	68	100,50
539	-18.25	24.25	68	100,50
539	-17.25	24.25	68	100,50
539	-14.75	26.75	68	100,50
539	-12.75	26.75	68	100,50
539	-12.25	27.25	68	100,50
539	-11.75	27.25	68	100,50
539	-11.75	25.75	68	100,50
539	-14.75	22.75	68	100,50
539	-14.75	20.75	68	100,50
539	-15.25	20.75	68	100,50
539	-15.75	21.25	68	100,50
539	-16.25	21.25	68	100,50
539	-22.75	14.75	68	100,50
539	-22.75	13.75	68	100,50
539	-23.75	13.75	68	100,50
539	-24.75	12.75	68	100,50
539	-24.75	10.75	68	100,50
539	-25.25	10.25	68	100,50
539	-25.75	10.25	68	100,50
539	-26.25	10.75	68	100,50
539	-26.75	10.75	68	100,50
539	-26.75	9.75	68	100,50
539	-27.75	9.75	68	100,50
539	-27.75	9.25	68	100,50
539	-26.75	8.25	68	100,50
539	-26.75	7.25	68	100,50
539	-26.25	6.75	68	100,50
539	-26.25	6.25	68	100,50
539	-26.75	6.25	68	100,50
539	-27.25	6.75	68	100,50
539	-27.75	6.75	68	100,50
539	-27.75	6.25	68	100,50
539	-26.75	5.25	68	100,50
539	-26.75	4.75	68	100,50
539	-27.25	4.75	68	100,50
539	-27.75	5.25	68	100,50
539	-28.25	5.25	68	100,50
539	-28.75	4.75	68	100,50
539	-28.75	4.25	68	100,50
539	-28.25	3.75	68	100,50
539	-28.25	3.25	68	100,50
539	-28.75	2.75	68	100,50
539	-28.75	1.75	68	100,50
539	-29.25	1.75	68	100,50
539	-30.25	2.75	68	100,50
539	-31.75	2.75	68	100,50
539	-31.75	2.25	68	100,50
539	-29.25	-0.25	68	100,50
539	-29.25	-0.75	68	100,50
539	-34.75	-0.75	68	100,50
539	-34.75	-0.25	68	100,50
539	-33.75	0.75	68	100,50
539	-33.75	1.25	68	100,50
539	-34.25	1.25	68	100,50
539	-36.25	-0.75	68	100,50
539	-37.75	-0.75	68	100,50
539	-37.75	-0.25	68	100,50
539	-35.25	2.25	68	100,50
539	-35.25	2.75	68	100,50
539	-36.75	4.25	68	100,50
539	-37.25	4.25	68	100,50
539	-40.25	1.25	68	100,50
539	-40.75	1.25	68	100,50
539	-41.25	1.75	68	100,50
539	-41.75	1.75	68	100,50
539	-43.25	0.25	68	100,50
539	-43.25	-0.75	68	100,50
539	-44.75	-0.75	68	100,50
539	-45.25	-0.25	68	100,50
539	-45.25	1.75	68	100,50
539	-45.25	48.75	68	100,0
539	-45.25	49.25	68	100,0
539	-43.75	49.25	68	100,0
539	-43.75	48.75	68	100,0
539	-44.25	48.25	68	100,0
539	-44.75	48.25	68	100,0
539	-45.25	48.75	68	100,0
540	-27.75	2.25	68	100,50
540	-27.75	2.75	68	100,50
540	-26.25	2.75	68	100,50
540	-26.25	1.75	68	100,50
540	-25.25	1.75	68	100,50
540	-24.25	0.75	68	100,50
540	-23.75	0.75	68	100,50
540	-23.75	1.75	68	100,50
540	-23.25	2.25	68	100,50
540	-23.25	3.25	68	100,50
540	-21.25	3.25	68	100,50
540	-21.25	4.25	68	100,50
540	-19.75	5.75	68	100,50
540	-19.75	6.75	68	100,50
540	-19.25	6.75	68	100,50
540	-18.25	5.75	68	100,50
540	-18.25	5.25	68	100,50
540	-21.75	1.75	68	100,50
540	-21.75	1.25	68	100,50
540	-21.25	1.25	68	100,50
540	-20.75	1.75	68	100,50
540	-20.25	1.75	68	100,50
540	-20.25	1.25	68	100,50
540	-20.75	0.75	68	100,50
540	-20.75	0.25	68	100,50
540	-19.75	0.25	68	100,50
540	-19.25	-0.25	68	100,50
540	-19.25	-0.75	68	100,50
540	-26.75	-0.75	68	100,50
540	-27.25	-0.25	68	100,50
540	-27.25	0.75	68	100,50
540	-28.25	0.75	68	100,50
540	-28.25	1.25	68	100,50
540	-27.75	1.75	68	100,50
540	-27.75	2.25	68	100,50
540	-37.25	48.75	68	100,0
540	-37.25	49.25	68	100,0
540	-36.75	49.25	68	100,0
540	-36.75	48.75	68	100,0
540	-37.25	48.75	68	100,0
605	-39.25	7.75	94	150,100
605	-39.25	8.25	94	150,100
605	-38.25	9.25	94	150,100
605	-37.75	9.25	94	150,100
605	-35.75	7.25	94	150,100
605	-35.25	7.25	94	150,100
605	-34.75	7.75	94	150,100
605	-34.75	8.75	94	150,100
605	-34.25	9.25	94	150,100
605	-33.25	9.25	94	150,100
605	-31.25	11.25	94	150,100
605	-30.25	11.25	94	150,100
605	-29.75	11.75	94	150,100
605	-29.25	11.75	94	150,100
605	-27.75	10.25	94	150,100
605	-27.75	9.75	94	150,100
605	-28.25	9.25	94	150,100
605	-28.25	7.75	94	150,100
605	-27.25	6.75	94	150,100
605	-27.25	5.75	94	150,100
605	-26.75	5.25	94	150,100
605	-26.75	4.75	94	150,100
605	-27.25	4.25	94	150,100
605	-27.25	3.75	94	150,100
605	-26.25	2.75	94	150,100
605	-26.25	2.25	94	150,100
605	-26.75	2.25	94	150,100
605	-27.75	3.25	94	150,100
605	-28.25	3.25	94	150,100
605	-28.75	2.75	94	150,100
605	-29.25	2.75	94	150,100
605	-29.75	3.25	94	150,100
605	-30.25	3.25	94	150,100
605	-30.75	2.75	94	150,100
605	-30.75	2.25	94	150,100
605	-28.25	-0.25	94	150,100
605	-27.75	-0.25	94	150,100
605	-27.25	0.25	94	150,100
605	-27.25	0.75	94	150,100
605	-27.75	1.25	94	150,100
605	-27.75	1.75	94	150,100
605	-27.25	1.75	94	150,100
605	-26.75	1.25	94	150,100
605	-26.25	1.25	94	150,100
605	-25.75	1.75	94	150,100
605	-25.25	1.75	94	150,100
605	-24.25	0.75	94	150,100
605	-24.25	-0.25	94	150,100
605	-23.75	-0.75	94	150,100
605	-23.75	-1.25	94	150,100
605	-31.25	-1.25	94	150,100
605	-35.25	2.75	94	150,100
605	-35.25	3.25	94	150,100
605	-34.25	4.25	94	150,100
605	-34.25	4.75	94	150,100
605	-35.25	5.75	94	150,100
605	-35.75	5.75	94	150,100
605	-36.75	4.75	94	150,100
605	-37.25	4.75	94	150,100
605	-37.25	5.75	94	150,100
605	-39.25	7.75	94	150,100
605	-30.75	48.25	94	150,50
605	-30.75	48.75	94	150,50
605	-20.25	48.75	94	150,50
605	-19.75	48.25	94	150,50
605	-19.75	47.75	94	150,50
605	-20.75	47.75	94	150,50
605	-20.75	47.25	94	150,50
605	-20.25	46.75	94	150,50
605	-20.25	46.25	94	150,50
605	-20.75	46.25	94	150,50
605	-21.25	46.75	94	150,50
605	-21.75	46.75	94	150,50
605	-21.75	46.25	94	150,50
605	-20.25	44.75	94	150,50
605	-19.25	44.75	94	150,50
605	-18.25	43.75	94	150,50
605	-17.25	43.75	94	150,50
605	-16.75	43.25	94	150,50
605	-16.75	42.75	94	150,50
605	-17.25	42.25	94	150,50
605	-17.25	41.75	94	150,50
605	-16.75	41.25	94	150,50
605	-16.75	40.75	94	150,50
605	-17.75	39.75	94	150,50
605	-17.75	39.25	94	150,50
605	-17.25	38.75	94	150,50
605	-16.25	38.75	94	150,50
605	-16.25	37.75	94	150,50
605	-15.25	36.75	94	150,50
605	-14.25	36.75	94	150,50
605	-14.25	36.25	94	150,50
605	-14.75	35.75	94	150,50
605	-14.75	35.25	94	150,50
605	-13.25	33.75	94	150,50
605	-12.25	33.75	94	150,50
605	-10.75	32.25	94	150,50
605	-10.75	31.75	94	150,50
605	-11.25	31.75	94	150,50
605	-11.75	32.25	94	150,50
605	-12.75	32.25	94	150,50
605	-13.25	32.75	94	150,50
605	-13.75	32.75	94	150,50
605	-13.75	32.25	94	150,50
605	-11.25	29.75	94	150,50
605	-11.25	29.25	94	150,50
605	-11.75	29.25	94	150,50
605	-22.25	39.75	94	150,50
605	-22.25	40.75	94	150,50
605	-22.75	41.25	94	150,50
605	-23.75	41.25	94	150,50
605	-27.25	44.75	94	150,50
605	-27.25	45.25	94	150,50
605	-26.25	46.25	94	150,50
605	-26.25	46.75	94	150,50
605	-26.75	46.75	94	150,50
605	-27.75	45.75	94	150,50
605	-28.25	45.75	94	150,50
605	-30.75	48.25	94	150,50
606	-23.25	-0.75	94	150,100
606	-23.25	-1.25	94	150,100
606	-19.75	-1.25	94	150,100
606	-19.75	-0.75	94	150,100
606	-20.75	0.25	94	150,100
606	-20.75	0.75	94	150,100
606	-20.25	0.75	94	150,100
606	-19.75	0.25	94	150,100
606	-19.25	0.25	94	150,100
606	-18.75	0.75	94	150,100
606	-18.75	1.25	94	150,100
606	-19.25	1.75	94	150,100
606	-20.75	1.75	94	150,100
606	-23.25	-0.75	94	150,100
434	-2.75	44.25	322	150,100
434	-2.75	44.75	322	150,100
434	-2.25	44.75	322	150,100
434	4.75	37.75	322	150,100
434	4.75	37.25	322	150,100
434	4.25	37.25	322	150,100
434	-2.75	44.25	322	150,100
434	-45.25	36.75	322	200,100
434	-45.25	37.25	322	200,100
434	-44.75	37.25	322	200,100
434	-40.75	33.25	322	200,100
434	-40.75	32.75	322	200,100
434	-41.25	32.75	322	200,100
434	-45.25	36.75	322	200,100
309	3.25	0.25	236	200,200
309	3.25	0.75	236	200,200
309	4.75	2.25	236	200,200
309	5.25	2.25	236	200,200
309	5.25	-1.25	236	200,200
309	4.75	-1.25	236	200,200
309	3.25	0.25	236	200,200
309	-44.75	2.25	236	250,200
309	-44.75	2.75	236	250,200
309	-42.75	4.75	236	250,200
309	-42.25	4.75	236	250,200
309	-39.75	2.25	236	250,200
309	-39.75	1.25	236	250,200
309	-38.75	0.25	236	250,200
309	-37.75	0.25	236	250,200
309	-37.25	-0.25	236	250,200
309	-36.75	-0.25	236	250,200
309	-36.25	0.25	236	250,200
309	-35.75	0.25	236	250,200
309	-35.75	-0.25	236	250,200
309	-36.75	-1.25	236	250,200
309	-37.25	-1.25	236	250,200
309	-37.75	-0.75	236	250,200
309	-39.25	-0.75	236	250,200
309	-39.75	-1.25	236	250,200
309	-44.25	-1.25	236	250,200
309	-44.75	-0.75	236	250,200
309	-44.75	2.25	236	250,200
309	4.75	47.75	236	200,150
309	4.75	48.25	236	200,150
309	5.25	48.25	236	200,150
309	5.25	47.75	236	200,150
309	4.75	47.75	236	200,150
309	-44.75	48.25	236	250,150
309	-44.75	48.75	236	250,150
309	-39.25	48.75	236	250,150
309	-38.75	48.25	236	250,150
309	-38.75	47.75	236	250,150
309	-41.25	45.25	236	250,150
309	-41.25	44.75	236	250,150
309	-40.75	44.75	236	250,150
309	-38.75	46.75	236	250,150
309	-38.25	46.75	236	250,150
309	-38.25	46.25	236	250,150
309	-39.75	44.75	236	250,150
309	-39.75	43.25	236	250,150
309	-35.75	39.25	236	250,150
309	-35.75	38.75	236	250,150
309	-36.25	38.75	236	250,150
309	-44.75	47.25	236	250,150
309	-44.75	48.25	236	250,150
309	-45.25	20.75	236	300,150
309	-45.25	21.25	236	300,150
309	-44.75	21.25	236	300,150
309	-41.25	17.75	236	300,150
309	-41.25	17.25	236	300,150
309	-41.75	16.75	236	300,150
309	-41.75	15.25	236	300,150
309	-40.75	15.25	236	300,150
309	-40.75	14.75	236	300,150
309	-41.25	14.25	236	300,150
309	-41.25	13.25	236	300,150
309	-43.25	13.25	236	300,150
309	-44.25	12.25	236	300,150
309	-44.75	12.25	236	300,150
309	-45.25	12.75	236	300,150
309	-45.25	15.25	236	300,150
309	-44.75	15.25	236	300,150
309	-43.75	14.25	236	300,150
309	-43.25	14.25	236	300,150
309	-42.75	14.75	236	300,150
309	-42.75	16.25	236	300,150
309	-44.25	17.75	236	300,150
309	-45.25	17.75	236	300,150
309	-45.25	20.75	236	300,150
310	-34.25	0.75	236	250,200
310	-34.25	1.25	236	250,200
310	-33.25	2.25	236	250,200
310	-32.75	2.25	236	250,200
310	-32.75	1.75	236	250,200
310	-33.25	1.25	236	250,200
310	-33.25	0.75	236	250,200
310	-31.75	-0.75	236	250,200
310	-31.75	-1.25	236	250,200
310	-35.25	-1.25	236	250,200
310	-35.25	-0.75	236	250,200
310	-34.25	0.25	236	250,200
310	-34.25	0.75	236	250,200
310	-36.75	48.25	236	250,150
310	-36.75	48.75	236	250,150
310	-32.25	48.75	236	250,150
310	-31.75	48.25	236	250,150
310	-30.75	48.25	236	250,150
310	-28.75	46.25	236	250,150
310	-27.75	46.25	236	250,150
310	-27.25	45.75	236	250,150
310	-26.75	45.75	236	250,150
310	-25.75	46.75	236	250,150
310	-24.25	46.75	236	250,150
310	-23.75	46.25	236	250,150
310	-23.75	45.75	236	250,150
310	-25.75	43.75	236	250,150
310	-25.75	43.25	236	250,150
310	-23.75	41.25	236	250,150
310	-21.75	41.25	236	250,150
310	-21.75	39.25	236	250,150
310	-19.75	37.25	236	250,150
310	-19.75	36.25	236	250,150
310	-18.75	36.25	236	250,150
310	-17.75	35.25	236	250,150
310	-17.75	34.25	236	250,150
310	-16.25	32.75	236	250,150
310	-15.25	32.75	236	250,150
310	-15.25	31.75	236	250,150
310	-12.25	28.75	236	250,150
310	-11.75	28.75	236	250,150
310	-10.75	29.75	236	250,150
310	-10.25	29.75	236	250,150
310	-10.25	27.75	236	250,150
310	-9.25	26.75	236	250,150
310	-9.25	25.75	236	250,150
310	-8.25	25.75	236	250,150
310	-7.75	25.25	236	250,150
310	-7.25	25.25	236	250,150
310	-5.25	27.25	236	250,150
310	-4.75	27.25	236	250,150
310	-4.25	26.75	236	250,150
310	-4.25	26.25	236	250,150
310	-5.25	25.25	236	250,150
310	-5.25	24.25	236	250,150
310	-5.75	23.75	236	250,150
310	-5.75	23.25	236	250,150
310	-4.75	22.25	236	250,150
310	-2.75	22.25	236	250,150
310	-2.75	21.75	236	250,150
310	-3.25	21.25	236	250,150
310	-3.25	20.75	236	250,150
310	-2.75	20.75	236	250,150
310	-0.75	22.75	236	250,150
310	-0.25	22.75	236	250,150
310	-0.25	20.25	236	250,150
310	-1.25	20.25	236	250,150
310	-1.75	19.75	236	250,150
310	-1.75	19.25	236	250,150
310	-1.25	18.75	236	250,150
310	-1.25	17.75	236	250,150
310	-0.25	17.75	236	250,150
310	2.75	14.75	236	250,150
310	3.25	14.75	236	250,150
310	4.25	15.75	236	250,150
310	4.75	15.75	236	250,150
310	4.75	12.25	236	250,150
310	4.25	12.25	236	250,150
310	2.75	13.75	236	250,150
310	2.25	13.75	236	250,150
310	1.75	13.25	236	250,150
310	1.25	13.25	236	250,150
310	0.25	14.25	236	250,150
310	-0.25	14.25	236	250,150
310	-0.25	13.25	236	250,150
310	-0.75	13.25	236	250,150
310	-3.25	15.75	236	250,150
310	-3.25	16.25	236	250,150
310	-2.75	16.25	236	250,150
310	-1.25	14.75	236	250,150
310	-0.75	14.75	236	250,150
310	-0.75	15.25	236	250,150
310	-3.25	17.75	236	250,150
310	-3.75	17.75	236	250,150
310	-3.75	16.75	236	250,150
310	-4.25	16.75	236	250,150
310	-5.75	18.25	236	250,150
310	-6.25	18.25	236	250,150
310	-6.75	17.75	236	250,150
310	-7.25	17.75	236	250,150
310	-7.75	18.25	236	250,150
310	-7.75	18.75	236	250,150
310	-7.25	19.25	236	250,150
310	-7.25	19.75	236	250,150
310	-8.25	20.75	236	250,150
310	-10.25	20.75	236	250,150
310	-10.75	21.25	236	250,150
310	-10.75	21.75	236	250,150
310	-10.25	22.25	236	250,150
310	-10.25	22.75	236	250,150
310	-24.25	36.75	236	250,150
310	-25.25	36.75	236	250,150
310	-25.75	37.25	236	250,150
310	-25.75	38.25	236	250,150
310	-28.25	40.75	236	250,150
310	-30.25	40.75	236	250,150
310	-30.75	41.25	236	250,150
310	-30.75	41.75	236	250,150
310	-28.25	44.25	236	250,150
310	-28.25	44.75	236	250,150
310	-28.75	44.75	236	250,150
310	-31.25	42.25	236	250,150
310	-31.75	42.25	236	250,150
310	-31.75	42.75	236	250,150
310	-31.25	43.25	236	250,150
310	-31.25	43.75	236	250,150
310	-35.25	47.75	236	250,150
310	-36.25	47.75	236	250,150
310	-36.75	48.25	236	250,150
572	-42.25	4.75	80	250,200
572	-42.25	5.25	80	250,200
572	-40.75	6.75	80	250,200
572	-40.25	6.75	80	250,200
572	-39.25	5.75	80	250,200
572	-39.25	4.75	80	250,200
572	-38.75	4.75	80	250,200
572	-37.75	5.75	80	250,200
572	-37.25	5.75	80	250,200
572	-37.25	4.75	80	250,200
572	-36.75	4.75	80	250,200
572	-34.75	6.75	80	250,200
572	-33.75	6.75	80	250,200
572	-33.75	7.25	80	250,200
572	-34.25	7.75	80	250,200
572	-34.25	8.25	80	250,200
572	-33.75	8.75	80	250,200
572	-33.25	8.75	80	250,200
572	-33.25	7.75	80	250,200
572	-32.25	6.75	80	250,200
572	-31.75	6.75	80	250,200
572	-31.25	7.25	80	250,200
572	-31.25	7.75	80	250,200
572	-32.25	8.75	80	250,200
572	-32.25	9.25	80	250,200
572	-31.75	9.75	80	250,200
572	-31.25	9.75	80	250,200
572	-29.75	8.25	80	250,200
572	-29.75	7.75	80	250,200
572	-30.25	7.25	80	250,200
572	-30.25	6.75	80	250,200
572	-24.25	0.75	80	250,200
572	-24.25	-0.75	80	250,200
572	-24.75	-1.25	80	250,200
572	-26.25	-1.25	80	250,200
572	-26.75	-0.75	80	250,200
572	-26.75	-0.25	80	250,200
572	-26.25	0.25	80	250,200
572	-26.25	0.75	80	250,200
572	-27.25	0.75	80	250,200
572	-28.25	1.75	80	250,200
572	-29.25	1.75	80	250,200
572	-30.25	2.75	80	250,200
572	-30.75	2.75	80	250,200
572	-31.25	2.25	80	250,200
572	-31.25	1.75	80	250,200
572	-30.75	1.25	80	250,200
572	-30.75	0.75	80	250,200
572	-31.25	0.75	80	250,200
572	-31.75	1.25	80	250,200
572	-32.25	1.25	80	250,200
572	-32.25	0.25	80	250,200
572	-32.75	0.25	80	250,200
572	-33.25	0.75	80	250,200
572	-33.25	1.25	80	250,200
572	-32.75	1.75	80	250,200
572	-32.75	2.25	80	250,200
572	-33.25	2.25	80	250,200
572	-34.25	1.25	80	250,200
572	-34.25	0.25	80	250,200
572	-35.75	-1.25	80	250,200
572	-36.25	-1.25	80	250,200
572	-36.25	-0.75	80	250,200
572	-35.75	-0.25	80	250,200
572	-35.75	0.25	80	250,200
572	-36.25	0.25	80	250,200
572	-36.75	-0.25	80	250,200
572	-37.25	-0.25	80	250,200
572	-37.75	0.25	80	250,200
572	-38.75	0.25	80	250,200
572	-39.75	1.25	80	250,200
572	-39.75	2.25	80	250,200
572	-42.25	4.75	80	250,200
572	-29.75	47.25	80	250,150
572	-29.75	47.75	80	250,150
572	-28.75	48.75	80	250,150
572	-28.25	48.75	80	250,150
572	-27.75	48.25	80	250,150
572	-27.25	48.25	80	250,150
572	-26.75	48.75	80	250,150
572	-26.25	48.75	80	250,150
572	-25.25	47.75	80	250,150
572	-24.75	47.75	80	250,150
572	-23.75	48.75	80	250,150
572	-21.25	48.75	80	250,150
572	-21.25	47.75	80	250,150
572	-19.25	45.75	80	250,150
572	-19.25	45.25	80	250,150
572	-19.75	44.75	80	250,150
572	-21.25	44.75	80	250,150
572	-22.25	45.75	80	250,150
572	-22.75	45.75	80	250,150
572	-23.75	44.75	80	250,150
572	-23.75	43.75	80	250,150
572	-24.75	43.75	80	250,150
572	-25.25	43.25	80	250,150
572	-25.75	43.25	80	250,150
572	-25.75	43.75	80	250,150
572	-23.75	45.75	80	250,150
572	-23.75	46.25	80	250,150
572	-24.25	46.75	80	250,150
572	-25.75	46.75	80	250,150
572	-26.75	45.75	80	250,150
572	-27.25	45.75	80	250,150
572	-27.75	46.25	80	250,150
572	-28.75	46.25	80	250,150
572	-29.75	47.25	80	250,150
573	-29.75	-0.75	80	250,200
573	-29.75	-0.25	80	250,200
573	-29.25	-0.25	80	250,200
573	-28.75	-0.75	80	250,200
573	-28.75	-1.25	80	250,200
573	-29.25	-1.25	80	250,200
573	-29.75	-0.75	80	250,200
574	-23.25	-1.25	80	250,200
574	-23.25	-0.75	80	250,200
574	-21.25	1.25	80	250,200
574	-20.75	1.25	80	250,200
574	-20.75	0.75	80	250,200
574	-21.25	0.25	80	250,200
574	-21.25	-0.25	80	250,200
574	-20.75	-0.75	80	250,200
574	-20.75	-1.25	80	250,200
574	-23.25	-1.25	80	250,200
455	-20.25	26.75	34	250,200
455	-20.25	27.25	34	250,200
455	-19.75	27.25	34	250,200
455	-18.25	25.75	34	250,200
455	-17.75	25.75	34	250,200
455	-17.75	26.75	34	250,200
455	-16.75	26.75	34	250,200
455	-15.75	27.75	34	250,200
455	-14.75	27.75	34	250,200
455	-14.25	28.25	34	250,200
455	-13.25	28.25	34	250,200
455	-13.25	29.25	34	250,200
455	-12.25	29.25	34	250,200
455	-11.75	29.75	34	250,200
455	-11.75	30.25	34	250,200
455	-12.25	30.75	34	250,200
455	-12.25	31.25	34	250,200
455	-11.75	31.75	34	250,200
455	-10.25	31.75	34	250,200
455	-10.25	31.25	34	250,200
455	-10.75	30.75	34	250,200
455	-10.75	30.25	34	250,200
455	-9.75	30.25	34	250,200
455	-8.75	29.25	34	250,200
455	-8.25	29.25	34	250,200
455	-8.25	30.25	34	250,200
455	-7.75	30.25	34	250,200
455	-7.25	29.75	34	250,200
455	-6.25	29.75	34	250,200
455	-6.25	28.75	34	250,200
455	-5.75	28.25	34	250,200
455	-4.75	28.25	34	250,200
455	-4.25	27.75	34	250,200
455	-4.25	26.75	34	250,200
455	-1.75	24.25	34	250,200
455	-0.75	24.25	34	250,200
455	-0.25	23.75	34	250,200
455	-0.25	23.25	34	250,200
455	-2.25	21.25	34	250,200
455	-2.25	20.75	34	250,200
455	-1.75	20.75	34	250,200
455	-1.25	21.25	34	250,200
455	-0.75	21.25	34	250,200
455	0.25	20.25	34	250,200
455	0.75	20.25	34	250,200
455	1.25	20.75	34	250,200
455	1.75	20.75	34	250,200
455	3.25	19.25	34	250,200
455	3.25	18.25	34	250,200
455	3.75	17.75	34	250,200
455	3.75	16.75	34	250,200
455	4.75	16.75	34	250,200
455	4.75	15.25	34	250,200
455	3.75	15.25	34	250,200
455	3.25	14.75	34	250,200
455	2.25	14.75	34	250,200
455	2.25	13.75	34	250,200
455	1.75	13.25	34	250,200
455	1.75	11.75	34	250,200
455	4.25	9.25	34	250,200
455	4.25	8.25	34	250,200
455	4.75	7.75	34	250,200
455	4.75	-0.75	34	250,200
455	4.25	-1.25	34	250,200
455	2.75	-1.25	34	250,200
455	-3.25	4.75	34	250,200
455	-3.75	4.75	34	250,200
455	-4.25	4.25	34	250,200
455	-4.25	3.25	34	250,200
455	-4.75	3.25	34	250,200
455	-6.75	5.25	34	250,200
455	-6.75	8.25	34	250,200
455	-8.75	10.25	34	250,200
455	-9.25	10.25	34	250,200
455	-9.75	9.75	34	250,200
455	-10.25	9.75	34	250,200
455	-10.75	10.25	34	250,200
455	-10.75	11.75	34	250,200
455	-2.75	19.75	34	250,200
455	-2.75	20.25	34	250,200
455	-4.25	20.25	34	250,200
455	-4.25	19.25	34	250,200
455	-10.25	13.25	34	250,200
455	-11.75	13.25	34	250,200
455	-16.25	17.75	34	250,200
455	-16.25	18.75	34	250,200
455	-17.25	18.75	34	250,200
455	-17.25	20.25	34	250,200
455	-16.75	20.75	34	250,200
455	-16.75	21.25	34	250,200
455	-18.25	22.75	34	250,200
455	-18.75	22.75	34	250,200
455	-19.75	21.75	34	250,200
455	-20.25	21.75	34	250,200
455	-20.25	22.25	34	250,200
455	-19.25	23.25	34	250,200
455	-19.25	24.25	34	250,200
455	-18.75	24.75	34	250,200
455	-18.75	25.25	34	250,200
455	-19.75	25.25	34	250,200
455	-19.75	26.25	34	250,200
455	-20.25	26.75	34	250,200
455	-45.25	16.75	34	300,200
455	-45.25	17.25	34	300,200
455	-44.75	17.25	34	300,200
455	-43.25	15.75	34	300,200
455	-42.25	15.75	34	300,200
455	-41.75	15.25	34	300,200
455	-41.75	14.25	34	300,200
455	-40.75	14.25	34	300,200
455	-40.75	13.25	34	300,200
455	-39.75	13.25	34	300,200
455	-39.75	12.25	34	300,200
455	-35.25	7.75	34	300,200
455	-35.25	6.75	34	300,200
455	-34.75	6.25	34	300,200
455	-34.75	5.75	34	300,200
455	-35.25	5.25	34	300,200
455	-35.75	5.25	34	300,200
455	-45.25	14.75	34	300,200
455	-45.25	16.75	34	300,200
455	3.25	48.25	34	250,150
455	3.25	48.75	34	250,150
455	4.75	48.75	34	250,150
455	4.75	47.25	34	250,150
455	4.25	47.25	34	250,150
455	3.25	48.25	34	250,150
455	-45.25	47.75	34	300,150
455	-45.25	48.25	34	300,150
455	-44.75	48.75	34	300,150
455	-31.25	48.75	34	300,150
455	-31.25	47.75	34	300,150
455	-30.25	46.75	34	300,150
455	-29.75	46.75	34	300,150
455	-29.25	47.25	34	300,150
455	-28.75	47.25	34	300,150
455	-28.25	46.75	34	300,150
455	-27.75	46.75	34	300,150
455	-25.75	48.75	34	300,150
455	-25.25	48.75	34	300,150
455	-24.75	48.25	34	300,150
455	-24.75	47.75	34	300,150
455	-25.75	47.75	34	300,150
455	-26.25	47.25	34	300,150
455	-26.25	46.75	34	300,150
455	-24.25	46.75	34	300,150
455	-22.25	44.75	34	300,150
455	-22.25	44.25	34	300,150
455	-23.25	43.25	34	300,150
455	-23.75	43.25	34	300,150
455	-25.75	45.25	34	300,150
455	-26.25	45.25	34	300,150
455	-27.25	44.25	34	300,150
455	-27.25	43.75	34	300,150
455	-26.75	43.25	34	300,150
455	-25.75	43.25	34	300,150
455	-23.75	41.25	34	300,150
455	-23.75	39.75	34	300,150
455	-24.25	39.25	34	300,150
455	-26.75	39.25	34	300,150
455	-26.75	40.25	34	300,150
455	-27.25	40.25	34	300,150
455	-27.75	39.75	34	300,150
455	-27.75	38.75	34	300,150
455	-28.25	38.75	34	300,150
455	-28.75	39.25	34	300,150
455	-28.75	40.25	34	300,150
455	-31.25	40.25	34	300,150
455	-31.25	39.75	34	300,150
455	-30.25	38.75	34	300,150
455	-30.25	38.25	34	300,150
455	-30.75	38.25	34	300,150
455	-32.25	39.75	34	300,150
455	-32.75	39.75	34	300,150
455	-32.75	39.25	34	300,150
455	-31.25	37.75	34	300,150
455	-31.25	37.25	34	300,150
455	-31.75	36.75	34	300,150
455	-32.25	36.75	34	300,150
455	-33.25	37.75	34	300,150
455	-34.75	37.75	34	300,150
455	-34.75	36.75	34	300,150
455	-35.25	36.25	34	300,150
455	-36.75	36.25	34	300,150
455	-36.75	37.25	34	300,150
455	-37.75	37.25	34	300,150
455	-38.25	37.75	34	300,150
455	-38.75	37.75	34	300,150
455	-39.25	37.25	34	300,150
455	-39.75	37.25	34	300,150
455	-39.75	38.25	34	300,150
455	-40.75	39.25	34	300,150
455	-40.75	40.25	34	300,150
455	-41.25	40.75	34	300,150
455	-41.25	42.75	34	300,150
455	-42.75	44.25	34	300,150
455	-42.75	45.75	34	300,150
455	-42.25	46.25	34	300,150
455	-42.25	46.75	34	300,150
455	-42.75	47.25	34	300,150
455	-43.25	47.25	34	300,150
455	-44.25	46.25	34	300,150
455	-44.75	46.25	34	300,150
455	-45.25	46.75	34	300,150
455	-45.25	47.75	34	300,150
456	-8.25	24.75	34	250,200
456	-8.25	25.25	34	250,200
456	-7.75	25.75	34	250,200
456	-7.25	25.75	34	250,200
456	-6.75	25.25	34	250,200
456	-5.75	25.25	34	250,200
456	-4.25	23.75	34	250,200
456	-4.25	22.75	34	250,200
456	-3.25	21.75	34	250,200
456	-3.25	21.25	34	250,200
456	-3.75	21.25	34	250,200
456	-4.25	21.75	34	250,200
456	-4.75	21.75	34	250,200
456	-5.75	20.75	34	250,200
456	-6.25	20.75	34	250,200
456	-7.75	22.25	34	250,200
456	-7.75	22.75	34	250,200
456	-7.25	23.25	34	250,200
456	-7.25	23.75	34	250,200
456	-8.25	24.75	34	250,200
456	-45.25	7.75	34	300,200
456	-45.25	8.25	34	300,200
456	-44.75	8.25	34	300,200
456	-43.75	7.25	34	300,200
456	-42.75	7.25	34	300,200
456	-41.75	6.25	34	300,200
456	-41.75	5.25	34	300,200
456	-40.75	5.25	34	300,200
456	-40.75	3.75	34	300,200
456	-41.75	3.75	34	300,200
456	-41.75	3.25	34	300,200
456	-41.25	2.75	34	300,200
456	-40.75	2.75	34	300,200
456	-40.25	3.25	34	300,200
456	-39.75	3.25	34	300,200
456	-38.25	1.75	34	300,200
456	-37.75	1.75	34	300,200
456	-37.75	2.75	34	300,200
456	-36.25	4.25	34	300,200
456	-34.25	4.25	34	300,200
456	-33.75	4.75	34	300,200
456	-32.25	4.75	34	300,200
456	-31.25	3.75	34	300,200
456	-31.25	2.75	34	300,200
456	-30.25	2.75	34	300,200
456	-30.25	2.25	34	300,200
456	-31.25	1.25	34	300,200
456	-31.75	1.25	34	300,200
456	-33.25	2.75	34	300,200
456	-34.25	2.75	34	300,200
456	-34.75	3.25	34	300,200
456	-35.25	3.25	34	300,200
456	-35.75	2.75	34	300,200
456	-35.75	1.75	34	300,200
456	-36.75	1.75	34	300,200
456	-36.75	1.25	34	300,200
456	-35.25	-0.25	34	300,200
456	-34.75	-0.25	34	300,200
456	-34.75	0.25	34	300,200
456	-35.25	0.75	34	300,200
456	-35.25	1.25	34	300,200
456	-34.75	1.25	34	300,200
456	-33.75	0.25	34	300,200
456	-31.75	0.25	34	300,200
456	-30.75	-0.75	34	300,200
456	-30.75	-1.25	34	300,200
456	-45.25	-1.25	34	300,200
456	-45.25	7.75	34	300,200
549	-36.75	9.25	72	150,100
549	-36.75	9.75	72	150,100
549	-33.75	12.75	72	150,100
549	-33.25	12.75	72	150,100
549	-32.75	12.25	72	150,100
549	-32.25	12.25	72	150,100
549	-32.25	13.25	72	150,100
549	-31.75	13.25	72	150,100
549	-31.25	12.75	72	150,100
549	-30.75	12.75	72	150,100
549	-29.75	13.75	72	150,100
549	-28.75	13.75	72	150,100
549	-28.75	14.75	72	150,100
549	-28.25	14.75	72	150,100
549	-27.75	14.25	72	150,100
549	-27.25	14.25	72	150,100
549	-26.25	15.25	72	150,100
549	-26.25	16.25	72	150,100
549	-25.75	16.25	72	150,100
549	-19.75	10.25	72	150,100
549	-18.75	10.25	72	150,100
549	-18.75	9.25	72	150,100
549	-17.75	9.25	72	150,100
549	-17.75	8.25	72	150,100
549	-16.25	6.75	72	150,100
549	-16.25	6.25	72	150,100
549	-16.75	5.75	72	150,100
549	-16.75	4.75	72	150,100
549	-17.25	4.25	72	150,100
549	-18.25	4.25	72	150,100
549	-19.75	2.75	72	150,100
549	-20.25	2.75	72	150,100
549	-20.25	3.25	72	150,100
549	-18.75	4.75	72	150,100
549	-18.75	5.25	72	150,100
549	-19.25	5.75	72	150,100
549	-19.25	6.25	72	150,100
549	-18.25	7.25	72	150,100
549	-18.25	7.75	72	150,100
549	-19.25	8.75	72	150,100
549	-20.25	8.75	72	150,100
549	-20.25	9.75	72	150,100
549	-20.75	10.25	72	150,100
549	-21.75	10.25	72	150,100
549	-22.25	10.75	72	150,100
549	-23.75	10.75	72	150,100
549	-23.75	10.25	72	150,100
549	-19.75	6.25	72	150,100
549	-19.75	5.75	72	150,100
549	-22.75	2.75	72	150,100
549	-23.25	2.75	72	150,100
549	-23.25	3.75	72	150,100
549	-24.75	5.25	72	150,100
549	-25.25	5.25	72	150,100
549	-25.25	4.75	72	150,100
549	-24.25	3.75	72	150,100
549	-24.25	3.25	72	150,100
549	-24.75	3.25	72	150,100
549	-27.25	5.75	72	150,100
549	-27.25	6.75	72	150,100
549	-28.25	7.75	72	150,100
549	-28.25	9.25	72	150,100
549	-27.75	9.75	72	150,100
549	-27.75	10.25	72	150,100
549	-29.25	11.75	72	150,100
549	-29.75	11.75	72	150,100
549	-30.25	11.25	72	150,100
549	-31.25	11.25	72	150,100
549	-33.25	9.25	72	150,100
549	-34.25	9.25	72	150,100
549	-34.75	8.75	72	150,100
549	-34.75	7.75	72	150,100
549	-35.25	7.25	72	150,100
549	-35.75	7.25	72	150,100
549	-36.75	8.25	72	150,100
549	-36.75	9.25	72	150,100
334	-10.75	35.25	251	250,200
334	-10.75	35.75	251	250,200
334	-9.25	35.75	251	250,200
334	-9.25	34.75	251	250,200
334	-8.75	34.75	251	250,200
334	-7.75	35.75	251	250,200
334	-7.75	36.25	251	250,200
334	-8.75	37.25	251	250,200
334	-8.75	37.75	251	250,200
334	-7.25	39.25	251	250,200
334	-6.75	39.25	251	250,200
334	-6.75	38.75	251	250,200
334	-7.75	37.75	251	250,200
334	-7.75	37.25	251	250,200
334	-7.25	36.75	251	250,200
334	-6.75	36.75	251	250,200
334	-6.75	37.75	251	250,200
334	-5.75	37.75	251	250,200
334	-5.25	38.25	251	250,200
334	-4.75	38.25	251	250,200
334	-4.25	37.75	251	250,200
334	-4.25	37.25	251	250,200
334	-8.25	33.25	251	250,200
334	-8.75	33.25	251	250,200
334	-9.25	33.75	251	250,200
334	-9.75	33.75	251	250,200
334	-10.25	33.25	251	250,200
334	-10.75	33.25	251	250,200
334	-10.75	35.25	251	250,200
476	-29.75	14.25	45	50,0
476	-29.75	14.75	45	50,0
476	-28.25	16.25	45	50,0
476	-27.75	16.25	45	50,0
476	-27.25	15.75	45	50,0
476	-26.25	15.75	45	50,0
476	-26.25	14.75	45	50,0
476	-24.75	13.25	45	50,0
476	-24.75	12.75	45	50,0
476	-25.75	11.75	45	50,0
476	-25.75	10.75	45	50,0
476	-26.25	10.75	45	50,0
476	-28.25	12.75	45	50,0
476	-28.75	12.75	45	50,0
476	-29.75	11.75	45	50,0
476	-29.75	11.25	45	50,0
476	-26.75	8.25	45	50,0
476	-26.25	8.25	45	50,0
476	-25.25	9.25	45	50,0
476	-25.25	10.25	45	50,0
476	-23.75	11.75	45	50,0
476	-23.25	11.75	45	50,0
476	-22.75	11.25	45	50,0
476	-22.75	10.75	45	50,0
476	-24.75	8.75	45	50,0
476	-24.75	8.25	45	50,0
476	-23.75	8.25	45	50,0
476	-22.25	6.75	45	50,0
476	-21.75	6.75	45	50,0
476	-20.25	8.25	45	50,0
476	-20.25	9.25	45	50,0
476	-19.75	9.75	45	50,0
476	-18.25	9.75	45	50,0
476	-17.75	9.25	45	50,0
476	-17.75	8.25	45	50,0
476	-17.25	7.75	45	50,0
476	-17.25	7.25	45	50,0
476	-17.75	6.75	45	50,0
476	-17.75	6.25	45	50,0
476	-17.25	5.75	45	50,0
476	-17.25	5.25	45	50,0
476	-20.25	2.25	45	50,0
476	-20.75	2.25	45	50,0
476	-21.25	2.75	45	50,0
476	-21.25	3.25	45	50,0
476	-20.75	3.75	45	50,0
476	-20.75	5.25	45	50,0
476	-22.25	5.25	45	50,0
476	-24.75	2.75	45	50,0
476	-24.75	2.25	45	50,0
476	-23.75	1.25	45	50,0
476	-23.75	0.75	45	50,0
476	-24.25	0.75	45	50,0
476	-25.25	1.75	45	50,0
476	-26.25	1.75	45	50,0
476	-29.25	4.75	45	50,0
476	-30.25	4.75	45	50,0
476	-30.25	5.75	45	50,0
476	-30.75	6.25	45	50,0
476	-30.75	6.75	45	50,0
476	-28.75	8.75	45	50,0
476	-28.75	9.25	45	50,0
476	-30.25	10.75	45	50,0
476	-30.75	10.75	45	50,0
476	-31.75	9.75	45	50,0
476	-32.25	9.75	45	50,0
476	-32.75	10.25	45	50,0
476	-32.75	10.75	45	50,0
476	-31.25	12.25	45	50,0
476	-30.25	12.25	45	50,0
476	-29.25	13.25	45	50,0
476	-29.25	13.75	45	50,0
476	-29.75	14.25	45	50,0
236	-10.25	33.75	210	50,0
236	-10.25	34.25	210	50,0
236	-9.75	34.75	210	50,0
236	-9.25	34.75	210	50,0
236	-8.75	34.25	210	50,0
236	-8.25	34.25	210	50,0
236	-8.25	35.25	210	50,0
236	-6.75	35.25	210	50,0
236	-4.25	32.75	210	50,0
236	-3.25	32.75	210	50,0
236	-3.25	31.25	210	50,0
236	-3.75	30.75	210	50,0
236	-4.75	30.75	210	50,0
236	-4.75	29.75	210	50,0
236	-5.25	29.25	210	50,0
236	-6.25	29.25	210	50,0
236	-7.25	28.25	210	50,0
236	-7.25	27.25	210	50,0
236	-8.25	26.25	210	50,0
236	-8.75	26.25	210	50,0
236	-8.75	26.75	210	50,0
236	-8.25	27.25	210	50,0
236	-8.25	27.75	210	50,0
236	-8.75	28.25	210	50,0
236	-9.25	28.25	210	50,0
236	-9.75	27.75	210	50,0
236	-10.25	27.75	210	50,0
236	-11.75	29.25	210	50,0
236	-11.75	29.75	210	50,0
236	-10.75	30.75	210	50,0
236	-10.25	30.75	210	50,0
236	-8.75	29.25	210	50,0
236	-8.25	29.25	210	50,0
236	-7.25	30.25	210	50,0
236	-7.25	30.75	210	50,0
236	-8.75	32.25	210	50,0
236	-9.75	32.25	210	50,0
236	-9.75	33.25	210	50,0
236	-10.25	33.75	210	50,0
541	-36.25	47.75	68	100,0
541	-36.25	48.25	68	100,0
541	-35.25	49.25	68	100,0
541	-28.75	49.25	68	100,0
541	-28.75	48.25	68	100,0
541	-27.75	48.25	68	100,0
541	-27.25	47.75	68	100,0
541	-26.75	47.75	68	100,0
541	-26.25	48.25	68	100,0
541	-26.25	49.25	68	100,0
541	-19.75	49.25	68	100,0
541	-19.75	48.75	68	100,0
541	-20.25	48.25	68	100,0
541	-21.25	48.25	68	100,0
541	-21.25	47.25	68	100,0
541	-22.25	46.25	68	100,0
541	-22.25	45.75	68	100,0
541	-21.75	45.25	68	100,0
541	-21.75	44.75	68	100,0
541	-22.25	44.75	68	100,0
541	-22.75	45.25	68	100,0
541	-23.25	45.25	68	100,0
541	-24.25	44.25	68	100,0
541	-24.25	42.25	68	100,0
541	-24.75	42.25	68	100,0
541	-25.25	42.75	68	100,0
541	-25.75	42.75	68	100,0
541	-28.25	40.25	68	100,0
541	-28.75	40.25	68	100,0
541	-28.75	40.75	68	100,0
541	-26.25	43.25	68	100,0
541	-26.25	43.75	68	100,0
541	-27.25	44.75	68	100,0
541	-27.75	44.75	68	100,0
541	-27.75	43.75	68	100,0
541	-28.75	43.75	68	100,0
541	-35.25	37.25	68	100,0
541	-35.75	37.25	68	100,0
541	-35.75	37.75	68	100,0
541	-30.75	42.75	68	100,0
541	-30.75	43.25	68	100,0
541	-32.75	43.25	68	100,0
541	-36.25	46.75	68	100,0
541	-36.25	47.75	68	100,0
315	-43.25	-0.25	24	100,50
315	-43.25	0.25	24	100,50
315	-41.75	1.75	24	100,50
315	-41.25	1.75	24	100,50
315	-40.75	1.25	24	100,50
315	-40.25	1.25	24	100,50
315	-37.25	4.25	24	100,50
315	-36.75	4.25	24	100,50
315	-35.25	2.75	24	100,50
315	-35.25	2.25	24	100,50
315	-38.25	-0.75	24	100,50
315	-42.75	-0.75	24	100,50
315	-43.25	-0.25	24	100,50
315	4.25	46.25	24	50,0
315	4.25	46.75	24	50,0
315	4.75	46.75	24	50,0
315	4.75	46.25	24	50,0
315	4.25	46.25	24	50,0
315	-45.25	46.75	24	100,0
315	-45.25	47.25	24	100,0
315	-43.25	49.25	24	100,0
315	-37.75	49.25	24	100,0
315	-37.25	48.75	24	100,0
315	-36.75	48.75	24	100,0
315	-36.25	49.25	24	100,0
315	-35.75	49.25	24	100,0
315	-35.75	48.75	24	100,0
315	-36.25	48.25	24	100,0
315	-36.25	46.75	24	100,0
315	-32.75	43.25	24	100,0
315	-30.75	43.25	24	100,0
315	-30.75	42.75	24	100,0
315	-35.75	37.75	24	100,0
315	-35.75	37.25	24	100,0
315	-35.25	37.25	24	100,0
315	-28.75	43.75	24	100,0
315	-27.75	43.75	24	100,0
315	-27.75	44.75	24	100,0
315	-27.25	44.75	24	100,0
315	-26.25	43.75	24	100,0
315	-26.25	43.25	24	100,0
315	-28.75	40.75	24	100,0
315	-28.75	40.25	24	100,0
315	-26.75	38.25	24	100,0
315	-26.25	38.25	24	100,0
315	-23.75	40.75	24	100,0
315	-23.25	40.75	24	100,0
315	-22.25	39.75	24	100,0
315	-22.25	39.25	24	100,0
315	-24.75	36.75	24	100,0
315	-24.75	36.25	24	100,0
315	-23.25	34.75	24	100,0
315	-23.25	33.75	24	100,0
315	-15.75	26.25	24	100,0
315	-15.25	26.25	24	100,0
315	-12.75	28.75	24	100,0
315	-11.25	28.75	24	100,0
315	-10.75	28.25	24	100,0
315	-10.75	27.75	24	100,0
315	-13.25	25.25	24	100,0
315	-13.25	24.75	24	100,0
315	-10.75	22.25	24	100,0
315	-10.25	22.25	24	100,0
315	-7.75	24.75	24	100,0
315	-7.25	24.75	24	100,0
315	-6.25	23.75	24	100,0
315	-6.25	23.25	24	100,0
315	-8.75	20.75	24	100,0
315	-8.75	20.25	24	100,0
315	-7.75	19.25	24	100,0
315	-7.25	19.25	24	100,0
315	-4.75	21.75	24	100,0
315	-4.25	21.75	24	100,0
315	-3.75	21.25	24	100,0
315	-3.75	20.75	24	100,0
315	-6.25	18.25	24	100,0
315	-6.25	17.75	24	100,0
315	-5.75	17.75	24	100,0
315	-3.25	20.25	24	100,0
315	-2.75	20.25	24	100,0
315	-2.25	19.75	24	100,0
315	-2.25	19.25	24	100,0
315	-4.75	16.75	24	100,0
315	-4.75	15.75	24	100,0
315	-5.25	15.75	24	100,0
315	-6.75	17.25	24	100,0
315	-7.25	17.25	24	100,0
315	-7.75	16.75	24	100,0
315	-8.25	16.75	24	100,0
315	-8.75	17.25	24	100,0
315	-8.75	19.25	24	100,0
315	-9.75	20.25	24	100,0
315	-10.25	20.25	24	100,0
315	-10.75	19.75	24	100,0
315	-11.25	19.75	24	100,0
315	-11.75	20.25	24	100,0
315	-11.75	21.25	24	100,0
315	-12.25	21.25	24	100,0
315	-13.25	20.25	24	100,0
315	-15.25	20.25	24	100,0
315	-15.75	19.75	24	100,0
315	-15.75	19.25	24	100,0
315	-14.75	18.25	24	100,0
315	-14.25	18.25	24	100,0
315	-13.25	19.25	24	100,0
315	-11.75	19.25	24	100,0
315	-11.75	17.75	24	100,0
315	-13.25	16.25	24	100,0
315	-13.25	15.75	24	100,0
315	-12.25	14.75	24	100,0
315	-11.75	14.75	24	100,0
315	-10.25	16.25	24	100,0
315	-9.75	16.25	24	100,0
315	-9.25	15.75	24	100,0
315	-9.25	15.25	24	100,0
315	-10.75	13.75	24	100,0
315	-10.75	13.25	24	100,0
315	-10.25	13.25	24	100,0
315	-8.75	14.75	24	100,0
315	-8.25	14.75	24	100,0
315	-8.25	14.25	24	100,0
315	-8.75	13.75	24	100,0
315	-8.75	12.25	24	100,0
315	-6.75	10.25	24	100,0
315	-5.75	10.25	24	100,0
315	-5.75	9.75	24	100,0
315	-6.25	9.25	24	100,0
315	-6.25	8.75	24	100,0
315	-5.25	8.75	24	100,0
315	-4.25	7.75	24	100,0
315	-4.25	6.75	24	100,0
315	-3.75	6.25	24	100,0
315	-3.75	5.25	24	100,0
315	-2.75	4.25	24	100,0
315	-2.75	3.75	24	100,0
315	-3.75	2.75	24	100,0
315	-4.25	2.75	24	100,0
315	-6.25	4.75	24	100,0
315	-6.75	4.75	24	100,0
315	-7.25	4.25	24	100,0
315	-7.75	4.25	24	100,0
315	-10.75	7.25	24	100,0
315	-11.75	7.25	24	100,0
315	-12.75	8.25	24	100,0
315	-12.75	8.75	24	100,0
315	-11.75	9.75	24	100,0
315	-11.75	10.75	24	100,0
315	-10.75	11.75	24	100,0
315	-10.75	12.25	24	100,0
315	-11.25	12.25	24	100,0
315	-12.25	11.25	24	100,0
315	-12.75	11.25	24	100,0
315	-12.75	11.75	24	100,0
315	-11.75	12.75	24	100,0
315	-11.75	13.25	24	100,0
315	-12.25	13.75	24	100,0
315	-12.75	13.75	24	100,0
315	-15.25	11.25	24	100,0
315	-15.75	11.25	24	100,0
315	-16.75	12.25	24	100,0
315	-16.75	12.75	24	100,0
315	-14.25	15.25	24	100,0
315	-14.25	15.75	24	100,0
315	-15.25	16.75	24	100,0
315	-16.25	16.75	24	100,0
315	-16.25	17.75	24	100,0
315	-17.75	19.25	24	100,0
315	-19.25	19.25	24	100,0
315	-19.75	18.75	24	100,0
315	-19.75	18.25	24	100,0
315	-19.25	17.75	24	100,0
315	-19.25	17.25	24	100,0
315	-19.75	16.75	24	100,0
315	-19.75	16.25	24	100,0
315	-17.75	16.25	24	100,0
315	-17.25	15.75	24	100,0
315	-17.25	15.25	24	100,0
315	-18.25	14.25	24	100,0
315	-20.75	14.25	24	100,0
315	-21.75	15.25	24	100,0
315	-21.75	16.25	24	100,0
315	-22.25	16.75	24	100,0
315	-22.25	17.25	24	100,0
315	-21.25	17.25	24	100,0
315	-21.25	17.75	24	100,0
315	-22.25	18.75	24	100,0
315	-22.25	19.25	24	100,0
315	-20.25	21.25	24	100,0
315	-20.25	21.75	24	100,0
315	-20.75	22.25	24	100,0
315	-20.75	22.75	24	100,0
315	-20.25	23.25	24	100,0
315	-20.25	23.75	24	100,0
315	-22.25	25.75	24	100,0
315	-23.25	25.75	24	100,0
315	-24.25	26.75	24	100,0
315	-24.25	27.75	24	100,0
315	-25.25	27.75	24	100,0
315	-28.25	30.75	24	100,0
315	-29.25	30.75	24	100,0
315	-29.75	31.25	24	100,0
315	-29.75	32.25	24	100,0
315	-30.25	32.75	24	100,0
315	-30.25	33.75	24	100,0
315	-31.25	33.75	24	100,0
315	-32.75	35.25	24	100,0
315	-33.25	35.25	24	100,0
315	-35.75	32.75	24	100,0
315	-36.25	32.75	24	100,0
315	-36.25	33.25	24	100,0
315	-34.25	35.25	24	100,0
315	-34.25	35.75	24	100,0
315	-34.75	36.25	24	100,0
315	-35.25	36.25	24	100,0
315	-36.25	35.25	24	100,0
315	-37.25	35.25	24	100,0
315	-44.75	27.75	24	100,0
315	-44.75	27.25	24	100,0
315	-43.75	26.25	24	100,0
315	-43.75	25.75	24	100,0
315	-44.75	24.75	24	100,0
315	-45.25	24.75	24	100,0
315	-45.25	28.25	24	100,0
315	-42.25	31.25	24	100,0
315	-42.25	32.25	24	100,0
315	-40.75	33.75	24	100,0
315	-40.75	35.25	24	100,0
315	-41.25	35.75	24	100,0
315	-42.25	35.75	24	100,0
315	-44.75	38.25	24	100,0
315	-44.75	38.75	24	100,0
315	-43.75	39.75	24	100,0
315	-43.75	40.25	24	100,0
315	-45.25	41.75	24	100,0
315	-45.25	42.25	24	100,0
315	-43.25	44.25	24	100,0
315	-43.25	44.75	24	100,0
315	-45.25	46.75	24	100,0
316	-35.75	-0.75	24	100,50
316	-35.75	-0.25	24	100,50
316	-34.25	1.25	24	100,50
316	-33.75	1.25	24	100,50
316	-33.75	0.75	24	100,50
316	-35.25	-0.75	24	100,50
316	-35.75	-0.75	24	100,50
316	2.75	25.75	24	50,0
316	2.75	26.25	24	50,0
316	4.25	27.75	24	50,0
316	4.75	27.75	24	50,0
316	4.75	24.25	24	50,0
316	4.25	24.25	24	50,0
316	2.75	25.75	24	50,0
316	-42.75	41.25	24	100,0
316	-42.75	41.75	24	100,0
316	-42.25	42.25	24	100,0
316	-41.25	42.25	24	100,0
316	-40.75	42.75	24	100,0
316	-40.25	42.75	24	100,0
316	-36.75	39.25	24	100,0
316	-36.75	37.75	24	100,0
316	-37.75	36.75	24	100,0
316	-38.75	36.75	24	100,0
316	-39.25	36.25	24	100,0
316	-39.75	36.25	24	100,0
316	-40.75	37.25	24	100,0
316	-41.75	37.25	24	100,0
316	-43.25	38.75	24	100,0
316	-43.25	40.25	24	100,0
316	-42.75	40.75	24	100,0
316	-42.75	41.25	24	100,0
631	-4.75	38.25	99	100,50
631	-4.75	38.75	99	100,50
631	-3.75	38.75	99	100,50
631	-2.75	39.75	99	100,50
631	-2.75	40.75	99	100,50
631	-2.25	41.25	99	100,50
631	-1.25	41.25	99	100,50
631	-0.75	41.75	99	100,50
631	0.25	41.75	99	100,50
631	0.75	42.25	99	100,50
631	0.75	43.25	99	100,50
631	1.75	43.25	99	100,50
631	4.25	45.75	99	100,50
631	4.75	45.75	99	100,50
631	5.25	45.25	99	100,50
631	5.25	42.75	99	100,50
631	3.25	40.75	99	100,50
631	2.25	40.75	99	100,50
631	2.25	39.25	99	100,50
631	4.75	36.75	99	100,50
631	4.75	35.75	99	100,50
631	5.25	35.25	99	100,50
631	5.25	32.75	99	100,50
631	4.25	32.75	99	100,50
631	3.75	32.25	99	100,50
631	3.25	32.25	99	100,50
631	0.75	34.75	99	100,50
631	0.75	35.75	99	100,50
631	-0.25	35.75	99	100,50
631	-0.75	36.25	99	100,50
631	-1.25	36.25	99	100,50
631	-1.25	35.75	99	100,50
631	1.75	32.75	99	100,50
631	1.75	32.25	99	100,50
631	1.25	32.25	99	100,50
631	-1.75	35.25	99	100,50
631	-2.25	35.25	99	100,50
631	-3.25	34.25	99	100,50
631	-3.25	33.25	99	100,50
631	-4.25	33.25	99	100,50
631	-4.25	32.75	99	100,50
631	-3.75	32.25	99	100,50
631	-3.75	31.75	99	100,50
631	-4.25	31.75	99	100,50
631	-4.75	32.25	99	100,50
631	-5.25	32.25	99	100,50
631	-6.75	30.75	99	100,50
631	-7.75	30.75	99	100,50
631	-8.25	30.25	99	100,50
631	-8.25	29.75	99	100,50
631	-7.25	28.75	99	100,50
631	-7.25	28.25	99	100,50
631	-8.25	27.25	99	100,50
631	-8.75	27.25	99	100,50
631	-9.25	27.75	99	100,50
631	-9.75	27.75	99	100,50
631	-11.25	26.25	99	100,50
631	-11.75	26.25	99	100,50
631	-11.75	27.25	99	100,50
631	-12.25	27.25	99	100,50
631	-12.75	26.75	99	100,50
631	-14.25	26.75	99	100,50
631	-14.25	27.25	99	100,50
631	-11.75	29.75	99	100,50
631	-11.75	30.75	99	100,50
631	-10.25	32.25	99	100,50
631	-9.25	32.25	99	100,50
631	-9.25	33.25	99	100,50
631	-4.75	37.75	99	100,50
631	-4.75	38.25	99	100,50
631	-38.25	3.75	99	150,100
631	-38.25	4.25	99	150,100
631	-37.75	4.75	99	150,100
631	-36.75	4.75	99	150,100
631	-35.75	5.75	99	150,100
631	-35.25	5.75	99	150,100
631	-34.25	4.75	99	150,100
631	-34.25	4.25	99	150,100
631	-35.25	3.25	99	150,100
631	-35.25	2.75	99	150,100
631	-32.25	-0.25	99	150,100
631	-32.25	-0.75	99	150,100
631	-32.75	-1.25	99	150,100
631	-33.25	-1.25	99	150,100
631	-33.75	-0.75	99	150,100
631	-34.75	-0.75	99	150,100
631	-36.25	0.75	99	150,100
631	-36.75	0.75	99	150,100
631	-38.75	-1.25	99	150,100
631	-42.25	-1.25	99	150,100
631	-42.25	-0.75	99	150,100
631	-38.25	3.25	99	150,100
631	-38.25	3.75	99	150,100
631	-44.75	46.25	99	150,50
631	-44.75	46.75	99	150,50
631	-42.75	48.75	99	150,50
631	-39.25	48.75	99	150,50
631	-39.25	48.25	99	150,50
631	-41.75	45.75	99	150,50
631	-41.75	44.75	99	150,50
631	-42.75	43.75	99	150,50
631	-43.75	43.75	99	150,50
631	-44.25	43.25	99	150,50
631	-44.75	43.25	99	150,50
631	-44.75	46.25	99	150,50
193	0.75	43.75	182	150,100
193	0.75	44.25	182	150,100
193	1.25	44.75	182	150,100
193	1.75	44.75	182	150,100
193	4.75	41.75	182	150,100
193	4.75	40.25	182	150,100
193	4.25	40.25	182	150,100
193	0.75	43.75	182	150,100
193	-45.25	40.75	182	200,100
193	-45.25	41.25	182	200,100
193	-44.75	41.25	182	200,100
193	-38.75	35.25	182	200,100
193	-38.75	34.75	182	200,100
193	-39.25	34.75	182	200,100
193	-39.75	35.25	182	200,100
193	-40.75	35.25	182	200,100
193	-41.25	35.75	182	200,100
193	-42.25	35.75	182	200,100
193	-42.25	36.75	182	200,100
193	-45.25	39.75	182	200,100
193	-45.25	40.75	182	200,100
311	1.75	22.75	236	250,150
311	1.75	23.25	236	250,150
311	2.25	23.75	236	250,150
311	2.75	23.75	236	250,150
311	4.75	21.75	236	250,150
311	4.75	18.25	236	250,150
311	4.25	18.25	236	250,150
311	3.75	18.75	236	250,150
311	3.75	19.75	236	250,150
311	2.25	21.25	236	250,150
311	2.25	22.25	236	250,150
311	1.75	22.75	236	250,150
53	-45.25	40.75	121	100,0
53	-45.25	41.25	121	100,0
53	-44.75	41.25	121	100,0
53	-43.75	40.25	121	100,0
53	-43.75	39.75	121	100,0
53	-44.75	38.75	121	100,0
53	-44.75	38.25	121	100,0
53	-42.25	35.75	121	100,0
53	-41.25	35.75	121	100,0
53	-40.75	35.25	121	100,0
53	-40.75	33.75	121	100,0
53	-42.25	32.25	121	100,0
53	-42.25	31.25	121	100,0
53	-44.75	28.75	121	100,0
53	-45.25	28.75	121	100,0
53	-45.25	40.75	121	100,0
54	-44.75	27.25	121	100,0
54	-44.75	27.75	121	100,0
54	-37.25	35.25	121	100,0
54	-36.25	35.25	121	100,0
54	-35.25	36.25	121	100,0
54	-34.75	36.25	121	100,0
54	-34.25	35.75	121	100,0
54	-34.25	35.25	121	100,0
54	-36.25	33.25	121	100,0
54	-36.25	32.75	121	100,0
54	-35.75	32.25	121	100,0
54	-35.75	31.25	121	100,0
54	-35.25	30.75	121	100,0
54	-34.75	30.75	121	100,0
54	-34.25	31.25	121	100,0
54	-33.25	31.25	121	100,0
54	-31.75	32.75	121	100,0
54	-31.25	32.75	121	100,0
54	-30.25	31.75	121	100,0
54	-30.25	31.25	121	100,0
54	-31.25	31.25	121	100,0
54	-32.25	30.25	121	100,0
54	-32.25	29.25	121	100,0
54	-33.75	27.75	121	100,0
54	-33.75	27.25	121	100,0
54	-32.25	25.75	121	100,0
54	-32.25	24.75	121	100,0
54	-31.75	24.25	121	100,0
54	-31.75	23.75	121	100,0
54	-32.25	23.75	121	100,0
54	-33.25	24.75	121	100,0
54	-33.25	25.75	121	100,0
54	-33.75	25.75	121	100,0
54	-34.25	25.25	121	100,0
54	-34.25	24.75	121	100,0
54	-31.75	22.25	121	100,0
54	-31.25	22.25	121	100,0
54	-30.25	23.25	121	100,0
54	-29.75	23.25	121	100,0
54	-24.25	17.75	121	100,0
54	-23.75	17.75	121	100,0
54	-22.75	18.75	121	100,0
54	-22.25	18.75	121	100,0
54	-21.25	17.75	121	100,0
54	-21.25	17.25	121	100,0
54	-22.25	17.25	121	100,0
54	-22.25	16.75	121	100,0
54	-21.75	16.25	121	100,0
54	-21.75	15.25	121	100,0
54	-20.75	14.25	121	100,0
54	-18.75	14.25	121	100,0
54	-18.75	13.75	121	100,0
54	-19.25	13.25	121	100,0
54	-19.25	12.75	121	100,0
54	-18.25	11.75	121	100,0
54	-18.25	11.25	121	100,0
54	-19.75	9.75	121	100,0
54	-20.25	9.75	121	100,0
54	-21.25	10.75	121	100,0
54	-21.25	11.75	121	100,0
54	-22.75	13.25	121	100,0
54	-24.25	13.25	121	100,0
54	-25.25	12.25	121	100,0
54	-25.25	11.75	121	100,0
54	-24.75	11.25	121	100,0
54	-24.75	9.75	121	100,0
54	-25.25	9.25	121	100,0
54	-25.75	9.25	121	100,0
54	-26.75	10.25	121	100,0
54	-27.25	10.25	121	100,0
54	-29.25	8.25	121	100,0
54	-29.75	8.25	121	100,0
54	-31.25	9.75	121	100,0
54	-31.75	9.75	121	100,0
54	-32.25	9.25	121	100,0
54	-32.75	9.25	121	100,0
54	-33.25	9.75	121	100,0
54	-33.75	9.75	121	100,0
54	-33.75	9.25	121	100,0
54	-33.25	8.75	121	100,0
54	-33.25	8.25	121	100,0
54	-33.75	7.75	121	100,0
54	-34.25	7.75	121	100,0
54	-35.25	8.75	121	100,0
54	-35.75	8.75	121	100,0
54	-36.75	7.75	121	100,0
54	-36.75	7.25	121	100,0
54	-35.75	6.25	121	100,0
54	-35.75	5.75	121	100,0
54	-36.75	4.75	121	100,0
54	-37.25	4.75	121	100,0
54	-41.25	8.75	121	100,0
54	-41.25	9.75	121	100,0
54	-42.25	9.75	121	100,0
54	-42.75	10.25	121	100,0
54	-43.25	10.25	121	100,0
54	-44.25	9.25	121	100,0
54	-44.75	9.25	121	100,0
54	-45.25	9.75	121	100,0
54	-45.25	24.25	121	100,0
54	-43.75	25.75	121	100,0
54	-43.75	26.25	121	100,0
54	-44.75	27.25	121	100,0
632	-32.75	48.25	99	150,50
632	-32.75	48.75	99	150,50
632	-32.25	48.75	99	150,50
632	-32.25	48.25	99	150,50
632	-32.75	48.25	99	150,50
633	-44.75	34.25	99	150,50
633	-44.75	34.75	99	150,50
633	-44.25	34.75	99	150,50
633	-41.75	32.25	99	150,50
633	-41.75	31.75	99	150,50
633	-42.25	31.25	99	150,50
633	-43.25	31.25	99	150,50
633	-44.25	30.25	99	150,50
633	-44.75	30.25	99	150,50
633	-44.75	31.75	99	150,50
633	-44.25	32.25	99	150,50
633	-44.25	32.75	99	150,50
633	-44.75	33.25	99	150,50
633	-44.75	34.25	99	150,50
405	-25.75	-0.25	30	250,150
405	-25.75	-0.75	30	250,150
405	-25.25	-0.75	30	250,150
405	-25.25	-0.25	30	250,150
405	-25.75	-0.25	30	250,150
405	-7.25	48.75	30	250,100
405	-7.25	49.25	30	250,100
405	-4.75	49.25	30	250,100
405	-4.75	48.75	30	250,100
405	-5.25	48.25	30	250,100
405	-6.25	48.25	30	250,100
405	-6.75	47.75	30	250,100
405	-7.25	47.75	30	250,100
405	-7.25	48.75	30	250,100
246	-21.75	17.25	219	150,100
246	-21.75	17.75	219	150,100
246	-21.25	17.75	219	150,100
246	-21.25	17.25	219	150,100
246	-21.75	17.25	219	150,100
246	-3.25	47.75	219	150,50
246	-3.25	48.25	219	150,50
246	-2.75	48.25	219	150,50
246	-2.75	47.75	219	150,50
246	-3.25	47.75	219	150,50
246	-43.25	37.75	219	200,50
246	-43.25	38.25	219	200,50
246	-42.75	38.75	219	200,50
246	-42.25	38.75	219	200,50
246	-42.25	37.75	219	200,50
246	-41.75	37.25	219	200,50
246	-41.75	36.75	219	200,50
246	-42.25	36.75	219	200,50
246	-43.25	37.75	219	200,50
246	-18.75	5.25	219	200,100
246	-18.75	5.75	219	200,100
246	-18.25	5.75	219	200,100
246	-18.25	5.25	219	200,100
246	-18.75	5.25	219	200,100
246	-4.25	48.75	219	200,0
246	-4.25	49.25	219	200,0
246	-3.75	49.25	219	200,0
246	-2.25	47.75	219	200,0
246	-2.25	47.25	219	200,0
246	-2.75	47.25	219	200,0
246	-4.25	48.75	219	200,0
246	-43.75	41.25	219	250,0
246	-43.75	41.75	219	250,0
246	-43.25	41.75	219	250,0
246	-43.25	41.25	219	250,0
246	-43.75	41.25	219	250,0
257	-20.25	17.75	219	150,100
257	-20.25	18.25	219	150,100
257	-19.75	18.25	219	150,100
257	-19.75	17.75	219	150,100
257	-20.25	17.75	219	150,100
257	-1.75	45.25	219	150,50
257	-1.75	45.75	219	150,50
257	-1.25	45.75	219	150,50
257	-1.25	45.25	219	150,50
257	-1.75	45.25	219	150,50
257	-39.75	39.25	219	200,50
257	-39.75	39.75	219	200,50
257	-39.25	39.75	219	200,50
257	-38.25	38.75	219	200,50
257	-38.25	38.25	219	200,50
257	-38.75	38.25	219	200,50
257	-39.75	39.25	219	200,50
257	-1.75	46.25	219	200,0
257	-1.75	46.75	219	200,0
257	-1.25	46.75	219	200,0
257	-0.75	46.25	219	200,0
257	-0.75	45.75	219	200,0
257	-1.25	45.75	219	200,0
257	-1.75	46.25	219	200,0
257	-42.25	38.75	219	250,0
257	-42.25	39.25	219	250,0
257	-41.75	39.25	219	250,0
257	-41.75	38.75	219	250,0
257	-42.25	38.75	219	250,0
268	-13.75	8.25	219	150,100
268	-13.75	8.75	219	150,100
268	-13.25	8.75	219	150,100
268	-13.25	8.25	219	150,100
268	-13.75	8.25	219	150,100
268	1.25	48.25	219	150,50
268	1.25	48.75	219	150,50
268	1.75	48.75	219	150,50
268	1.75	48.25	219	150,50
268	1.25	48.25	219	150,50
268	-38.75	36.25	219	200,50
268	-38.75	36.75	219	200,50
268	-38.25	36.75	219	200,50
268	-38.25	36.25	219	200,50
268	-38.75	36.25	219	200,50
268	0.25	48.25	219	200,0
268	0.25	48.75	219	200,0
268	0.75	48.75	219	200,0
268	0.75	48.25	219	200,0
268	0.25	48.25	219	200,0
268	-42.75	37.25	219	250,0
268	-42.75	37.75	219	250,0
268	-42.25	37.75	219	250,0
268	-40.75	36.25	219	250,0
268	-40.75	35.75	219	250,0
268	-41.25	35.75	219	250,0
268	-42.75	37.25	219	250,0
279	-8.75	3.25	219	150,100
279	-8.75	3.75	219	150,100
279	-8.25	3.75	219	150,100
279	-8.25	3.25	219	150,100
279	-8.75	3.25	219	150,100
279	2.25	42.25	219	150,50
279	2.25	42.75	219	150,50
279	2.75	42.75	219	150,50
279	2.75	42.25	219	150,50
279	2.25	42.25	219	150,50
279	-39.75	34.25	219	200,50
279	-39.75	34.75	219	200,50
279	-39.25	34.75	219	200,50
279	-39.25	34.25	219	200,50
279	-39.75	34.25	219	200,50
279	-0.25	44.75	219	200,0
279	-0.25	45.25	219	200,0
279	0.25	45.25	219	200,0
279	0.25	44.75	219	200,0
279	-0.25	44.75	219	200,0
279	-39.25	33.75	219	250,0
279	-39.25	34.25	219	250,0
279	-38.75	34.25	219	250,0
279	-38.75	33.75	219	250,0
279	-39.25	33.75	219	250,0
280	-1.25	0.75	219	150,100
280	-1.25	1.25	219	150,100
280	-0.75	1.25	219	150,100
280	1.25	-0.75	219	150,100
280	1.25	-1.25	219	150,100
280	0.75	-1.25	219	150,100
280	-1.25	0.75	219	150,100
280	-37.25	36.75	219	200,50
280	-37.25	37.25	219	200,50
280	-36.75	37.75	219	200,50
280	-36.25	37.75	219	200,50
280	-36.25	36.25	219	200,50
280	-36.75	36.25	219	200,50
280	-37.25	36.75	219	200,50
280	0.75	45.25	219	200,0
280	0.75	43.75	219	200,0
280	1.25	43.75	219	200,0
280	1.25	45.25	219	200,0
280	0.75	45.25	219	200,0
280	-38.25	34.25	219	250,0
280	-38.25	33.75	219	250,0
280	-37.75	33.75	219	250,0
280	-37.75	34.25	219	250,0
280	-38.25	34.25	219	250,0
474	-8.25	29.75	44	100,50
474	-8.25	30.25	44	100,50
474	-7.75	30.75	44	100,50
474	-6.75	30.75	44	100,50
474	-5.25	32.25	44	100,50
474	-4.75	32.25	44	100,50
474	-4.25	31.75	44	100,50
474	-3.75	31.75	44	100,50
474	-3.75	32.25	44	100,50
474	-4.25	32.75	44	100,50
474	-4.25	33.25	44	100,50
474	-3.25	33.25	44	100,50
474	-3.25	34.25	44	100,50
474	-2.25	35.25	44	100,50
474	-1.75	35.25	44	100,50
474	1.25	32.25	44	100,50
474	1.75	32.25	44	100,50
474	1.75	32.75	44	100,50
474	-1.25	35.75	44	100,50
474	-1.25	36.25	44	100,50
474	-0.75	36.25	44	100,50
474	-0.25	35.75	44	100,50
474	0.75	35.75	44	100,50
474	0.75	34.75	44	100,50
474	3.25	32.25	44	100,50
474	3.75	32.25	44	100,50
474	4.25	32.75	44	100,50
474	4.75	32.75	44	100,50
474	5.25	32.25	44	100,50
474	5.25	27.75	44	100,50
474	0.25	22.75	44	100,50
474	-0.75	22.75	44	100,50
474	-2.75	20.75	44	100,50
474	-3.25	20.75	44	100,50
474	-3.75	21.25	44	100,50
474	-3.75	22.25	44	100,50
474	-4.75	23.25	44	100,50
474	-4.75	24.25	44	100,50
474	-5.75	24.25	44	100,50
474	-7.25	25.75	44	100,50
474	-8.75	25.75	44	100,50
474	-9.25	25.25	44	100,50
474	-9.25	23.75	44	100,50
474	-8.75	23.25	44	100,50
474	-8.75	22.75	44	100,50
474	-9.25	22.75	44	100,50
474	-10.25	23.75	44	100,50
474	-10.75	23.75	44	100,50
474	-11.75	22.75	44	100,50
474	-12.25	22.75	44	100,50
474	-12.25	23.25	44	100,50
474	-11.25	24.25	44	100,50
474	-11.25	24.75	44	100,50
474	-11.75	25.25	44	100,50
474	-11.75	25.75	44	100,50
474	-9.75	27.75	44	100,50
474	-9.25	27.75	44	100,50
474	-8.75	27.25	44	100,50
474	-8.25	27.25	44	100,50
474	-7.25	28.25	44	100,50
474	-7.25	28.75	44	100,50
474	-8.25	29.75	44	100,50
474	-43.75	43.25	44	150,50
474	-43.75	43.75	44	150,50
474	-42.75	43.75	44	150,50
474	-41.75	44.75	44	150,50
474	-40.25	44.75	44	150,50
474	-40.25	43.75	44	150,50
474	-35.75	39.25	44	150,50
474	-35.25	39.25	44	150,50
474	-33.75	40.75	44	150,50
474	-33.25	40.75	44	150,50
474	-32.75	40.25	44	150,50
474	-32.25	40.25	44	150,50
474	-30.25	42.25	44	150,50
474	-29.25	42.25	44	150,50
474	-29.25	43.25	44	150,50
474	-28.25	44.25	44	150,50
474	-27.75	44.25	44	150,50
474	-26.25	42.75	44	150,50
474	-26.25	42.25	44	150,50
474	-26.75	41.75	44	150,50
474	-27.75	41.75	44	150,50
474	-32.75	36.75	44	150,50
474	-32.75	36.25	44	150,50
474	-31.75	35.25	44	150,50
474	-31.75	34.75	44	150,50
474	-32.25	34.25	44	150,50
474	-32.25	33.75	44	150,50
474	-31.75	33.75	44	150,50
474	-31.25	34.25	44	150,50
474	-30.75	34.25	44	150,50
474	-30.75	33.75	44	150,50
474	-31.25	33.25	44	150,50
474	-31.25	32.25	44	150,50
474	-32.75	32.25	44	150,50
474	-34.25	33.75	44	150,50
474	-34.75	33.75	44	150,50
474	-36.25	32.25	44	150,50
474	-37.25	32.25	44	150,50
474	-37.25	31.75	44	150,50
474	-36.75	31.25	44	150,50
474	-36.75	30.75	44	150,50
474	-37.25	30.75	44	150,50
474	-37.75	31.25	44	150,50
474	-38.25	31.25	44	150,50
474	-38.75	30.75	44	150,50
474	-38.75	30.25	44	150,50
474	-38.25	29.75	44	150,50
474	-38.25	29.25	44	150,50
474	-38.75	29.25	44	150,50
474	-39.25	29.75	44	150,50
474	-40.25	29.75	44	150,50
474	-40.25	30.25	44	150,50
474	-38.75	31.75	44	150,50
474	-38.75	32.25	44	150,50
474	-39.25	32.25	44	150,50
474	-39.75	31.75	44	150,50
474	-40.75	31.75	44	150,50
474	-44.25	28.25	44	150,50
474	-44.75	28.25	44	150,50
474	-44.75	29.75	44	150,50
474	-43.25	31.25	44	150,50
474	-42.25	31.25	44	150,50
474	-41.75	31.75	44	150,50
474	-41.75	32.25	44	150,50
474	-43.25	33.75	44	150,50
474	-43.25	34.25	44	150,50
474	-42.75	34.75	44	150,50
474	-42.25	34.75	44	150,50
474	-42.25	33.75	44	150,50
474	-41.75	33.25	44	150,50
474	-41.25	33.25	44	150,50
474	-40.75	33.75	44	150,50
474	-40.75	34.75	44	150,50
474	-39.75	35.75	44	150,50
474	-37.75	35.75	44	150,50
474	-37.75	37.25	44	150,50
474	-39.25	38.75	44	150,50
474	-39.25	39.75	44	150,50
474	-41.25	41.75	44	150,50
474	-42.25	41.75	44	150,50
474	-43.75	43.25	44	150,50
230	2.25	40.25	206	100,50
230	2.25	40.75	206	100,50
230	3.25	40.75	206	100,50
230	4.75	42.25	206	100,50
230	5.25	42.25	206	100,50
230	5.25	35.75	206	100,50
230	4.75	35.75	206	100,50
230	4.75	36.75	206	100,50
230	2.25	39.25	206	100,50
230	2.25	40.25	206	100,50
230	-44.75	42.25	206	150,50
230	-44.75	42.75	206	150,50
230	-44.25	43.25	206	150,50
230	-43.75	43.25	206	150,50
230	-42.25	41.75	206	150,50
230	-41.25	41.75	206	150,50
230	-39.25	39.75	206	150,50
230	-39.25	38.75	206	150,50
230	-37.75	37.25	206	150,50
230	-37.75	35.75	206	150,50
230	-39.75	35.75	206	150,50
230	-40.75	34.75	206	150,50
230	-40.75	33.75	206	150,50
230	-41.25	33.25	206	150,50
230	-41.75	33.25	206	150,50
230	-42.25	33.75	206	150,50
230	-42.25	34.75	206	150,50
230	-42.75	34.75	206	150,50
230	-43.25	34.25	206	150,50
230	-43.75	34.25	206	150,50
230	-44.75	35.25	206	150,50
230	-44.75	42.25	206	150,50
60	-21.25	16.75	124	200,150
60	-21.25	17.25	124	200,150
60	-19.25	17.25	124	200,150
60	-18.75	17.75	124	200,150
60	-18.75	19.75	124	200,150
60	-17.75	19.75	124	200,150
60	-14.75	22.75	124	200,150
60	-14.25	22.75	124	200,150
60	-13.75	22.25	124	200,150
60	-13.75	21.75	124	200,150
60	-15.75	19.75	124	200,150
60	-15.75	19.25	124	200,150
60	-15.25	19.25	124	200,150
60	-14.25	20.25	124	200,150
60	-13.75	20.25	124	200,150
60	-12.25	18.75	124	200,150
60	-11.25	18.75	124	200,150
60	-11.25	18.25	124	200,150
60	-11.75	17.75	124	200,150
60	-11.75	17.25	124	200,150
60	-10.75	17.25	124	200,150
60	-10.75	16.75	124	200,150
60	-11.25	16.25	124	200,150
60	-11.25	15.75	124	200,150
60	-10.75	15.75	124	200,150
60	-10.25	16.25	124	200,150
60	-9.75	16.25	124	200,150
60	-8.75	15.25	124	200,150
60	-8.75	13.75	124	200,150
60	-9.75	13.75	124	200,150
60	-9.75	12.75	124	200,150
60	-20.25	2.25	124	200,150
60	-21.25	2.25	124	200,150
60	-21.25	1.25	124	200,150
60	-23.25	-0.75	124	200,150
60	-23.75	-0.75	124	200,150
60	-23.75	-0.25	124	200,150
60	-22.75	0.75	124	200,150
60	-22.75	1.25	124	200,150
60	-24.75	1.25	124	200,150
60	-27.25	3.75	124	200,150
60	-27.25	4.75	124	200,150
60	-28.25	5.75	124	200,150
60	-28.25	6.25	124	200,150
60	-27.75	6.75	124	200,150
60	-27.25	6.75	124	200,150
60	-25.25	4.75	124	200,150
60	-24.75	4.75	124	200,150
60	-24.75	5.25	124	200,150
60	-26.25	6.75	124	200,150
60	-26.25	7.25	124	200,150
60	-25.75	7.25	124	200,150
60	-25.25	6.75	124	200,150
60	-24.75	6.75	124	200,150
60	-24.75	7.75	124	200,150
60	-22.25	7.75	124	200,150
60	-22.25	6.75	124	200,150
60	-21.25	6.75	124	200,150
60	-21.25	5.75	124	200,150
60	-20.25	4.75	124	200,150
60	-19.75	4.75	124	200,150
60	-17.25	7.25	124	200,150
60	-17.25	7.75	124	200,150
60	-17.75	7.75	124	200,150
60	-19.25	6.25	124	200,150
60	-19.75	6.25	124	200,150
60	-19.75	6.75	124	200,150
60	-18.75	7.75	124	200,150
60	-18.75	8.25	124	200,150
60	-20.75	10.25	124	200,150
60	-20.75	11.25	124	200,150
60	-23.25	13.75	124	200,150
60	-23.25	14.25	124	200,150
60	-22.75	14.75	124	200,150
60	-22.25	14.75	124	200,150
60	-21.75	14.25	124	200,150
60	-21.25	14.25	124	200,150
60	-20.25	15.25	124	200,150
60	-20.25	15.75	124	200,150
60	-21.25	16.75	124	200,150
463	-7.25	30.75	38	200,150
463	-7.25	31.25	38	200,150
463	-6.75	31.75	38	200,150
463	-5.75	31.75	38	200,150
463	-3.75	33.75	38	200,150
463	-3.25	33.75	38	200,150
463	-3.25	32.75	38	200,150
463	-2.75	32.25	38	200,150
463	-1.25	32.25	38	200,150
463	-1.25	33.25	38	200,150
463	-0.75	33.25	38	200,150
463	-0.25	32.75	38	200,150
463	-0.25	32.25	38	200,150
463	-0.75	31.75	38	200,150
463	-0.75	31.25	38	200,150
463	-0.25	31.25	38	200,150
463	1.25	32.75	38	200,150
463	2.75	32.75	38	200,150
463	4.25	31.25	38	200,150
463	4.25	29.75	38	200,150
463	3.75	29.25	38	200,150
463	3.75	28.25	38	200,150
463	3.25	27.75	38	200,150
463	3.25	27.25	38	200,150
463	3.75	27.25	38	200,150
463	4.75	28.25	38	200,150
463	5.25	28.25	38	200,150
463	5.25	27.75	38	200,150
463	3.75	26.25	38	200,150
463	3.75	25.75	38	200,150
463	5.25	24.25	38	200,150
463	5.25	19.75	38	200,150
463	4.75	19.25	38	200,150
463	4.25	19.25	38	200,150
463	3.25	20.25	38	200,150
463	3.25	20.75	38	200,150
463	3.75	21.25	38	200,150
463	3.75	24.75	38	200,150
463	2.25	24.75	38	200,150
463	2.25	23.75	38	200,150
463	1.75	23.25	38	200,150
463	0.25	23.25	38	200,150
463	0.25	23.75	38	200,150
463	0.75	24.25	38	200,150
463	0.75	24.75	38	200,150
463	-0.25	24.75	38	200,150
463	-0.75	25.25	38	200,150
463	-1.75	25.25	38	200,150
463	-1.75	26.25	38	200,150
463	-2.75	27.25	38	200,150
463	-3.75	27.25	38	200,150
463	-3.75	28.25	38	200,150
463	-5.25	29.75	38	200,150
463	-6.25	29.75	38	200,150
463	-6.25	30.75	38	200,150
463	-7.25	30.75	38	200,150
463	-39.75	30.25	38	250,150
463	-39.75	30.75	38	250,150
463	-38.75	30.75	38	250,150
463	-37.25	32.25	38	250,150
463	-36.75	32.25	38	250,150
463	-36.25	31.75	38	250,150
463	-35.25	31.75	38	250,150
463	-34.75	31.25	38	250,150
463	-34.75	30.75	38	250,150
463	-35.25	30.25	38	250,150
463	-35.25	29.75	38	250,150
463	-34.75	29.75	38	250,150
463	-34.25	30.25	38	250,150
463	-33.75	30.25	38	250,150
463	-33.25	29.75	38	250,150
463	-33.25	28.75	38	250,150
463	-32.25	27.75	38	250,150
463	-32.25	26.75	38	250,150
463	-31.25	26.75	38	250,150
463	-30.75	26.25	38	250,150
463	-30.75	25.25	38	250,150
463	-30.25	24.75	38	250,150
463	-29.25	24.75	38	250,150
463	-29.25	23.75	38	250,150
463	-28.25	23.75	38	250,150
463	-28.25	22.75	38	250,150
463	-26.25	20.75	38	250,150
463	-25.25	20.75	38	250,150
463	-24.75	20.25	38	250,150
463	-24.75	19.25	38	250,150
463	-24.25	18.75	38	250,150
463	-24.25	18.25	38	250,150
463	-24.75	17.75	38	250,150
463	-24.75	15.75	38	250,150
463	-26.25	15.75	38	250,150
463	-26.75	16.25	38	250,150
463	-27.25	16.25	38	250,150
463	-27.75	15.75	38	250,150
463	-28.25	15.75	38	250,150
463	-29.25	16.75	38	250,150
463	-29.25	17.75	38	250,150
463	-29.75	18.25	38	250,150
463	-30.75	18.25	38	250,150
463	-31.25	18.75	38	250,150
463	-31.25	19.25	38	250,150
463	-30.25	20.25	38	250,150
463	-30.25	20.75	38	250,150
463	-30.75	20.75	38	250,150
463	-31.25	20.25	38	250,150
463	-31.75	20.25	38	250,150
463	-32.25	20.75	38	250,150
463	-33.25	20.75	38	250,150
463	-33.75	21.25	38	250,150
463	-34.25	21.25	38	250,150
463	-34.75	20.75	38	250,150
463	-34.75	20.25	38	250,150
463	-28.75	14.25	38	250,150
463	-28.75	13.75	38	250,150
463	-29.25	13.25	38	250,150
463	-29.25	12.25	38	250,150
463	-29.75	12.25	38	250,150
463	-30.75	13.25	38	250,150
463	-31.25	13.25	38	250,150
463	-31.25	11.75	38	250,150
463	-30.25	11.75	38	250,150
463	-30.25	11.25	38	250,150
463	-30.75	10.75	38	250,150
463	-30.75	9.75	38	250,150
463	-31.75	8.75	38	250,150
463	-31.75	8.25	38	250,150
463	-31.25	7.75	38	250,150
463	-31.25	7.25	38	250,150
463	-31.75	7.25	38	250,150
463	-32.25	7.75	38	250,150
463	-33.25	7.75	38	250,150
463	-33.25	8.75	38	250,150
463	-34.25	8.75	38	250,150
463	-35.25	9.75	38	250,150
463	-35.75	9.75	38	250,150
463	-36.25	9.25	38	250,150
463	-36.75	9.25	38	250,150
463	-37.25	9.75	38	250,150
463	-37.25	10.25	38	250,150
463	-36.75	10.75	38	250,150
463	-36.75	11.25	38	250,150
463	-37.25	11.25	38	250,150
463	-37.75	10.75	38	250,150
463	-38.25	10.75	38	250,150
463	-38.25	11.75	38	250,150
463	-40.75	14.25	38	250,150
463	-40.75	15.25	38	250,150
463	-43.25	17.75	38	250,150
463	-43.25	18.25	38	250,150
463	-41.75	19.75	38	250,150
463	-41.75	21.25	38	250,150
463	-42.25	21.25	38	250,150
463	-42.75	20.75	38	250,150
463	-43.75	20.75	38	250,150
463	-44.25	20.25	38	250,150
463	-44.25	19.75	38	250,150
463	-43.75	19.25	38	250,150
463	-43.75	18.75	38	250,150
463	-44.25	18.75	38	250,150
463	-44.75	19.25	38	250,150
463	-44.75	24.75	38	250,150
463	-42.75	26.75	38	250,150
463	-41.25	26.75	38	250,150
463	-40.75	26.25	38	250,150
463	-40.25	26.25	38	250,150
463	-40.25	27.75	38	250,150
463	-40.75	28.25	38	250,150
463	-40.75	28.75	38	250,150
463	-39.75	28.75	38	250,150
463	-39.75	30.25	38	250,150
382	-39.25	-1.25	285	250,200
382	-39.25	-0.75	285	250,200
382	-38.75	-0.75	285	250,200
382	-38.75	-1.25	285	250,200
382	-39.25	-1.25	285	250,200
382	-38.75	48.25	285	250,150
382	-38.75	48.75	285	250,150
382	-37.25	48.75	285	250,150
382	-36.25	47.75	285	250,150
382	-35.25	47.75	285	250,150
382	-31.25	43.75	285	250,150
382	-31.25	43.25	285	250,150
382	-31.75	42.75	285	250,150
382	-31.75	41.75	285	250,150
382	-34.75	38.75	285	250,150
382	-35.25	38.75	285	250,150
382	-39.75	43.25	285	250,150
382	-39.75	44.75	285	250,150
382	-38.25	46.25	285	250,150
382	-38.25	46.75	285	250,150
382	-38.75	46.75	285	250,150
382	-40.75	44.75	285	250,150
382	-41.25	44.75	285	250,150
382	-41.25	45.25	285	250,150
382	-38.75	47.75	285	250,150
382	-38.75	48.25	285	250,150
383	-38.25	-0.75	285	250,200
383	-38.25	-1.25	285	250,200
383	-37.75	-1.25	285	250,200
383	-37.75	-0.75	285	250,200
383	-38.25	-0.75	285	250,200
3	-45.25	19.75	10	300,200
3	-45.25	20.25	10	300,200
3	-44.75	20.25	10	300,200
3	-44.75	19.25	10	300,200
3	-43.75	19.25	10	300,200
3	-43.25	18.75	10	300,200
3	-43.25	16.75	10	300,200
3	-42.75	16.75	10	300,200
3	-42.25	17.25	10	300,200
3	-41.75	17.25	10	300,200
3	-41.75	15.75	10	300,200
3	-43.25	15.75	10	300,200
3	-45.25	17.75	10	300,200
3	-45.25	19.75	10	300,200
3	-25.25	42.75	10	250,150
3	-25.25	43.25	10	250,150
3	-24.75	43.75	10	250,150
3	-23.75	43.75	10	250,150
3	-23.75	44.75	10	250,150
3	-22.75	45.75	10	250,150
3	-22.25	45.75	10	250,150
3	-21.25	44.75	10	250,150
3	-19.75	44.75	10	250,150
3	-19.25	45.25	10	250,150
3	-18.25	45.25	10	250,150
3	-17.75	45.75	10	250,150
3	-17.25	45.75	10	250,150
3	-17.25	43.75	10	250,150
3	-14.75	41.25	10	250,150
3	-13.75	41.25	10	250,150
3	-13.25	40.75	10	250,150
3	-13.25	39.75	10	250,150
3	-8.25	34.75	10	250,150
3	-7.25	34.75	10	250,150
3	-6.75	34.25	10	250,150
3	-6.75	33.25	10	250,150
3	-5.75	33.25	10	250,150
3	-5.75	32.25	10	250,150
3	-4.75	31.25	10	250,150
3	-3.75	31.25	10	250,150
3	-3.25	30.75	10	250,150
3	-2.75	30.75	10	250,150
3	-2.75	31.75	10	250,150
3	-0.75	31.75	10	250,150
3	0.75	33.25	10	250,150
3	0.75	35.25	10	250,150
3	2.75	35.25	10	250,150
3	3.25	35.75	10	250,150
3	3.25	37.25	10	250,150
3	2.75	37.75	10	250,150
3	2.75	38.75	10	250,150
3	1.25	38.75	10	250,150
3	0.75	38.25	10	250,150
3	-1.75	38.25	10	250,150
3	-1.75	39.75	10	250,150
3	-0.75	40.75	10	250,150
3	-0.75	41.25	10	250,150
3	-3.25	43.75	10	250,150
3	-3.25	44.25	10	250,150
3	-2.75	44.75	10	250,150
3	-2.75	45.25	10	250,150
3	-3.75	46.25	10	250,150
3	-4.25	46.25	10	250,150
3	-4.25	45.75	10	250,150
3	-3.75	45.25	10	250,150
3	-3.75	44.75	10	250,150
3	-4.25	44.75	10	250,150
3	-5.25	45.75	10	250,150
3	-5.25	47.75	10	250,150
3	-7.25	47.75	10	250,150
3	-7.75	48.25	10	250,150
3	-7.75	48.75	10	250,150
3	-0.25	48.75	10	250,150
3	1.25	47.25	10	250,150
3	1.25	46.25	10	250,150
3	2.25	45.25	10	250,150
3	3.25	45.25	10	250,150
3	3.75	44.75	10	250,150
3	3.75	44.25	10	250,150
3	2.25	44.25	10	250,150
3	0.25	46.25	10	250,150
3	-0.25	46.25	10	250,150
3	-0.25	45.75	10	250,150
3	2.25	43.25	10	250,150
3	2.25	40.25	10	250,150
3	2.75	39.75	10	250,150
3	4.25	39.75	10	250,150
3	4.25	40.75	10	250,150
3	4.75	40.75	10	250,150
3	4.75	33.25	10	250,150
3	3.75	32.25	10	250,150
3	2.75	32.25	10	250,150
3	2.25	31.75	10	250,150
3	1.25	31.75	10	250,150
3	-0.25	30.25	10	250,150
3	-0.25	29.25	10	250,150
3	-0.75	28.75	10	250,150
3	-0.75	28.25	10	250,150
3	-0.25	27.75	10	250,150
3	-0.25	26.75	10	250,150
3	1.25	26.75	10	250,150
3	1.75	27.25	10	250,150
3	2.25	27.25	10	250,150
3	2.75	26.75	10	250,150
3	3.75	26.75	10	250,150
3	4.25	26.25	10	250,150
3	4.25	25.75	10	250,150
3	3.75	25.25	10	250,150
3	3.25	25.25	10	250,150
3	2.25	26.25	10	250,150
3	1.75	26.25	10	250,150
3	1.25	25.75	10	250,150
3	1.25	25.25	10	250,150
3	2.25	25.25	10	250,150
3	4.25	23.25	10	250,150
3	4.25	22.75	10	250,150
3	3.75	22.75	10	250,150
3	2.75	23.75	10	250,150
3	2.25	23.75	10	250,150
3	1.75	23.25	10	250,150
3	1.75	22.75	10	250,150
3	2.25	22.25	10	250,150
3	2.25	21.25	10	250,150
3	3.75	19.75	10	250,150
3	3.75	18.75	10	250,150
3	4.75	17.75	10	250,150
3	4.75	16.25	10	250,150
3	3.25	14.75	10	250,150
3	2.75	14.75	10	250,150
3	-0.25	17.75	10	250,150
3	-1.25	17.75	10	250,150
3	-1.25	18.75	10	250,150
3	-1.75	19.25	10	250,150
3	-1.75	19.75	10	250,150
3	-1.25	20.25	10	250,150
3	-0.25	20.25	10	250,150
3	-0.25	22.75	10	250,150
3	-0.75	22.75	10	250,150
3	-2.75	20.75	10	250,150
3	-3.25	20.75	10	250,150
3	-3.25	21.25	10	250,150
3	-2.75	21.75	10	250,150
3	-2.75	22.25	10	250,150
3	-4.75	22.25	10	250,150
3	-5.75	23.25	10	250,150
3	-5.75	23.75	10	250,150
3	-5.25	24.25	10	250,150
3	-5.25	25.25	10	250,150
3	-4.25	26.25	10	250,150
3	-4.25	26.75	10	250,150
3	-4.75	27.25	10	250,150
3	-5.25	27.25	10	250,150
3	-7.25	25.25	10	250,150
3	-7.75	25.25	10	250,150
3	-8.25	25.75	10	250,150
3	-9.25	25.75	10	250,150
3	-9.25	26.75	10	250,150
3	-10.25	27.75	10	250,150
3	-10.25	29.75	10	250,150
3	-10.75	29.75	10	250,150
3	-11.75	28.75	10	250,150
3	-12.25	28.75	10	250,150
3	-15.25	31.75	10	250,150
3	-15.25	32.25	10	250,150
3	-14.75	32.25	10	250,150
3	-12.25	29.75	10	250,150
3	-11.75	29.75	10	250,150
3	-11.25	30.25	10	250,150
3	-11.25	30.75	10	250,150
3	-12.25	30.75	10	250,150
3	-12.75	31.25	10	250,150
3	-12.75	31.75	10	250,150
3	-12.25	32.25	10	250,150
3	-11.75	32.25	10	250,150
3	-11.25	31.75	10	250,150
3	-9.75	31.75	10	250,150
3	-9.75	32.25	10	250,150
3	-12.75	35.25	10	250,150
3	-12.75	36.25	10	250,150
3	-13.75	36.25	10	250,150
3	-14.75	37.25	10	250,150
3	-16.25	37.25	10	250,150
3	-16.75	36.75	10	250,150
3	-16.75	36.25	10	250,150
3	-14.75	36.25	10	250,150
3	-14.75	35.75	10	250,150
3	-15.75	34.75	10	250,150
3	-16.75	34.75	10	250,150
3	-16.75	34.25	10	250,150
3	-15.75	33.25	10	250,150
3	-15.75	32.75	10	250,150
3	-16.25	32.75	10	250,150
3	-17.75	34.25	10	250,150
3	-17.75	35.25	10	250,150
3	-18.75	36.25	10	250,150
3	-19.75	36.25	10	250,150
3	-19.75	37.25	10	250,150
3	-21.75	39.25	10	250,150
3	-21.75	41.25	10	250,150
3	-23.75	41.25	10	250,150
3	-25.25	42.75	10	250,150
3	-45.25	35.75	10	300,150
3	-45.25	36.25	10	300,150
3	-44.75	36.25	10	300,150
3	-44.75	35.25	10	300,150
3	-43.25	33.75	10	300,150
3	-42.75	33.75	10	300,150
3	-42.75	35.25	10	300,150
3	-43.75	35.25	10	300,150
3	-43.75	35.75	10	300,150
3	-43.25	36.25	10	300,150
3	-42.25	36.25	10	300,150
3	-42.25	37.25	10	300,150
3	-41.75	37.25	10	300,150
3	-40.75	36.25	10	300,150
3	-39.75	36.25	10	300,150
3	-39.75	35.25	10	300,150
3	-39.25	34.75	10	300,150
3	-38.25	34.75	10	300,150
3	-38.25	33.75	10	300,150
3	-37.75	33.75	10	300,150
3	-37.25	34.25	10	300,150
3	-35.75	34.25	10	300,150
3	-35.75	33.25	10	300,150
3	-35.25	32.75	10	300,150
3	-35.25	32.25	10	300,150
3	-35.75	32.25	10	300,150
3	-36.75	33.25	10	300,150
3	-37.25	33.25	10	300,150
3	-37.25	32.75	10	300,150
3	-36.75	32.25	10	300,150
3	-36.75	31.75	10	300,150
3	-37.25	31.75	10	300,150
3	-37.75	32.25	10	300,150
3	-38.25	32.25	10	300,150
3	-38.25	31.75	10	300,150
3	-37.25	30.75	10	300,150
3	-37.25	29.75	10	300,150
3	-36.25	28.75	10	300,150
3	-34.75	28.75	10	300,150
3	-34.25	29.25	10	300,150
3	-33.75	29.25	10	300,150
3	-33.25	28.75	10	300,150
3	-33.25	27.75	10	300,150
3	-32.25	27.75	10	300,150
3	-32.25	25.25	10	300,150
3	-33.25	25.25	10	300,150
3	-33.75	24.75	10	300,150
3	-33.75	24.25	10	300,150
3	-33.25	23.75	10	300,150
3	-33.25	23.25	10	300,150
3	-34.75	21.75	10	300,150
3	-35.25	21.75	10	300,150
3	-36.25	22.75	10	300,150
3	-36.25	23.25	10	300,150
3	-35.25	24.25	10	300,150
3	-35.25	24.75	10	300,150
3	-35.75	25.25	10	300,150
3	-35.75	26.25	10	300,150
3	-40.25	30.75	10	300,150
3	-41.25	30.75	10	300,150
3	-42.75	32.25	10	300,150
3	-43.75	32.25	10	300,150
3	-44.25	32.75	10	300,150
3	-45.25	32.75	10	300,150
3	-45.25	35.75	10	300,150
211	-27.75	9.25	197	100,50
211	-27.75	9.75	197	100,50
211	-26.75	9.75	197	100,50
211	-26.75	10.75	197	100,50
211	-26.25	10.75	197	100,50
211	-25.75	10.25	197	100,50
211	-25.25	10.25	197	100,50
211	-24.75	10.75	197	100,50
211	-24.75	12.75	197	100,50
211	-23.75	13.75	197	100,50
211	-22.75	13.75	197	100,50
211	-22.75	14.75	197	100,50
211	-21.25	16.25	197	100,50
211	-20.75	16.25	197	100,50
211	-19.75	15.25	197	100,50
211	-19.75	13.75	197	100,50
211	-20.25	13.25	197	100,50
211	-20.25	12.75	197	100,50
211	-19.75	12.25	197	100,50
211	-19.75	11.75	197	100,50
211	-20.25	11.25	197	100,50
211	-20.75	11.25	197	100,50
211	-21.25	11.75	197	100,50
211	-21.75	11.75	197	100,50
211	-22.75	10.75	197	100,50
211	-22.75	10.25	197	100,50
211	-20.75	8.25	197	100,50
211	-20.75	7.25	197	100,50
211	-19.75	7.25	197	100,50
211	-19.75	5.75	197	100,50
211	-21.25	4.25	197	100,50
211	-21.25	3.25	197	100,50
211	-23.25	3.25	197	100,50
211	-23.25	2.25	197	100,50
211	-23.75	1.75	197	100,50
211	-23.75	0.75	197	100,50
211	-24.25	0.75	197	100,50
211	-25.25	1.75	197	100,50
211	-26.25	1.75	197	100,50
211	-26.25	2.75	197	100,50
211	-27.75	2.75	197	100,50
211	-27.75	1.75	197	100,50
211	-28.25	1.25	197	100,50
211	-28.25	0.75	197	100,50
211	-27.25	0.75	197	100,50
211	-27.25	-0.75	197	100,50
211	-28.75	-0.75	197	100,50
211	-31.75	2.25	197	100,50
211	-31.75	2.75	197	100,50
211	-30.25	2.75	197	100,50
211	-29.25	1.75	197	100,50
211	-28.75	1.75	197	100,50
211	-28.75	2.75	197	100,50
211	-28.25	3.25	197	100,50
211	-28.25	3.75	197	100,50
211	-28.75	4.25	197	100,50
211	-28.75	4.75	197	100,50
211	-28.25	5.25	197	100,50
211	-27.75	5.25	197	100,50
211	-27.25	4.75	197	100,50
211	-26.75	4.75	197	100,50
211	-26.75	5.25	197	100,50
211	-27.75	6.25	197	100,50
211	-27.75	6.75	197	100,50
211	-27.25	6.75	197	100,50
211	-26.75	6.25	197	100,50
211	-26.25	6.25	197	100,50
211	-26.25	6.75	197	100,50
211	-26.75	7.25	197	100,50
211	-26.75	8.25	197	100,50
211	-27.75	9.25	197	100,50
211	-28.75	48.25	197	100,0
211	-28.75	48.75	197	100,0
211	-28.25	49.25	197	100,0
211	-26.75	49.25	197	100,0
211	-26.25	48.75	197	100,0
211	-26.25	48.25	197	100,0
211	-26.75	47.75	197	100,0
211	-27.25	47.75	197	100,0
211	-27.75	48.25	197	100,0
211	-28.75	48.25	197	100,0
31	-20.75	16.25	111	100,50
31	-20.75	16.75	111	100,50
31	-19.75	17.75	111	100,50
31	-19.25	17.75	111	100,50
31	-19.25	15.75	111	100,50
31	-18.75	15.75	111	100,50
31	-18.25	16.25	111	100,50
31	-17.25	16.25	111	100,50
31	-17.25	17.25	111	100,50
31	-16.75	17.75	111	100,50
31	-15.75	17.75	111	100,50
31	-15.25	18.25	111	100,50
31	-15.25	19.25	111	100,50
31	-13.75	19.25	111	100,50
31	-11.75	17.25	111	100,50
31	-11.25	17.25	111	100,50
31	-11.25	17.75	111	100,50
31	-11.75	18.25	111	100,50
31	-11.75	19.25	111	100,50
31	-12.75	20.25	111	100,50
31	-12.75	22.25	111	100,50
31	-13.75	22.25	111	100,50
31	-14.25	22.75	111	100,50
31	-14.25	23.25	111	100,50
31	-12.25	25.25	111	100,50
31	-11.75	25.25	111	100,50
31	-11.25	24.75	111	100,50
31	-11.25	24.25	111	100,50
31	-12.25	23.25	111	100,50
31	-12.25	22.75	111	100,50
31	-11.75	22.75	111	100,50
31	-10.75	23.75	111	100,50
31	-10.25	23.75	111	100,50
31	-9.25	22.75	111	100,50
31	-8.75	22.75	111	100,50
31	-8.75	23.25	111	100,50
31	-9.25	23.75	111	100,50
31	-9.25	25.25	111	100,50
31	-8.75	25.75	111	100,50
31	-7.25	25.75	111	100,50
31	-5.75	24.25	111	100,50
31	-4.75	24.25	111	100,50
31	-4.75	23.25	111	100,50
31	-3.75	22.25	111	100,50
31	-3.75	21.25	111	100,50
31	-3.25	20.75	111	100,50
31	-2.75	20.75	111	100,50
31	-0.75	22.75	111	100,50
31	-0.25	22.75	111	100,50
31	-0.25	22.25	111	100,50
31	-6.25	16.25	111	100,50
31	-6.75	16.25	111	100,50
31	-6.75	17.25	111	100,50
31	-7.25	17.25	111	100,50
31	-8.25	16.25	111	100,50
31	-9.75	16.25	111	100,50
31	-10.25	16.75	111	100,50
31	-10.75	16.75	111	100,50
31	-10.75	16.25	111	100,50
31	-10.25	15.75	111	100,50
31	-10.25	15.25	111	100,50
31	-13.75	11.75	111	100,50
31	-13.75	10.75	111	100,50
31	-14.25	10.25	111	100,50
31	-15.25	10.25	111	100,50
31	-15.75	9.75	111	100,50
31	-15.75	8.75	111	100,50
31	-16.25	8.25	111	100,50
31	-17.25	8.25	111	100,50
31	-17.25	7.25	111	100,50
31	-18.25	6.25	111	100,50
31	-18.75	6.25	111	100,50
31	-19.75	7.25	111	100,50
31	-20.75	7.25	111	100,50
31	-20.75	8.25	111	100,50
31	-22.75	10.25	111	100,50
31	-22.75	10.75	111	100,50
31	-21.75	11.75	111	100,50
31	-21.25	11.75	111	100,50
31	-20.75	11.25	111	100,50
31	-20.25	11.25	111	100,50
31	-19.75	11.75	111	100,50
31	-19.75	12.25	111	100,50
31	-20.25	12.75	111	100,50
31	-20.25	13.25	111	100,50
31	-19.75	13.75	111	100,50
31	-19.75	15.25	111	100,50
31	-20.75	16.25	111	100,50
343	-19.25	17.75	258	100,50
343	-19.25	18.25	258	100,50
343	-16.25	21.25	258	100,50
343	-15.75	21.25	258	100,50
343	-15.25	20.75	258	100,50
343	-14.75	20.75	258	100,50
343	-14.75	22.75	258	100,50
343	-14.25	22.75	258	100,50
343	-13.75	22.25	258	100,50
343	-12.75	22.25	258	100,50
343	-12.75	20.25	258	100,50
343	-11.75	19.25	258	100,50
343	-11.75	18.25	258	100,50
343	-11.25	17.75	258	100,50
343	-11.25	17.25	258	100,50
343	-11.75	17.25	258	100,50
343	-13.75	19.25	258	100,50
343	-15.25	19.25	258	100,50
343	-15.25	18.25	258	100,50
343	-15.75	17.75	258	100,50
343	-16.75	17.75	258	100,50
343	-17.25	17.25	258	100,50
343	-17.25	16.25	258	100,50
343	-18.25	16.25	258	100,50
343	-18.75	15.75	258	100,50
343	-19.25	15.75	258	100,50
343	-19.25	17.75	258	100,50
475	-44.75	32.25	44	150,50
475	-44.75	32.75	44	150,50
475	-44.25	32.75	44	150,50
475	-44.25	32.25	44	150,50
475	-44.75	32.25	44	150,50
495	-41.75	45.25	53	150,50
495	-41.75	45.75	53	150,50
495	-38.75	48.75	53	150,50
495	-33.25	48.75	53	150,50
495	-32.75	48.25	53	150,50
495	-32.25	48.25	53	150,50
495	-31.75	48.75	53	150,50
495	-31.25	48.75	53	150,50
495	-30.25	47.75	53	150,50
495	-30.25	47.25	53	150,50
495	-30.75	47.25	53	150,50
495	-31.25	47.75	53	150,50
495	-31.75	47.75	53	150,50
495	-31.75	47.25	53	150,50
495	-30.75	46.25	53	150,50
495	-30.75	45.25	53	150,50
495	-30.25	44.75	53	150,50
495	-30.25	44.25	53	150,50
495	-32.75	41.75	53	150,50
495	-32.75	41.25	53	150,50
495	-32.25	40.75	53	150,50
495	-32.25	40.25	53	150,50
495	-32.75	40.25	53	150,50
495	-33.25	40.75	53	150,50
495	-33.75	40.75	53	150,50
495	-35.25	39.25	53	150,50
495	-35.75	39.25	53	150,50
495	-40.25	43.75	53	150,50
495	-40.25	44.75	53	150,50
495	-41.25	44.75	53	150,50
495	-41.75	45.25	53	150,50
495	-38.25	-1.25	53	150,100
495	-38.25	-0.75	53	150,100
495	-36.75	0.75	53	150,100
495	-36.25	0.75	53	150,100
495	-34.75	-0.75	53	150,100
495	-34.75	-1.25	53	150,100
495	-38.25	-1.25	53	150,100
496	-34.25	-0.75	53	150,100
496	-34.25	-1.25	53	150,100
496	-33.75	-1.25	53	150,100
496	-33.75	-0.75	53	150,100
496	-34.25	-0.75	53	150,100
497	-32.25	-1.25	53	150,100
497	-32.25	-0.75	53	150,100
497	-31.75	-0.75	53	150,100
497	-31.75	-1.25	53	150,100
497	-32.25	-1.25	53	150,100
36	-42.75	41.25	115	100,0
36	-42.75	41.75	115	100,0
36	-42.25	42.25	115	100,0
36	-41.25	42.25	115	100,0
36	-40.75	42.75	115	100,0
36	-40.25	42.75	115	100,0
36	-36.75	39.25	115	100,0
36	-36.75	37.75	115	100,0
36	-37.75	36.75	115	100,0
36	-38.75	36.75	115	100,0
36	-39.25	36.25	115	100,0
36	-39.75	36.25	115	100,0
36	-40.75	37.25	115	100,0
36	-41.75	37.25	115	100,0
36	-43.25	38.75	115	100,0
36	-43.25	40.25	115	100,0
36	-42.75	40.75	115	100,0
36	-42.75	41.25	115	100,0
204	-23.75	10.25	191	150,100
204	-23.75	10.75	191	150,100
204	-22.25	10.75	191	150,100
204	-21.75	10.25	191	150,100
204	-20.75	10.25	191	150,100
204	-20.25	9.75	191	150,100
204	-20.25	8.75	191	150,100
204	-19.25	8.75	191	150,100
204	-18.25	7.75	191	150,100
204	-18.25	7.25	191	150,100
204	-19.25	6.25	191	150,100
204	-19.75	6.25	191	150,100
204	-23.75	10.25	191	150,100
401	-42.25	41.75	299	200,100
401	-42.25	42.25	299	200,100
401	-41.75	42.25	299	200,100
401	-37.25	37.75	299	200,100
401	-36.75	37.75	299	200,100
401	-35.75	38.75	299	200,100
401	-35.75	39.25	299	200,100
401	-36.75	40.25	299	200,100
401	-37.75	40.25	299	200,100
401	-37.75	40.75	299	200,100
401	-37.25	41.25	299	200,100
401	-37.25	41.75	299	200,100
401	-39.25	43.75	299	200,100
401	-39.25	44.25	299	200,100
401	-38.25	45.25	299	200,100
401	-37.75	45.25	299	200,100
401	-35.75	43.25	299	200,100
401	-35.75	42.25	299	200,100
401	-33.75	40.25	299	200,100
401	-33.75	38.75	299	200,100
401	-34.75	38.75	299	200,100
401	-36.75	36.75	299	200,100
401	-37.25	36.75	299	200,100
401	-42.25	41.75	299	200,100
156	2.75	36.75	155	200,150
156	2.75	37.25	155	200,150
156	3.75	38.25	155	200,150
156	5.25	38.25	155	200,150
156	5.25	32.75	155	200,150
156	4.75	32.25	155	200,150
156	4.25	32.25	155	200,150
156	4.25	33.75	155	200,150
156	4.75	34.25	155	200,150
156	4.75	34.75	155	200,150
156	2.75	36.75	155	200,150
156	-44.75	37.25	155	250,150
156	-44.75	37.75	155	250,150
156	-44.25	38.25	155	250,150
156	-43.75	38.25	155	250,150
156	-43.25	37.75	155	250,150
156	-42.75	37.75	155	250,150
156	-42.25	38.25	155	250,150
156	-41.25	38.25	155	250,150
156	-41.25	38.75	155	250,150
156	-41.75	39.25	155	250,150
156	-41.75	40.75	155	250,150
156	-41.25	40.75	155	250,150
156	-39.75	39.25	155	250,150
156	-38.75	39.25	155	250,150
156	-37.25	37.75	155	250,150
156	-37.25	37.25	155	250,150
156	-37.75	36.75	155	250,150
156	-38.25	36.75	155	250,150
156	-39.25	37.75	155	250,150
156	-39.75	37.75	155	250,150
156	-39.75	35.75	155	250,150
156	-40.25	35.25	155	250,150
156	-40.25	34.25	155	250,150
156	-41.25	34.25	155	250,150
156	-41.75	33.75	155	250,150
156	-41.75	32.75	155	250,150
156	-42.25	32.25	155	250,150
156	-44.75	32.25	155	250,150
156	-44.75	37.25	155	250,150
359	-24.75	9.25	268	250,200
359	-24.75	9.75	268	250,200
359	-24.25	9.75	268	250,200
359	-23.75	9.25	268	250,200
359	-23.25	9.25	268	250,200
359	-21.75	10.75	268	250,200
359	-21.25	10.75	268	250,200
359	-21.25	10.25	268	250,200
359	-21.75	9.75	268	250,200
359	-21.75	8.25	268	250,200
359	-21.25	8.25	268	250,200
359	-20.75	8.75	268	250,200
359	-20.25	8.75	268	250,200
359	-20.25	6.75	268	250,200
359	-19.75	6.75	268	250,200
359	-18.25	8.25	268	250,200
359	-17.75	8.25	268	250,200
359	-17.75	7.75	268	250,200
359	-19.75	5.75	268	250,200
359	-20.25	5.75	268	250,200
359	-20.75	6.25	268	250,200
359	-21.25	6.25	268	250,200
359	-21.25	5.75	268	250,200
359	-20.75	5.25	268	250,200
359	-20.75	3.75	268	250,200
359	-21.25	3.25	268	250,200
359	-21.25	2.25	268	250,200
359	-21.75	2.25	268	250,200
359	-22.25	2.75	268	250,200
359	-23.25	2.75	268	250,200
359	-23.75	3.25	268	250,200
359	-24.25	3.25	268	250,200
359	-24.25	2.25	268	250,200
359	-24.75	2.25	268	250,200
359	-25.75	3.25	268	250,200
359	-25.75	3.75	268	250,200
359	-24.75	3.75	268	250,200
359	-24.75	4.25	268	250,200
359	-25.25	4.75	268	250,200
359	-25.25	6.75	268	250,200
359	-25.75	7.25	268	250,200
359	-25.75	7.75	268	250,200
359	-24.75	8.75	268	250,200
359	-24.75	9.25	268	250,200
435	-3.75	30.25	323	250,200
435	-3.75	30.75	323	250,200
435	-3.25	31.25	323	250,200
435	-1.75	31.25	323	250,200
435	-1.25	30.75	323	250,200
435	-0.25	30.75	323	250,200
435	-0.25	30.25	323	250,200
435	-0.75	29.75	323	250,200
435	-0.75	29.25	323	250,200
435	-0.25	29.25	323	250,200
435	0.25	29.75	323	250,200
435	2.25	29.75	323	250,200
435	2.25	31.25	323	250,200
435	1.75	31.25	323	250,200
435	1.25	30.75	323	250,200
435	0.75	30.75	323	250,200
435	0.25	31.25	323	250,200
435	0.25	32.75	323	250,200
435	0.75	32.75	323	250,200
435	1.25	32.25	323	250,200
435	1.75	32.25	323	250,200
435	1.75	32.75	323	250,200
435	0.75	33.75	323	250,200
435	0.75	34.25	323	250,200
435	1.25	34.75	323	250,200
435	1.75	34.75	323	250,200
435	4.75	31.75	323	250,200
435	4.75	29.25	323	250,200
435	4.25	28.75	323	250,200
435	3.25	28.75	323	250,200
435	2.25	27.75	323	250,200
435	2.25	26.25	323	250,200
435	2.75	25.75	323	250,200
435	2.75	25.25	323	250,200
435	2.25	24.75	323	250,200
435	1.75	24.75	323	250,200
435	1.75	25.75	323	250,200
435	1.25	25.75	323	250,200
435	0.75	25.25	323	250,200
435	0.25	25.25	323	250,200
435	-0.25	25.75	323	250,200
435	-0.25	26.75	323	250,200
435	-1.25	26.75	323	250,200
435	-1.25	27.75	323	250,200
435	-1.75	27.75	323	250,200
435	-2.25	27.25	323	250,200
435	-2.75	27.25	323	250,200
435	-3.25	27.75	323	250,200
435	-3.25	29.75	323	250,200
435	-3.75	30.25	323	250,200
435	-45.25	30.75	323	300,200
435	-45.25	31.25	323	300,200
435	-44.75	31.25	323	300,200
435	-44.25	30.75	323	300,200
435	-44.25	30.25	323	300,200
435	-44.75	29.75	323	300,200
435	-45.25	29.75	323	300,200
435	-45.25	30.75	323	300,200
447	-30.75	2.25	334	150,100
447	-30.75	2.75	334	150,100
447	-30.25	3.25	334	150,100
447	-29.75	3.25	334	150,100
447	-29.25	2.75	334	150,100
447	-28.75	2.75	334	150,100
447	-28.25	3.25	334	150,100
447	-27.75	3.25	334	150,100
447	-26.75	2.25	334	150,100
447	-26.25	2.25	334	150,100
447	-26.25	2.75	334	150,100
447	-27.25	3.75	334	150,100
447	-27.25	4.25	334	150,100
447	-26.75	4.75	334	150,100
447	-26.25	4.75	334	150,100
447	-24.75	3.25	334	150,100
447	-24.25	3.25	334	150,100
447	-24.25	3.75	334	150,100
447	-25.25	4.75	334	150,100
447	-25.25	5.25	334	150,100
447	-24.75	5.25	334	150,100
447	-23.25	3.75	334	150,100
447	-23.25	2.75	334	150,100
447	-22.75	2.75	334	150,100
447	-19.75	5.75	334	150,100
447	-19.25	5.75	334	150,100
447	-18.75	5.25	334	150,100
447	-18.75	4.75	334	150,100
447	-20.25	3.25	334	150,100
447	-20.25	2.75	334	150,100
447	-19.75	2.75	334	150,100
447	-18.25	4.25	334	150,100
447	-17.25	4.25	334	150,100
447	-16.75	4.75	334	150,100
447	-16.75	5.75	334	150,100
447	-16.25	6.25	334	150,100
447	-15.75	6.25	334	150,100
447	-14.25	4.75	334	150,100
447	-14.25	4.25	334	150,100
447	-14.75	3.75	334	150,100
447	-15.75	3.75	334	150,100
447	-16.25	3.25	334	150,100
447	-16.25	2.25	334	150,100
447	-16.75	1.75	334	150,100
447	-16.75	0.75	334	150,100
447	-17.25	0.25	334	150,100
447	-18.25	0.25	334	150,100
447	-18.75	-0.25	334	150,100
447	-18.75	-1.25	334	150,100
447	-19.25	-1.25	334	150,100
447	-20.75	0.25	334	150,100
447	-20.75	0.75	334	150,100
447	-20.25	0.75	334	150,100
447	-19.75	0.25	334	150,100
447	-19.25	0.25	334	150,100
447	-18.75	0.75	334	150,100
447	-18.75	1.25	334	150,100
447	-19.25	1.75	334	150,100
447	-20.75	1.75	334	150,100
447	-23.25	-0.75	334	150,100
447	-23.75	-0.75	334	150,100
447	-24.25	-0.25	334	150,100
447	-24.25	0.75	334	150,100
447	-25.25	1.75	334	150,100
447	-25.75	1.75	334	150,100
447	-26.25	1.25	334	150,100
447	-26.75	1.25	334	150,100
447	-27.25	1.75	334	150,100
447	-27.75	1.75	334	150,100
447	-27.75	1.25	334	150,100
447	-27.25	0.75	334	150,100
447	-27.25	0.25	334	150,100
447	-27.75	-0.25	334	150,100
447	-28.25	-0.25	334	150,100
447	-30.75	2.25	334	150,100
447	-21.75	46.25	334	150,50
447	-21.75	46.75	334	150,50
447	-21.25	46.75	334	150,50
447	-20.75	46.25	334	150,50
447	-20.25	46.25	334	150,50
447	-20.25	46.75	334	150,50
447	-20.75	47.25	334	150,50
447	-20.75	47.75	334	150,50
447	-19.75	47.75	334	150,50
447	-19.75	48.75	334	150,50
447	-19.25	48.75	334	150,50
447	-18.75	48.25	334	150,50
447	-18.75	47.25	334	150,50
447	-18.25	47.25	334	150,50
447	-16.75	48.75	334	150,50
447	-16.25	48.75	334	150,50
447	-15.75	48.25	334	150,50
447	-15.75	46.75	334	150,50
447	-16.25	46.25	334	150,50
447	-16.25	45.75	334	150,50
447	-14.75	45.75	334	150,50
447	-14.25	46.25	334	150,50
447	-14.25	47.25	334	150,50
447	-13.75	47.25	334	150,50
447	-13.25	46.75	334	150,50
447	-13.25	45.25	334	150,50
447	-13.75	44.75	334	150,50
447	-13.75	43.75	334	150,50
447	-14.25	43.25	334	150,50
447	-14.25	42.75	334	150,50
447	-13.75	42.25	334	150,50
447	-12.75	42.25	334	150,50
447	-12.25	41.75	334	150,50
447	-12.25	40.75	334	150,50
447	-11.75	40.25	334	150,50
447	-11.75	39.75	334	150,50
447	-12.25	39.75	334	150,50
447	-14.25	41.75	334	150,50
447	-14.75	41.75	334	150,50
447	-15.25	41.25	334	150,50
447	-15.25	40.75	334	150,50
447	-14.25	40.75	334	150,50
447	-12.75	39.25	334	150,50
447	-12.75	38.25	334	150,50
447	-12.25	38.25	334	150,50
447	-10.75	39.75	334	150,50
447	-10.25	39.75	334	150,50
447	-9.75	39.25	334	150,50
447	-9.75	37.25	334	150,50
447	-8.75	36.25	334	150,50
447	-8.25	36.25	334	150,50
447	-8.25	37.25	334	150,50
447	-7.75	37.25	334	150,50
447	-6.75	36.25	334	150,50
447	-5.75	36.25	334	150,50
447	-5.25	35.75	334	150,50
447	-4.75	35.75	334	150,50
447	-4.25	36.25	334	150,50
447	-3.75	36.25	334	150,50
447	-3.25	35.75	334	150,50
447	-2.75	35.75	334	150,50
447	-2.25	36.25	334	150,50
447	-1.75	36.25	334	150,50
447	0.25	34.25	334	150,50
447	0.75	34.25	334	150,50
447	1.25	34.75	334	150,50
447	2.25	34.75	334	150,50
447	3.75	36.25	334	150,50
447	4.25	36.25	334	150,50
447	4.75	35.75	334	150,50
447	4.75	24.25	334	150,50
447	4.25	23.75	334	150,50
447	3.75	23.75	334	150,50
447	3.75	25.75	334	150,50
447	3.25	26.25	334	150,50
447	3.25	27.75	334	150,50
447	3.75	28.25	334	150,50
447	3.75	28.75	334	150,50
447	3.25	29.25	334	150,50
447	2.75	29.25	334	150,50
447	2.25	28.75	334	150,50
447	1.75	28.75	334	150,50
447	0.75	29.75	334	150,50
447	0.75	30.25	334	150,50
447	1.25	30.75	334	150,50
447	2.25	30.75	334	150,50
447	3.75	32.25	334	150,50
447	3.75	32.75	334	150,50
447	3.25	32.75	334	150,50
447	2.25	31.75	334	150,50
447	0.75	31.75	334	150,50
447	0.25	32.25	334	150,50
447	-0.25	32.25	334	150,50
447	-0.75	31.75	334	150,50
447	-0.75	31.25	334	150,50
447	-0.25	30.75	334	150,50
447	-0.25	30.25	334	150,50
447	-0.75	30.25	334	150,50
447	-1.25	30.75	334	150,50
447	-1.75	30.75	334	150,50
447	-1.75	30.25	334	150,50
447	-1.25	29.75	334	150,50
447	-1.25	29.25	334	150,50
447	-2.25	28.25	334	150,50
447	-2.75	28.25	334	150,50
447	-3.25	28.75	334	150,50
447	-3.25	29.75	334	150,50
447	-3.75	29.75	334	150,50
447	-5.25	28.25	334	150,50
447	-5.25	27.25	334	150,50
447	-5.75	27.25	334	150,50
447	-7.75	29.25	334	150,50
447	-7.75	29.75	334	150,50
447	-6.75	30.75	334	150,50
447	-5.75	30.75	334	150,50
447	-5.25	31.25	334	150,50
447	-5.25	31.75	334	150,50
447	-6.25	31.75	334	150,50
447	-7.75	33.25	334	150,50
447	-9.25	33.25	334	150,50
447	-9.25	32.25	334	150,50
447	-9.75	31.75	334	150,50
447	-10.25	31.75	334	150,50
447	-12.25	33.75	334	150,50
447	-13.25	33.75	334	150,50
447	-14.75	35.25	334	150,50
447	-14.75	35.75	334	150,50
447	-14.25	36.25	334	150,50
447	-14.25	36.75	334	150,50
447	-15.25	36.75	334	150,50
447	-16.25	37.75	334	150,50
447	-16.25	38.75	334	150,50
447	-17.25	38.75	334	150,50
447	-17.75	39.25	334	150,50
447	-17.75	39.75	334	150,50
447	-16.75	40.75	334	150,50
447	-16.75	41.25	334	150,50
447	-17.25	41.75	334	150,50
447	-17.25	42.25	334	150,50
447	-16.75	42.75	334	150,50
447	-16.75	43.25	334	150,50
447	-17.25	43.75	334	150,50
447	-18.25	43.75	334	150,50
447	-19.25	44.75	334	150,50
447	-20.25	44.75	334	150,50
447	-21.75	46.25	334	150,50
447	-45.25	34.75	334	200,50
447	-45.25	35.25	334	200,50
447	-44.75	35.25	334	200,50
447	-34.25	24.75	334	200,50
447	-34.25	23.75	334	200,50
447	-33.75	23.25	334	200,50
447	-33.75	22.75	334	200,50
447	-34.25	22.75	334	200,50
447	-35.25	23.75	334	200,50
447	-35.25	24.75	334	200,50
447	-37.25	26.75	334	200,50
447	-38.25	26.75	334	200,50
447	-39.25	27.75	334	200,50
447	-39.25	28.75	334	200,50
447	-40.75	30.25	334	200,50
447	-41.25	30.25	334	200,50
447	-42.25	29.25	334	200,50
447	-42.25	28.75	334	200,50
447	-36.25	22.75	334	200,50
447	-36.25	22.25	334	200,50
447	-38.25	22.25	334	200,50
447	-38.25	20.75	334	200,50
447	-37.25	19.75	334	200,50
447	-37.25	19.25	334	200,50
447	-37.75	18.75	334	200,50
447	-38.25	18.75	334	200,50
447	-40.25	20.75	334	200,50
447	-41.25	20.75	334	200,50
447	-41.75	21.25	334	200,50
447	-41.75	22.25	334	200,50
447	-42.25	22.75	334	200,50
447	-42.25	23.25	334	200,50
447	-41.75	23.75	334	200,50
447	-40.75	23.75	334	200,50
447	-40.75	25.25	334	200,50
447	-41.75	26.25	334	200,50
447	-42.25	26.25	334	200,50
447	-42.75	25.75	334	200,50
447	-42.75	25.25	334	200,50
447	-41.75	25.25	334	200,50
447	-41.75	24.75	334	200,50
447	-42.25	24.25	334	200,50
447	-43.25	24.25	334	200,50
447	-43.75	23.75	334	200,50
447	-45.25	23.75	334	200,50
447	-45.25	34.75	334	200,50
450	-32.25	0.75	337	250,200
450	-32.25	1.25	337	250,200
450	-31.75	1.25	337	250,200
450	-31.25	0.75	337	250,200
450	-30.75	0.75	337	250,200
450	-30.75	1.25	337	250,200
450	-31.25	1.75	337	250,200
450	-31.25	2.25	337	250,200
450	-30.75	2.75	337	250,200
450	-30.25	2.75	337	250,200
450	-29.25	1.75	337	250,200
450	-28.25	1.75	337	250,200
450	-27.25	0.75	337	250,200
450	-26.25	0.75	337	250,200
450	-26.25	0.25	337	250,200
450	-26.75	-0.25	337	250,200
450	-26.75	-1.25	337	250,200
450	-28.25	-1.25	337	250,200
450	-29.25	-0.25	337	250,200
450	-29.75	-0.25	337	250,200
450	-29.75	-1.25	337	250,200
450	-31.25	-1.25	337	250,200
450	-32.25	-0.25	337	250,200
450	-32.25	0.75	337	250,200
450	-31.75	48.25	337	250,150
450	-31.75	48.75	337	250,150
450	-31.25	48.75	337	250,150
450	-31.25	48.25	337	250,150
450	-31.75	48.25	337	250,150
428	-8.25	24.75	318	250,200
428	-8.25	25.25	318	250,200
428	-7.75	25.75	318	250,200
428	-7.25	25.75	318	250,200
428	-6.75	25.25	318	250,200
428	-5.75	25.25	318	250,200
428	-4.25	23.75	318	250,200
428	-4.25	22.75	318	250,200
428	-3.25	21.75	318	250,200
428	-3.25	21.25	318	250,200
428	-3.75	21.25	318	250,200
428	-4.25	21.75	318	250,200
428	-4.75	21.75	318	250,200
428	-5.75	20.75	318	250,200
428	-6.25	20.75	318	250,200
428	-7.75	22.25	318	250,200
428	-7.75	22.75	318	250,200
428	-7.25	23.25	318	250,200
428	-7.25	23.75	318	250,200
428	-8.25	24.75	318	250,200
451	-30.75	48.75	337	250,150
451	-30.75	48.25	337	250,150
451	-30.25	47.75	337	250,150
451	-29.75	47.75	337	250,150
451	-29.25	48.25	337	250,150
451	-29.25	48.75	337	250,150
451	-30.75	48.75	337	250,150
452	-27.75	48.25	337	250,150
452	-27.75	48.75	337	250,150
452	-27.25	48.75	337	250,150
452	-27.25	48.25	337	250,150
452	-27.75	48.25	337	250,150
10	-31.75	47.25	102	150,50
10	-31.75	47.75	102	150,50
10	-31.25	47.75	102	150,50
10	-30.75	47.25	102	150,50
10	-29.75	47.25	102	150,50
10	-28.25	45.75	102	150,50
10	-27.75	45.75	102	150,50
10	-26.75	46.75	102	150,50
10	-26.25	46.75	102	150,50
10	-26.25	46.25	102	150,50
10	-27.25	45.25	102	150,50
10	-27.25	44.75	102	150,50
10	-23.75	41.25	102	150,50
10	-22.75	41.25	102	150,50
10	-22.25	40.75	102	150,50
10	-22.25	39.75	102	150,50
10	-11.75	29.25	102	150,50
10	-11.25	29.25	102	150,50
10	-10.25	30.25	102	150,50
10	-9.75	30.25	102	150,50
10	-9.25	29.75	102	150,50
10	-9.25	29.25	102	150,50
10	-10.25	28.25	102	150,50
10	-10.25	27.75	102	150,50
10	-7.75	25.25	102	150,50
10	-7.75	24.75	102	150,50
10	-8.75	24.75	102	150,50
10	-8.75	23.75	102	150,50
10	-11.75	20.75	102	150,50
10	-12.25	20.75	102	150,50
10	-12.25	21.25	102	150,50
10	-9.75	23.75	102	150,50
10	-9.75	24.25	102	150,50
10	-10.25	24.75	102	150,50
10	-10.25	25.75	102	150,50
10	-11.75	25.75	102	150,50
10	-12.75	24.75	102	150,50
10	-13.75	24.75	102	150,50
10	-14.75	23.75	102	150,50
10	-15.25	23.75	102	150,50
10	-15.75	24.25	102	150,50
10	-15.75	24.75	102	150,50
10	-14.75	25.75	102	150,50
10	-14.75	26.75	102	150,50
10	-13.75	27.75	102	150,50
10	-13.75	28.25	102	150,50
10	-14.75	28.25	102	150,50
10	-14.75	28.75	102	150,50
10	-14.25	29.25	102	150,50
10	-14.25	29.75	102	150,50
10	-15.25	30.75	102	150,50
10	-16.25	30.75	102	150,50
10	-17.25	31.75	102	150,50
10	-18.25	31.75	102	150,50
10	-18.75	32.25	102	150,50
10	-18.75	33.25	102	150,50
10	-19.25	33.75	102	150,50
10	-20.25	33.75	102	150,50
10	-20.25	35.75	102	150,50
10	-21.25	36.75	102	150,50
10	-22.25	36.75	102	150,50
10	-23.25	37.75	102	150,50
10	-24.75	37.75	102	150,50
10	-25.75	36.75	102	150,50
10	-25.75	35.75	102	150,50
10	-28.75	32.75	102	150,50
10	-28.75	32.25	102	150,50
10	-28.25	31.75	102	150,50
10	-28.25	30.75	102	150,50
10	-27.25	30.75	102	150,50
10	-19.25	22.75	102	150,50
10	-17.75	22.75	102	150,50
10	-16.75	23.75	102	150,50
10	-16.25	23.75	102	150,50
10	-15.75	23.25	102	150,50
10	-15.75	22.75	102	150,50
10	-17.25	21.25	102	150,50
10	-17.25	19.75	102	150,50
10	-16.25	19.75	102	150,50
10	-14.75	18.25	102	150,50
10	-14.75	17.75	102	150,50
10	-15.75	17.75	102	150,50
10	-19.75	13.75	102	150,50
10	-19.75	12.75	102	150,50
10	-20.25	12.25	102	150,50
10	-21.75	12.25	102	150,50
10	-23.75	14.25	102	150,50
10	-24.75	14.25	102	150,50
10	-25.25	14.75	102	150,50
10	-25.25	15.75	102	150,50
10	-28.25	18.75	102	150,50
10	-28.25	19.25	102	150,50
10	-27.75	19.25	102	150,50
10	-26.25	17.75	102	150,50
10	-25.75	17.75	102	150,50
10	-25.25	18.25	102	150,50
10	-25.25	19.25	102	150,50
10	-24.25	19.25	102	150,50
10	-24.25	20.25	102	150,50
10	-23.75	20.25	102	150,50
10	-23.25	19.75	102	150,50
10	-20.75	19.75	102	150,50
10	-20.75	20.25	102	150,50
10	-23.75	23.25	102	150,50
10	-24.75	23.25	102	150,50
10	-24.75	24.25	102	150,50
10	-27.25	26.75	102	150,50
10	-28.25	26.75	102	150,50
10	-28.25	27.25	102	150,50
10	-27.75	27.75	102	150,50
10	-27.75	28.25	102	150,50
10	-30.25	28.25	102	150,50
10	-31.75	26.75	102	150,50
10	-31.75	26.25	102	150,50
10	-31.25	26.25	102	150,50
10	-30.75	26.75	102	150,50
10	-30.25	26.75	102	150,50
10	-30.25	26.25	102	150,50
10	-30.75	25.75	102	150,50
10	-30.75	25.25	102	150,50
10	-29.75	25.25	102	150,50
10	-28.75	24.25	102	150,50
10	-28.75	23.25	102	150,50
10	-28.25	23.25	102	150,50
10	-27.75	23.75	102	150,50
10	-27.25	23.75	102	150,50
10	-27.25	22.75	102	150,50
10	-25.75	21.25	102	150,50
10	-25.75	20.75	102	150,50
10	-26.75	20.75	102	150,50
10	-27.25	20.25	102	150,50
10	-27.75	20.25	102	150,50
10	-27.75	21.25	102	150,50
10	-29.75	23.25	102	150,50
10	-29.75	24.25	102	150,50
10	-30.75	24.25	102	150,50
10	-32.25	25.75	102	150,50
10	-32.75	25.75	102	150,50
10	-32.75	23.75	102	150,50
10	-33.25	23.75	102	150,50
10	-35.75	26.25	102	150,50
10	-35.75	27.25	102	150,50
10	-36.25	27.75	102	150,50
10	-37.25	27.75	102	150,50
10	-38.25	28.75	102	150,50
10	-38.25	29.75	102	150,50
10	-38.75	30.25	102	150,50
10	-38.75	30.75	102	150,50
10	-38.25	31.25	102	150,50
10	-37.75	31.25	102	150,50
10	-37.25	30.75	102	150,50
10	-36.75	30.75	102	150,50
10	-36.75	31.25	102	150,50
10	-37.25	31.75	102	150,50
10	-37.25	32.25	102	150,50
10	-36.25	32.25	102	150,50
10	-34.75	33.75	102	150,50
10	-34.25	33.75	102	150,50
10	-32.75	32.25	102	150,50
10	-31.25	32.25	102	150,50
10	-31.25	33.25	102	150,50
10	-30.75	33.75	102	150,50
10	-30.75	34.25	102	150,50
10	-31.25	34.25	102	150,50
10	-31.75	33.75	102	150,50
10	-32.25	33.75	102	150,50
10	-32.25	34.25	102	150,50
10	-31.25	35.25	102	150,50
10	-29.25	35.25	102	150,50
10	-28.75	35.75	102	150,50
10	-27.75	35.75	102	150,50
10	-27.75	36.75	102	150,50
10	-26.75	36.75	102	150,50
10	-26.25	37.25	102	150,50
10	-26.25	38.25	102	150,50
10	-25.25	39.25	102	150,50
10	-25.25	40.75	102	150,50
10	-26.25	41.75	102	150,50
10	-26.25	42.75	102	150,50
10	-27.75	44.25	102	150,50
10	-28.25	44.25	102	150,50
10	-29.25	43.25	102	150,50
10	-29.25	42.25	102	150,50
10	-30.25	42.25	102	150,50
10	-31.75	40.75	102	150,50
10	-32.25	40.75	102	150,50
10	-32.75	41.25	102	150,50
10	-32.75	41.75	102	150,50
10	-30.25	44.25	102	150,50
10	-30.25	44.75	102	150,50
10	-30.75	45.25	102	150,50
10	-30.75	46.25	102	150,50
10	-31.75	47.25	102	150,50
152	-24.75	2.25	151	50,0
152	-24.75	2.75	151	50,0
152	-22.25	5.25	151	50,0
152	-20.75	5.25	151	50,0
152	-20.75	3.75	151	50,0
152	-21.25	3.25	151	50,0
152	-21.25	2.75	151	50,0
152	-20.75	2.25	151	50,0
152	-20.75	1.75	151	50,0
152	-21.75	0.75	151	50,0
152	-22.75	0.75	151	50,0
152	-23.25	0.25	151	50,0
152	-23.75	0.25	151	50,0
152	-23.75	1.25	151	50,0
152	-24.75	2.25	151	50,0
418	-6.25	20.75	31	50,0
418	-6.25	21.25	31	50,0
418	0.25	27.75	31	50,0
418	0.75	27.75	31	50,0
418	0.75	27.25	31	50,0
418	0.25	26.75	31	50,0
418	0.25	26.25	31	50,0
418	0.75	25.75	31	50,0
418	0.75	24.75	31	50,0
418	2.75	22.75	31	50,0
418	2.75	22.25	31	50,0
418	2.25	21.75	31	50,0
418	1.75	21.75	31	50,0
418	0.25	23.25	31	50,0
418	-0.25	23.25	31	50,0
418	-1.25	22.25	31	50,0
418	-1.25	21.75	31	50,0
418	0.75	19.75	31	50,0
418	0.75	19.25	31	50,0
418	-0.25	18.25	31	50,0
418	-0.25	17.75	31	50,0
418	0.75	16.75	31	50,0
418	1.25	16.75	31	50,0
418	2.25	17.75	31	50,0
418	2.75	17.75	31	50,0
418	4.25	16.25	31	50,0
418	4.25	15.75	31	50,0
418	3.25	14.75	31	50,0
418	2.75	14.75	31	50,0
418	2.25	15.25	31	50,0
418	0.75	15.25	31	50,0
418	0.25	14.75	31	50,0
418	0.25	13.25	31	50,0
418	0.75	12.75	31	50,0
418	1.25	12.75	31	50,0
418	2.25	13.75	31	50,0
418	2.75	13.75	31	50,0
418	2.75	13.25	31	50,0
418	2.25	12.75	31	50,0
418	2.25	12.25	31	50,0
418	2.75	11.75	31	50,0
418	3.25	11.75	31	50,0
418	3.75	12.25	31	50,0
418	4.25	12.25	31	50,0
418	4.25	11.25	31	50,0
418	4.75	10.75	31	50,0
418	4.75	3.25	31	50,0
418	3.25	1.75	31	50,0
418	2.75	1.75	31	50,0
418	0.75	3.75	31	50,0
418	-0.25	3.75	31	50,0
418	-3.75	7.25	31	50,0
418	-4.25	7.25	31	50,0
418	-5.75	5.75	31	50,0
418	-6.75	5.75	31	50,0
418	-6.75	4.75	31	50,0
418	-7.25	4.25	31	50,0
418	-7.75	4.25	31	50,0
418	-9.25	5.75	31	50,0
418	-9.75	5.75	31	50,0
418	-11.25	4.25	31	50,0
418	-12.25	4.25	31	50,0
418	-13.25	3.25	31	50,0
418	-13.75	3.25	31	50,0
418	-14.25	3.75	31	50,0
418	-15.25	3.75	31	50,0
418	-16.75	5.25	31	50,0
418	-16.75	5.75	31	50,0
418	-15.75	6.75	31	50,0
418	-15.25	6.75	31	50,0
418	-14.25	5.75	31	50,0
418	-13.75	5.75	31	50,0
418	-12.75	6.75	31	50,0
418	-12.75	7.25	31	50,0
418	-13.75	8.25	31	50,0
418	-13.75	8.75	31	50,0
418	-13.25	9.25	31	50,0
418	-12.75	9.25	31	50,0
418	-11.75	8.25	31	50,0
418	-10.25	8.25	31	50,0
418	-6.25	12.25	31	50,0
418	-6.25	13.25	31	50,0
418	-5.75	13.75	31	50,0
418	-5.75	14.25	31	50,0
418	-6.75	15.25	31	50,0
418	-6.75	16.25	31	50,0
418	-7.25	16.75	31	50,0
418	-7.25	17.25	31	50,0
418	-6.75	17.75	31	50,0
418	-6.25	17.75	31	50,0
418	-5.75	17.25	31	50,0
418	-5.25	17.25	31	50,0
418	-4.75	17.75	31	50,0
418	-4.25	17.75	31	50,0
418	-4.25	16.75	31	50,0
418	-3.75	16.25	31	50,0
418	-3.25	16.25	31	50,0
418	-1.75	17.75	31	50,0
418	-1.75	18.25	31	50,0
418	-2.75	19.25	31	50,0
418	-2.75	20.25	31	50,0
418	-3.75	20.25	31	50,0
418	-4.25	20.75	31	50,0
418	-6.25	20.75	31	50,0
418	-45.25	8.75	31	100,0
418	-45.25	9.25	31	100,0
418	-44.25	9.25	31	100,0
418	-43.25	10.25	31	100,0
418	-42.75	10.25	31	100,0
418	-42.25	9.75	31	100,0
418	-41.25	9.75	31	100,0
418	-41.25	8.75	31	100,0
418	-38.25	5.75	31	100,0
418	-38.25	5.25	31	100,0
418	-38.75	4.75	31	100,0
418	-39.75	4.75	31	100,0
418	-41.25	3.25	31	100,0
418	-41.25	2.25	31	100,0
418	-41.75	1.75	31	100,0
418	-43.25	1.75	31	100,0
418	-44.25	2.75	31	100,0
418	-45.25	2.75	31	100,0
418	-45.25	8.75	31	100,0
515	-10.75	16.25	60	100,50
515	-10.75	16.75	60	100,50
515	-10.25	16.75	60	100,50
515	-9.75	16.25	60	100,50
515	-8.25	16.25	60	100,50
515	-7.25	17.25	60	100,50
515	-6.75	17.25	60	100,50
515	-6.75	16.25	60	100,50
515	-6.25	16.25	60	100,50
515	4.75	27.25	60	100,50
515	5.25	27.25	60	100,50
515	5.25	23.75	60	100,50
515	4.75	23.25	60	100,50
515	3.75	23.25	60	100,50
515	3.75	22.25	60	100,50
515	1.75	20.25	60	100,50
515	1.75	19.25	60	100,50
515	0.75	19.25	60	100,50
515	0.25	18.75	60	100,50
515	-0.75	18.75	60	100,50
515	-6.25	13.25	60	100,50
515	-6.25	12.75	60	100,50
515	-5.25	11.75	60	100,50
515	-5.25	11.25	60	100,50
515	-5.75	11.25	60	100,50
515	-6.75	12.25	60	100,50
515	-7.25	12.25	60	100,50
515	-13.75	5.75	60	100,50
515	-13.75	4.75	60	100,50
515	-14.75	4.75	60	100,50
515	-15.75	3.75	60	100,50
515	-15.75	2.75	60	100,50
515	-18.25	0.25	60	100,50
515	-18.25	-0.75	60	100,50
515	-18.75	-0.75	60	100,50
515	-19.75	0.25	60	100,50
515	-20.75	0.25	60	100,50
515	-20.75	0.75	60	100,50
515	-20.25	1.25	60	100,50
515	-20.25	1.75	60	100,50
515	-20.75	1.75	60	100,50
515	-21.25	1.25	60	100,50
515	-21.75	1.25	60	100,50
515	-21.75	1.75	60	100,50
515	-18.25	5.25	60	100,50
515	-18.25	6.25	60	100,50
515	-17.25	7.25	60	100,50
515	-17.25	8.25	60	100,50
515	-16.25	8.25	60	100,50
515	-15.75	8.75	60	100,50
515	-15.75	9.75	60	100,50
515	-15.25	10.25	60	100,50
515	-14.25	10.25	60	100,50
515	-13.75	10.75	60	100,50
515	-13.75	11.75	60	100,50
515	-10.25	15.25	60	100,50
515	-10.25	15.75	60	100,50
515	-10.75	16.25	60	100,50
515	-44.75	27.25	60	150,50
515	-44.75	27.75	60	150,50
515	-40.75	31.75	60	150,50
515	-39.75	31.75	60	150,50
515	-39.25	32.25	60	150,50
515	-38.75	32.25	60	150,50
515	-38.75	31.75	60	150,50
515	-40.25	30.25	60	150,50
515	-40.25	29.75	60	150,50
515	-39.25	29.75	60	150,50
515	-37.25	27.75	60	150,50
515	-36.25	27.75	60	150,50
515	-35.75	27.25	60	150,50
515	-35.75	26.25	60	150,50
515	-26.75	17.25	60	150,50
515	-26.75	16.75	60	150,50
515	-27.25	16.25	60	150,50
515	-28.25	16.25	60	150,50
515	-28.75	15.75	60	150,50
515	-28.75	14.25	60	150,50
515	-28.25	13.75	60	150,50
515	-28.25	13.25	60	150,50
515	-28.75	13.25	60	150,50
515	-30.25	14.75	60	150,50
515	-31.25	14.75	60	150,50
515	-34.25	17.75	60	150,50
515	-35.25	17.75	60	150,50
515	-35.25	18.25	60	150,50
515	-33.75	19.75	60	150,50
515	-33.75	20.25	60	150,50
515	-34.25	20.75	60	150,50
515	-34.25	21.25	60	150,50
515	-33.75	21.75	60	150,50
515	-33.75	22.25	60	150,50
515	-34.25	22.25	60	150,50
515	-34.75	21.75	60	150,50
515	-36.75	21.75	60	150,50
515	-36.75	21.25	60	150,50
515	-36.25	20.75	60	150,50
515	-36.25	20.25	60	150,50
515	-36.75	20.25	60	150,50
515	-40.75	24.25	60	150,50
515	-40.75	24.75	60	150,50
515	-39.75	24.75	60	150,50
515	-39.75	26.25	60	150,50
515	-40.75	26.25	60	150,50
515	-41.25	26.75	60	150,50
515	-41.75	26.75	60	150,50
515	-41.75	26.25	60	150,50
515	-41.25	25.75	60	150,50
515	-41.25	25.25	60	150,50
515	-41.75	25.25	60	150,50
515	-42.25	25.75	60	150,50
515	-42.75	25.75	60	150,50
515	-43.75	24.75	60	150,50
515	-43.75	23.75	60	150,50
515	-44.25	23.25	60	150,50
515	-44.75	23.25	60	150,50
515	-44.75	27.25	60	150,50
515	-21.25	47.75	60	100,0
515	-21.25	48.25	60	100,0
515	-20.25	48.25	60	100,0
515	-19.25	49.25	60	100,0
515	-17.75	49.25	60	100,0
515	-17.25	48.75	60	100,0
515	-17.25	47.75	60	100,0
515	-16.75	47.25	60	100,0
515	-16.25	47.25	60	100,0
515	-15.75	47.75	60	100,0
515	-15.25	47.75	60	100,0
515	-15.25	46.75	60	100,0
515	-13.25	44.75	60	100,0
515	-13.25	43.75	60	100,0
515	-12.75	43.25	60	100,0
515	-12.75	42.75	60	100,0
515	-13.25	42.75	60	100,0
515	-15.75	45.25	60	100,0
515	-16.25	45.25	60	100,0
515	-16.25	44.75	60	100,0
515	-14.25	42.75	60	100,0
515	-14.25	42.25	60	100,0
515	-14.75	42.25	60	100,0
515	-15.25	42.75	60	100,0
515	-15.75	42.75	60	100,0
515	-15.75	42.25	60	100,0
515	-15.25	41.75	60	100,0
515	-15.25	40.75	60	100,0
515	-14.25	39.75	60	100,0
515	-13.25	39.75	60	100,0
515	-13.25	38.75	60	100,0
515	-12.75	38.25	60	100,0
515	-11.75	38.25	60	100,0
515	-10.75	37.25	60	100,0
515	-10.75	35.75	60	100,0
515	-11.25	35.25	60	100,0
515	-11.25	34.75	60	100,0
515	-10.75	34.75	60	100,0
515	-10.25	35.25	60	100,0
515	-8.25	35.25	60	100,0
515	-8.25	35.75	60	100,0
515	-9.25	36.75	60	100,0
515	-9.25	37.25	60	100,0
515	-8.25	37.25	60	100,0
515	-7.75	37.75	60	100,0
515	-7.25	37.75	60	100,0
515	-6.75	37.25	60	100,0
515	-5.75	37.25	60	100,0
515	-5.25	36.75	60	100,0
515	-4.75	36.75	60	100,0
515	-4.75	37.75	60	100,0
515	-4.25	38.25	60	100,0
515	-4.25	39.25	60	100,0
515	-3.75	39.25	60	100,0
515	-3.25	38.75	60	100,0
515	-2.75	38.75	60	100,0
515	-2.25	39.25	60	100,0
515	-1.25	39.25	60	100,0
515	-0.25	40.25	60	100,0
515	0.75	40.25	60	100,0
515	0.75	41.25	60	100,0
515	1.25	41.25	60	100,0
515	1.75	40.75	60	100,0
515	1.75	39.75	60	100,0
515	3.25	38.25	60	100,0
515	3.75	38.25	60	100,0
515	4.75	39.25	60	100,0
515	5.25	39.25	60	100,0
515	5.25	37.75	60	100,0
515	4.75	37.25	60	100,0
515	3.75	37.25	60	100,0
515	3.75	36.25	60	100,0
515	2.75	35.25	60	100,0
515	1.75	35.25	60	100,0
515	-0.25	33.25	60	100,0
515	-0.25	32.25	60	100,0
515	-0.75	32.25	60	100,0
515	-1.25	32.75	60	100,0
515	-1.75	32.75	60	100,0
515	-2.25	32.25	60	100,0
515	-2.25	31.25	60	100,0
515	-3.25	31.25	60	100,0
515	-3.25	30.25	60	100,0
515	-4.75	30.25	60	100,0
515	-5.75	31.25	60	100,0
515	-5.75	32.75	60	100,0
515	-4.75	33.75	60	100,0
515	-4.75	34.25	60	100,0
515	-5.75	35.25	60	100,0
515	-6.25	35.25	60	100,0
515	-7.25	34.25	60	100,0
515	-7.25	33.25	60	100,0
515	-8.25	33.25	60	100,0
515	-9.75	31.75	60	100,0
515	-9.75	30.75	60	100,0
515	-11.25	30.75	60	100,0
515	-13.25	32.75	60	100,0
515	-13.25	33.75	60	100,0
515	-13.75	34.25	60	100,0
515	-14.25	34.25	60	100,0
515	-15.25	33.25	60	100,0
515	-15.25	32.75	60	100,0
515	-12.25	29.75	60	100,0
515	-12.25	29.25	60	100,0
515	-15.25	26.25	60	100,0
515	-15.75	26.25	60	100,0
515	-23.25	33.75	60	100,0
515	-23.25	34.75	60	100,0
515	-24.75	36.25	60	100,0
515	-24.75	36.75	60	100,0
515	-22.25	39.25	60	100,0
515	-22.25	39.75	60	100,0
515	-23.25	40.75	60	100,0
515	-23.75	40.75	60	100,0
515	-26.25	38.25	60	100,0
515	-26.75	38.25	60	100,0
515	-28.25	39.75	60	100,0
515	-28.25	40.25	60	100,0
515	-25.75	42.75	60	100,0
515	-25.25	42.75	60	100,0
515	-24.75	42.25	60	100,0
515	-24.25	42.25	60	100,0
515	-24.25	44.25	60	100,0
515	-23.25	45.25	60	100,0
515	-22.75	45.25	60	100,0
515	-22.25	44.75	60	100,0
515	-21.75	44.75	60	100,0
515	-21.75	45.25	60	100,0
515	-22.25	45.75	60	100,0
515	-22.25	46.25	60	100,0
515	-21.25	47.25	60	100,0
515	-21.25	47.75	60	100,0
515	-44.75	39.25	60	150,0
515	-44.75	39.75	60	150,0
515	-44.25	39.75	60	150,0
515	-43.75	39.25	60	150,0
515	-43.75	38.75	60	150,0
515	-44.25	38.25	60	150,0
515	-44.75	38.25	60	150,0
515	-44.75	39.25	60	150,0
473	-16.25	7.75	43	50,0
473	-16.25	8.25	43	50,0
473	-14.75	9.75	43	50,0
473	-13.75	9.75	43	50,0
473	-13.75	10.75	43	50,0
473	-9.25	15.25	43	50,0
473	-8.25	15.25	43	50,0
473	-7.75	15.75	43	50,0
473	-7.25	15.75	43	50,0
473	-5.75	14.25	43	50,0
473	-5.75	13.75	43	50,0
473	-6.25	13.25	43	50,0
473	-6.25	12.25	43	50,0
473	-10.25	8.25	43	50,0
473	-11.75	8.25	43	50,0
473	-12.75	9.25	43	50,0
473	-13.25	9.25	43	50,0
473	-13.75	8.75	43	50,0
473	-13.75	8.25	43	50,0
473	-12.75	7.25	43	50,0
473	-12.75	6.75	43	50,0
473	-13.75	5.75	43	50,0
473	-14.25	5.75	43	50,0
473	-15.25	6.75	43	50,0
473	-15.75	6.75	43	50,0
473	-16.75	5.75	43	50,0
473	-17.25	5.75	43	50,0
473	-17.25	6.25	43	50,0
473	-16.25	7.25	43	50,0
473	-16.25	7.75	43	50,0
449	-23.25	-0.25	336	50,0
449	-23.25	0.25	336	50,0
449	-22.75	0.75	336	50,0
449	-21.75	0.75	336	50,0
449	-20.75	1.75	336	50,0
449	-20.25	1.75	336	50,0
449	-19.25	0.75	336	50,0
449	-14.75	0.75	336	50,0
449	-13.75	1.75	336	50,0
449	-13.25	1.75	336	50,0
449	-12.25	0.75	336	50,0
449	-9.75	0.75	336	50,0
449	-9.25	1.25	336	50,0
449	-8.75	1.25	336	50,0
449	-8.25	0.75	336	50,0
449	-7.75	0.75	336	50,0
449	-7.25	1.25	336	50,0
449	-6.75	1.25	336	50,0
449	-6.25	0.75	336	50,0
449	-5.75	0.75	336	50,0
449	-5.25	1.25	336	50,0
449	-3.75	1.25	336	50,0
449	-3.25	0.75	336	50,0
449	4.75	0.75	336	50,0
449	4.75	0.25	336	50,0
449	4.25	-0.25	336	50,0
449	-23.25	-0.25	336	50,0
449	-45.25	-0.25	336	100,0
449	-45.25	0.25	336	100,0
449	-44.75	0.75	336	100,0
449	-40.75	0.75	336	100,0
449	-39.75	1.75	336	100,0
449	-39.25	1.75	336	100,0
449	-38.25	0.75	336	100,0
449	-33.25	0.75	336	100,0
449	-32.75	0.25	336	100,0
449	-32.75	-0.25	336	100,0
449	-45.25	-0.25	336	100,0
462	-20.25	1.75	37	50,0
462	-20.25	2.25	37	50,0
462	-17.25	5.25	37	50,0
462	-16.75	5.25	37	50,0
462	-15.25	3.75	37	50,0
462	-14.25	3.75	37	50,0
462	-13.75	3.25	37	50,0
462	-13.25	3.25	37	50,0
462	-12.25	4.25	37	50,0
462	-11.25	4.25	37	50,0
462	-9.75	5.75	37	50,0
462	-9.25	5.75	37	50,0
462	-7.75	4.25	37	50,0
462	-7.25	4.25	37	50,0
462	-6.75	4.75	37	50,0
462	-6.75	5.75	37	50,0
462	-5.75	5.75	37	50,0
462	-4.25	7.25	37	50,0
462	-3.75	7.25	37	50,0
462	-0.25	3.75	37	50,0
462	-0.25	3.25	37	50,0
462	-0.75	2.75	37	50,0
462	-1.25	2.75	37	50,0
462	-1.75	3.25	37	50,0
462	-2.25	3.25	37	50,0
462	-3.25	2.25	37	50,0
462	-4.75	2.25	37	50,0
462	-5.25	2.75	37	50,0
462	-6.25	2.75	37	50,0
462	-6.75	3.25	37	50,0
462	-7.25	3.25	37	50,0
462	-9.75	0.75	37	50,0
462	-12.25	0.75	37	50,0
462	-13.25	1.75	37	50,0
462	-13.75	1.75	37	50,0
462	-14.75	0.75	37	50,0
462	-19.25	0.75	37	50,0
462	-20.25	1.75	37	50,0
493	-38.75	33.25	52	200,100
493	-38.75	33.75	52	200,100
493	-38.25	34.25	52	200,100
493	-37.75	34.25	52	200,100
493	-36.75	33.25	52	200,100
493	-35.75	33.25	52	200,100
493	-2.25	-0.25	52	200,100
493	-2.25	-0.75	52	200,100
493	-2.75	-1.25	52	200,100
493	-4.25	-1.25	52	200,100
493	-20.75	15.25	52	200,100
493	-21.75	15.25	52	200,100
493	-23.75	17.25	52	200,100
493	-24.25	17.25	52	200,100
493	-24.25	16.75	52	200,100
493	-6.75	-0.75	52	200,100
493	-6.75	-1.25	52	200,100
493	-7.25	-1.25	52	200,100
493	-38.75	30.25	52	200,100
493	-38.75	30.75	52	200,100
493	-38.25	30.75	52	200,100
493	-26.25	18.75	52	200,100
493	-24.75	18.75	52	200,100
493	-24.75	19.25	52	200,100
493	-29.25	23.75	52	200,100
493	-30.25	23.75	52	200,100
493	-30.25	24.75	52	200,100
493	-33.75	28.25	52	200,100
493	-34.75	28.25	52	200,100
493	-34.75	29.25	52	200,100
493	-38.75	33.25	52	200,100
493	-6.75	48.25	52	200,50
493	-6.75	48.75	52	200,50
493	-6.25	48.75	52	200,50
493	-4.75	47.25	52	200,50
493	-4.75	46.75	52	200,50
493	-5.25	46.75	52	200,50
493	-6.75	48.25	52	200,50
493	-44.75	40.25	52	250,50
493	-44.75	40.75	52	250,50
493	-44.25	40.75	52	250,50
493	-33.25	29.75	52	250,50
493	-33.25	28.75	52	250,50
493	-32.25	28.75	52	250,50
493	-29.25	25.75	52	250,50
493	-29.25	24.75	52	250,50
493	-28.25	24.75	52	250,50
493	-24.25	20.75	52	250,50
493	-23.25	20.75	52	250,50
493	-23.25	19.75	52	250,50
493	-9.25	5.75	52	250,50
493	-8.25	5.75	52	250,50
493	-6.25	3.75	52	250,50
493	-6.25	2.75	52	250,50
493	-3.25	-0.25	52	250,50
493	-3.25	-0.75	52	250,50
493	-4.75	-0.75	52	250,50
493	-44.75	39.25	52	250,50
493	-44.75	40.25	52	250,50
493	-4.25	48.75	52	250,0
493	-4.25	49.25	52	250,0
493	-2.75	49.25	52	250,0
493	4.75	41.75	52	250,0
493	4.75	40.25	52	250,0
493	4.25	40.25	52	250,0
493	-4.25	48.75	52	250,0
493	-45.25	40.75	52	300,0
493	-45.25	41.25	52	300,0
493	-44.75	41.25	52	300,0
493	-44.25	40.75	52	300,0
493	-43.25	40.75	52	300,0
493	-42.75	40.25	52	300,0
493	-42.75	39.75	52	300,0
493	-43.75	38.75	52	300,0
493	-44.25	38.75	52	300,0
493	-45.25	39.75	52	300,0
493	-45.25	40.75	52	300,0
231	-34.25	37.75	207	250,150
231	-34.25	38.25	207	250,150
231	-32.25	40.25	207	250,150
231	-30.75	40.25	207	250,150
231	-30.75	38.75	207	250,150
231	-31.75	38.75	207	250,150
231	-31.75	37.75	207	250,150
231	-32.25	37.25	207	250,150
231	-33.25	37.25	207	250,150
231	-33.25	36.75	207	250,150
231	-30.25	33.75	207	250,150
231	-29.25	33.75	207	250,150
231	-29.25	32.75	207	250,150
231	-19.25	22.75	207	250,150
231	-18.25	22.75	207	250,150
231	-17.75	22.25	207	250,150
231	-17.25	22.25	207	250,150
231	-17.25	23.75	207	250,150
231	-17.75	24.25	207	250,150
231	-17.75	24.75	207	250,150
231	-17.25	24.75	207	250,150
231	-16.25	23.75	207	250,150
231	-16.25	22.25	207	250,150
231	-16.75	21.75	207	250,150
231	-16.75	20.25	207	250,150
231	-14.75	18.25	207	250,150
231	-14.25	18.25	207	250,150
231	-14.25	19.25	207	250,150
231	-13.75	19.75	207	250,150
231	-12.75	19.75	207	250,150
231	-12.25	20.25	207	250,150
231	-11.75	20.25	207	250,150
231	-10.75	19.25	207	250,150
231	-10.75	18.75	207	250,150
231	-12.75	16.75	207	250,150
231	-12.75	16.25	207	250,150
231	-11.75	15.25	207	250,150
231	-11.25	15.25	207	250,150
231	-9.25	17.25	207	250,150
231	-8.75	17.25	207	250,150
231	-8.25	16.75	207	250,150
231	-8.25	16.25	207	250,150
231	-9.25	15.25	207	250,150
231	-10.25	15.25	207	250,150
231	-10.25	13.75	207	250,150
231	-8.25	11.75	207	250,150
231	-8.25	11.25	207	250,150
231	-8.75	11.25	207	250,150
231	-10.25	12.75	207	250,150
231	-11.25	12.75	207	250,150
231	-11.25	13.75	207	250,150
231	-11.75	14.25	207	250,150
231	-12.75	14.25	207	250,150
231	-12.75	15.25	207	250,150
231	-17.75	20.25	207	250,150
231	-18.25	20.25	207	250,150
231	-18.75	19.75	207	250,150
231	-19.25	19.75	207	250,150
231	-19.25	20.75	207	250,150
231	-20.75	22.25	207	250,150
231	-20.75	23.25	207	250,150
231	-21.75	24.25	207	250,150
231	-22.75	24.25	207	250,150
231	-25.25	26.75	207	250,150
231	-25.25	27.75	207	250,150
231	-34.25	36.75	207	250,150
231	-34.25	37.75	207	250,150
400	-31.75	40.25	298	250,150
400	-31.75	40.75	298	250,150
400	-31.25	41.25	298	250,150
400	-30.75	41.25	298	250,150
400	-30.25	40.75	298	250,150
400	-28.25	40.75	298	250,150
400	-25.75	38.25	298	250,150
400	-25.75	37.25	298	250,150
400	-25.25	36.75	298	250,150
400	-24.25	36.75	298	250,150
400	-10.25	22.75	298	250,150
400	-10.25	22.25	298	250,150
400	-10.75	21.75	298	250,150
400	-10.75	21.25	298	250,150
400	-10.25	20.75	298	250,150
400	-8.25	20.75	298	250,150
400	-7.25	19.75	298	250,150
400	-7.25	19.25	298	250,150
400	-7.75	18.75	298	250,150
400	-7.75	18.25	298	250,150
400	-7.25	17.75	298	250,150
400	-6.75	17.75	298	250,150
400	-6.25	18.25	298	250,150
400	-5.75	18.25	298	250,150
400	-4.25	16.75	298	250,150
400	-3.75	16.75	298	250,150
400	-3.75	17.75	298	250,150
400	-3.25	17.75	298	250,150
400	-0.75	15.25	298	250,150
400	-0.75	14.75	298	250,150
400	-1.25	14.75	298	250,150
400	-2.75	16.25	298	250,150
400	-3.25	16.25	298	250,150
400	-3.25	15.75	298	250,150
400	3.75	8.75	298	250,150
400	3.75	8.25	298	250,150
400	3.25	7.75	298	250,150
400	3.25	6.75	298	250,150
400	2.75	6.25	298	250,150
400	1.75	6.25	298	250,150
400	0.75	5.25	298	250,150
400	0.75	4.25	298	250,150
400	0.25	3.75	298	250,150
400	0.25	2.75	298	250,150
400	-0.75	2.75	298	250,150
400	-0.75	2.25	298	250,150
400	-0.25	1.75	298	250,150
400	-0.25	0.25	298	250,150
400	-0.75	0.25	298	250,150
400	-2.25	1.75	298	250,150
400	-2.25	3.75	298	250,150
400	-2.75	4.25	298	250,150
400	-2.75	5.25	298	250,150
400	-7.75	10.25	298	250,150
400	-7.75	11.25	298	250,150
400	-10.25	13.75	298	250,150
400	-10.25	15.25	298	250,150
400	-9.25	15.25	298	250,150
400	-8.25	16.25	298	250,150
400	-8.25	16.75	298	250,150
400	-8.75	17.25	298	250,150
400	-9.25	17.25	298	250,150
400	-11.25	15.25	298	250,150
400	-11.75	15.25	298	250,150
400	-12.75	16.25	298	250,150
400	-12.75	16.75	298	250,150
400	-10.75	18.75	298	250,150
400	-10.75	19.25	298	250,150
400	-11.75	20.25	298	250,150
400	-12.25	20.25	298	250,150
400	-12.75	19.75	298	250,150
400	-13.75	19.75	298	250,150
400	-14.25	19.25	298	250,150
400	-14.25	18.25	298	250,150
400	-14.75	18.25	298	250,150
400	-16.75	20.25	298	250,150
400	-16.75	21.75	298	250,150
400	-16.25	22.25	298	250,150
400	-16.25	23.75	298	250,150
400	-17.25	24.75	298	250,150
400	-17.75	24.75	298	250,150
400	-17.75	24.25	298	250,150
400	-17.25	23.75	298	250,150
400	-17.25	22.25	298	250,150
400	-17.75	22.25	298	250,150
400	-18.25	22.75	298	250,150
400	-19.25	22.75	298	250,150
400	-29.25	32.75	298	250,150
400	-29.25	33.75	298	250,150
400	-30.25	33.75	298	250,150
400	-33.25	36.75	298	250,150
400	-33.25	37.25	298	250,150
400	-32.25	37.25	298	250,150
400	-31.75	37.75	298	250,150
400	-31.75	38.75	298	250,150
400	-30.75	38.75	298	250,150
400	-30.75	40.25	298	250,150
400	-31.75	40.25	298	250,150
66	-36.75	34.25	128	300,200
66	-36.75	34.75	128	300,200
66	-36.25	34.75	128	300,200
66	-18.75	17.25	128	300,200
66	-18.75	16.25	128	300,200
66	-17.75	15.25	128	300,200
66	-17.75	14.75	128	300,200
66	-18.25	14.25	128	300,200
66	-19.75	14.25	128	300,200
66	-21.75	16.25	128	300,200
66	-22.25	16.25	128	300,200
66	-22.25	15.75	128	300,200
66	-20.75	14.25	128	300,200
66	-20.75	12.75	128	300,200
66	-22.25	12.75	128	300,200
66	-22.75	13.25	128	300,200
66	-23.25	13.25	128	300,200
66	-23.25	12.75	128	300,200
66	-22.75	12.25	128	300,200
66	-22.75	11.75	128	300,200
66	-23.25	11.25	128	300,200
66	-23.25	10.25	128	300,200
66	-23.75	10.25	128	300,200
66	-24.75	11.25	128	300,200
66	-24.75	12.25	128	300,200
66	-26.75	12.25	128	300,200
66	-27.25	12.75	128	300,200
66	-27.25	13.75	128	300,200
66	-28.75	15.25	128	300,200
66	-28.75	16.25	128	300,200
66	-29.75	16.25	128	300,200
66	-33.75	20.25	128	300,200
66	-34.75	20.25	128	300,200
66	-34.75	21.25	128	300,200
66	-36.25	22.75	128	300,200
66	-36.25	23.75	128	300,200
66	-37.25	23.75	128	300,200
66	-37.25	24.75	128	300,200
66	-37.75	24.75	128	300,200
66	-38.25	24.25	128	300,200
66	-38.75	24.25	128	300,200
66	-38.75	26.25	128	300,200
66	-39.25	26.75	128	300,200
66	-39.25	28.25	128	300,200
66	-38.75	28.75	128	300,200
66	-37.75	28.75	128	300,200
66	-37.75	29.25	128	300,200
66	-38.25	29.75	128	300,200
66	-38.25	30.25	128	300,200
66	-37.75	30.75	128	300,200
66	-37.25	30.75	128	300,200
66	-36.25	29.75	128	300,200
66	-36.25	29.25	128	300,200
66	-36.75	28.75	128	300,200
66	-36.75	27.25	128	300,200
66	-35.75	26.25	128	300,200
66	-35.25	26.25	128	300,200
66	-35.25	27.25	128	300,200
66	-34.25	28.25	128	300,200
66	-34.25	28.75	128	300,200
66	-35.25	28.75	128	300,200
66	-35.25	29.75	128	300,200
66	-36.25	30.75	128	300,200
66	-36.25	31.75	128	300,200
66	-36.75	32.25	128	300,200
66	-36.75	32.75	128	300,200
66	-36.25	33.25	128	300,200
66	-36.25	33.75	128	300,200
66	-36.75	34.25	128	300,200
547	2.75	22.75	70	250,200
547	2.75	23.25	70	250,200
547	4.25	24.75	70	250,200
547	4.75	24.75	70	250,200
547	4.75	21.25	70	250,200
547	4.25	20.75	70	250,200
547	3.75	20.75	70	250,200
547	2.75	21.75	70	250,200
547	2.75	22.75	70	250,200
547	-45.25	23.75	70	300,200
547	-45.25	24.25	70	300,200
547	-43.25	26.25	70	300,200
547	-42.25	26.25	70	300,200
547	-42.25	27.25	70	300,200
547	-41.75	27.75	70	300,200
547	-41.25	27.75	70	300,200
547	-40.75	27.25	70	300,200
547	-40.25	27.25	70	300,200
547	-39.75	27.75	70	300,200
547	-39.25	27.75	70	300,200
547	-39.25	26.75	70	300,200
547	-38.75	26.25	70	300,200
547	-38.75	24.25	70	300,200
547	-38.25	24.25	70	300,200
547	-37.75	24.75	70	300,200
547	-37.25	24.75	70	300,200
547	-37.25	23.75	70	300,200
547	-36.25	23.75	70	300,200
547	-36.25	22.75	70	300,200
547	-34.75	21.25	70	300,200
547	-34.75	20.25	70	300,200
547	-33.75	20.25	70	300,200
547	-29.75	16.25	70	300,200
547	-28.75	16.25	70	300,200
547	-28.75	15.25	70	300,200
547	-27.25	13.75	70	300,200
547	-27.25	12.75	70	300,200
547	-26.75	12.25	70	300,200
547	-24.75	12.25	70	300,200
547	-24.75	11.25	70	300,200
547	-23.25	9.75	70	300,200
547	-23.25	9.25	70	300,200
547	-23.75	8.75	70	300,200
547	-24.25	8.75	70	300,200
547	-24.75	9.25	70	300,200
547	-25.25	9.25	70	300,200
547	-25.25	8.75	70	300,200
547	-24.75	8.25	70	300,200
547	-24.75	7.75	70	300,200
547	-28.25	4.25	70	300,200
547	-30.75	4.25	70	300,200
547	-31.25	4.75	70	300,200
547	-31.25	5.75	70	300,200
547	-31.75	6.25	70	300,200
547	-31.75	6.75	70	300,200
547	-31.25	7.25	70	300,200
547	-31.25	8.75	70	300,200
547	-31.75	8.75	70	300,200
547	-32.25	8.25	70	300,200
547	-32.75	8.25	70	300,200
547	-33.75	9.25	70	300,200
547	-34.75	9.25	70	300,200
547	-36.75	11.25	70	300,200
547	-37.75	11.25	70	300,200
547	-37.75	12.25	70	300,200
547	-39.75	14.25	70	300,200
547	-41.75	14.25	70	300,200
547	-41.75	17.25	70	300,200
547	-42.25	17.25	70	300,200
547	-42.75	16.75	70	300,200
547	-43.25	16.75	70	300,200
547	-43.25	18.75	70	300,200
547	-43.75	19.25	70	300,200
547	-44.75	19.25	70	300,200
547	-44.75	20.25	70	300,200
547	-45.25	20.75	70	300,200
547	-45.25	23.75	70	300,200
18	-15.75	3.25	106	100,50
18	-15.75	3.75	106	100,50
18	-14.75	4.75	106	100,50
18	-13.25	4.75	106	100,50
18	-12.25	3.75	106	100,50
18	-10.75	3.75	106	100,50
18	-9.75	4.75	106	100,50
18	-9.25	4.75	106	100,50
18	-9.25	3.75	106	100,50
18	-8.75	3.25	106	100,50
18	-8.75	2.75	106	100,50
18	-9.75	1.75	106	100,50
18	-9.75	1.25	106	100,50
18	-8.25	-0.25	106	100,50
18	-8.25	-0.75	106	100,50
18	-8.75	-0.75	106	100,50
18	-10.25	0.75	106	100,50
18	-11.75	0.75	106	100,50
18	-12.25	0.25	106	100,50
18	-12.25	-0.75	106	100,50
18	-17.75	-0.75	106	100,50
18	-18.25	-0.25	106	100,50
18	-18.25	0.25	106	100,50
18	-15.75	2.75	106	100,50
18	-15.75	3.25	106	100,50
18	-17.25	48.75	106	100,0
18	-17.25	49.25	106	100,0
18	-11.75	49.25	106	100,0
18	-7.75	45.25	106	100,0
18	-7.75	44.25	106	100,0
18	-6.75	44.25	106	100,0
18	-3.25	40.75	106	100,0
18	-3.25	39.75	106	100,0
18	-2.25	39.75	106	100,0
18	-2.25	39.25	106	100,0
18	-2.75	38.75	106	100,0
18	-3.25	38.75	106	100,0
18	-3.75	39.25	106	100,0
18	-4.25	39.25	106	100,0
18	-4.25	38.25	106	100,0
18	-4.75	37.75	106	100,0
18	-4.75	36.75	106	100,0
18	-5.25	36.75	106	100,0
18	-5.75	37.25	106	100,0
18	-6.75	37.25	106	100,0
18	-7.25	37.75	106	100,0
18	-7.75	37.75	106	100,0
18	-8.25	37.25	106	100,0
18	-9.25	37.25	106	100,0
18	-9.25	36.75	106	100,0
18	-8.25	35.75	106	100,0
18	-8.25	35.25	106	100,0
18	-10.25	35.25	106	100,0
18	-10.75	34.75	106	100,0
18	-11.25	34.75	106	100,0
18	-11.25	35.25	106	100,0
18	-10.75	35.75	106	100,0
18	-10.75	37.25	106	100,0
18	-11.75	38.25	106	100,0
18	-12.75	38.25	106	100,0
18	-13.25	38.75	106	100,0
18	-13.25	39.75	106	100,0
18	-14.25	39.75	106	100,0
18	-15.25	40.75	106	100,0
18	-15.25	41.75	106	100,0
18	-15.75	42.25	106	100,0
18	-15.75	42.75	106	100,0
18	-15.25	42.75	106	100,0
18	-14.75	42.25	106	100,0
18	-14.25	42.25	106	100,0
18	-14.25	42.75	106	100,0
18	-16.25	44.75	106	100,0
18	-16.25	45.25	106	100,0
18	-15.75	45.25	106	100,0
18	-13.25	42.75	106	100,0
18	-12.75	42.75	106	100,0
18	-12.75	43.25	106	100,0
18	-13.25	43.75	106	100,0
18	-13.25	44.75	106	100,0
18	-15.25	46.75	106	100,0
18	-15.25	47.75	106	100,0
18	-15.75	47.75	106	100,0
18	-16.25	47.25	106	100,0
18	-16.75	47.25	106	100,0
18	-17.25	47.75	106	100,0
18	-17.25	48.75	106	100,0
33	-13.75	5.25	113	100,50
33	-13.75	5.75	113	100,50
33	-7.25	12.25	113	100,50
33	-6.75	12.25	113	100,50
33	-5.75	11.25	113	100,50
33	-5.25	11.25	113	100,50
33	-5.25	11.75	113	100,50
33	-6.25	12.75	113	100,50
33	-6.25	13.25	113	100,50
33	-3.25	16.25	113	100,50
33	-1.25	16.25	113	100,50
33	-1.25	17.25	113	100,50
33	-0.75	17.75	113	100,50
33	1.75	17.75	113	100,50
33	1.75	15.75	113	100,50
33	2.25	15.25	113	100,50
33	3.25	15.25	113	100,50
33	4.25	14.25	113	100,50
33	5.25	14.25	113	100,50
33	5.25	13.75	113	100,50
33	4.75	13.25	113	100,50
33	4.25	13.25	113	100,50
33	3.75	13.75	113	100,50
33	3.25	13.75	113	100,50
33	3.25	11.75	113	100,50
33	-0.25	8.25	113	100,50
33	-0.25	7.75	113	100,50
33	0.25	7.25	113	100,50
33	1.25	7.25	113	100,50
33	2.75	5.75	113	100,50
33	2.75	4.75	113	100,50
33	3.75	4.75	113	100,50
33	3.75	3.75	113	100,50
33	4.75	3.75	113	100,50
33	5.25	3.25	113	100,50
33	5.25	1.75	113	100,50
33	4.75	1.75	113	100,50
33	4.75	2.75	113	100,50
33	3.75	2.75	113	100,50
33	1.75	4.75	113	100,50
33	1.25	4.75	113	100,50
33	1.25	4.25	113	100,50
33	5.25	0.25	113	100,50
33	5.25	-0.25	113	100,50
33	4.25	-0.25	113	100,50
33	3.75	-0.75	113	100,50
33	2.25	-0.75	113	100,50
33	1.25	0.25	113	100,50
33	1.25	1.25	113	100,50
33	0.25	1.25	113	100,50
33	-0.75	2.25	113	100,50
33	-1.25	2.25	113	100,50
33	-1.75	1.75	113	100,50
33	-2.25	1.75	113	100,50
33	-2.25	2.25	113	100,50
33	-1.25	3.25	113	100,50
33	-1.25	4.25	113	100,50
33	-0.25	5.25	113	100,50
33	-0.25	5.75	113	100,50
33	-0.75	6.25	113	100,50
33	-2.25	6.25	113	100,50
33	-2.25	5.75	113	100,50
33	-1.75	5.25	113	100,50
33	-1.75	4.75	113	100,50
33	-2.25	4.25	113	100,50
33	-2.75	4.25	113	100,50
33	-4.75	6.25	113	100,50
33	-5.25	6.25	113	100,50
33	-7.75	3.75	113	100,50
33	-7.75	2.25	113	100,50
33	-7.25	2.25	113	100,50
33	-5.75	3.75	113	100,50
33	-5.75	4.75	113	100,50
33	-5.25	5.25	113	100,50
33	-4.75	5.25	113	100,50
33	-4.25	4.75	113	100,50
33	-4.25	4.25	113	100,50
33	-7.25	1.25	113	100,50
33	-7.25	0.75	113	100,50
33	-6.75	0.25	113	100,50
33	-6.75	-0.25	113	100,50
33	-8.25	-0.25	113	100,50
33	-9.75	1.25	113	100,50
33	-9.75	1.75	113	100,50
33	-8.75	2.75	113	100,50
33	-8.75	3.25	113	100,50
33	-9.25	3.75	113	100,50
33	-9.25	4.75	113	100,50
33	-9.75	4.75	113	100,50
33	-10.75	3.75	113	100,50
33	-12.25	3.75	113	100,50
33	-13.75	5.25	113	100,50
33	-44.75	16.25	113	150,50
33	-44.75	16.75	113	150,50
33	-43.25	16.75	113	150,50
33	-43.25	15.75	113	150,50
33	-42.75	15.75	113	150,50
33	-41.25	17.25	113	150,50
33	-41.25	17.75	113	150,50
33	-41.75	18.25	113	150,50
33	-41.75	18.75	113	150,50
33	-41.25	18.75	113	150,50
33	-36.25	13.75	113	150,50
33	-35.75	13.75	113	150,50
33	-35.25	14.25	113	150,50
33	-34.75	14.25	113	150,50
33	-34.25	13.75	113	150,50
33	-33.75	13.75	113	150,50
33	-33.75	14.25	113	150,50
33	-38.75	19.25	113	150,50
33	-38.75	19.75	113	150,50
33	-37.75	20.75	113	150,50
33	-37.25	20.75	113	150,50
33	-36.75	20.25	113	150,50
33	-36.25	20.25	113	150,50
33	-36.25	20.75	113	150,50
33	-36.75	21.25	113	150,50
33	-36.75	21.75	113	150,50
33	-34.75	21.75	113	150,50
33	-34.25	22.25	113	150,50
33	-33.75	22.25	113	150,50
33	-33.75	21.75	113	150,50
33	-34.25	21.25	113	150,50
33	-34.25	20.75	113	150,50
33	-33.75	20.25	113	150,50
33	-33.75	19.75	113	150,50
33	-35.25	18.25	113	150,50
33	-35.25	17.75	113	150,50
33	-34.25	17.75	113	150,50
33	-29.75	13.25	113	150,50
33	-29.75	10.75	113	150,50
33	-30.25	10.75	113	150,50
33	-32.75	13.25	113	150,50
33	-33.25	13.25	113	150,50
33	-33.75	12.75	113	150,50
33	-33.75	12.25	113	150,50
33	-33.25	11.75	113	150,50
33	-33.25	10.75	113	150,50
33	-32.25	9.75	113	150,50
33	-32.25	9.25	113	150,50
33	-33.25	9.25	113	150,50
33	-33.75	8.75	113	150,50
33	-34.75	8.75	113	150,50
33	-34.75	8.25	113	150,50
33	-34.25	7.75	113	150,50
33	-34.25	7.25	113	150,50
33	-34.75	6.75	113	150,50
33	-35.25	6.75	113	150,50
33	-35.75	7.25	113	150,50
33	-35.75	8.25	113	150,50
33	-36.75	8.25	113	150,50
33	-37.25	8.75	113	150,50
33	-37.75	8.75	113	150,50
33	-38.25	8.25	113	150,50
33	-38.75	8.25	113	150,50
33	-39.25	8.75	113	150,50
33	-39.75	8.75	113	150,50
33	-39.75	7.25	113	150,50
33	-38.75	7.25	113	150,50
33	-37.25	5.75	113	150,50
33	-37.25	4.75	113	150,50
33	-36.25	3.75	113	150,50
33	-36.25	3.25	113	150,50
33	-36.75	2.75	113	150,50
33	-37.75	2.75	113	150,50
33	-41.25	-0.75	113	150,50
33	-42.75	-0.75	113	150,50
33	-44.75	1.25	113	150,50
33	-44.75	2.75	113	150,50
33	-44.25	2.75	113	150,50
33	-43.75	2.25	113	150,50
33	-43.75	1.25	113	150,50
33	-43.25	0.75	113	150,50
33	-40.75	0.75	113	150,50
33	-39.75	1.75	113	150,50
33	-39.75	3.25	113	150,50
33	-42.75	6.25	113	150,50
33	-43.25	6.25	113	150,50
33	-43.75	5.75	113	150,50
33	-44.25	5.75	113	150,50
33	-44.25	7.75	113	150,50
33	-44.75	8.25	113	150,50
33	-44.75	8.75	113	150,50
33	-44.25	8.75	113	150,50
33	-43.75	8.25	113	150,50
33	-43.25	8.25	113	150,50
33	-42.25	9.25	113	150,50
33	-42.25	9.75	113	150,50
33	-42.75	10.25	113	150,50
33	-43.25	10.25	113	150,50
33	-43.75	9.75	113	150,50
33	-44.25	9.75	113	150,50
33	-44.25	10.25	113	150,50
33	-43.75	10.75	113	150,50
33	-43.75	11.75	113	150,50
33	-42.25	11.75	113	150,50
33	-42.25	10.75	113	150,50
33	-40.75	9.25	113	150,50
33	-40.25	9.25	113	150,50
33	-39.75	9.75	113	150,50
33	-39.75	11.25	113	150,50
33	-44.75	16.25	113	150,50
33	4.75	48.75	113	100,0
33	4.75	49.25	113	100,0
33	5.25	49.25	113	100,0
33	5.25	46.75	113	100,0
33	4.75	46.75	113	100,0
33	4.25	47.25	113	100,0
33	4.25	47.75	113	100,0
33	4.75	48.25	113	100,0
33	4.75	48.75	113	100,0
33	-44.75	48.25	113	150,0
33	-44.75	48.75	113	150,0
33	-44.25	49.25	113	150,0
33	-43.75	49.25	113	150,0
33	-43.25	48.75	113	150,0
33	-43.25	47.25	113	150,0
33	-44.75	47.25	113	150,0
33	-44.75	48.25	113	150,0
34	4.75	8.75	113	100,50
34	4.75	9.25	113	100,50
34	5.25	9.25	113	100,50
34	5.25	8.75	113	100,50
34	4.75	8.75	113	100,50
34	-44.75	-0.75	113	150,50
34	-44.75	-0.25	113	150,50
34	-44.25	-0.25	113	150,50
34	-44.25	-0.75	113	150,50
34	-44.75	-0.75	113	150,50
407	-2.75	16.25	301	100,50
407	-2.75	16.75	301	100,50
407	-0.75	18.75	301	100,50
407	0.25	18.75	301	100,50
407	0.75	19.25	301	100,50
407	1.75	19.25	301	100,50
407	1.75	20.25	301	100,50
407	3.75	22.25	301	100,50
407	3.75	23.25	301	100,50
407	5.25	23.25	301	100,50
407	5.25	14.75	301	100,50
407	4.75	14.25	301	100,50
407	4.25	14.25	301	100,50
407	3.25	15.25	301	100,50
407	2.25	15.25	301	100,50
407	1.75	15.75	301	100,50
407	1.75	17.75	301	100,50
407	-0.75	17.75	301	100,50
407	-1.25	17.25	301	100,50
407	-1.25	16.25	301	100,50
407	-2.75	16.25	301	100,50
407	-43.75	24.25	301	150,50
407	-43.75	24.75	301	150,50
407	-42.75	25.75	301	150,50
407	-42.25	25.75	301	150,50
407	-41.75	25.25	301	150,50
407	-41.25	25.25	301	150,50
407	-41.25	25.75	301	150,50
407	-41.75	26.25	301	150,50
407	-41.75	26.75	301	150,50
407	-41.25	26.75	301	150,50
407	-40.75	26.25	301	150,50
407	-39.75	26.25	301	150,50
407	-39.75	24.75	301	150,50
407	-40.75	24.75	301	150,50
407	-40.75	24.25	301	150,50
407	-37.75	21.25	301	150,50
407	-37.75	20.75	301	150,50
407	-38.75	19.75	301	150,50
407	-38.75	19.25	301	150,50
407	-33.75	14.25	301	150,50
407	-33.75	13.75	301	150,50
407	-34.25	13.75	301	150,50
407	-34.75	14.25	301	150,50
407	-35.25	14.25	301	150,50
407	-35.75	13.75	301	150,50
407	-36.25	13.75	301	150,50
407	-41.25	18.75	301	150,50
407	-41.75	18.75	301	150,50
407	-41.75	18.25	301	150,50
407	-41.25	17.75	301	150,50
407	-41.25	17.25	301	150,50
407	-42.75	15.75	301	150,50
407	-43.25	15.75	301	150,50
407	-43.25	16.75	301	150,50
407	-44.25	16.75	301	150,50
407	-44.75	17.25	301	150,50
407	-44.75	22.75	301	150,50
407	-43.75	23.75	301	150,50
407	-43.75	24.25	301	150,50
408	4.75	12.75	301	100,50
408	4.75	13.25	301	100,50
408	5.25	13.25	301	100,50
408	5.25	12.75	301	100,50
408	4.75	12.75	301	100,50
408	-44.75	15.25	301	150,50
408	-44.75	15.75	301	150,50
408	-44.25	15.75	301	150,50
408	-39.75	11.25	301	150,50
408	-39.75	9.75	301	150,50
408	-40.25	9.25	301	150,50
408	-40.75	9.25	301	150,50
408	-42.25	10.75	301	150,50
408	-42.25	11.75	301	150,50
408	-43.25	11.75	301	150,50
408	-44.75	13.25	301	150,50
408	-44.75	15.25	301	150,50
373	-32.75	36.25	278	150,50
373	-32.75	36.75	278	150,50
373	-27.75	41.75	278	150,50
373	-26.25	41.75	278	150,50
373	-25.25	40.75	278	150,50
373	-25.25	39.25	278	150,50
373	-26.25	38.25	278	150,50
373	-26.25	37.25	278	150,50
373	-26.75	36.75	278	150,50
373	-27.75	36.75	278	150,50
373	-27.75	35.75	278	150,50
373	-28.75	35.75	278	150,50
373	-29.25	35.25	278	150,50
373	-31.75	35.25	278	150,50
373	-32.75	36.25	278	150,50
500	-16.25	2.75	55	150,100
500	-16.25	3.25	55	150,100
500	-15.75	3.75	55	150,100
500	-14.75	3.75	55	150,100
500	-14.25	4.25	55	150,100
500	-13.75	4.25	55	150,100
500	-8.75	-0.75	55	150,100
500	-8.75	-1.25	55	150,100
500	-18.25	-1.25	55	150,100
500	-18.75	-0.75	55	150,100
500	-18.75	-0.25	55	150,100
500	-18.25	0.25	55	150,100
500	-17.25	0.25	55	150,100
500	-16.75	0.75	55	150,100
500	-16.75	1.75	55	150,100
500	-16.25	2.25	55	150,100
500	-16.25	2.75	55	150,100
500	-18.75	48.25	55	150,50
500	-18.75	48.75	55	150,50
500	-17.25	48.75	55	150,50
500	-17.25	48.25	55	150,50
500	-18.25	47.25	55	150,50
500	-18.75	47.25	55	150,50
500	-18.75	48.25	55	150,50
345	-20.75	48.25	26	200,100
345	-20.75	48.75	26	200,100
345	-20.25	49.25	26	200,100
345	-8.75	49.25	26	200,100
345	-8.25	48.75	26	200,100
345	-8.25	47.75	26	200,100
345	-7.75	47.75	26	200,100
345	-7.25	48.25	26	200,100
345	-6.75	48.25	26	200,100
345	-6.25	47.75	26	200,100
345	-6.25	47.25	26	200,100
345	-7.25	46.25	26	200,100
345	-7.25	45.75	26	200,100
345	-5.25	45.75	26	200,100
345	-5.25	44.75	26	200,100
345	-4.25	44.75	26	200,100
345	-2.75	43.25	26	200,100
345	-2.75	42.25	26	200,100
345	-2.25	41.75	26	200,100
345	-1.25	41.75	26	200,100
345	-0.75	41.25	26	200,100
345	-0.75	40.25	26	200,100
345	0.75	40.25	26	200,100
345	0.75	41.25	26	200,100
345	1.75	42.25	26	200,100
345	2.25	42.25	26	200,100
345	2.25	40.75	26	200,100
345	1.25	39.75	26	200,100
345	1.25	39.25	26	200,100
345	2.25	39.25	26	200,100
345	2.25	38.25	26	200,100
345	3.75	36.75	26	200,100
345	3.75	34.75	26	200,100
345	4.25	34.75	26	200,100
345	4.75	35.25	26	200,100
345	4.75	39.25	26	200,100
345	5.25	39.25	26	200,100
345	5.25	22.75	26	200,100
345	4.75	22.25	26	200,100
345	3.25	22.25	26	200,100
345	3.25	23.25	26	200,100
345	0.75	25.75	26	200,100
345	-1.25	25.75	26	200,100
345	-1.25	27.75	26	200,100
345	-1.75	28.25	26	200,100
345	-1.75	28.75	26	200,100
345	0.25	30.75	26	200,100
345	0.25	31.25	26	200,100
345	-1.25	31.25	26	200,100
345	-2.75	29.75	26	200,100
345	-3.25	29.75	26	200,100
345	-3.75	30.25	26	200,100
345	-4.25	30.25	26	200,100
345	-5.25	29.25	26	200,100
345	-5.75	29.25	26	200,100
345	-6.25	29.75	26	200,100
345	-6.75	29.75	26	200,100
345	-7.25	29.25	26	200,100
345	-7.75	29.25	26	200,100
345	-8.25	29.75	26	200,100
345	-9.25	29.75	26	200,100
345	-9.75	30.25	26	200,100
345	-10.25	30.25	26	200,100
345	-10.75	29.75	26	200,100
345	-11.75	29.75	26	200,100
345	-11.75	28.75	26	200,100
345	-13.25	28.75	26	200,100
345	-14.25	29.75	26	200,100
345	-15.25	29.75	26	200,100
345	-15.25	31.75	26	200,100
345	-16.25	31.75	26	200,100
345	-16.25	34.25	26	200,100
345	-15.75	34.75	26	200,100
345	-15.25	34.75	26	200,100
345	-15.25	33.75	26	200,100
345	-13.25	33.75	26	200,100
345	-10.75	31.25	26	200,100
345	-10.25	31.25	26	200,100
345	-10.25	32.25	26	200,100
345	-9.25	32.25	26	200,100
345	-9.25	32.75	26	200,100
345	-12.75	36.25	26	200,100
345	-12.75	37.25	26	200,100
345	-13.75	37.25	26	200,100
345	-13.75	39.25	26	200,100
345	-14.25	39.75	26	200,100
345	-15.25	39.75	26	200,100
345	-15.25	40.75	26	200,100
345	-19.25	44.75	26	200,100
345	-19.25	45.75	26	200,100
345	-19.75	45.75	26	200,100
345	-20.25	45.25	26	200,100
345	-20.75	45.25	26	200,100
345	-20.75	45.75	26	200,100
345	-20.25	46.25	26	200,100
345	-20.25	46.75	26	200,100
345	-20.75	47.25	26	200,100
345	-20.75	48.25	26	200,100
345	-18.25	0.75	26	200,150
345	-18.25	1.25	26	200,150
345	-17.75	1.25	26	200,150
345	-17.25	0.75	26	200,150
345	-15.75	0.75	26	200,150
345	-15.25	1.25	26	200,150
345	-15.25	2.25	26	200,150
345	-14.25	3.25	26	200,150
345	-14.25	3.75	26	200,150
345	-14.75	4.25	26	200,150
345	-14.75	4.75	26	200,150
345	-14.25	4.75	26	200,150
345	-13.25	3.75	26	200,150
345	-13.25	3.25	26	200,150
345	-13.75	2.75	26	200,150
345	-13.75	2.25	26	200,150
345	-13.25	2.25	26	200,150
345	-12.75	2.75	26	200,150
345	-12.25	2.75	26	200,150
345	-12.25	0.75	26	200,150
345	-11.75	0.25	26	200,150
345	-9.75	0.25	26	200,150
345	-9.75	-0.25	26	200,150
345	-10.25	-0.75	26	200,150
345	-18.75	-0.75	26	200,150
345	-18.75	-0.25	26	200,150
345	-18.25	0.25	26	200,150
345	-18.25	0.75	26	200,150
345	-44.75	12.25	26	250,150
345	-44.75	12.75	26	250,150
345	-44.25	12.75	26	250,150
345	-43.75	12.25	26	250,150
345	-42.75	12.25	26	250,150
345	-42.75	11.25	26	250,150
345	-40.75	11.25	26	250,150
345	-37.75	8.25	26	250,150
345	-36.75	8.25	26	250,150
345	-35.25	6.75	26	250,150
345	-35.25	5.25	26	250,150
345	-35.75	4.75	26	250,150
345	-35.75	4.25	26	250,150
345	-34.75	4.25	26	250,150
345	-34.25	3.75	26	250,150
345	-33.75	3.75	26	250,150
345	-33.25	4.25	26	250,150
345	-31.75	4.25	26	250,150
345	-31.75	3.25	26	250,150
345	-29.25	3.25	26	250,150
345	-28.75	3.75	26	250,150
345	-28.25	3.75	26	250,150
345	-28.25	3.25	26	250,150
345	-28.75	2.75	26	250,150
345	-28.75	1.25	26	250,150
345	-27.75	1.25	26	250,150
345	-27.75	0.25	26	250,150
345	-27.25	-0.25	26	250,150
345	-27.25	-0.75	26	250,150
345	-39.75	-0.75	26	250,150
345	-39.75	0.25	26	250,150
345	-40.75	0.25	26	250,150
345	-42.25	1.75	26	250,150
345	-42.25	3.25	26	250,150
345	-41.75	3.25	26	250,150
345	-40.75	2.25	26	250,150
345	-39.25	2.25	26	250,150
345	-37.75	3.75	26	250,150
345	-37.75	4.25	26	250,150
345	-38.75	4.25	26	250,150
345	-38.75	5.25	26	250,150
345	-39.75	5.25	26	250,150
345	-40.25	5.75	26	250,150
345	-40.25	6.75	26	250,150
345	-40.75	7.25	26	250,150
345	-41.75	7.25	26	250,150
345	-42.25	7.75	26	250,150
345	-43.25	7.75	26	250,150
345	-43.25	8.75	26	250,150
345	-43.75	9.25	26	250,150
345	-43.75	11.25	26	250,150
345	-44.75	11.25	26	250,150
345	-44.75	12.25	26	250,150
345	-39.25	47.75	26	250,100
345	-39.25	48.25	26	250,100
345	-38.25	49.25	26	250,100
345	-27.75	49.25	26	250,100
345	-27.75	48.75	26	250,100
345	-28.25	48.25	26	250,100
345	-28.25	46.75	26	250,100
345	-27.75	46.75	26	250,100
345	-26.75	47.75	26	250,100
345	-26.25	47.75	26	250,100
345	-25.75	47.25	26	250,100
345	-25.25	47.25	26	250,100
345	-25.25	47.75	26	250,100
345	-25.75	48.25	26	250,100
345	-25.75	48.75	26	250,100
345	-25.25	48.75	26	250,100
345	-24.25	47.75	26	250,100
345	-24.25	46.75	26	250,100
345	-23.25	45.75	26	250,100
345	-22.25	45.75	26	250,100
345	-22.25	44.25	26	250,100
345	-22.75	43.75	26	250,100
345	-22.75	43.25	26	250,100
345	-21.75	43.25	26	250,100
345	-20.75	42.25	26	250,100
345	-19.75	42.25	26	250,100
345	-19.75	41.25	26	250,100
345	-19.25	40.75	26	250,100
345	-18.25	40.75	26	250,100
345	-17.25	39.75	26	250,100
345	-16.75	39.75	26	250,100
345	-13.25	43.25	26	250,100
345	-12.25	43.25	26	250,100
345	-12.25	44.25	26	250,100
345	-11.75	44.75	26	250,100
345	-10.75	44.75	26	250,100
345	-10.75	45.75	26	250,100
345	-10.25	46.25	26	250,100
345	-10.25	46.75	26	250,100
345	-10.75	47.25	26	250,100
345	-10.75	47.75	26	250,100
345	-10.25	47.75	26	250,100
345	-9.25	46.75	26	250,100
345	-8.75	46.75	26	250,100
345	-7.75	47.75	26	250,100
345	-6.75	47.75	26	250,100
345	-6.25	48.25	26	250,100
345	-5.25	48.25	26	250,100
345	-4.25	49.25	26	250,100
345	2.25	49.25	26	250,100
345	4.75	46.75	26	250,100
345	4.75	43.25	26	250,100
345	3.75	43.25	26	250,100
345	3.75	42.75	26	250,100
345	4.75	41.75	26	250,100
345	4.75	41.25	26	250,100
345	4.25	41.25	26	250,100
345	3.75	41.75	26	250,100
345	3.25	41.75	26	250,100
345	3.25	41.25	26	250,100
345	3.75	40.75	26	250,100
345	3.75	39.25	26	250,100
345	2.75	38.25	26	250,100
345	2.75	37.75	26	250,100
345	3.25	37.25	26	250,100
345	4.25	37.25	26	250,100
345	4.75	36.75	26	250,100
345	4.75	34.25	26	250,100
345	4.25	34.25	26	250,100
345	3.25	35.25	26	250,100
345	2.75	35.25	26	250,100
345	1.75	34.25	26	250,100
345	1.75	33.75	26	250,100
345	3.25	32.25	26	250,100
345	3.25	31.75	26	250,100
345	2.25	31.75	26	250,100
345	-2.25	27.25	26	250,100
345	-2.75	27.25	26	250,100
345	-3.75	28.25	26	250,100
345	-3.75	28.75	26	250,100
345	-0.25	32.25	26	250,100
345	-0.25	32.75	26	250,100
345	-0.75	33.25	26	250,100
345	-1.25	33.25	26	250,100
345	-1.75	32.75	26	250,100
345	-2.75	32.75	26	250,100
345	-2.75	31.75	26	250,100
345	-3.75	30.75	26	250,100
345	-4.25	30.75	26	250,100
345	-4.75	31.25	26	250,100
345	-10.75	31.25	26	250,100
345	-10.75	32.25	26	250,100
345	-11.75	33.25	26	250,100
345	-11.75	36.75	26	250,100
345	-10.25	38.25	26	250,100
345	-9.25	38.25	26	250,100
345	-9.25	40.25	26	250,100
345	-8.25	40.25	26	250,100
345	-8.25	41.25	26	250,100
345	-7.75	41.75	26	250,100
345	-7.75	43.25	26	250,100
345	-8.25	43.25	26	250,100
345	-12.75	38.75	26	250,100
345	-14.75	38.75	26	250,100
345	-14.75	37.75	26	250,100
345	-15.25	37.75	26	250,100
345	-15.75	38.25	26	250,100
345	-16.75	38.25	26	250,100
345	-17.75	39.25	26	250,100
345	-19.75	39.25	26	250,100
345	-20.75	40.25	26	250,100
345	-23.25	40.25	26	250,100
345	-23.25	39.75	26	250,100
345	-22.75	39.25	26	250,100
345	-22.75	38.75	26	250,100
345	-24.25	37.25	26	250,100
345	-25.25	37.25	26	250,100
345	-25.25	36.25	26	250,100
345	-26.25	35.25	26	250,100
345	-26.25	34.75	26	250,100
345	-25.75	34.25	26	250,100
345	-25.75	33.25	26	250,100
345	-24.75	32.25	26	250,100
345	-24.75	31.75	26	250,100
345	-25.25	31.75	26	250,100
345	-27.25	33.75	26	250,100
345	-27.25	34.75	26	250,100
345	-27.75	35.25	26	250,100
345	-27.75	36.25	26	250,100
345	-28.75	37.25	26	250,100
345	-29.25	37.25	26	250,100
345	-29.75	36.75	26	250,100
345	-30.25	36.75	26	250,100
345	-32.25	38.75	26	250,100
345	-32.75	38.75	26	250,100
345	-32.75	37.75	26	250,100
345	-33.75	37.75	26	250,100
345	-34.75	36.75	26	250,100
345	-34.75	36.25	26	250,100
345	-34.25	35.75	26	250,100
345	-34.25	34.75	26	250,100
345	-33.25	34.75	26	250,100
345	-32.25	33.75	26	250,100
345	-31.25	33.75	26	250,100
345	-30.75	33.25	26	250,100
345	-30.75	32.25	26	250,100
345	-29.75	32.25	26	250,100
345	-28.75	31.25	26	250,100
345	-27.75	31.25	26	250,100
345	-27.25	30.75	26	250,100
345	-27.25	29.25	26	250,100
345	-28.25	29.25	26	250,100
345	-28.75	28.75	26	250,100
345	-28.75	27.75	26	250,100
345	-29.25	27.75	26	250,100
345	-29.75	28.25	26	250,100
345	-30.25	28.25	26	250,100
345	-32.25	26.25	26	250,100
345	-32.25	25.75	26	250,100
345	-31.75	25.25	26	250,100
345	-31.75	24.75	26	250,100
345	-32.75	23.75	26	250,100
345	-33.25	23.75	26	250,100
345	-35.25	25.75	26	250,100
345	-36.25	25.75	26	250,100
345	-36.75	26.25	26	250,100
345	-36.75	27.25	26	250,100
345	-37.75	28.25	26	250,100
345	-37.75	29.25	26	250,100
345	-38.75	29.25	26	250,100
345	-39.25	29.75	26	250,100
345	-39.75	29.75	26	250,100
345	-39.75	27.75	26	250,100
345	-41.25	27.75	26	250,100
345	-41.75	28.25	26	250,100
345	-41.75	29.25	26	250,100
345	-42.25	29.25	26	250,100
345	-42.75	28.75	26	250,100
345	-42.75	28.25	26	250,100
345	-41.75	27.25	26	250,100
345	-41.75	26.25	26	250,100
345	-40.75	26.25	26	250,100
345	-38.75	24.25	26	250,100
345	-38.75	23.25	26	250,100
345	-37.75	22.25	26	250,100
345	-37.75	21.25	26	250,100
345	-36.75	20.25	26	250,100
345	-36.75	19.75	26	250,100
345	-37.25	19.75	26	250,100
345	-38.75	21.25	26	250,100
345	-39.25	21.25	26	250,100
345	-39.25	20.75	26	250,100
345	-38.25	19.75	26	250,100
345	-38.25	19.25	26	250,100
345	-39.25	19.25	26	250,100
345	-39.25	18.75	26	250,100
345	-38.75	18.25	26	250,100
345	-38.75	17.75	26	250,100
345	-40.25	17.75	26	250,100
345	-41.75	19.25	26	250,100
345	-42.75	19.25	26	250,100
345	-43.25	19.75	26	250,100
345	-43.25	20.75	26	250,100
345	-44.75	22.25	26	250,100
345	-44.75	39.75	26	250,100
345	-43.25	39.75	26	250,100
345	-43.25	39.25	26	250,100
345	-44.25	38.25	26	250,100
345	-44.25	37.75	26	250,100
345	-43.75	37.25	26	250,100
345	-43.25	37.25	26	250,100
345	-41.25	39.25	26	250,100
345	-39.25	39.25	26	250,100
345	-39.25	39.75	26	250,100
345	-41.25	41.75	26	250,100
345	-41.25	42.25	26	250,100
345	-40.25	42.25	26	250,100
345	-37.75	44.75	26	250,100
345	-37.75	45.25	26	250,100
345	-39.25	46.75	26	250,100
345	-39.25	47.75	26	250,100
345	-45.25	8.75	26	300,150
345	-45.25	9.25	26	300,150
345	-44.25	10.25	26	300,150
345	-43.75	10.25	26	300,150
345	-41.25	7.75	26	300,150
345	-41.25	7.25	26	300,150
345	-42.75	5.75	26	300,150
345	-43.75	5.75	26	300,150
345	-44.75	4.75	26	300,150
345	-45.25	4.75	26	300,150
345	-45.25	8.75	26	300,150
345	-45.25	45.75	26	300,100
345	-45.25	46.25	26	300,100
345	-44.75	46.25	26	300,100
345	-44.75	44.75	26	300,100
345	-45.25	44.75	26	300,100
345	-45.25	45.75	26	300,100
346	-17.25	44.75	26	200,100
346	-17.25	45.25	26	200,100
346	-16.75	45.75	26	200,100
346	-16.25	45.75	26	200,100
346	-15.25	44.75	26	200,100
346	-15.25	43.75	26	200,100
346	-14.25	43.75	26	200,100
346	-13.75	43.25	26	200,100
346	-13.25	43.25	26	200,100
346	-13.25	43.75	26	200,100
346	-15.25	45.75	26	200,100
346	-15.25	47.25	26	200,100
346	-14.25	48.25	26	200,100
346	-13.75	48.25	26	200,100
346	-3.75	38.25	26	200,100
346	-3.75	37.75	26	200,100
346	-5.25	36.25	26	200,100
346	-5.75	36.25	26	200,100
346	-7.75	38.25	26	200,100
346	-8.25	38.25	26	200,100
346	-8.25	37.75	26	200,100
346	-6.25	35.75	26	200,100
346	-6.25	35.25	26	200,100
346	-6.75	34.75	26	200,100
346	-7.25	34.75	26	200,100
346	-7.75	35.25	26	200,100
346	-8.75	35.25	26	200,100
346	-9.75	36.25	26	200,100
346	-9.75	37.25	26	200,100
346	-10.75	37.25	26	200,100
346	-12.75	39.25	26	200,100
346	-12.75	40.25	26	200,100
346	-13.25	40.75	26	200,100
346	-14.25	40.75	26	200,100
346	-15.75	42.25	26	200,100
346	-15.75	43.25	26	200,100
346	-16.75	43.25	26	200,100
346	-16.75	44.25	26	200,100
346	-17.25	44.75	26	200,100
346	-0.25	13.75	26	200,150
346	-0.25	14.25	26	200,150
346	1.25	14.25	26	200,150
346	1.75	13.75	26	200,150
346	2.25	13.75	26	200,150
346	2.25	14.75	26	200,150
346	2.75	15.25	26	200,150
346	3.25	15.25	26	200,150
346	5.25	13.25	26	200,150
346	5.25	11.75	26	200,150
346	4.75	11.75	26	200,150
346	4.25	12.25	26	200,150
346	3.75	12.25	26	200,150
346	3.25	11.75	26	200,150
346	2.75	11.75	26	200,150
346	1.25	13.25	26	200,150
346	0.25	13.25	26	200,150
346	-0.25	13.75	26	200,150
346	-18.25	18.75	26	250,150
346	-18.25	19.25	26	250,150
346	-17.75	19.75	26	250,150
346	-17.25	19.75	26	250,150
346	-12.75	15.25	26	250,150
346	-12.75	14.25	26	250,150
346	-11.75	14.25	26	250,150
346	-11.25	13.75	26	250,150
346	-11.25	12.75	26	250,150
346	-10.25	12.75	26	250,150
346	-8.75	11.25	26	250,150
346	-7.75	11.25	26	250,150
346	-7.75	10.25	26	250,150
346	-2.75	5.25	26	250,150
346	-2.75	4.25	26	250,150
346	-2.25	3.75	26	250,150
346	-2.25	1.75	26	250,150
346	-0.75	0.25	26	250,150
346	-0.25	0.25	26	250,150
346	-0.25	1.75	26	250,150
346	-0.75	2.25	26	250,150
346	-0.75	2.75	26	250,150
346	0.25	2.75	26	250,150
346	0.25	3.75	26	250,150
346	0.75	4.25	26	250,150
346	0.75	5.25	26	250,150
346	1.75	6.25	26	250,150
346	2.75	6.25	26	250,150
346	3.25	6.75	26	250,150
346	3.25	7.75	26	250,150
346	3.75	8.25	26	250,150
346	3.75	8.75	26	250,150
346	2.25	10.25	26	250,150
346	2.25	10.75	26	250,150
346	2.75	10.75	26	250,150
346	4.75	8.75	26	250,150
346	4.75	3.25	26	250,150
346	2.75	1.25	26	250,150
346	1.75	1.25	26	250,150
346	-0.25	-0.75	26	250,150
346	-4.75	-0.75	26	250,150
346	-5.25	-0.25	26	250,150
346	-5.25	1.25	26	250,150
346	-4.25	2.25	26	250,150
346	-3.25	2.25	26	250,150
346	-3.25	3.75	26	250,150
346	-4.25	4.75	26	250,150
346	-4.25	5.75	26	250,150
346	-5.25	5.75	26	250,150
346	-5.25	6.75	26	250,150
346	-5.75	7.25	26	250,150
346	-6.75	7.25	26	250,150
346	-10.25	10.75	26	250,150
346	-11.25	10.75	26	250,150
346	-11.75	11.25	26	250,150
346	-11.75	12.25	26	250,150
346	-12.25	12.75	26	250,150
346	-13.25	12.75	26	250,150
346	-13.25	13.75	26	250,150
346	-14.25	14.75	26	250,150
346	-14.75	14.75	26	250,150
346	-16.25	13.25	26	250,150
346	-16.75	13.25	26	250,150
346	-16.75	15.75	26	250,150
346	-16.25	16.25	26	250,150
346	-16.25	16.75	26	250,150
346	-18.25	18.75	26	250,150
346	-7.75	39.25	26	250,100
346	-7.75	39.75	26	250,100
346	-6.25	41.25	26	250,100
346	-5.75	41.25	26	250,100
346	-4.25	39.75	26	250,100
346	-3.75	39.75	26	250,100
346	-3.25	40.25	26	250,100
346	-3.25	41.75	26	250,100
346	-3.75	42.25	26	250,100
346	-3.75	42.75	26	250,100
346	-1.25	45.25	26	250,100
346	-0.75	45.25	26	250,100
346	-0.25	44.75	26	250,100
346	0.75	44.75	26	250,100
346	0.75	42.75	26	250,100
346	1.75	42.75	26	250,100
346	2.25	42.25	26	250,100
346	2.25	41.75	26	250,100
346	1.75	41.25	26	250,100
346	1.75	39.25	26	250,100
346	0.75	39.25	26	250,100
346	0.25	38.75	26	250,100
346	-0.25	38.75	26	250,100
346	-0.75	39.25	26	250,100
346	-2.25	39.25	26	250,100
346	-2.75	38.75	26	250,100
346	-2.75	38.25	26	250,100
346	-1.75	37.25	26	250,100
346	-1.75	36.75	26	250,100
346	-4.75	33.75	26	250,100
346	-5.75	33.75	26	250,100
346	-7.25	32.25	26	250,100
346	-7.75	32.25	26	250,100
346	-8.25	32.75	26	250,100
346	-8.25	33.75	26	250,100
346	-8.75	34.25	26	250,100
346	-9.75	34.25	26	250,100
346	-10.75	35.25	26	250,100
346	-10.75	35.75	26	250,100
346	-7.75	38.75	26	250,100
346	-7.75	39.25	26	250,100
346	-45.25	42.75	26	300,100
346	-45.25	43.25	26	300,100
346	-44.75	43.25	26	300,100
346	-44.75	42.75	26	300,100
346	-45.25	42.75	26	300,100
201	-14.25	4.75	19	200,150
201	-14.25	5.25	19	200,150
201	-13.25	5.25	19	200,150
201	-12.75	5.75	19	200,150
201	-12.25	5.75	19	200,150
201	-11.75	5.25	19	200,150
201	-11.25	5.25	19	200,150
201	-11.25	5.75	19	200,150
201	-11.75	6.25	19	200,150
201	-11.75	6.75	19	200,150
201	-11.25	7.25	19	200,150
201	-10.75	7.25	19	200,150
201	-10.75	6.25	19	200,150
201	-10.25	6.25	19	200,150
201	-9.75	6.75	19	200,150
201	-9.75	8.75	19	200,150
201	-8.75	8.75	19	200,150
201	-8.75	9.25	19	200,150
201	-9.25	9.75	19	200,150
201	-9.25	10.25	19	200,150
201	-6.25	13.25	19	200,150
201	-5.75	13.25	19	200,150
201	-4.25	11.75	19	200,150
201	-3.75	11.75	19	200,150
201	-3.25	12.25	19	200,150
201	-3.25	13.25	19	200,150
201	-2.75	13.25	19	200,150
201	-2.25	12.75	19	200,150
201	-2.25	12.25	19	200,150
201	-2.75	11.75	19	200,150
201	-2.75	9.25	19	200,150
201	-0.75	9.25	19	200,150
201	-0.75	8.25	19	200,150
201	0.75	8.25	19	200,150
201	1.25	8.75	19	200,150
201	2.75	8.75	19	200,150
201	2.75	3.75	19	200,150
201	3.25	3.25	19	200,150
201	4.25	3.25	19	200,150
201	5.25	2.25	19	200,150
201	5.25	-0.25	19	200,150
201	4.75	-0.75	19	200,150
201	-9.75	-0.75	19	200,150
201	-9.75	0.25	19	200,150
201	-11.75	0.25	19	200,150
201	-12.25	0.75	19	200,150
201	-12.25	2.75	19	200,150
201	-12.75	2.75	19	200,150
201	-13.25	2.25	19	200,150
201	-13.75	2.25	19	200,150
201	-13.75	2.75	19	200,150
201	-13.25	3.25	19	200,150
201	-13.25	3.75	19	200,150
201	-14.25	4.75	19	200,150
201	-8.25	48.75	19	200,100
201	-8.25	49.25	19	200,100
201	-1.75	49.25	19	200,100
201	-1.75	48.75	19	200,100
201	-2.75	47.75	19	200,100
201	-2.75	47.25	19	200,100
201	-2.25	46.75	19	200,100
201	-2.25	45.75	19	200,100
201	-1.25	44.75	19	200,100
201	-1.25	43.75	19	200,100
201	-0.25	43.75	19	200,100
201	0.25	43.25	19	200,100
201	2.75	43.25	19	200,100
201	3.25	43.75	19	200,100
201	3.75	43.75	19	200,100
201	3.75	41.25	19	200,100
201	3.25	40.75	19	200,100
201	3.25	40.25	19	200,100
201	4.75	38.75	19	200,100
201	4.75	35.25	19	200,100
201	4.25	34.75	19	200,100
201	3.75	34.75	19	200,100
201	3.75	36.75	19	200,100
201	2.25	38.25	19	200,100
201	2.25	39.25	19	200,100
201	1.25	39.25	19	200,100
201	1.25	39.75	19	200,100
201	2.25	40.75	19	200,100
201	2.25	42.25	19	200,100
201	1.75	42.25	19	200,100
201	0.75	41.25	19	200,100
201	0.75	40.25	19	200,100
201	-0.75	40.25	19	200,100
201	-0.75	41.25	19	200,100
201	-1.25	41.75	19	200,100
201	-2.25	41.75	19	200,100
201	-2.75	42.25	19	200,100
201	-2.75	43.25	19	200,100
201	-4.25	44.75	19	200,100
201	-5.25	44.75	19	200,100
201	-5.25	45.75	19	200,100
201	-7.25	45.75	19	200,100
201	-7.25	46.25	19	200,100
201	-6.25	47.25	19	200,100
201	-6.25	47.75	19	200,100
201	-6.75	48.25	19	200,100
201	-7.25	48.25	19	200,100
201	-7.75	47.75	19	200,100
201	-8.25	47.75	19	200,100
201	-8.25	48.75	19	200,100
201	-44.75	1.25	19	250,150
201	-44.75	1.75	19	250,150
201	-44.25	1.75	19	250,150
201	-44.25	0.75	19	250,150
201	-43.25	-0.25	19	250,150
201	-43.25	-0.75	19	250,150
201	-44.75	-0.75	19	250,150
201	-44.75	1.25	19	250,150
201	-44.75	48.25	19	250,100
201	-44.75	48.75	19	250,100
201	-44.25	49.25	19	250,100
201	-42.75	49.25	19	250,100
201	-42.25	48.75	19	250,100
201	-42.25	48.25	19	250,100
201	-42.75	47.75	19	250,100
201	-44.25	47.75	19	250,100
201	-44.75	48.25	19	250,100
324	2.25	21.25	243	200,150
324	2.25	21.75	243	200,150
324	3.25	22.75	243	200,150
324	3.75	22.75	243	200,150
324	3.75	21.25	243	200,150
324	3.25	20.75	243	200,150
324	3.25	20.25	243	200,150
324	4.25	19.25	243	200,150
324	5.25	19.25	243	200,150
324	5.25	16.75	243	200,150
324	4.25	16.75	243	200,150
324	3.75	16.25	243	200,150
324	3.25	16.25	243	200,150
324	2.75	16.75	243	200,150
324	2.75	17.25	243	200,150
324	3.75	17.25	243	200,150
324	3.75	17.75	243	200,150
324	2.75	18.75	243	200,150
324	2.75	19.75	243	200,150
324	2.25	20.25	243	200,150
324	2.25	21.25	243	200,150
324	-44.25	19.75	243	250,150
324	-44.25	20.25	243	250,150
324	-43.75	20.75	243	250,150
324	-42.75	20.75	243	250,150
324	-42.25	21.25	243	250,150
324	-41.75	21.25	243	250,150
324	-41.75	19.75	243	250,150
324	-43.25	18.25	243	250,150
324	-43.25	17.75	243	250,150
324	-40.75	15.25	243	250,150
324	-40.75	14.25	243	250,150
324	-38.25	11.75	243	250,150
324	-38.25	10.75	243	250,150
324	-37.75	10.75	243	250,150
324	-37.25	11.25	243	250,150
324	-36.75	11.25	243	250,150
324	-36.75	10.75	243	250,150
324	-37.25	10.25	243	250,150
324	-37.25	9.75	243	250,150
324	-36.75	9.25	243	250,150
324	-36.25	9.25	243	250,150
324	-35.75	9.75	243	250,150
324	-35.25	9.75	243	250,150
324	-34.25	8.75	243	250,150
324	-33.25	8.75	243	250,150
324	-33.25	7.75	243	250,150
324	-32.25	7.75	243	250,150
324	-31.75	7.25	243	250,150
324	-31.25	7.25	243	250,150
324	-31.25	7.75	243	250,150
324	-31.75	8.25	243	250,150
324	-31.75	8.75	243	250,150
324	-30.75	9.75	243	250,150
324	-30.75	10.75	243	250,150
324	-30.25	11.25	243	250,150
324	-30.25	11.75	243	250,150
324	-31.25	11.75	243	250,150
324	-31.25	13.25	243	250,150
324	-30.75	13.25	243	250,150
324	-29.75	12.25	243	250,150
324	-29.25	12.25	243	250,150
324	-29.25	13.25	243	250,150
324	-28.75	13.75	243	250,150
324	-28.75	14.25	243	250,150
324	-34.75	20.25	243	250,150
324	-34.75	20.75	243	250,150
324	-34.25	21.25	243	250,150
324	-33.75	21.25	243	250,150
324	-33.25	20.75	243	250,150
324	-32.25	20.75	243	250,150
324	-31.75	20.25	243	250,150
324	-31.25	20.25	243	250,150
324	-30.75	20.75	243	250,150
324	-30.25	20.75	243	250,150
324	-30.25	20.25	243	250,150
324	-31.25	19.25	243	250,150
324	-31.25	18.75	243	250,150
324	-30.75	18.25	243	250,150
324	-29.75	18.25	243	250,150
324	-29.25	17.75	243	250,150
324	-29.25	16.75	243	250,150
324	-28.25	15.75	243	250,150
324	-27.75	15.75	243	250,150
324	-27.25	16.25	243	250,150
324	-26.75	16.25	243	250,150
324	-26.25	15.75	243	250,150
324	-24.75	15.75	243	250,150
324	-24.75	17.75	243	250,150
324	-24.25	18.25	243	250,150
324	-24.25	18.75	243	250,150
324	-24.75	19.25	243	250,150
324	-24.75	20.25	243	250,150
324	-25.25	20.75	243	250,150
324	-26.25	20.75	243	250,150
324	-28.25	22.75	243	250,150
324	-28.25	23.75	243	250,150
324	-29.25	23.75	243	250,150
324	-29.25	24.75	243	250,150
324	-30.25	24.75	243	250,150
324	-30.75	25.25	243	250,150
324	-30.75	25.75	243	250,150
324	-29.25	27.25	243	250,150
324	-29.25	28.25	243	250,150
324	-27.75	28.25	243	250,150
324	-23.75	24.25	243	250,150
324	-23.75	23.25	243	250,150
324	-22.75	23.25	243	250,150
324	-21.75	22.25	243	250,150
324	-21.75	21.25	243	250,150
324	-20.75	21.25	243	250,150
324	-20.75	19.75	243	250,150
324	-21.25	19.75	243	250,150
324	-26.25	24.75	243	250,150
324	-26.75	24.75	243	250,150
324	-27.25	24.25	243	250,150
324	-27.25	23.75	243	250,150
324	-26.25	23.75	243	250,150
324	-24.75	22.25	243	250,150
324	-24.75	21.25	243	250,150
324	-23.75	21.25	243	250,150
324	-23.25	20.75	243	250,150
324	-23.25	20.25	243	250,150
324	-23.75	19.75	243	250,150
324	-23.75	19.25	243	250,150
324	-23.25	18.75	243	250,150
324	-23.25	17.25	243	250,150
324	-23.75	16.75	243	250,150
324	-23.75	16.25	243	250,150
324	-23.25	16.25	243	250,150
324	-22.75	16.75	243	250,150
324	-22.25	16.75	243	250,150
324	-21.75	16.25	243	250,150
324	-21.25	16.25	243	250,150
324	-20.75	16.75	243	250,150
324	-20.75	17.75	243	250,150
324	-19.75	17.75	243	250,150
324	-19.75	18.75	243	250,150
324	-19.25	18.75	243	250,150
324	-18.75	18.25	243	250,150
324	-18.75	17.75	243	250,150
324	-19.25	17.25	243	250,150
324	-19.25	13.25	243	250,150
324	-21.25	11.25	243	250,150
324	-21.25	10.25	243	250,150
324	-21.75	10.25	243	250,150
324	-22.25	10.75	243	250,150
324	-23.25	10.75	243	250,150
324	-24.75	12.25	243	250,150
324	-26.25	12.25	243	250,150
324	-26.25	11.75	243	250,150
324	-24.25	9.75	243	250,150
324	-24.25	8.25	243	250,150
324	-27.75	4.75	243	250,150
324	-27.75	3.75	243	250,150
324	-28.75	3.75	243	250,150
324	-29.25	3.25	243	250,150
324	-31.75	3.25	243	250,150
324	-31.75	4.25	243	250,150
324	-33.25	4.25	243	250,150
324	-33.75	3.75	243	250,150
324	-34.25	3.75	243	250,150
324	-34.75	4.25	243	250,150
324	-35.75	4.25	243	250,150
324	-35.75	4.75	243	250,150
324	-35.25	5.25	243	250,150
324	-35.25	6.75	243	250,150
324	-36.75	8.25	243	250,150
324	-37.75	8.25	243	250,150
324	-43.25	13.75	243	250,150
324	-43.25	14.75	243	250,150
324	-44.25	15.75	243	250,150
324	-44.25	16.75	243	250,150
324	-44.75	17.25	243	250,150
324	-44.75	18.75	243	250,150
324	-43.75	18.75	243	250,150
324	-43.75	19.25	243	250,150
324	-44.25	19.75	243	250,150
4	1.25	48.25	10	250,150
4	1.25	48.75	10	250,150
4	2.75	48.75	10	250,150
4	3.75	47.75	10	250,150
4	3.75	46.75	10	250,150
4	4.25	46.25	10	250,150
4	4.25	45.75	10	250,150
4	3.75	45.75	10	250,150
4	1.25	48.25	10	250,150
4	-45.25	16.75	10	300,150
4	-45.25	17.25	10	300,150
4	-44.75	17.75	10	300,150
4	-44.25	17.75	10	300,150
4	-42.75	16.25	10	300,150
4	-42.75	14.75	10	300,150
4	-43.25	14.25	10	300,150
4	-43.75	14.25	10	300,150
4	-45.25	15.75	10	300,150
4	-45.25	16.75	10	300,150
176	-19.75	-0.75	17	250,200
176	-19.75	-0.25	17	250,200
176	-17.75	1.75	17	250,200
176	-16.75	1.75	17	250,200
176	-16.75	2.75	17	250,200
176	-14.75	4.75	17	250,200
176	-14.25	4.75	17	250,200
176	-11.75	2.25	17	250,200
176	-10.75	2.25	17	250,200
176	-10.75	1.25	17	250,200
176	-8.75	-0.75	17	250,200
176	-8.75	-1.25	17	250,200
176	-19.25	-1.25	17	250,200
176	-19.75	-0.75	17	250,200
176	-20.75	47.25	17	250,150
176	-20.75	47.75	17	250,150
176	-19.75	47.75	17	250,150
176	-19.75	48.75	17	250,150
176	-8.25	48.75	17	250,150
176	-7.25	47.75	17	250,150
176	-5.25	47.75	17	250,150
176	-5.25	45.75	17	250,150
176	-4.25	44.75	17	250,150
176	-3.75	44.75	17	250,150
176	-3.75	45.25	17	250,150
176	-4.25	45.75	17	250,150
176	-4.25	46.25	17	250,150
176	-3.75	46.25	17	250,150
176	-2.75	45.25	17	250,150
176	-2.75	44.75	17	250,150
176	-3.25	44.25	17	250,150
176	-3.25	43.75	17	250,150
176	-0.75	41.25	17	250,150
176	-0.75	40.75	17	250,150
176	-1.75	39.75	17	250,150
176	-1.75	38.25	17	250,150
176	0.75	38.25	17	250,150
176	1.25	38.75	17	250,150
176	2.75	38.75	17	250,150
176	2.75	37.75	17	250,150
176	3.25	37.25	17	250,150
176	3.25	35.75	17	250,150
176	2.75	35.25	17	250,150
176	0.75	35.25	17	250,150
176	0.75	33.25	17	250,150
176	-0.75	31.75	17	250,150
176	-2.75	31.75	17	250,150
176	-2.75	30.75	17	250,150
176	-3.25	30.75	17	250,150
176	-3.75	31.25	17	250,150
176	-4.75	31.25	17	250,150
176	-5.75	32.25	17	250,150
176	-5.75	33.25	17	250,150
176	-6.75	33.25	17	250,150
176	-6.75	34.25	17	250,150
176	-7.25	34.75	17	250,150
176	-8.25	34.75	17	250,150
176	-13.25	39.75	17	250,150
176	-13.25	40.75	17	250,150
176	-13.75	41.25	17	250,150
176	-14.75	41.25	17	250,150
176	-17.25	43.75	17	250,150
176	-17.25	45.75	17	250,150
176	-17.75	45.75	17	250,150
176	-18.25	45.25	17	250,150
176	-18.75	45.25	17	250,150
176	-20.75	47.25	17	250,150
586	-35.75	32.25	87	100,0
586	-35.75	32.75	87	100,0
586	-33.25	35.25	87	100,0
586	-32.75	35.25	87	100,0
586	-31.25	33.75	87	100,0
586	-30.25	33.75	87	100,0
586	-30.25	32.75	87	100,0
586	-29.75	32.25	87	100,0
586	-29.75	31.75	87	100,0
586	-30.25	31.75	87	100,0
586	-31.25	32.75	87	100,0
586	-31.75	32.75	87	100,0
586	-33.25	31.25	87	100,0
586	-34.25	31.25	87	100,0
586	-34.75	30.75	87	100,0
586	-35.25	30.75	87	100,0
586	-35.75	31.25	87	100,0
586	-35.75	32.25	87	100,0
501	-15.75	48.25	55	150,50
501	-15.75	48.75	55	150,50
501	-10.25	48.75	55	150,50
501	-10.25	48.25	55	150,50
501	-10.75	47.75	55	150,50
501	-10.75	47.25	55	150,50
501	-2.75	39.25	55	150,50
501	-2.25	39.25	55	150,50
501	-1.75	39.75	55	150,50
501	-1.75	40.25	55	150,50
501	-2.75	41.25	55	150,50
501	-2.75	42.25	55	150,50
501	-3.25	42.75	55	150,50
501	-4.25	42.75	55	150,50
501	-4.75	43.25	55	150,50
501	-5.75	43.25	55	150,50
501	-5.75	45.25	55	150,50
501	-6.25	45.75	55	150,50
501	-7.25	45.75	55	150,50
501	-7.25	46.75	55	150,50
501	-8.75	48.25	55	150,50
501	-8.75	48.75	55	150,50
501	-8.25	48.75	55	150,50
501	3.75	36.75	55	150,50
501	3.75	36.25	55	150,50
501	2.25	34.75	55	150,50
501	1.25	34.75	55	150,50
501	0.75	34.25	55	150,50
501	0.25	34.25	55	150,50
501	-1.75	36.25	55	150,50
501	-2.25	36.25	55	150,50
501	-2.75	35.75	55	150,50
501	-3.25	35.75	55	150,50
501	-3.75	36.25	55	150,50
501	-4.25	36.25	55	150,50
501	-4.75	35.75	55	150,50
501	-5.25	35.75	55	150,50
501	-5.75	36.25	55	150,50
501	-6.75	36.25	55	150,50
501	-7.75	37.25	55	150,50
501	-8.25	37.25	55	150,50
501	-8.25	36.25	55	150,50
501	-8.75	36.25	55	150,50
501	-9.75	37.25	55	150,50
501	-9.75	39.25	55	150,50
501	-10.25	39.75	55	150,50
501	-10.75	39.75	55	150,50
501	-12.25	38.25	55	150,50
501	-12.75	38.25	55	150,50
501	-12.75	39.25	55	150,50
501	-14.25	40.75	55	150,50
501	-15.25	40.75	55	150,50
501	-15.25	41.25	55	150,50
501	-14.75	41.75	55	150,50
501	-14.25	41.75	55	150,50
501	-12.25	39.75	55	150,50
501	-11.75	39.75	55	150,50
501	-11.75	40.25	55	150,50
501	-12.25	40.75	55	150,50
501	-12.25	41.75	55	150,50
501	-12.75	42.25	55	150,50
501	-13.75	42.25	55	150,50
501	-14.25	42.75	55	150,50
501	-14.25	43.25	55	150,50
501	-13.75	43.75	55	150,50
501	-13.75	44.75	55	150,50
501	-13.25	45.25	55	150,50
501	-13.25	46.75	55	150,50
501	-13.75	47.25	55	150,50
501	-14.25	47.25	55	150,50
501	-14.25	46.25	55	150,50
501	-14.75	45.75	55	150,50
501	-16.25	45.75	55	150,50
501	-16.25	46.25	55	150,50
501	-15.75	46.75	55	150,50
501	-15.75	48.25	55	150,50
502	-9.75	48.75	55	150,50
502	-9.75	48.25	55	150,50
502	-9.25	48.25	55	150,50
502	-9.25	48.75	55	150,50
502	-9.75	48.75	55	150,50
600	-32.25	29.75	92	100,0
600	-32.25	30.25	92	100,0
600	-31.25	31.25	92	100,0
600	-29.75	31.25	92	100,0
600	-29.25	30.75	92	100,0
600	-28.25	30.75	92	100,0
600	-25.25	27.75	92	100,0
600	-24.25	27.75	92	100,0
600	-24.25	26.75	92	100,0
600	-23.25	25.75	92	100,0
600	-22.25	25.75	92	100,0
600	-20.25	23.75	92	100,0
600	-20.25	23.25	92	100,0
600	-20.75	22.75	92	100,0
600	-21.25	22.75	92	100,0
600	-25.75	27.25	92	100,0
600	-26.25	27.25	92	100,0
600	-27.75	25.75	92	100,0
600	-27.75	24.25	92	100,0
600	-27.25	24.25	92	100,0
600	-26.75	24.75	92	100,0
600	-26.25	24.75	92	100,0
600	-26.25	24.25	92	100,0
600	-26.75	23.75	92	100,0
600	-26.75	23.25	92	100,0
600	-26.25	22.75	92	100,0
600	-25.25	22.75	92	100,0
600	-25.25	21.75	92	100,0
600	-24.25	20.75	92	100,0
600	-22.25	20.75	92	100,0
600	-21.75	20.25	92	100,0
600	-21.75	19.75	92	100,0
600	-22.25	19.25	92	100,0
600	-22.75	19.25	92	100,0
600	-23.25	19.75	92	100,0
600	-25.25	19.75	92	100,0
600	-25.25	20.75	92	100,0
600	-26.25	21.75	92	100,0
600	-27.25	21.75	92	100,0
600	-27.25	22.75	92	100,0
600	-27.75	23.25	92	100,0
600	-28.75	23.25	92	100,0
600	-28.75	26.25	92	100,0
600	-29.25	26.25	92	100,0
600	-29.75	25.75	92	100,0
600	-30.25	25.75	92	100,0
600	-31.25	26.75	92	100,0
600	-31.25	27.75	92	100,0
600	-32.25	28.75	92	100,0
600	-32.25	29.75	92	100,0
558	-12.25	-0.25	76	100,50
558	-12.25	0.25	76	100,50
558	-11.75	0.75	76	100,50
558	-10.25	0.75	76	100,50
558	-9.25	-0.25	76	100,50
558	-9.25	-0.75	76	100,50
558	-11.75	-0.75	76	100,50
558	-12.25	-0.25	76	100,50
558	-11.25	48.75	76	100,0
558	-11.25	49.25	76	100,0
558	4.25	49.25	76	100,0
558	4.75	48.75	76	100,0
558	4.75	48.25	76	100,0
558	4.25	47.75	76	100,0
558	4.25	47.25	76	100,0
558	4.75	46.75	76	100,0
558	4.75	46.25	76	100,0
558	3.25	44.75	76	100,0
558	3.25	43.75	76	100,0
558	2.25	42.75	76	100,0
558	1.25	42.75	76	100,0
558	0.25	41.75	76	100,0
558	-0.25	41.75	76	100,0
558	-0.75	42.25	76	100,0
558	-1.25	42.25	76	100,0
558	-1.25	41.75	76	100,0
558	-0.75	41.25	76	100,0
558	-0.75	40.75	76	100,0
558	-1.75	39.75	76	100,0
558	-3.25	39.75	76	100,0
558	-3.25	40.75	76	100,0
558	-6.75	44.25	76	100,0
558	-7.75	44.25	76	100,0
558	-7.75	45.25	76	100,0
558	-11.25	48.75	76	100,0
559	-7.75	3.25	76	100,50
559	-7.75	3.75	76	100,50
559	-5.25	6.25	76	100,50
559	-4.75	6.25	76	100,50
559	-2.75	4.25	76	100,50
559	-2.25	4.25	76	100,50
559	-1.75	4.75	76	100,50
559	-1.75	5.25	76	100,50
559	-2.25	5.75	76	100,50
559	-2.25	6.25	76	100,50
559	-0.75	6.25	76	100,50
559	-0.25	5.75	76	100,50
559	-0.25	5.25	76	100,50
559	-1.25	4.25	76	100,50
559	-1.25	3.25	76	100,50
559	-2.25	2.25	76	100,50
559	-2.25	1.75	76	100,50
559	-1.75	1.75	76	100,50
559	-1.25	2.25	76	100,50
559	-0.75	2.25	76	100,50
559	0.25	1.25	76	100,50
559	1.25	1.25	76	100,50
559	1.25	0.25	76	100,50
559	1.75	-0.25	76	100,50
559	1.75	-0.75	76	100,50
559	-6.75	-0.75	76	100,50
559	-6.75	0.25	76	100,50
559	-7.25	0.75	76	100,50
559	-7.25	1.25	76	100,50
559	-4.25	4.25	76	100,50
559	-4.25	4.75	76	100,50
559	-4.75	5.25	76	100,50
559	-5.25	5.25	76	100,50
559	-5.75	4.75	76	100,50
559	-5.75	3.75	76	100,50
559	-7.25	2.25	76	100,50
559	-7.75	2.25	76	100,50
559	-7.75	3.25	76	100,50
560	-7.75	-0.75	76	100,50
560	-7.75	-0.25	76	100,50
560	-7.25	-0.25	76	100,50
560	-7.25	-0.75	76	100,50
560	-7.75	-0.75	76	100,50
561	4.25	-0.75	76	100,50
561	4.25	-0.25	76	100,50
561	4.75	-0.25	76	100,50
561	4.75	-0.75	76	100,50
561	4.25	-0.75	76	100,50
5	-25.75	36.25	100	150,50
5	-25.75	36.75	100	150,50
5	-24.75	37.75	100	150,50
5	-23.25	37.75	100	150,50
5	-22.25	36.75	100	150,50
5	-21.25	36.75	100	150,50
5	-20.25	35.75	100	150,50
5	-20.25	33.75	100	150,50
5	-19.25	33.75	100	150,50
5	-18.75	33.25	100	150,50
5	-18.75	32.25	100	150,50
5	-18.25	31.75	100	150,50
5	-17.25	31.75	100	150,50
5	-16.25	30.75	100	150,50
5	-15.25	30.75	100	150,50
5	-14.25	29.75	100	150,50
5	-14.25	29.25	100	150,50
5	-14.75	28.75	100	150,50
5	-14.75	28.25	100	150,50
5	-13.75	28.25	100	150,50
5	-13.75	27.75	100	150,50
5	-14.75	26.75	100	150,50
5	-14.75	25.75	100	150,50
5	-15.75	24.75	100	150,50
5	-15.75	24.25	100	150,50
5	-15.25	23.75	100	150,50
5	-14.75	23.75	100	150,50
5	-13.75	24.75	100	150,50
5	-12.75	24.75	100	150,50
5	-11.75	25.75	100	150,50
5	-10.25	25.75	100	150,50
5	-10.25	24.75	100	150,50
5	-9.75	24.25	100	150,50
5	-9.75	23.75	100	150,50
5	-12.25	21.25	100	150,50
5	-12.25	20.25	100	150,50
5	-14.25	18.25	100	150,50
5	-14.75	18.25	100	150,50
5	-16.25	19.75	100	150,50
5	-17.25	19.75	100	150,50
5	-17.25	21.25	100	150,50
5	-15.75	22.75	100	150,50
5	-15.75	23.25	100	150,50
5	-16.25	23.75	100	150,50
5	-16.75	23.75	100	150,50
5	-17.75	22.75	100	150,50
5	-19.25	22.75	100	150,50
5	-27.25	30.75	100	150,50
5	-28.25	30.75	100	150,50
5	-28.25	31.75	100	150,50
5	-28.75	32.25	100	150,50
5	-28.75	32.75	100	150,50
5	-25.75	35.75	100	150,50
5	-25.75	36.25	100	150,50
244	-17.25	44.75	217	200,100
244	-17.25	45.25	217	200,100
244	-16.75	45.75	217	200,100
244	-16.25	45.75	217	200,100
244	-15.25	44.75	217	200,100
244	-15.25	43.75	217	200,100
244	-14.25	43.75	217	200,100
244	-13.75	43.25	217	200,100
244	-13.25	43.25	217	200,100
244	-13.25	43.75	217	200,100
244	-15.25	45.75	217	200,100
244	-15.25	47.25	217	200,100
244	-14.25	48.25	217	200,100
244	-13.75	48.25	217	200,100
244	-3.75	38.25	217	200,100
244	-3.75	37.75	217	200,100
244	-5.25	36.25	217	200,100
244	-5.75	36.25	217	200,100
244	-7.75	38.25	217	200,100
244	-8.25	38.25	217	200,100
244	-8.25	37.75	217	200,100
244	-6.25	35.75	217	200,100
244	-6.25	35.25	217	200,100
244	-6.75	34.75	217	200,100
244	-7.25	34.75	217	200,100
244	-7.75	35.25	217	200,100
244	-8.75	35.25	217	200,100
244	-9.75	36.25	217	200,100
244	-9.75	37.25	217	200,100
244	-10.75	37.25	217	200,100
244	-12.75	39.25	217	200,100
244	-12.75	40.25	217	200,100
244	-13.25	40.75	217	200,100
244	-14.25	40.75	217	200,100
244	-15.75	42.25	217	200,100
244	-15.75	43.25	217	200,100
244	-16.75	43.25	217	200,100
244	-16.75	44.25	217	200,100
244	-17.25	44.75	217	200,100
340	2.25	14.25	257	250,200
340	2.25	14.75	257	250,200
340	3.25	14.75	257	250,200
340	3.75	15.25	257	250,200
340	4.25	15.25	257	250,200
340	4.75	14.75	257	250,200
340	4.75	8.25	257	250,200
340	4.25	8.25	257	250,200
340	4.25	9.25	257	250,200
340	1.75	11.75	257	250,200
340	1.75	13.25	257	250,200
340	2.25	13.75	257	250,200
340	2.25	14.25	257	250,200
340	-45.25	13.75	257	300,200
340	-45.25	14.25	257	300,200
340	-44.75	14.25	257	300,200
340	-35.75	5.25	257	300,200
340	-35.25	5.25	257	300,200
340	-34.75	5.75	257	300,200
340	-34.75	6.25	257	300,200
340	-35.25	6.75	257	300,200
340	-35.25	7.75	257	300,200
340	-39.75	12.25	257	300,200
340	-39.75	13.25	257	300,200
340	-40.75	13.25	257	300,200
340	-40.75	13.75	257	300,200
340	-40.25	14.25	257	300,200
340	-39.75	14.25	257	300,200
340	-37.75	12.25	257	300,200
340	-37.75	11.25	257	300,200
340	-36.75	11.25	257	300,200
340	-34.75	9.25	257	300,200
340	-33.75	9.25	257	300,200
340	-32.75	8.25	257	300,200
340	-32.25	8.25	257	300,200
340	-31.75	8.75	257	300,200
340	-31.25	8.75	257	300,200
340	-31.25	7.25	257	300,200
340	-31.75	6.75	257	300,200
340	-31.75	6.25	257	300,200
340	-31.25	5.75	257	300,200
340	-31.25	4.75	257	300,200
340	-30.75	4.25	257	300,200
340	-28.25	4.25	257	300,200
340	-24.75	7.75	257	300,200
340	-24.75	8.25	257	300,200
340	-25.25	8.75	257	300,200
340	-25.25	9.25	257	300,200
340	-24.75	9.25	257	300,200
340	-24.25	8.75	257	300,200
340	-23.75	8.75	257	300,200
340	-23.25	9.25	257	300,200
340	-23.25	11.25	257	300,200
340	-22.75	11.75	257	300,200
340	-22.75	12.25	257	300,200
340	-23.25	12.75	257	300,200
340	-23.25	13.25	257	300,200
340	-22.75	13.25	257	300,200
340	-22.25	12.75	257	300,200
340	-20.75	12.75	257	300,200
340	-20.75	14.25	257	300,200
340	-22.25	15.75	257	300,200
340	-22.25	16.25	257	300,200
340	-21.75	16.25	257	300,200
340	-19.75	14.25	257	300,200
340	-18.25	14.25	257	300,200
340	-17.75	14.75	257	300,200
340	-17.75	15.25	257	300,200
340	-18.75	16.25	257	300,200
340	-18.75	16.75	257	300,200
340	-18.25	16.75	257	300,200
340	-5.25	3.75	257	300,200
340	-5.25	2.75	257	300,200
340	-4.75	2.25	257	300,200
340	-4.75	1.75	257	300,200
340	-5.75	0.75	257	300,200
340	-6.25	0.75	257	300,200
340	-6.75	1.25	257	300,200
340	-7.25	1.25	257	300,200
340	-7.25	0.75	257	300,200
340	-6.25	-0.25	257	300,200
340	-6.25	-0.75	257	300,200
340	-6.75	-1.25	257	300,200
340	-11.25	-1.25	257	300,200
340	-12.75	0.25	257	300,200
340	-13.75	0.25	257	300,200
340	-15.75	2.25	257	300,200
340	-15.75	3.25	257	300,200
340	-16.75	4.25	257	300,200
340	-16.75	5.25	257	300,200
340	-18.75	5.25	257	300,200
340	-18.75	6.25	257	300,200
340	-19.75	6.25	257	300,200
340	-20.25	6.75	257	300,200
340	-20.25	7.75	257	300,200
340	-20.75	8.25	257	300,200
340	-21.25	8.25	257	300,200
340	-21.75	7.75	257	300,200
340	-22.75	7.75	257	300,200
340	-23.75	6.75	257	300,200
340	-23.75	5.75	257	300,200
340	-24.75	4.75	257	300,200
340	-25.75	4.75	257	300,200
340	-26.75	3.75	257	300,200
340	-26.75	2.75	257	300,200
340	-27.75	2.75	257	300,200
340	-27.75	2.25	257	300,200
340	-26.25	0.75	257	300,200
340	-24.25	0.75	257	300,200
340	-24.25	0.25	257	300,200
340	-24.75	-0.25	257	300,200
340	-24.75	-1.25	257	300,200
340	-30.25	-1.25	257	300,200
340	-31.75	0.25	257	300,200
340	-33.75	0.25	257	300,200
340	-34.75	1.25	257	300,200
340	-35.25	1.25	257	300,200
340	-35.25	0.75	257	300,200
340	-34.75	0.25	257	300,200
340	-34.75	-0.25	257	300,200
340	-35.25	-0.25	257	300,200
340	-36.75	1.25	257	300,200
340	-36.75	1.75	257	300,200
340	-35.75	1.75	257	300,200
340	-35.75	2.75	257	300,200
340	-35.25	3.25	257	300,200
340	-34.75	3.25	257	300,200
340	-34.25	2.75	257	300,200
340	-33.25	2.75	257	300,200
340	-31.75	1.25	257	300,200
340	-31.25	1.25	257	300,200
340	-30.25	2.25	257	300,200
340	-30.25	2.75	257	300,200
340	-31.25	2.75	257	300,200
340	-31.25	3.75	257	300,200
340	-32.25	4.75	257	300,200
340	-33.75	4.75	257	300,200
340	-34.25	4.25	257	300,200
340	-36.25	4.25	257	300,200
340	-37.75	2.75	257	300,200
340	-37.75	1.75	257	300,200
340	-38.25	1.75	257	300,200
340	-39.75	3.25	257	300,200
340	-40.25	3.25	257	300,200
340	-40.75	2.75	257	300,200
340	-41.25	2.75	257	300,200
340	-41.75	3.25	257	300,200
340	-41.75	3.75	257	300,200
340	-40.75	3.75	257	300,200
340	-40.75	5.25	257	300,200
340	-41.75	5.25	257	300,200
340	-41.75	6.25	257	300,200
340	-42.75	7.25	257	300,200
340	-43.75	7.25	257	300,200
340	-45.25	8.75	257	300,200
340	-45.25	13.75	257	300,200
340	-31.25	47.75	257	300,150
340	-31.25	48.25	257	300,150
340	-30.75	48.75	257	300,150
340	-26.25	48.75	257	300,150
340	-26.25	48.25	257	300,150
340	-27.75	46.75	257	300,150
340	-28.25	46.75	257	300,150
340	-28.75	47.25	257	300,150
340	-29.25	47.25	257	300,150
340	-29.75	46.75	257	300,150
340	-30.25	46.75	257	300,150
340	-31.25	47.75	257	300,150
351	-33.75	27.25	263	100,0
351	-33.75	27.75	263	100,0
351	-32.75	28.75	263	100,0
351	-32.25	28.75	263	100,0
351	-31.25	27.75	263	100,0
351	-31.25	26.75	263	100,0
351	-30.25	25.75	263	100,0
351	-29.75	25.75	263	100,0
351	-29.25	26.25	263	100,0
351	-28.75	26.25	263	100,0
351	-28.75	23.25	263	100,0
351	-27.75	23.25	263	100,0
351	-27.25	22.75	263	100,0
351	-27.25	21.75	263	100,0
351	-26.25	21.75	263	100,0
351	-25.25	20.75	263	100,0
351	-25.25	19.75	263	100,0
351	-23.25	19.75	263	100,0
351	-22.75	19.25	263	100,0
351	-22.75	18.75	263	100,0
351	-23.75	17.75	263	100,0
351	-24.25	17.75	263	100,0
351	-29.75	23.25	263	100,0
351	-30.25	23.25	263	100,0
351	-31.25	22.25	263	100,0
351	-31.75	22.25	263	100,0
351	-34.25	24.75	263	100,0
351	-34.25	25.25	263	100,0
351	-33.75	25.75	263	100,0
351	-33.25	25.75	263	100,0
351	-33.25	24.75	263	100,0
351	-32.25	23.75	263	100,0
351	-31.75	23.75	263	100,0
351	-31.75	24.25	263	100,0
351	-32.25	24.75	263	100,0
351	-32.25	25.75	263	100,0
351	-33.75	27.25	263	100,0
189	-44.75	10.25	18	250,150
189	-44.75	10.75	18	250,150
189	-44.25	11.25	18	250,150
189	-43.75	11.25	18	250,150
189	-43.75	9.25	18	250,150
189	-43.25	8.75	18	250,150
189	-43.25	7.75	18	250,150
189	-42.25	7.75	18	250,150
189	-41.75	7.25	18	250,150
189	-40.75	7.25	18	250,150
189	-40.25	6.75	18	250,150
189	-40.25	5.75	18	250,150
189	-39.75	5.25	18	250,150
189	-38.75	5.25	18	250,150
189	-38.75	4.25	18	250,150
189	-37.75	4.25	18	250,150
189	-37.75	3.75	18	250,150
189	-39.25	2.25	18	250,150
189	-40.75	2.25	18	250,150
189	-41.75	3.25	18	250,150
189	-42.25	3.25	18	250,150
189	-42.25	1.75	18	250,150
189	-40.75	0.25	18	250,150
189	-39.75	0.25	18	250,150
189	-39.75	-0.25	18	250,150
189	-40.25	-0.75	18	250,150
189	-42.75	-0.75	18	250,150
189	-44.25	0.75	18	250,150
189	-44.25	1.75	18	250,150
189	-44.75	2.25	18	250,150
189	-44.75	10.25	18	250,150
189	4.75	47.75	18	200,100
189	4.75	48.25	18	200,100
189	5.25	48.25	18	200,100
189	5.25	47.75	18	200,100
189	4.75	47.75	18	200,100
227	-8.75	1.25	203	50,0
227	-8.75	1.75	203	50,0
227	-7.25	3.25	203	50,0
227	-6.75	3.25	203	50,0
227	-6.25	2.75	203	50,0
227	-5.25	2.75	203	50,0
227	-4.75	2.25	203	50,0
227	-3.25	2.25	203	50,0
227	-2.25	3.25	203	50,0
227	-1.75	3.25	203	50,0
227	-1.25	2.75	203	50,0
227	-0.75	2.75	203	50,0
227	0.25	3.75	203	50,0
227	0.75	3.75	203	50,0
227	2.75	1.75	203	50,0
227	3.25	1.75	203	50,0
227	4.25	2.75	203	50,0
227	4.75	2.75	203	50,0
227	4.75	1.25	203	50,0
227	4.25	0.75	203	50,0
227	-3.25	0.75	203	50,0
227	-3.75	1.25	203	50,0
227	-5.25	1.25	203	50,0
227	-5.75	0.75	203	50,0
227	-6.25	0.75	203	50,0
227	-6.75	1.25	203	50,0
227	-7.25	1.25	203	50,0
227	-7.75	0.75	203	50,0
227	-8.25	0.75	203	50,0
227	-8.75	1.25	203	50,0
227	-45.25	1.75	203	100,0
227	-45.25	2.25	203	100,0
227	-44.75	2.75	203	100,0
227	-44.25	2.75	203	100,0
227	-43.25	1.75	203	100,0
227	-42.25	1.75	203	100,0
227	-41.75	1.25	203	100,0
227	-41.75	0.75	203	100,0
227	-45.25	0.75	203	100,0
227	-45.25	1.75	203	100,0
409	3.25	13.25	302	100,50
409	3.25	13.75	302	100,50
409	3.75	13.75	302	100,50
409	5.25	12.25	302	100,50
409	5.25	9.75	302	100,50
409	4.75	9.25	302	100,50
409	4.75	8.75	302	100,50
409	5.25	8.25	302	100,50
409	5.25	3.75	302	100,50
409	3.75	3.75	302	100,50
409	3.75	4.75	302	100,50
409	2.75	4.75	302	100,50
409	2.75	5.75	302	100,50
409	1.25	7.25	302	100,50
409	0.25	7.25	302	100,50
409	-0.25	7.75	302	100,50
409	-0.25	8.25	302	100,50
409	3.25	11.75	302	100,50
409	3.25	13.25	302	100,50
409	-44.75	12.25	302	150,50
409	-44.75	12.75	302	150,50
409	-44.25	12.75	302	150,50
409	-43.75	12.25	302	150,50
409	-43.75	10.75	302	150,50
409	-44.25	10.25	302	150,50
409	-44.25	9.75	302	150,50
409	-43.75	9.75	302	150,50
409	-43.25	10.25	302	150,50
409	-42.75	10.25	302	150,50
409	-42.25	9.75	302	150,50
409	-42.25	9.25	302	150,50
409	-43.25	8.25	302	150,50
409	-43.75	8.25	302	150,50
409	-44.75	9.25	302	150,50
409	-44.75	12.25	302	150,50
341	-24.25	-0.75	257	300,200
341	-24.25	-1.25	257	300,200
341	-23.75	-1.25	257	300,200
341	-23.75	-0.75	257	300,200
341	-24.25	-0.75	257	300,200
341	-26.25	46.75	257	300,150
341	-26.25	47.25	257	300,150
341	-25.75	47.75	257	300,150
341	-24.75	47.75	257	300,150
341	-24.75	48.75	257	300,150
341	-24.25	48.75	257	300,150
341	-17.75	42.25	257	300,150
341	-16.75	42.25	257	300,150
341	-15.75	41.25	257	300,150
341	-15.25	41.25	257	300,150
341	-10.25	46.25	257	300,150
341	-10.25	46.75	257	300,150
341	-11.75	48.25	257	300,150
341	-11.75	48.75	257	300,150
341	-8.25	48.75	257	300,150
341	-8.25	46.75	257	300,150
341	-7.75	46.25	257	300,150
341	-7.75	45.75	257	300,150
341	-8.25	45.75	257	300,150
341	-8.75	46.25	257	300,150
341	-9.25	46.25	257	300,150
341	-9.25	45.25	257	300,150
341	-12.75	41.75	257	300,150
341	-12.75	39.75	257	300,150
341	-15.25	39.75	257	300,150
341	-15.75	40.25	257	300,150
341	-17.75	40.25	257	300,150
341	-19.25	41.75	257	300,150
341	-20.25	41.75	257	300,150
341	-21.75	43.25	257	300,150
341	-22.25	43.25	257	300,150
341	-22.25	41.75	257	300,150
341	-19.25	38.75	257	300,150
341	-19.25	37.25	257	300,150
341	-20.75	37.25	257	300,150
341	-21.25	37.75	257	300,150
341	-21.75	37.75	257	300,150
341	-21.75	37.25	257	300,150
341	-21.25	36.75	257	300,150
341	-21.25	36.25	257	300,150
341	-21.75	36.25	257	300,150
341	-22.25	36.75	257	300,150
341	-24.25	36.75	257	300,150
341	-24.75	37.25	257	300,150
341	-24.75	38.25	257	300,150
341	-25.25	38.75	257	300,150
341	-25.25	39.25	257	300,150
341	-24.25	39.25	257	300,150
341	-23.75	39.75	257	300,150
341	-23.75	41.25	257	300,150
341	-25.75	43.25	257	300,150
341	-26.75	43.25	257	300,150
341	-27.25	43.75	257	300,150
341	-27.25	44.25	257	300,150
341	-26.25	45.25	257	300,150
341	-25.75	45.25	257	300,150
341	-23.75	43.25	257	300,150
341	-23.25	43.25	257	300,150
341	-22.25	44.25	257	300,150
341	-22.25	44.75	257	300,150
341	-24.25	46.75	257	300,150
341	-26.25	46.75	257	300,150
378	-32.75	25.25	281	150,50
378	-32.75	25.75	281	150,50
378	-32.25	25.75	281	150,50
378	-30.75	24.25	281	150,50
378	-29.75	24.25	281	150,50
378	-29.75	23.25	281	150,50
378	-27.75	21.25	281	150,50
378	-27.75	20.25	281	150,50
378	-27.25	20.25	281	150,50
378	-26.75	20.75	281	150,50
378	-25.75	20.75	281	150,50
378	-25.75	21.25	281	150,50
378	-27.25	22.75	281	150,50
378	-27.25	23.75	281	150,50
378	-27.75	23.75	281	150,50
378	-28.25	23.25	281	150,50
378	-28.75	23.25	281	150,50
378	-28.75	24.25	281	150,50
378	-29.75	25.25	281	150,50
378	-30.75	25.25	281	150,50
378	-30.75	25.75	281	150,50
378	-30.25	26.25	281	150,50
378	-30.25	26.75	281	150,50
378	-30.75	26.75	281	150,50
378	-31.25	26.25	281	150,50
378	-31.75	26.25	281	150,50
378	-31.75	26.75	281	150,50
378	-30.25	28.25	281	150,50
378	-27.75	28.25	281	150,50
378	-27.75	27.75	281	150,50
378	-28.25	27.25	281	150,50
378	-28.25	26.75	281	150,50
378	-27.25	26.75	281	150,50
378	-24.75	24.25	281	150,50
378	-24.75	23.25	281	150,50
378	-23.75	23.25	281	150,50
378	-20.75	20.25	281	150,50
378	-20.75	19.75	281	150,50
378	-23.25	19.75	281	150,50
378	-23.75	20.25	281	150,50
378	-24.25	20.25	281	150,50
378	-24.25	19.25	281	150,50
378	-25.25	19.25	281	150,50
378	-25.25	18.25	281	150,50
378	-25.75	17.75	281	150,50
378	-26.25	17.75	281	150,50
378	-27.75	19.25	281	150,50
378	-28.75	19.25	281	150,50
378	-32.75	23.25	281	150,50
378	-32.75	25.25	281	150,50
416	-10.75	47.25	308	150,50
416	-10.75	47.75	308	150,50
416	-10.25	48.25	308	150,50
416	-8.75	48.25	308	150,50
416	-7.25	46.75	308	150,50
416	-7.25	45.75	308	150,50
416	-6.25	45.75	308	150,50
416	-5.75	45.25	308	150,50
416	-5.75	43.25	308	150,50
416	-4.75	43.25	308	150,50
416	-4.25	42.75	308	150,50
416	-3.25	42.75	308	150,50
416	-2.75	42.25	308	150,50
416	-2.75	41.25	308	150,50
416	-1.75	40.25	308	150,50
416	-1.75	39.75	308	150,50
416	-2.25	39.25	308	150,50
416	-2.75	39.25	308	150,50
416	-10.75	47.25	308	150,50
410	-44.75	7.25	302	150,50
410	-44.75	7.75	302	150,50
410	-44.25	7.75	302	150,50
410	-44.25	5.75	302	150,50
410	-43.75	5.75	302	150,50
410	-43.25	6.25	302	150,50
410	-42.75	6.25	302	150,50
410	-39.75	3.25	302	150,50
410	-39.75	1.75	302	150,50
410	-40.75	0.75	302	150,50
410	-43.25	0.75	302	150,50
410	-43.75	1.25	302	150,50
410	-43.75	2.25	302	150,50
410	-44.75	3.25	302	150,50
410	-44.75	7.25	302	150,50
202	-1.25	49.25	19	200,100
202	-1.25	48.75	19	200,100
202	-0.25	47.75	19	200,100
202	-0.25	46.25	19	200,100
202	-0.75	45.75	19	200,100
202	-0.75	45.25	19	200,100
202	1.75	45.25	19	200,100
202	1.75	45.75	19	200,100
202	0.75	46.75	19	200,100
202	0.75	47.25	19	200,100
202	1.25	47.25	19	200,100
202	1.75	46.75	19	200,100
202	2.25	46.75	19	200,100
202	3.25	47.75	19	200,100
202	3.75	47.75	19	200,100
202	4.75	46.75	19	200,100
202	5.25	46.75	19	200,100
202	5.25	47.25	19	200,100
202	4.75	47.75	19	200,100
202	4.75	48.25	19	200,100
202	5.25	48.75	19	200,100
202	5.25	49.25	19	200,100
202	-1.25	49.25	19	200,100
394	-27.75	25.25	294	100,0
394	-27.75	25.75	294	100,0
394	-26.25	27.25	294	100,0
394	-25.75	27.25	294	100,0
394	-20.25	21.75	294	100,0
394	-20.25	21.25	294	100,0
394	-21.25	20.25	294	100,0
394	-21.75	20.25	294	100,0
394	-22.25	20.75	294	100,0
394	-24.25	20.75	294	100,0
394	-25.25	21.75	294	100,0
394	-25.25	22.75	294	100,0
394	-26.25	22.75	294	100,0
394	-26.75	23.25	294	100,0
394	-26.75	23.75	294	100,0
394	-26.25	24.25	294	100,0
394	-26.25	24.75	294	100,0
394	-26.75	24.75	294	100,0
394	-27.25	24.25	294	100,0
394	-27.75	24.25	294	100,0
394	-27.75	25.25	294	100,0
69	1.25	4.25	13	100,50
69	1.25	4.75	13	100,50
69	1.75	4.75	13	100,50
69	3.75	2.75	13	100,50
69	4.75	2.75	13	100,50
69	4.75	1.75	13	100,50
69	5.25	1.25	13	100,50
69	5.25	0.75	13	100,50
69	4.75	0.75	13	100,50
69	1.25	4.25	13	100,50
69	-39.75	8.25	13	150,50
69	-39.75	8.75	13	150,50
69	-39.25	8.75	13	150,50
69	-38.75	8.25	13	150,50
69	-38.25	8.25	13	150,50
69	-37.75	8.75	13	150,50
69	-37.25	8.75	13	150,50
69	-36.75	8.25	13	150,50
69	-35.75	8.25	13	150,50
69	-35.75	7.25	13	150,50
69	-35.25	6.75	13	150,50
69	-34.75	6.75	13	150,50
69	-34.25	7.25	13	150,50
69	-34.25	7.75	13	150,50
69	-34.75	8.25	13	150,50
69	-34.75	8.75	13	150,50
69	-33.75	8.75	13	150,50
69	-33.25	9.25	13	150,50
69	-32.25	9.25	13	150,50
69	-32.25	9.75	13	150,50
69	-33.25	10.75	13	150,50
69	-33.25	11.75	13	150,50
69	-33.75	12.25	13	150,50
69	-33.75	12.75	13	150,50
69	-33.25	13.25	13	150,50
69	-32.75	13.25	13	150,50
69	-30.25	10.75	13	150,50
69	-29.75	10.75	13	150,50
69	-29.75	12.75	13	150,50
69	-29.25	12.75	13	150,50
69	-28.75	12.25	13	150,50
69	-27.25	12.25	13	150,50
69	-27.25	13.25	13	150,50
69	-26.75	13.75	13	150,50
69	-26.25	13.75	13	150,50
69	-25.75	13.25	13	150,50
69	-25.75	12.75	13	150,50
69	-26.25	12.25	13	150,50
69	-26.25	11.75	13	150,50
69	-24.75	10.25	13	150,50
69	-24.75	9.75	13	150,50
69	-25.25	9.75	13	150,50
69	-25.75	10.25	13	150,50
69	-26.25	10.25	13	150,50
69	-26.25	9.75	13	150,50
69	-24.75	8.25	13	150,50
69	-24.75	7.75	13	150,50
69	-25.75	6.75	13	150,50
69	-26.25	6.75	13	150,50
69	-26.75	7.25	13	150,50
69	-27.25	7.25	13	150,50
69	-27.75	6.75	13	150,50
69	-27.75	4.75	13	150,50
69	-30.25	2.25	13	150,50
69	-31.25	2.25	13	150,50
69	-31.75	1.75	13	150,50
69	-33.25	1.75	13	150,50
69	-34.25	2.75	13	150,50
69	-35.75	2.75	13	150,50
69	-36.75	1.75	13	150,50
69	-36.75	0.75	13	150,50
69	-37.75	0.75	13	150,50
69	-39.25	-0.75	13	150,50
69	-40.75	-0.75	13	150,50
69	-40.75	-0.25	13	150,50
69	-37.75	2.75	13	150,50
69	-36.75	2.75	13	150,50
69	-36.25	3.25	13	150,50
69	-36.25	3.75	13	150,50
69	-37.25	4.75	13	150,50
69	-37.25	5.75	13	150,50
69	-38.75	7.25	13	150,50
69	-39.75	7.25	13	150,50
69	-39.75	8.25	13	150,50
69	-1.25	41.75	13	100,0
69	-1.25	42.25	13	100,0
69	-0.75	42.25	13	100,0
69	-0.25	41.75	13	100,0
69	0.25	41.75	13	100,0
69	1.25	42.75	13	100,0
69	2.25	42.75	13	100,0
69	3.25	43.75	13	100,0
69	3.25	44.75	13	100,0
69	4.75	46.25	13	100,0
69	5.25	46.25	13	100,0
69	5.25	39.75	13	100,0
69	3.75	38.25	13	100,0
69	3.25	38.25	13	100,0
69	1.75	39.75	13	100,0
69	1.75	40.75	13	100,0
69	1.25	41.25	13	100,0
69	0.75	41.25	13	100,0
69	0.75	40.25	13	100,0
69	-0.25	40.25	13	100,0
69	-1.25	39.25	13	100,0
69	-1.75	39.25	13	100,0
69	-1.75	39.75	13	100,0
69	-0.75	40.75	13	100,0
69	-0.75	41.25	13	100,0
69	-1.25	41.75	13	100,0
69	-43.25	48.75	13	150,0
69	-43.25	49.25	13	150,0
69	-39.75	49.25	13	150,0
69	-39.75	48.75	13	150,0
69	-40.25	48.25	13	150,0
69	-40.25	47.75	13	150,0
69	-39.75	47.25	13	150,0
69	-39.75	46.75	13	150,0
69	-40.25	46.75	13	150,0
69	-40.75	47.25	13	150,0
69	-41.25	47.25	13	150,0
69	-41.25	46.75	13	150,0
69	-38.75	44.25	13	150,0
69	-38.75	43.75	13	150,0
69	-43.25	39.25	13	150,0
69	-43.75	39.25	13	150,0
69	-44.75	40.25	13	150,0
69	-44.75	46.75	13	150,0
69	-44.25	47.25	13	150,0
69	-43.25	47.25	13	150,0
69	-43.25	48.75	13	150,0
182	-24.25	28.75	174	200,100
182	-24.25	29.25	174	200,100
182	-23.75	29.75	174	200,100
182	-22.25	29.75	174	200,100
182	-17.25	24.75	174	200,100
182	-17.25	24.25	174	200,100
182	-18.25	23.25	174	200,100
182	-18.75	23.25	174	200,100
182	-24.25	28.75	174	200,100
384	-16.75	36.25	286	250,150
384	-16.75	36.75	286	250,150
384	-16.25	37.25	286	250,150
384	-14.75	37.25	286	250,150
384	-13.75	36.25	286	250,150
384	-12.75	36.25	286	250,150
384	-12.75	35.25	286	250,150
384	-9.75	32.25	286	250,150
384	-9.75	31.75	286	250,150
384	-11.25	31.75	286	250,150
384	-11.75	32.25	286	250,150
384	-12.25	32.25	286	250,150
384	-12.75	31.75	286	250,150
384	-12.75	31.25	286	250,150
384	-12.25	30.75	286	250,150
384	-11.25	30.75	286	250,150
384	-11.25	30.25	286	250,150
384	-11.75	29.75	286	250,150
384	-12.25	29.75	286	250,150
384	-16.75	34.25	286	250,150
384	-16.75	34.75	286	250,150
384	-15.75	34.75	286	250,150
384	-14.75	35.75	286	250,150
384	-14.75	36.25	286	250,150
384	-16.75	36.25	286	250,150
314	-2.25	0.75	239	250,200
314	-2.25	1.25	239	250,200
314	-1.75	1.25	239	250,200
314	0.25	-0.75	239	250,200
314	0.25	-1.25	239	250,200
314	-0.25	-1.25	239	250,200
314	-2.25	0.75	239	250,200
314	0.25	48.25	239	250,150
314	0.25	48.75	239	250,150
314	0.75	48.75	239	250,150
314	3.75	45.75	239	250,150
314	4.25	45.75	239	250,150
314	4.25	46.25	239	250,150
314	3.75	46.75	239	250,150
314	3.75	47.25	239	250,150
314	4.25	47.25	239	250,150
314	4.75	46.75	239	250,150
314	4.75	41.25	239	250,150
314	4.25	40.75	239	250,150
314	4.25	39.75	239	250,150
314	2.75	39.75	239	250,150
314	2.25	40.25	239	250,150
314	2.25	43.25	239	250,150
314	-0.25	45.75	239	250,150
314	-0.25	46.25	239	250,150
314	0.25	46.25	239	250,150
314	2.25	44.25	239	250,150
314	3.75	44.25	239	250,150
314	3.75	44.75	239	250,150
314	3.25	45.25	239	250,150
314	2.25	45.25	239	250,150
314	1.25	46.25	239	250,150
314	1.25	47.25	239	250,150
314	0.25	48.25	239	250,150
314	-45.25	45.75	239	300,150
314	-45.25	46.25	239	300,150
314	-44.25	46.25	239	300,150
314	-43.25	47.25	239	300,150
314	-42.75	47.25	239	300,150
314	-42.25	46.75	239	300,150
314	-42.25	46.25	239	300,150
314	-42.75	45.75	239	300,150
314	-42.75	44.25	239	300,150
314	-41.25	42.75	239	300,150
314	-41.25	40.75	239	300,150
314	-40.75	40.25	239	300,150
314	-40.75	39.25	239	300,150
314	-39.75	38.25	239	300,150
314	-39.75	37.25	239	300,150
314	-39.25	37.25	239	300,150
314	-38.75	37.75	239	300,150
314	-38.25	37.75	239	300,150
314	-37.75	37.25	239	300,150
314	-36.75	37.25	239	300,150
314	-36.75	36.25	239	300,150
314	-34.75	36.25	239	300,150
314	-32.75	34.25	239	300,150
314	-31.75	34.25	239	300,150
314	-31.75	33.25	239	300,150
314	-28.25	29.75	239	300,150
314	-28.25	28.25	239	300,150
314	-28.75	28.25	239	300,150
314	-29.25	28.75	239	300,150
314	-29.75	28.75	239	300,150
314	-30.25	28.25	239	300,150
314	-30.25	27.75	239	300,150
314	-29.75	27.25	239	300,150
314	-29.75	26.75	239	300,150
314	-30.25	26.75	239	300,150
314	-30.75	27.25	239	300,150
314	-31.25	27.25	239	300,150
314	-31.25	26.75	239	300,150
314	-30.75	26.25	239	300,150
314	-30.75	25.75	239	300,150
314	-31.75	24.75	239	300,150
314	-31.75	23.75	239	300,150
314	-32.25	23.25	239	300,150
314	-32.25	22.75	239	300,150
314	-31.75	22.25	239	300,150
314	-31.75	21.75	239	300,150
314	-36.25	17.25	239	300,150
314	-36.75	17.25	239	300,150
314	-37.75	18.25	239	300,150
314	-37.75	19.75	239	300,150
314	-36.75	19.75	239	300,150
314	-33.25	23.25	239	300,150
314	-33.25	23.75	239	300,150
314	-33.75	24.25	239	300,150
314	-33.75	24.75	239	300,150
314	-33.25	25.25	239	300,150
314	-32.25	25.25	239	300,150
314	-32.25	27.75	239	300,150
314	-33.25	27.75	239	300,150
314	-33.25	28.75	239	300,150
314	-33.75	29.25	239	300,150
314	-34.25	29.25	239	300,150
314	-34.75	28.75	239	300,150
314	-36.25	28.75	239	300,150
314	-37.25	29.75	239	300,150
314	-37.25	30.75	239	300,150
314	-38.25	31.75	239	300,150
314	-38.25	32.25	239	300,150
314	-37.75	32.25	239	300,150
314	-37.25	31.75	239	300,150
314	-36.75	31.75	239	300,150
314	-36.75	32.25	239	300,150
314	-37.25	32.75	239	300,150
314	-37.25	33.25	239	300,150
314	-36.75	33.25	239	300,150
314	-35.75	32.25	239	300,150
314	-35.25	32.25	239	300,150
314	-35.25	32.75	239	300,150
314	-35.75	33.25	239	300,150
314	-35.75	34.25	239	300,150
314	-37.25	34.25	239	300,150
314	-37.75	33.75	239	300,150
314	-38.25	33.75	239	300,150
314	-38.25	34.75	239	300,150
314	-39.25	34.75	239	300,150
314	-39.75	35.25	239	300,150
314	-39.75	36.25	239	300,150
314	-40.75	36.25	239	300,150
314	-41.75	37.25	239	300,150
314	-42.25	37.25	239	300,150
314	-42.25	36.25	239	300,150
314	-43.25	36.25	239	300,150
314	-43.75	35.75	239	300,150
314	-43.75	35.25	239	300,150
314	-42.75	35.25	239	300,150
314	-42.75	33.75	239	300,150
314	-43.25	33.75	239	300,150
314	-44.75	35.25	239	300,150
314	-44.75	36.25	239	300,150
314	-45.25	36.75	239	300,150
314	-45.25	38.25	239	300,150
314	-44.75	38.75	239	300,150
314	-43.75	38.75	239	300,150
314	-43.75	39.25	239	300,150
314	-45.25	40.75	239	300,150
314	-45.25	45.75	239	300,150
504	-15.25	32.75	57	100,0
504	-15.25	33.25	57	100,0
504	-14.25	34.25	57	100,0
504	-13.75	34.25	57	100,0
504	-13.25	33.75	57	100,0
504	-13.25	32.75	57	100,0
504	-11.25	30.75	57	100,0
504	-9.75	30.75	57	100,0
504	-9.75	31.75	57	100,0
504	-8.25	33.25	57	100,0
504	-7.25	33.25	57	100,0
504	-7.25	34.25	57	100,0
504	-6.25	35.25	57	100,0
504	-5.75	35.25	57	100,0
504	-4.75	34.25	57	100,0
504	-4.75	33.75	57	100,0
504	-5.75	32.75	57	100,0
504	-5.75	31.25	57	100,0
504	-4.75	30.25	57	100,0
504	-3.25	30.25	57	100,0
504	-3.25	31.25	57	100,0
504	-2.25	31.25	57	100,0
504	-2.25	32.25	57	100,0
504	-1.75	32.75	57	100,0
504	-1.25	32.75	57	100,0
504	-0.75	32.25	57	100,0
504	-0.25	32.25	57	100,0
504	-0.25	33.25	57	100,0
504	1.75	35.25	57	100,0
504	2.75	35.25	57	100,0
504	3.75	36.25	57	100,0
504	3.75	37.25	57	100,0
504	5.25	37.25	57	100,0
504	5.25	34.75	57	100,0
504	3.25	32.75	57	100,0
504	3.25	32.25	57	100,0
504	3.75	31.75	57	100,0
504	3.75	31.25	57	100,0
504	1.75	31.25	57	100,0
504	1.25	30.75	57	100,0
504	1.25	30.25	57	100,0
504	1.75	29.75	57	100,0
504	1.75	27.75	57	100,0
504	2.25	27.25	57	100,0
504	2.75	27.25	57	100,0
504	3.25	27.75	57	100,0
504	3.75	27.75	57	100,0
504	4.75	26.75	57	100,0
504	4.75	25.25	57	100,0
504	3.75	25.25	57	100,0
504	3.75	24.25	57	100,0
504	2.75	24.25	57	100,0
504	2.25	23.75	57	100,0
504	2.25	22.25	57	100,0
504	3.25	22.25	57	100,0
504	4.25	21.25	57	100,0
504	5.25	21.25	57	100,0
504	5.25	13.75	57	100,0
504	4.75	13.25	57	100,0
504	4.75	12.75	57	100,0
504	5.25	12.25	57	100,0
504	5.25	11.75	57	100,0
504	2.75	9.25	57	100,0
504	1.25	9.25	57	100,0
504	-3.75	14.25	57	100,0
504	-4.75	14.25	57	100,0
504	-4.75	16.75	57	100,0
504	-2.25	19.25	57	100,0
504	-2.25	19.75	57	100,0
504	-2.75	20.25	57	100,0
504	-3.25	20.25	57	100,0
504	-5.75	17.75	57	100,0
504	-6.25	17.75	57	100,0
504	-6.25	18.25	57	100,0
504	-3.75	20.75	57	100,0
504	-3.75	21.25	57	100,0
504	-4.25	21.75	57	100,0
504	-4.75	21.75	57	100,0
504	-7.25	19.25	57	100,0
504	-7.75	19.25	57	100,0
504	-8.75	20.25	57	100,0
504	-8.75	20.75	57	100,0
504	-6.25	23.25	57	100,0
504	-6.25	23.75	57	100,0
504	-7.25	24.75	57	100,0
504	-7.75	24.75	57	100,0
504	-10.25	22.25	57	100,0
504	-10.75	22.25	57	100,0
504	-13.25	24.75	57	100,0
504	-13.25	25.25	57	100,0
504	-10.75	27.75	57	100,0
504	-10.75	28.25	57	100,0
504	-11.25	28.75	57	100,0
504	-12.25	28.75	57	100,0
504	-12.25	29.75	57	100,0
504	-15.25	32.75	57	100,0
504	-38.75	44.25	57	150,0
504	-38.75	44.75	57	150,0
504	-38.25	44.75	57	150,0
504	-37.75	44.25	57	150,0
504	-37.75	41.75	57	150,0
504	-38.75	41.75	57	150,0
504	-38.75	40.75	57	150,0
504	-41.75	37.75	57	150,0
504	-41.75	36.75	57	150,0
504	-42.75	36.75	57	150,0
504	-43.25	36.25	57	150,0
504	-43.25	34.75	57	150,0
504	-42.75	34.25	57	150,0
504	-42.75	33.75	57	150,0
504	-43.25	33.75	57	150,0
504	-44.75	35.25	57	150,0
504	-44.75	37.75	57	150,0
504	-38.75	43.75	57	150,0
504	-38.75	44.25	57	150,0
70	-44.75	0.25	13	150,50
70	-44.75	0.75	13	150,50
70	-44.25	0.75	13	150,50
70	-43.25	-0.25	13	150,50
70	-43.25	-0.75	13	150,50
70	-43.75	-0.75	13	150,50
70	-44.75	0.25	13	150,50
453	-13.75	32.25	338	150,50
453	-13.75	32.75	338	150,50
453	-13.25	32.75	338	150,50
453	-12.75	32.25	338	150,50
453	-11.75	32.25	338	150,50
453	-11.25	31.75	338	150,50
453	-9.75	31.75	338	150,50
453	-9.25	32.25	338	150,50
453	-9.25	33.25	338	150,50
453	-7.75	33.25	338	150,50
453	-6.25	31.75	338	150,50
453	-5.25	31.75	338	150,50
453	-5.25	31.25	338	150,50
453	-5.75	30.75	338	150,50
453	-6.75	30.75	338	150,50
453	-7.75	29.75	338	150,50
453	-7.75	29.25	338	150,50
453	-5.75	27.25	338	150,50
453	-5.25	27.25	338	150,50
453	-5.25	28.25	338	150,50
453	-3.75	29.75	338	150,50
453	-3.25	29.75	338	150,50
453	-3.25	28.75	338	150,50
453	-2.75	28.25	338	150,50
453	-2.25	28.25	338	150,50
453	-1.25	29.25	338	150,50
453	-1.25	29.75	338	150,50
453	-1.75	30.25	338	150,50
453	-1.75	30.75	338	150,50
453	-1.25	30.75	338	150,50
453	-0.75	30.25	338	150,50
453	-0.25	30.25	338	150,50
453	-0.25	30.75	338	150,50
453	-0.75	31.25	338	150,50
453	-0.75	31.75	338	150,50
453	-0.25	32.25	338	150,50
453	0.25	32.25	338	150,50
453	0.75	31.75	338	150,50
453	2.25	31.75	338	150,50
453	3.25	32.75	338	150,50
453	3.75	32.75	338	150,50
453	3.75	32.25	338	150,50
453	2.25	30.75	338	150,50
453	1.25	30.75	338	150,50
453	0.75	30.25	338	150,50
453	0.75	29.75	338	150,50
453	1.75	28.75	338	150,50
453	2.25	28.75	338	150,50
453	2.75	29.25	338	150,50
453	3.25	29.25	338	150,50
453	3.75	28.75	338	150,50
453	3.75	28.25	338	150,50
453	3.25	27.75	338	150,50
453	3.25	26.25	338	150,50
453	3.75	25.75	338	150,50
453	3.75	23.75	338	150,50
453	4.75	23.75	338	150,50
453	4.75	17.25	338	150,50
453	4.25	17.25	338	150,50
453	3.25	18.25	338	150,50
453	3.25	18.75	338	150,50
453	3.75	19.25	338	150,50
453	3.75	19.75	338	150,50
453	3.25	19.75	338	150,50
453	2.75	19.25	338	150,50
453	2.25	19.25	338	150,50
453	1.75	19.75	338	150,50
453	0.75	19.75	338	150,50
453	-0.25	20.75	338	150,50
453	-0.75	20.75	338	150,50
453	-1.75	19.75	338	150,50
453	-2.25	19.75	338	150,50
453	-2.25	20.75	338	150,50
453	-3.25	20.75	338	150,50
453	-3.25	21.25	338	150,50
453	-2.25	22.25	338	150,50
453	-2.25	22.75	338	150,50
453	-2.75	23.25	338	150,50
453	-3.25	23.25	338	150,50
453	-4.25	22.25	338	150,50
453	-4.75	22.25	338	150,50
453	-6.25	23.75	338	150,50
453	-6.25	24.25	338	150,50
453	-5.25	25.25	338	150,50
453	-5.25	25.75	338	150,50
453	-5.75	26.25	338	150,50
453	-6.25	26.25	338	150,50
453	-7.25	25.25	338	150,50
453	-7.75	25.25	338	150,50
453	-10.25	27.75	338	150,50
453	-10.25	28.25	338	150,50
453	-9.25	29.25	338	150,50
453	-9.25	29.75	338	150,50
453	-9.75	30.25	338	150,50
453	-10.25	30.25	338	150,50
453	-10.75	29.75	338	150,50
453	-11.25	29.75	338	150,50
453	-13.75	32.25	338	150,50
453	-45.25	22.75	338	200,50
453	-45.25	23.25	338	200,50
453	-44.75	23.75	338	200,50
453	-43.75	23.75	338	200,50
453	-43.25	24.25	338	200,50
453	-42.25	24.25	338	200,50
453	-41.75	24.75	338	200,50
453	-41.75	25.25	338	200,50
453	-42.75	25.25	338	200,50
453	-42.75	25.75	338	200,50
453	-42.25	26.25	338	200,50
453	-41.75	26.25	338	200,50
453	-40.75	25.25	338	200,50
453	-40.75	23.75	338	200,50
453	-41.75	23.75	338	200,50
453	-42.25	23.25	338	200,50
453	-42.25	22.75	338	200,50
453	-41.75	22.25	338	200,50
453	-41.75	21.25	338	200,50
453	-41.25	20.75	338	200,50
453	-40.25	20.75	338	200,50
453	-38.25	18.75	338	200,50
453	-37.75	18.75	338	200,50
453	-37.25	19.25	338	200,50
453	-37.25	19.75	338	200,50
453	-38.25	20.75	338	200,50
453	-38.25	22.25	338	200,50
453	-35.75	22.25	338	200,50
453	-35.25	21.75	338	200,50
453	-34.75	21.75	338	200,50
453	-33.75	22.75	338	200,50
453	-33.75	23.25	338	200,50
453	-34.25	23.75	338	200,50
453	-34.25	24.25	338	200,50
453	-33.75	24.25	338	200,50
453	-32.25	22.75	338	200,50
453	-32.25	22.25	338	200,50
453	-32.75	21.75	338	200,50
453	-32.75	20.75	338	200,50
453	-33.25	20.25	338	200,50
453	-33.75	20.25	338	200,50
453	-34.25	20.75	338	200,50
453	-34.75	20.75	338	200,50
453	-37.75	17.75	338	200,50
453	-37.75	16.25	338	200,50
453	-36.75	15.25	338	200,50
453	-36.25	15.25	338	200,50
453	-35.75	15.75	338	200,50
453	-35.25	15.75	338	200,50
453	-34.75	15.25	338	200,50
453	-34.75	14.75	338	200,50
453	-35.25	14.25	338	200,50
453	-35.25	13.25	338	200,50
453	-36.25	12.25	338	200,50
453	-36.75	12.25	338	200,50
453	-39.25	14.75	338	200,50
453	-39.25	15.75	338	200,50
453	-41.25	17.75	338	200,50
453	-41.75	17.75	338	200,50
453	-41.75	17.25	338	200,50
453	-41.25	16.75	338	200,50
453	-41.25	16.25	338	200,50
453	-42.75	14.75	338	200,50
453	-43.25	14.75	338	200,50
453	-43.75	15.25	338	200,50
453	-43.75	16.25	338	200,50
453	-44.75	16.25	338	200,50
453	-45.25	16.75	338	200,50
453	-45.25	22.75	338	200,50
319	-30.75	14.25	242	150,50
319	-30.75	14.75	242	150,50
319	-30.25	14.75	242	150,50
319	-28.75	13.25	242	150,50
319	-28.25	13.25	242	150,50
319	-28.25	13.75	242	150,50
319	-28.75	14.25	242	150,50
319	-28.75	15.75	242	150,50
319	-28.25	16.25	242	150,50
319	-27.25	16.25	242	150,50
319	-26.75	16.75	242	150,50
319	-26.25	16.75	242	150,50
319	-25.25	15.75	242	150,50
319	-25.25	14.75	242	150,50
319	-24.75	14.25	242	150,50
319	-23.75	14.25	242	150,50
319	-21.75	12.25	242	150,50
319	-20.25	12.25	242	150,50
319	-19.75	12.75	242	150,50
319	-19.25	12.75	242	150,50
319	-18.75	12.25	242	150,50
319	-18.75	11.75	242	150,50
319	-19.25	11.25	242	150,50
319	-19.25	9.75	242	150,50
319	-18.25	8.75	242	150,50
319	-18.25	7.75	242	150,50
319	-17.75	7.25	242	150,50
319	-16.75	7.25	242	150,50
319	-10.25	0.75	242	150,50
319	-10.25	0.25	242	150,50
319	-11.25	-0.75	242	150,50
319	-13.75	-0.75	242	150,50
319	-14.25	-0.25	242	150,50
319	-14.75	-0.25	242	150,50
319	-15.25	-0.75	242	150,50
319	-15.75	-0.75	242	150,50
319	-17.75	1.25	242	150,50
319	-17.75	1.75	242	150,50
319	-17.25	1.75	242	150,50
319	-16.25	0.75	242	150,50
319	-15.75	0.75	242	150,50
319	-15.75	1.25	242	150,50
319	-17.75	3.25	242	150,50
319	-18.25	3.25	242	150,50
319	-18.25	2.25	242	150,50
319	-18.75	2.25	242	150,50
319	-19.25	2.75	242	150,50
319	-19.25	3.75	242	150,50
319	-20.25	3.75	242	150,50
319	-20.25	4.25	242	150,50
319	-18.75	5.75	242	150,50
319	-18.75	7.25	242	150,50
319	-19.25	7.25	242	150,50
319	-20.25	6.25	242	150,50
319	-20.75	6.25	242	150,50
319	-21.75	7.25	242	150,50
319	-22.25	7.25	242	150,50
319	-22.25	6.75	242	150,50
319	-21.25	5.75	242	150,50
319	-21.25	5.25	242	150,50
319	-21.75	5.25	242	150,50
319	-22.75	6.25	242	150,50
319	-23.25	6.25	242	150,50
319	-24.25	5.25	242	150,50
319	-24.25	4.75	242	150,50
319	-23.25	3.75	242	150,50
319	-23.25	3.25	242	150,50
319	-24.25	3.25	242	150,50
319	-24.25	2.25	242	150,50
319	-24.75	2.25	242	150,50
319	-25.75	3.25	242	150,50
319	-26.25	3.25	242	150,50
319	-26.25	1.25	242	150,50
319	-26.75	0.75	242	150,50
319	-27.25	0.75	242	150,50
319	-27.75	1.25	242	150,50
319	-28.25	1.25	242	150,50
319	-28.75	0.75	242	150,50
319	-28.75	0.25	242	150,50
319	-28.25	-0.25	242	150,50
319	-28.25	-0.75	242	150,50
319	-31.75	-0.75	242	150,50
319	-32.25	-0.25	242	150,50
319	-32.25	0.75	242	150,50
319	-32.75	1.25	242	150,50
319	-32.75	1.75	242	150,50
319	-31.75	1.75	242	150,50
319	-31.25	2.25	242	150,50
319	-30.25	2.25	242	150,50
319	-27.75	4.75	242	150,50
319	-27.75	6.75	242	150,50
319	-27.25	7.25	242	150,50
319	-26.75	7.25	242	150,50
319	-26.25	6.75	242	150,50
319	-25.75	6.75	242	150,50
319	-24.75	7.75	242	150,50
319	-24.75	8.25	242	150,50
319	-26.25	9.75	242	150,50
319	-26.25	10.25	242	150,50
319	-25.75	10.25	242	150,50
319	-25.25	9.75	242	150,50
319	-24.75	9.75	242	150,50
319	-24.75	10.25	242	150,50
319	-26.25	11.75	242	150,50
319	-26.25	12.25	242	150,50
319	-25.75	12.75	242	150,50
319	-25.75	13.25	242	150,50
319	-26.25	13.75	242	150,50
319	-26.75	13.75	242	150,50
319	-27.25	13.25	242	150,50
319	-27.25	12.25	242	150,50
319	-28.75	12.25	242	150,50
319	-30.75	14.25	242	150,50
319	-31.25	48.75	242	150,0
319	-31.25	49.25	242	150,0
319	-30.75	49.25	242	150,0
319	-30.75	48.75	242	150,0
319	-31.25	48.75	242	150,0
215	-41.25	2.75	20	100,0
215	-41.25	3.25	20	100,0
215	-39.75	4.75	20	100,0
215	-38.75	4.75	20	100,0
215	-38.25	5.25	20	100,0
215	-37.75	5.25	20	100,0
215	-37.25	4.75	20	100,0
215	-36.75	4.75	20	100,0
215	-35.75	5.75	20	100,0
215	-35.75	6.25	20	100,0
215	-36.75	7.25	20	100,0
215	-36.75	7.75	20	100,0
215	-35.75	8.75	20	100,0
215	-35.25	8.75	20	100,0
215	-34.25	7.75	20	100,0
215	-33.75	7.75	20	100,0
215	-33.25	8.25	20	100,0
215	-33.25	8.75	20	100,0
215	-33.75	9.25	20	100,0
215	-33.75	9.75	20	100,0
215	-33.25	9.75	20	100,0
215	-32.75	9.25	20	100,0
215	-32.25	9.25	20	100,0
215	-31.75	9.75	20	100,0
215	-31.25	9.75	20	100,0
215	-29.75	8.25	20	100,0
215	-29.75	7.75	20	100,0
215	-30.25	7.25	20	100,0
215	-30.25	6.75	20	100,0
215	-28.75	5.25	20	100,0
215	-28.25	5.25	20	100,0
215	-27.75	5.75	20	100,0
215	-27.75	6.25	20	100,0
215	-28.25	6.75	20	100,0
215	-28.25	7.25	20	100,0
215	-27.25	8.25	20	100,0
215	-26.75	8.25	20	100,0
215	-26.25	7.75	20	100,0
215	-26.25	6.25	20	100,0
215	-26.75	5.75	20	100,0
215	-26.75	5.25	20	100,0
215	-25.75	4.25	20	100,0
215	-25.25	4.25	20	100,0
215	-23.25	6.25	20	100,0
215	-22.75	6.25	20	100,0
215	-21.75	5.25	20	100,0
215	-20.75	5.25	20	100,0
215	-20.25	4.75	20	100,0
215	-19.75	4.75	20	100,0
215	-17.75	6.75	20	100,0
215	-17.25	6.75	20	100,0
215	-16.75	6.25	20	100,0
215	-15.25	6.25	20	100,0
215	-14.25	7.25	20	100,0
215	-13.75	7.25	20	100,0
215	-11.75	5.25	20	100,0
215	-10.75	5.25	20	100,0
215	-8.75	3.25	20	100,0
215	-7.75	3.25	20	100,0
215	-6.75	2.25	20	100,0
215	-5.25	2.25	20	100,0
215	-4.75	2.75	20	100,0
215	-4.25	2.75	20	100,0
215	-3.75	2.25	20	100,0
215	-3.25	2.25	20	100,0
215	-1.25	4.25	20	100,0
215	-0.75	4.25	20	100,0
215	1.75	1.75	20	100,0
215	1.75	1.25	20	100,0
215	1.25	0.75	20	100,0
215	0.75	0.75	20	100,0
215	-0.25	1.75	20	100,0
215	-0.75	1.75	20	100,0
215	-2.25	0.25	20	100,0
215	-2.75	0.25	20	100,0
215	-3.25	0.75	20	100,0
215	-7.25	0.75	20	100,0
215	-9.75	3.25	20	100,0
215	-10.25	3.25	20	100,0
215	-10.75	2.75	20	100,0
215	-11.25	2.75	20	100,0
215	-11.75	3.25	20	100,0
215	-12.75	3.25	20	100,0
215	-13.75	4.25	20	100,0
215	-14.25	4.25	20	100,0
215	-17.25	1.25	20	100,0
215	-18.25	1.25	20	100,0
215	-18.75	0.75	20	100,0
215	-20.25	0.75	20	100,0
215	-21.75	2.25	20	100,0
215	-22.25	2.25	20	100,0
215	-22.75	1.75	20	100,0
215	-23.25	1.75	20	100,0
215	-23.75	2.25	20	100,0
215	-24.25	2.25	20	100,0
215	-24.75	1.75	20	100,0
215	-25.75	1.75	20	100,0
215	-26.75	0.75	20	100,0
215	-30.25	0.75	20	100,0
215	-30.75	1.25	20	100,0
215	-31.25	1.25	20	100,0
215	-32.25	0.25	20	100,0
215	-32.75	0.25	20	100,0
215	-33.25	0.75	20	100,0
215	-38.25	0.75	20	100,0
215	-39.25	1.75	20	100,0
215	-39.75	1.75	20	100,0
215	-40.75	0.75	20	100,0
215	-41.25	0.75	20	100,0
215	-41.75	1.25	20	100,0
215	-41.75	1.75	20	100,0
215	-41.25	2.25	20	100,0
215	-41.25	2.75	20	100,0
548	-24.25	16.75	71	200,100
548	-24.25	17.25	71	200,100
548	-23.75	17.25	71	200,100
548	-21.75	15.25	71	200,100
548	-20.75	15.25	71	200,100
548	-4.75	-0.75	71	200,100
548	-4.75	-1.25	71	200,100
548	-6.25	-1.25	71	200,100
548	-24.25	16.75	71	200,100
548	-5.75	48.25	71	200,50
548	-5.75	48.75	71	200,50
548	-4.25	48.75	71	200,50
548	5.25	39.25	71	200,50
548	5.25	37.75	71	200,50
548	4.75	37.75	71	200,50
548	-2.75	45.25	71	200,50
548	-3.25	45.25	71	200,50
548	-3.25	44.75	71	200,50
548	0.75	40.75	71	200,50
548	0.75	40.25	71	200,50
548	0.25	40.25	71	200,50
548	-4.25	44.75	71	200,50
548	-4.25	45.75	71	200,50
548	-4.75	46.25	71	200,50
548	-4.75	47.25	71	200,50
548	-5.75	48.25	71	200,50
548	-44.75	38.25	71	250,50
548	-44.75	38.75	71	250,50
548	-44.25	38.75	71	250,50
548	-15.25	9.75	71	250,50
548	-15.25	8.75	71	250,50
548	-12.25	5.75	71	250,50
548	-12.25	5.25	71	250,50
548	-12.75	5.25	71	250,50
548	-19.25	11.75	71	250,50
548	-20.25	11.75	71	250,50
548	-31.75	23.25	71	250,50
548	-32.75	23.25	71	250,50
548	-34.25	24.75	71	250,50
548	-34.25	25.75	71	250,50
548	-35.25	26.75	71	250,50
548	-35.25	27.75	71	250,50
548	-38.25	30.75	71	250,50
548	-38.25	31.75	71	250,50
548	-39.25	31.75	71	250,50
548	-44.75	37.25	71	250,50
548	-44.75	38.25	71	250,50
365	-11.75	29.25	271	200,100
365	-11.75	29.75	271	200,100
365	-10.75	29.75	271	200,100
365	-10.25	30.25	271	200,100
365	-9.75	30.25	271	200,100
365	-9.25	29.75	271	200,100
365	-8.25	29.75	271	200,100
365	-7.75	29.25	271	200,100
365	-7.25	29.25	271	200,100
365	-6.75	29.75	271	200,100
365	-6.25	29.75	271	200,100
365	-5.75	29.25	271	200,100
365	-5.25	29.25	271	200,100
365	-4.25	30.25	271	200,100
365	-3.75	30.25	271	200,100
365	-3.25	29.75	271	200,100
365	-2.75	29.75	271	200,100
365	-1.25	31.25	271	200,100
365	0.25	31.25	271	200,100
365	0.25	30.75	271	200,100
365	-1.75	28.75	271	200,100
365	-1.75	28.25	271	200,100
365	-1.25	27.75	271	200,100
365	-1.25	25.75	271	200,100
365	0.75	25.75	271	200,100
365	3.25	23.25	271	200,100
365	3.25	22.25	271	200,100
365	5.25	22.25	271	200,100
365	5.25	18.75	271	200,100
365	4.25	18.75	271	200,100
365	3.75	18.25	271	200,100
365	2.75	18.25	271	200,100
365	2.75	17.75	271	200,100
365	4.25	16.25	271	200,100
365	4.25	15.25	271	200,100
365	5.25	15.25	271	200,100
365	5.25	11.75	271	200,100
365	4.25	11.75	271	200,100
365	3.75	11.25	271	200,100
365	3.25	11.25	271	200,100
365	0.75	13.75	271	200,100
365	-1.75	13.75	271	200,100
365	-1.75	12.75	271	200,100
365	-2.75	11.75	271	200,100
365	-2.75	11.25	271	200,100
365	-0.25	8.75	271	200,100
365	-0.25	7.75	271	200,100
365	0.25	7.25	271	200,100
365	0.25	6.75	271	200,100
365	-0.25	6.25	271	200,100
365	-1.75	6.25	271	200,100
365	-2.75	7.25	271	200,100
365	-2.75	8.25	271	200,100
365	-3.75	8.25	271	200,100
365	-5.25	9.75	271	200,100
365	-5.75	9.75	271	200,100
365	-5.75	8.75	271	200,100
365	-6.75	7.75	271	200,100
365	-6.75	7.25	271	200,100
365	-3.25	3.75	271	200,100
365	-2.75	3.75	271	200,100
365	-1.75	4.75	271	200,100
365	-0.25	4.75	271	200,100
365	0.75	3.75	271	200,100
365	0.75	3.25	271	200,100
365	-0.25	3.25	271	200,100
365	-0.75	2.75	271	200,100
365	-3.25	2.75	271	200,100
365	-12.25	11.75	271	200,100
365	-12.25	12.25	271	200,100
365	-11.25	12.25	271	200,100
365	-9.75	13.75	271	200,100
365	-9.25	13.75	271	200,100
365	-9.25	12.25	271	200,100
365	-10.25	11.25	271	200,100
365	-10.25	10.75	271	200,100
365	-8.75	9.25	271	200,100
365	-8.25	9.25	271	200,100
365	-6.75	10.75	271	200,100
365	-6.75	11.25	271	200,100
365	-8.25	12.75	271	200,100
365	-8.25	13.25	271	200,100
365	-7.25	14.25	271	200,100
365	-6.75	14.25	271	200,100
365	-5.75	13.25	271	200,100
365	-3.25	13.25	271	200,100
365	-3.25	13.75	271	200,100
365	-3.75	14.25	271	200,100
365	-3.75	14.75	271	200,100
365	-2.75	14.75	271	200,100
365	-2.25	15.25	271	200,100
365	-1.25	15.25	271	200,100
365	-1.25	15.75	271	200,100
365	-3.25	17.75	271	200,100
365	-3.25	19.75	271	200,100
365	-4.25	19.75	271	200,100
365	-4.25	20.75	271	200,100
365	-4.75	21.25	271	200,100
365	-5.75	21.25	271	200,100
365	-7.25	22.75	271	200,100
365	-7.25	23.25	271	200,100
365	-6.75	23.75	271	200,100
365	-6.75	24.25	271	200,100
365	-8.75	24.25	271	200,100
365	-11.25	26.75	271	200,100
365	-11.25	27.75	271	200,100
365	-11.75	28.25	271	200,100
365	-11.75	29.25	271	200,100
365	-44.75	21.25	271	250,100
365	-44.75	21.75	271	250,100
365	-44.25	21.75	271	250,100
365	-43.25	20.75	271	250,100
365	-43.25	19.75	271	250,100
365	-42.75	19.25	271	250,100
365	-41.75	19.25	271	250,100
365	-40.25	17.75	271	250,100
365	-38.75	17.75	271	250,100
365	-38.75	18.25	271	250,100
365	-39.25	18.75	271	250,100
365	-39.25	19.25	271	250,100
365	-38.25	19.25	271	250,100
365	-38.25	19.75	271	250,100
365	-39.25	20.75	271	250,100
365	-39.25	21.25	271	250,100
365	-38.75	21.25	271	250,100
365	-37.25	19.75	271	250,100
365	-37.25	19.25	271	250,100
365	-37.75	18.75	271	250,100
365	-37.75	16.75	271	250,100
365	-40.75	16.75	271	250,100
365	-41.25	16.25	271	250,100
365	-41.75	16.25	271	250,100
365	-42.25	16.75	271	250,100
365	-43.75	16.75	271	250,100
365	-44.25	16.25	271	250,100
365	-44.75	16.25	271	250,100
365	-44.75	16.75	271	250,100
365	-44.25	17.25	271	250,100
365	-44.25	17.75	271	250,100
365	-44.75	18.25	271	250,100
365	-44.75	21.25	271	250,100
366	4.75	16.75	271	200,100
366	4.75	17.25	271	200,100
366	5.25	17.25	271	200,100
366	5.25	16.75	271	200,100
366	4.75	16.75	271	200,100
366	-44.75	13.25	271	250,100
366	-44.75	13.75	271	250,100
366	-44.25	13.75	271	250,100
366	-44.25	12.25	271	250,100
366	-44.75	12.25	271	250,100
366	-44.75	13.25	271	250,100
306	-19.75	18.25	233	100,0
306	-19.75	18.75	233	100,0
306	-19.25	19.25	233	100,0
306	-17.75	19.25	233	100,0
306	-16.25	17.75	233	100,0
306	-16.25	16.25	233	100,0
306	-16.75	15.75	233	100,0
306	-17.25	15.75	233	100,0
306	-17.75	16.25	233	100,0
306	-19.75	16.25	233	100,0
306	-19.75	16.75	233	100,0
306	-19.25	17.25	233	100,0
306	-19.25	17.75	233	100,0
306	-19.75	18.25	233	100,0
567	-41.25	46.75	8	150,0
567	-41.25	47.25	8	150,0
567	-40.75	47.25	8	150,0
567	-39.25	45.75	8	150,0
567	-36.75	45.75	8	150,0
567	-35.25	47.25	8	150,0
567	-35.25	49.25	8	150,0
567	-31.75	49.25	8	150,0
567	-31.25	48.75	8	150,0
567	-29.25	48.75	8	150,0
567	-29.25	47.75	8	150,0
567	-28.75	47.75	8	150,0
567	-27.25	49.25	8	150,0
567	-15.75	49.25	8	150,0
567	-15.25	48.75	8	150,0
567	-14.75	48.75	8	150,0
567	-14.25	49.25	8	150,0
567	-12.75	49.25	8	150,0
567	-12.75	48.25	8	150,0
567	-12.25	47.75	8	150,0
567	-12.25	47.25	8	150,0
567	-13.25	47.25	8	150,0
567	-13.25	46.75	8	150,0
567	-11.75	45.25	8	150,0
567	-11.75	44.75	8	150,0
567	-12.75	43.75	8	150,0
567	-13.25	43.75	8	150,0
567	-13.75	44.25	8	150,0
567	-13.75	45.25	8	150,0
567	-14.25	45.25	8	150,0
567	-15.75	43.75	8	150,0
567	-15.75	43.25	8	150,0
567	-14.75	42.25	8	150,0
567	-14.75	41.75	8	150,0
567	-15.75	41.75	8	150,0
567	-15.75	40.75	8	150,0
567	-16.75	40.75	8	150,0
567	-16.75	40.25	8	150,0
567	-16.25	39.75	8	150,0
567	-16.25	39.25	8	150,0
567	-17.25	39.25	8	150,0
567	-19.25	37.25	8	150,0
567	-19.25	36.75	8	150,0
567	-18.75	36.25	8	150,0
567	-18.75	35.75	8	150,0
567	-19.25	35.75	8	150,0
567	-19.75	36.25	8	150,0
567	-20.25	36.25	8	150,0
567	-22.25	34.25	8	150,0
567	-22.75	34.25	8	150,0
567	-22.75	34.75	8	150,0
567	-22.25	35.25	8	150,0
567	-22.25	35.75	8	150,0
567	-23.25	36.75	8	150,0
567	-24.25	36.75	8	150,0
567	-24.25	37.25	8	150,0
567	-22.75	38.75	8	150,0
567	-22.25	38.75	8	150,0
567	-20.75	37.25	8	150,0
567	-20.25	37.25	8	150,0
567	-20.25	37.75	8	150,0
567	-21.75	39.25	8	150,0
567	-21.75	40.25	8	150,0
567	-23.25	41.75	8	150,0
567	-24.25	41.75	8	150,0
567	-24.25	42.75	8	150,0
567	-26.25	44.75	8	150,0
567	-27.25	44.75	8	150,0
567	-28.25	45.75	8	150,0
567	-28.75	45.75	8	150,0
567	-29.75	44.75	8	150,0
567	-29.75	44.25	8	150,0
567	-29.25	44.25	8	150,0
567	-28.75	44.75	8	150,0
567	-28.25	44.75	8	150,0
567	-27.75	44.25	8	150,0
567	-27.75	43.75	8	150,0
567	-28.25	43.25	8	150,0
567	-28.25	42.25	8	150,0
567	-29.25	42.25	8	150,0
567	-31.75	39.75	8	150,0
567	-31.75	37.75	8	150,0
567	-32.25	37.75	8	150,0
567	-32.75	38.25	8	150,0
567	-33.25	38.25	8	150,0
567	-39.75	31.75	8	150,0
567	-39.75	31.25	8	150,0
567	-38.25	29.75	8	150,0
567	-37.75	29.75	8	150,0
567	-36.75	30.75	8	150,0
567	-36.75	31.75	8	150,0
567	-36.25	31.75	8	150,0
567	-35.75	31.25	8	150,0
567	-34.75	31.25	8	150,0
567	-34.25	30.75	8	150,0
567	-34.25	30.25	8	150,0
567	-34.75	29.75	8	150,0
567	-34.75	27.25	8	150,0
567	-34.25	27.25	8	150,0
567	-33.25	28.25	8	150,0
567	-32.75	28.25	8	150,0
567	-31.25	26.75	8	150,0
567	-30.25	26.75	8	150,0
567	-30.25	26.25	8	150,0
567	-32.25	24.25	8	150,0
567	-32.75	24.25	8	150,0
567	-34.25	25.75	8	150,0
567	-34.75	25.75	8	150,0
567	-34.75	25.25	8	150,0
567	-33.25	23.75	8	150,0
567	-33.25	23.25	8	150,0
567	-34.25	22.25	8	150,0
567	-34.75	22.25	8	150,0
567	-35.25	22.75	8	150,0
567	-36.25	22.75	8	150,0
567	-37.25	23.75	8	150,0
567	-37.75	23.75	8	150,0
567	-38.75	22.75	8	150,0
567	-39.75	22.75	8	150,0
567	-39.75	21.75	8	150,0
567	-40.25	21.75	8	150,0
567	-41.25	22.75	8	150,0
567	-41.25	23.25	8	150,0
567	-40.25	23.25	8	150,0
567	-40.25	24.25	8	150,0
567	-39.75	24.25	8	150,0
567	-39.25	23.75	8	150,0
567	-38.75	23.75	8	150,0
567	-38.25	24.25	8	150,0
567	-38.25	24.75	8	150,0
567	-38.75	25.25	8	150,0
567	-38.75	26.25	8	150,0
567	-39.75	26.25	8	150,0
567	-40.75	27.25	8	150,0
567	-41.25	27.25	8	150,0
567	-41.25	25.25	8	150,0
567	-42.25	25.25	8	150,0
567	-43.25	24.25	8	150,0
567	-44.25	24.25	8	150,0
567	-44.25	23.25	8	150,0
567	-44.75	23.25	8	150,0
567	-44.75	34.75	8	150,0
567	-44.25	34.75	8	150,0
567	-43.25	33.75	8	150,0
567	-42.75	33.75	8	150,0
567	-42.75	34.25	8	150,0
567	-43.25	34.75	8	150,0
567	-43.25	36.25	8	150,0
567	-42.75	36.75	8	150,0
567	-41.75	36.75	8	150,0
567	-41.75	37.75	8	150,0
567	-38.75	40.75	8	150,0
567	-38.75	41.75	8	150,0
567	-37.75	41.75	8	150,0
567	-37.75	44.25	8	150,0
567	-38.25	44.75	8	150,0
567	-39.25	44.75	8	150,0
567	-41.25	46.75	8	150,0
567	-36.25	-0.25	8	150,50
567	-36.25	0.25	8	150,50
567	-35.75	0.25	8	150,50
567	-35.25	-0.25	8	150,50
567	-35.25	-0.75	8	150,50
567	-35.75	-0.75	8	150,50
567	-36.25	-0.25	8	150,50
567	1.25	30.25	8	100,0
567	1.25	30.75	8	100,0
567	1.75	31.25	8	100,0
567	3.75	31.25	8	100,0
567	3.75	31.75	8	100,0
567	3.25	32.25	8	100,0
567	3.25	32.75	8	100,0
567	4.75	34.25	8	100,0
567	5.25	34.25	8	100,0
567	5.25	21.75	8	100,0
567	4.75	21.25	8	100,0
567	4.25	21.25	8	100,0
567	3.25	22.25	8	100,0
567	2.25	22.25	8	100,0
567	2.25	23.75	8	100,0
567	2.75	24.25	8	100,0
567	3.75	24.25	8	100,0
567	3.75	25.25	8	100,0
567	4.75	25.25	8	100,0
567	4.75	26.75	8	100,0
567	3.75	27.75	8	100,0
567	3.25	27.75	8	100,0
567	2.75	27.25	8	100,0
567	2.25	27.25	8	100,0
567	1.75	27.75	8	100,0
567	1.75	29.75	8	100,0
567	1.25	30.25	8	100,0
387	-40.25	47.75	289	150,0
387	-40.25	48.25	289	150,0
387	-39.25	49.25	289	150,0
387	-35.75	49.25	289	150,0
387	-35.25	48.75	289	150,0
387	-35.25	47.25	289	150,0
387	-36.75	45.75	289	150,0
387	-39.25	45.75	289	150,0
387	-39.75	46.25	289	150,0
387	-39.75	47.25	289	150,0
387	-40.25	47.75	289	150,0
387	-38.75	-0.75	289	150,50
387	-38.75	-0.25	289	150,50
387	-37.75	0.75	289	150,50
387	-36.75	0.75	289	150,50
387	-36.75	1.75	289	150,50
387	-35.75	2.75	289	150,50
387	-34.25	2.75	289	150,50
387	-33.25	1.75	289	150,50
387	-33.25	0.25	289	150,50
387	-33.75	-0.25	289	150,50
387	-35.25	-0.25	289	150,50
387	-35.75	0.25	289	150,50
387	-36.25	0.25	289	150,50
387	-36.25	-0.75	289	150,50
387	-38.75	-0.75	289	150,50
120	-23.75	14.25	139	200,100
120	-23.75	14.75	139	200,100
120	-23.25	14.75	139	200,100
120	-7.75	-0.75	139	200,100
120	-7.75	-1.25	139	200,100
120	-12.25	-1.25	139	200,100
120	-17.25	3.75	139	200,100
120	-17.25	4.25	139	200,100
120	-16.75	4.75	139	200,100
120	-16.25	4.75	139	200,100
120	-15.25	3.75	139	200,100
120	-14.75	3.75	139	200,100
120	-14.75	5.25	139	200,100
120	-23.75	14.25	139	200,100
120	-38.75	32.25	139	200,50
120	-38.75	32.75	139	200,50
120	-38.25	32.75	139	200,50
120	-31.25	25.75	139	200,50
120	-31.25	25.25	139	200,50
120	-31.75	25.25	139	200,50
120	-38.75	32.25	139	200,50
120	-44.75	35.25	139	250,50
120	-44.75	35.75	139	250,50
120	-44.25	35.75	139	250,50
120	-34.25	25.75	139	250,50
120	-34.25	24.75	139	250,50
120	-32.75	23.25	139	250,50
120	-31.75	23.25	139	250,50
120	-8.25	-0.25	139	250,50
120	-8.25	-0.75	139	250,50
120	-10.75	-0.75	139	250,50
120	-18.25	6.75	139	250,50
120	-19.25	6.75	139	250,50
120	-19.25	7.75	139	250,50
120	-34.75	23.25	139	250,50
120	-34.75	24.25	139	250,50
120	-35.75	24.25	139	250,50
120	-44.75	33.25	139	250,50
120	-44.75	35.25	139	250,50
120	-10.25	48.75	139	250,0
120	-10.25	49.25	139	250,0
120	-7.75	49.25	139	250,0
120	-5.25	46.75	139	250,0
120	-4.75	46.75	139	250,0
120	-4.75	47.25	139	250,0
120	-6.25	48.75	139	250,0
120	-6.25	49.25	139	250,0
120	-5.75	49.25	139	250,0
120	-3.75	47.25	139	250,0
120	-3.75	46.75	139	250,0
120	-4.25	46.25	139	250,0
120	-4.25	45.75	139	250,0
120	3.25	38.25	139	250,0
120	3.25	37.25	139	250,0
120	4.25	37.25	139	250,0
120	4.25	36.25	139	250,0
120	4.75	35.75	139	250,0
120	4.75	35.25	139	250,0
120	4.25	34.75	139	250,0
120	3.75	34.75	139	250,0
120	-1.25	39.75	139	250,0
120	-2.25	39.75	139	250,0
120	-2.25	40.75	139	250,0
120	-5.25	43.75	139	250,0
120	-6.25	43.75	139	250,0
120	-6.25	44.75	139	250,0
120	-10.25	48.75	139	250,0
289	-30.25	6.75	221	100,0
289	-30.25	7.25	221	100,0
289	-27.25	10.25	221	100,0
289	-26.75	10.25	221	100,0
289	-25.75	9.25	221	100,0
289	-25.25	9.25	221	100,0
289	-24.75	9.75	221	100,0
289	-24.75	11.25	221	100,0
289	-25.25	11.75	221	100,0
289	-25.25	12.25	221	100,0
289	-24.25	13.25	221	100,0
289	-22.75	13.25	221	100,0
289	-21.25	11.75	221	100,0
289	-21.25	10.75	221	100,0
289	-20.25	9.75	221	100,0
289	-19.75	9.75	221	100,0
289	-18.25	11.25	221	100,0
289	-18.25	11.75	221	100,0
289	-19.25	12.75	221	100,0
289	-19.25	13.25	221	100,0
289	-15.75	16.75	221	100,0
289	-15.25	16.75	221	100,0
289	-14.25	15.75	221	100,0
289	-14.25	15.25	221	100,0
289	-16.75	12.75	221	100,0
289	-16.75	12.25	221	100,0
289	-15.75	11.25	221	100,0
289	-15.25	11.25	221	100,0
289	-12.75	13.75	221	100,0
289	-12.25	13.75	221	100,0
289	-11.75	13.25	221	100,0
289	-11.75	12.75	221	100,0
289	-12.75	11.75	221	100,0
289	-12.75	11.25	221	100,0
289	-12.25	11.25	221	100,0
289	-11.25	12.25	221	100,0
289	-10.75	12.25	221	100,0
289	-10.75	11.75	221	100,0
289	-11.75	10.75	221	100,0
289	-11.75	9.75	221	100,0
289	-12.75	8.75	221	100,0
289	-12.75	8.25	221	100,0
289	-11.75	7.25	221	100,0
289	-10.75	7.25	221	100,0
289	-7.75	4.25	221	100,0
289	-7.25	4.25	221	100,0
289	-6.75	4.75	221	100,0
289	-6.25	4.75	221	100,0
289	-4.75	3.25	221	100,0
289	-4.75	2.75	221	100,0
289	-5.25	2.25	221	100,0
289	-6.75	2.25	221	100,0
289	-7.75	3.25	221	100,0
289	-8.75	3.25	221	100,0
289	-10.75	5.25	221	100,0
289	-11.75	5.25	221	100,0
289	-13.75	7.25	221	100,0
289	-14.25	7.25	221	100,0
289	-15.25	6.25	221	100,0
289	-16.75	6.25	221	100,0
289	-17.25	6.75	221	100,0
289	-17.75	6.75	221	100,0
289	-19.75	4.75	221	100,0
289	-20.25	4.75	221	100,0
289	-20.75	5.25	221	100,0
289	-21.75	5.25	221	100,0
289	-22.75	6.25	221	100,0
289	-23.25	6.25	221	100,0
289	-25.25	4.25	221	100,0
289	-25.75	4.25	221	100,0
289	-26.75	5.25	221	100,0
289	-26.75	5.75	221	100,0
289	-26.25	6.25	221	100,0
289	-26.25	7.75	221	100,0
289	-26.75	8.25	221	100,0
289	-27.25	8.25	221	100,0
289	-28.25	7.25	221	100,0
289	-28.25	6.75	221	100,0
289	-27.75	6.25	221	100,0
289	-27.75	5.75	221	100,0
289	-28.25	5.25	221	100,0
289	-28.75	5.25	221	100,0
289	-30.25	6.75	221	100,0
568	-34.75	-0.25	8	150,50
568	-34.75	-0.75	8	150,50
568	-34.25	-0.75	8	150,50
568	-34.25	-0.25	8	150,50
568	-34.75	-0.25	8	150,50
569	-33.25	0.75	8	150,50
569	-33.25	1.25	8	150,50
569	-32.75	1.25	8	150,50
569	-32.25	0.75	8	150,50
569	-32.25	-0.75	8	150,50
569	-33.75	-0.75	8	150,50
569	-33.75	-0.25	8	150,50
569	-33.25	0.25	8	150,50
569	-33.25	0.75	8	150,50
570	-28.75	0.25	8	150,50
570	-28.75	0.75	8	150,50
570	-28.25	1.25	8	150,50
570	-27.75	1.25	8	150,50
570	-27.25	0.75	8	150,50
570	-26.75	0.75	8	150,50
570	-26.25	1.25	8	150,50
570	-26.25	3.25	8	150,50
570	-25.75	3.25	8	150,50
570	-24.75	2.25	8	150,50
570	-24.25	2.25	8	150,50
570	-24.25	3.25	8	150,50
570	-23.25	3.25	8	150,50
570	-23.25	3.75	8	150,50
570	-24.25	4.75	8	150,50
570	-24.25	5.25	8	150,50
570	-23.25	6.25	8	150,50
570	-22.75	6.25	8	150,50
570	-21.75	5.25	8	150,50
570	-21.25	5.25	8	150,50
570	-21.25	5.75	8	150,50
570	-22.25	6.75	8	150,50
570	-22.25	7.25	8	150,50
570	-21.75	7.25	8	150,50
570	-20.75	6.25	8	150,50
570	-20.25	6.25	8	150,50
570	-19.25	7.25	8	150,50
570	-18.75	7.25	8	150,50
570	-18.75	5.75	8	150,50
570	-20.25	4.25	8	150,50
570	-20.25	3.75	8	150,50
570	-19.25	3.75	8	150,50
570	-19.25	2.75	8	150,50
570	-18.75	2.25	8	150,50
570	-18.25	2.25	8	150,50
570	-18.25	3.25	8	150,50
570	-17.75	3.25	8	150,50
570	-15.75	1.25	8	150,50
570	-15.75	0.75	8	150,50
570	-16.25	0.75	8	150,50
570	-17.25	1.75	8	150,50
570	-17.75	1.75	8	150,50
570	-17.75	1.25	8	150,50
570	-16.25	-0.25	8	150,50
570	-16.25	-0.75	8	150,50
570	-27.75	-0.75	8	150,50
570	-28.75	0.25	8	150,50
571	-14.75	-0.75	8	150,50
571	-14.75	-0.25	8	150,50
571	-14.25	-0.25	8	150,50
571	-14.25	-0.75	8	150,50
571	-14.75	-0.75	8	150,50
531	-15.75	19.25	64	100,0
531	-15.75	19.75	64	100,0
531	-15.25	20.25	64	100,0
531	-13.25	20.25	64	100,0
531	-12.25	21.25	64	100,0
531	-11.75	21.25	64	100,0
531	-11.75	20.25	64	100,0
531	-11.25	19.75	64	100,0
531	-10.75	19.75	64	100,0
531	-10.25	20.25	64	100,0
531	-9.75	20.25	64	100,0
531	-8.75	19.25	64	100,0
531	-8.75	17.25	64	100,0
531	-8.25	16.75	64	100,0
531	-7.75	16.75	64	100,0
531	-7.25	17.25	64	100,0
531	-6.75	17.25	64	100,0
531	-4.75	15.25	64	100,0
531	-4.75	14.25	64	100,0
531	-3.75	14.25	64	100,0
531	1.25	9.25	64	100,0
531	2.75	9.25	64	100,0
531	4.75	11.25	64	100,0
531	5.25	11.25	64	100,0
531	5.25	7.75	64	100,0
531	4.75	7.25	64	100,0
531	4.75	6.75	64	100,0
531	5.25	6.25	64	100,0
531	5.25	3.75	64	100,0
531	4.25	3.75	64	100,0
531	2.25	1.75	64	100,0
531	1.75	1.75	64	100,0
531	-0.75	4.25	64	100,0
531	-1.25	4.25	64	100,0
531	-3.25	2.25	64	100,0
531	-3.75	2.25	64	100,0
531	-3.75	2.75	64	100,0
531	-2.75	3.75	64	100,0
531	-2.75	4.25	64	100,0
531	-3.75	5.25	64	100,0
531	-3.75	6.25	64	100,0
531	-4.25	6.75	64	100,0
531	-4.25	7.75	64	100,0
531	-5.25	8.75	64	100,0
531	-6.25	8.75	64	100,0
531	-6.25	9.25	64	100,0
531	-5.75	9.75	64	100,0
531	-5.75	10.25	64	100,0
531	-6.75	10.25	64	100,0
531	-8.75	12.25	64	100,0
531	-8.75	13.75	64	100,0
531	-8.25	14.25	64	100,0
531	-8.25	14.75	64	100,0
531	-8.75	14.75	64	100,0
531	-10.25	13.25	64	100,0
531	-10.75	13.25	64	100,0
531	-10.75	13.75	64	100,0
531	-9.25	15.25	64	100,0
531	-9.25	15.75	64	100,0
531	-9.75	16.25	64	100,0
531	-10.25	16.25	64	100,0
531	-11.75	14.75	64	100,0
531	-12.25	14.75	64	100,0
531	-13.25	15.75	64	100,0
531	-13.25	16.25	64	100,0
531	-11.75	17.75	64	100,0
531	-11.75	19.25	64	100,0
531	-13.25	19.25	64	100,0
531	-14.25	18.25	64	100,0
531	-14.75	18.25	64	100,0
531	-15.75	19.25	64	100,0
531	-44.75	12.25	64	150,0
531	-44.75	12.75	64	150,0
531	-44.25	12.75	64	150,0
531	-43.75	12.25	64	150,0
531	-43.25	12.25	64	150,0
531	-41.25	14.25	64	150,0
531	-41.25	15.25	64	150,0
531	-39.75	16.75	64	150,0
531	-37.75	16.75	64	150,0
531	-37.75	17.75	64	150,0
531	-37.25	18.25	64	150,0
531	-36.75	18.25	64	150,0
531	-36.25	17.75	64	150,0
531	-34.75	17.75	64	150,0
531	-33.75	18.75	64	150,0
531	-33.75	19.25	64	150,0
531	-34.25	19.75	64	150,0
531	-34.25	20.25	64	150,0
531	-33.75	20.75	64	150,0
531	-32.75	20.75	64	150,0
531	-30.25	23.25	64	150,0
531	-29.25	23.25	64	150,0
531	-23.75	28.75	64	150,0
531	-23.25	28.75	64	150,0
531	-22.75	28.25	64	150,0
531	-22.75	27.75	64	150,0
531	-29.75	20.75	64	150,0
531	-30.75	20.75	64	150,0
531	-31.75	19.75	64	150,0
531	-31.75	18.75	64	150,0
531	-38.25	12.25	64	150,0
531	-38.25	11.25	64	150,0
531	-39.25	11.25	64	150,0
531	-39.75	10.75	64	150,0
531	-39.75	8.75	64	150,0
531	-40.25	8.25	64	150,0
531	-40.75	8.25	64	150,0
531	-42.25	9.75	64	150,0
531	-42.75	9.75	64	150,0
531	-44.25	8.25	64	150,0
531	-44.75	8.25	64	150,0
531	-44.75	12.25	64	150,0
505	-44.25	23.75	57	150,0
505	-44.25	24.25	57	150,0
505	-43.25	24.25	57	150,0
505	-42.25	25.25	57	150,0
505	-41.25	25.25	57	150,0
505	-41.25	27.25	57	150,0
505	-40.75	27.25	57	150,0
505	-39.75	26.25	57	150,0
505	-38.75	26.25	57	150,0
505	-38.75	25.25	57	150,0
505	-38.25	24.75	57	150,0
505	-38.25	24.25	57	150,0
505	-38.75	23.75	57	150,0
505	-39.25	23.75	57	150,0
505	-39.75	24.25	57	150,0
505	-40.25	24.25	57	150,0
505	-40.25	23.25	57	150,0
505	-41.25	23.25	57	150,0
505	-41.25	22.75	57	150,0
505	-40.25	21.75	57	150,0
505	-39.75	21.75	57	150,0
505	-39.75	22.75	57	150,0
505	-38.75	22.75	57	150,0
505	-37.75	23.75	57	150,0
505	-37.25	23.75	57	150,0
505	-36.25	22.75	57	150,0
505	-35.25	22.75	57	150,0
505	-34.75	22.25	57	150,0
505	-34.75	21.75	57	150,0
505	-37.25	19.25	57	150,0
505	-39.25	19.25	57	150,0
505	-39.25	18.25	57	150,0
505	-40.25	18.25	57	150,0
505	-40.25	17.25	57	150,0
505	-42.25	15.25	57	150,0
505	-42.25	14.25	57	150,0
505	-42.75	13.75	57	150,0
505	-43.25	13.75	57	150,0
505	-43.75	14.25	57	150,0
505	-44.75	14.25	57	150,0
505	-44.75	22.75	57	150,0
505	-44.25	23.25	57	150,0
505	-44.25	23.75	57	150,0
137	-19.75	13.25	147	150,50
137	-19.75	13.75	147	150,50
137	-15.75	17.75	147	150,50
137	-14.75	17.75	147	150,50
137	-8.75	23.75	147	150,50
137	-8.75	24.75	147	150,50
137	-7.75	24.75	147	150,50
137	-6.25	26.25	147	150,50
137	-5.75	26.25	147	150,50
137	-5.25	25.75	147	150,50
137	-5.25	25.25	147	150,50
137	-6.25	24.25	147	150,50
137	-6.25	23.75	147	150,50
137	-4.75	22.25	147	150,50
137	-4.25	22.25	147	150,50
137	-3.25	23.25	147	150,50
137	-2.75	23.25	147	150,50
137	-2.25	22.75	147	150,50
137	-2.25	22.25	147	150,50
137	-3.25	21.25	147	150,50
137	-3.25	20.75	147	150,50
137	-2.25	20.75	147	150,50
137	-2.25	18.75	147	150,50
137	1.25	15.25	147	150,50
137	1.25	14.75	147	150,50
137	-0.25	14.75	147	150,50
137	-1.25	15.75	147	150,50
137	-1.25	16.75	147	150,50
137	-2.75	18.25	147	150,50
137	-3.25	18.25	147	150,50
137	-6.25	15.25	147	150,50
137	-6.75	15.25	147	150,50
137	-7.25	15.75	147	150,50
137	-7.25	16.25	147	150,50
137	-4.75	18.75	147	150,50
137	-4.75	19.25	147	150,50
137	-5.25	19.25	147	150,50
137	-7.75	16.75	147	150,50
137	-8.25	16.75	147	150,50
137	-8.75	17.25	147	150,50
137	-8.75	17.75	147	150,50
137	-6.25	20.25	147	150,50
137	-6.25	20.75	147	150,50
137	-6.75	21.25	147	150,50
137	-8.25	21.25	147	150,50
137	-10.25	19.25	147	150,50
137	-10.25	17.25	147	150,50
137	-11.75	15.75	147	150,50
137	-11.75	15.25	147	150,50
137	-11.25	15.25	147	150,50
137	-9.75	16.75	147	150,50
137	-9.25	16.75	147	150,50
137	-8.75	16.25	147	150,50
137	-8.75	15.75	147	150,50
137	-10.25	14.25	147	150,50
137	-10.25	13.75	147	150,50
137	-9.75	13.75	147	150,50
137	-8.25	15.25	147	150,50
137	-7.75	15.25	147	150,50
137	-7.25	14.75	147	150,50
137	-7.25	14.25	147	150,50
137	-8.75	12.75	147	150,50
137	-8.75	12.25	147	150,50
137	-7.25	10.75	147	150,50
137	-5.75	10.75	147	150,50
137	-5.25	11.25	147	150,50
137	-5.25	12.25	147	150,50
137	-4.75	12.25	147	150,50
137	-3.25	10.75	147	150,50
137	-3.25	10.25	147	150,50
137	-4.25	9.25	147	150,50
137	-4.25	7.75	147	150,50
137	-3.25	6.75	147	150,50
137	-2.25	6.75	147	150,50
137	-2.25	5.25	147	150,50
137	-3.25	5.25	147	150,50
137	-3.75	4.75	147	150,50
137	-3.75	2.75	147	150,50
137	-5.25	1.25	147	150,50
137	-5.25	0.25	147	150,50
137	-6.25	0.25	147	150,50
137	-6.25	-0.75	147	150,50
137	-8.75	-0.75	147	150,50
137	-16.75	7.25	147	150,50
137	-17.75	7.25	147	150,50
137	-18.25	7.75	147	150,50
137	-18.25	8.75	147	150,50
137	-19.25	9.75	147	150,50
137	-19.25	11.25	147	150,50
137	-18.75	11.75	147	150,50
137	-18.75	12.25	147	150,50
137	-19.75	13.25	147	150,50
137	-7.25	48.75	147	150,0
137	-7.25	49.25	147	150,0
137	-6.75	49.25	147	150,0
137	-6.25	48.75	147	150,0
137	-6.25	48.25	147	150,0
137	-6.75	48.25	147	150,0
137	-7.25	48.75	147	150,0
138	-14.75	10.25	147	150,50
138	-14.75	10.75	147	150,50
138	-13.75	10.75	147	150,50
138	-12.75	11.75	147	150,50
138	-12.25	11.75	147	150,50
138	-12.25	11.25	147	150,50
138	-12.75	10.75	147	150,50
138	-12.75	10.25	147	150,50
138	-10.75	10.25	147	150,50
138	-8.75	8.25	147	150,50
138	-8.75	7.25	147	150,50
138	-8.25	6.75	147	150,50
138	-7.25	6.75	147	150,50
138	-4.25	3.75	147	150,50
138	-4.25	3.25	147	150,50
138	-4.75	3.25	147	150,50
138	-5.25	3.75	147	150,50
138	-5.75	3.75	147	150,50
138	-5.75	3.25	147	150,50
138	-5.25	2.75	147	150,50
138	-5.25	2.25	147	150,50
138	-5.75	2.25	147	150,50
138	-9.75	6.25	147	150,50
138	-9.75	7.25	147	150,50
138	-11.25	7.25	147	150,50
138	-12.25	6.25	147	150,50
138	-12.25	5.75	147	150,50
138	-11.75	5.25	147	150,50
138	-11.75	4.75	147	150,50
138	-12.25	4.25	147	150,50
138	-12.75	4.25	147	150,50
138	-14.75	6.25	147	150,50
138	-14.75	6.75	147	150,50
138	-14.25	7.25	147	150,50
138	-13.25	7.25	147	150,50
138	-13.25	8.25	147	150,50
138	-12.75	8.75	147	150,50
138	-12.75	9.25	147	150,50
138	-13.25	9.75	147	150,50
138	-13.75	9.75	147	150,50
138	-14.25	9.25	147	150,50
138	-14.75	9.25	147	150,50
138	-14.75	10.25	147	150,50
491	-36.25	36.75	50	200,50
491	-36.25	37.25	50	200,50
491	-35.75	37.25	50	200,50
491	-35.25	36.75	50	200,50
491	-35.25	36.25	50	200,50
491	-35.75	35.75	50	200,50
491	-36.25	35.75	50	200,50
491	-36.25	36.75	50	200,50
582	-32.25	-0.25	84	100,0
582	-32.25	0.25	84	100,0
582	-31.25	1.25	84	100,0
582	-30.75	1.25	84	100,0
582	-30.25	0.75	84	100,0
582	-26.75	0.75	84	100,0
582	-25.75	1.75	84	100,0
582	-24.75	1.75	84	100,0
582	-24.25	2.25	84	100,0
582	-23.75	2.25	84	100,0
582	-23.25	1.75	84	100,0
582	-22.75	1.75	84	100,0
582	-22.25	2.25	84	100,0
582	-21.75	2.25	84	100,0
582	-20.25	0.75	84	100,0
582	-18.25	0.75	84	100,0
582	-17.75	0.25	84	100,0
582	-17.75	-0.25	84	100,0
582	-32.25	-0.25	84	100,0
281	-35.75	30.25	219	200,50
281	-35.75	30.75	219	200,50
281	-35.25	30.75	219	200,50
281	-34.75	30.25	219	200,50
281	-34.75	29.75	219	200,50
281	-35.25	29.75	219	200,50
281	-35.75	30.25	219	200,50
281	1.75	45.75	219	200,0
281	1.75	46.25	219	200,0
281	2.25	46.25	219	200,0
281	2.25	45.75	219	200,0
281	1.75	45.75	219	200,0
281	-37.75	32.25	219	250,0
281	-37.75	32.75	219	250,0
281	-37.25	33.25	219	250,0
281	-36.75	33.25	219	250,0
281	-36.75	31.75	219	250,0
281	-37.25	31.75	219	250,0
281	-37.75	32.25	219	250,0
282	-32.25	31.75	219	200,50
282	-32.25	32.25	219	200,50
282	-31.75	32.75	219	200,50
282	-31.25	32.75	219	200,50
282	-31.25	31.75	219	200,50
282	-29.25	29.75	219	200,50
282	-28.25	29.75	219	200,50
282	-28.25	28.25	219	200,50
282	-28.75	28.25	219	200,50
282	-32.25	31.75	219	200,50
282	2.75	46.75	219	200,0
282	2.75	47.25	219	200,0
282	3.25	47.25	219	200,0
282	3.25	46.75	219	200,0
282	2.75	46.75	219	200,0
282	-36.25	32.25	219	250,0
282	-36.25	30.75	219	250,0
282	-35.75	30.75	219	250,0
282	-35.75	32.25	219	250,0
282	-36.25	32.25	219	250,0
283	-34.25	28.75	219	200,50
283	-34.25	29.25	219	200,50
283	-33.75	29.25	219	200,50
283	-33.75	28.75	219	200,50
283	-34.25	28.75	219	200,50
283	1.75	42.75	219	200,0
283	1.75	43.25	219	200,0
283	2.25	43.75	219	200,0
283	2.75	43.75	219	200,0
283	2.75	43.25	219	200,0
283	2.25	42.75	219	200,0
283	1.75	42.75	219	200,0
283	-34.75	32.25	219	250,0
283	-34.75	32.75	219	250,0
283	-34.25	32.75	219	250,0
283	-34.25	32.25	219	250,0
283	-34.75	32.25	219	250,0
284	-31.25	25.75	219	200,50
284	-31.25	26.25	219	200,50
284	-30.75	26.25	219	200,50
284	-30.75	25.75	219	200,50
284	-31.25	25.75	219	200,50
284	2.75	41.75	219	200,0
284	2.75	42.25	219	200,0
284	3.25	42.25	219	200,0
284	3.25	41.75	219	200,0
284	2.75	41.75	219	200,0
284	-35.25	29.75	219	250,0
284	-35.25	30.25	219	250,0
284	-34.75	30.75	219	250,0
284	-34.25	30.75	219	250,0
284	-34.25	30.25	219	250,0
284	-34.75	29.75	219	250,0
284	-35.25	29.75	219	250,0
247	-30.25	24.75	219	200,50
247	-30.25	25.25	219	200,50
247	-29.75	25.25	219	200,50
247	-29.25	24.75	219	200,50
247	-29.25	24.25	219	200,50
247	-29.75	24.25	219	200,50
247	-30.25	24.75	219	200,50
247	4.25	40.25	219	200,0
247	4.25	40.75	219	200,0
247	4.75	40.75	219	200,0
247	4.75	40.25	219	200,0
247	4.25	40.25	219	200,0
247	-33.75	28.25	219	250,0
247	-33.75	28.75	219	250,0
247	-33.25	28.75	219	250,0
247	-33.25	28.25	219	250,0
247	-33.75	28.25	219	250,0
248	-28.75	23.25	219	200,50
248	-28.75	23.75	219	200,50
248	-28.25	23.75	219	200,50
248	-26.25	21.75	219	200,50
248	-26.25	21.25	219	200,50
248	-26.75	21.25	219	200,50
248	-28.75	23.25	219	200,50
248	-32.75	27.25	219	250,0
248	-32.75	27.75	219	250,0
248	-32.25	27.75	219	250,0
248	-32.25	27.25	219	250,0
248	-32.75	27.25	219	250,0
249	-25.25	22.75	219	200,50
249	-25.25	23.25	219	200,50
249	-24.75	23.75	219	200,50
249	-24.25	23.75	219	200,50
249	-24.25	23.25	219	200,50
249	-24.75	22.75	219	200,50
249	-25.25	22.75	219	200,50
249	-31.75	27.75	219	250,0
249	-31.75	26.25	219	250,0
249	-31.25	26.25	219	250,0
249	-31.25	27.75	219	250,0
249	-31.75	27.75	219	250,0
250	-22.25	16.75	219	200,50
250	-22.25	17.25	219	200,50
250	-21.75	17.25	219	200,50
250	-21.25	16.75	219	200,50
250	-21.25	16.25	219	200,50
250	-21.75	16.25	219	200,50
250	-22.25	16.75	219	200,50
250	-29.75	28.25	219	250,0
250	-29.75	28.75	219	250,0
250	-29.25	28.75	219	250,0
250	-29.25	28.25	219	250,0
250	-29.75	28.25	219	250,0
251	-20.75	15.25	219	200,50
251	-20.75	15.75	219	200,50
251	-20.25	15.75	219	200,50
251	-20.25	15.25	219	200,50
251	-20.75	15.25	219	200,50
251	-30.75	25.25	219	250,0
251	-30.75	25.75	219	250,0
251	-29.25	25.75	219	250,0
251	-29.25	24.75	219	250,0
251	-28.25	23.75	219	250,0
251	-27.25	23.75	219	250,0
251	-27.25	23.25	219	250,0
251	-27.75	22.75	219	250,0
251	-28.25	22.75	219	250,0
251	-30.75	25.25	219	250,0
252	-18.75	15.25	219	200,50
252	-18.75	15.75	219	200,50
252	-18.25	15.75	219	200,50
252	-18.25	15.25	219	200,50
252	-18.75	15.25	219	200,50
252	-28.75	27.25	219	250,0
252	-28.75	27.75	219	250,0
252	-28.25	27.75	219	250,0
252	-28.25	27.25	219	250,0
252	-28.75	27.25	219	250,0
253	-17.75	14.25	219	200,50
253	-17.75	14.75	219	200,50
253	-17.25	14.75	219	200,50
253	-17.25	14.25	219	200,50
253	-17.75	14.25	219	200,50
253	-26.75	21.25	219	250,0
253	-26.75	21.75	219	250,0
253	-26.25	21.75	219	250,0
253	-24.75	20.25	219	250,0
253	-24.75	19.75	219	250,0
253	-25.25	19.75	219	250,0
253	-26.75	21.25	219	250,0
254	-16.25	15.75	219	200,50
254	-16.25	16.25	219	200,50
254	-15.75	16.25	219	200,50
254	-15.75	15.75	219	200,50
254	-16.25	15.75	219	200,50
254	-25.25	21.75	219	250,0
254	-25.25	22.25	219	250,0
254	-24.75	22.25	219	250,0
254	-24.75	21.75	219	250,0
254	-25.25	21.75	219	250,0
255	-16.75	11.25	219	200,50
255	-16.75	11.75	219	200,50
255	-16.25	11.75	219	200,50
255	-16.25	11.25	219	200,50
255	-16.75	11.25	219	200,50
255	-23.75	22.25	219	250,0
255	-23.75	22.75	219	250,0
255	-23.25	22.75	219	250,0
255	-22.25	21.75	219	250,0
255	-22.25	21.25	219	250,0
255	-22.75	21.25	219	250,0
255	-23.75	22.25	219	250,0
256	-14.75	9.25	219	200,50
256	-14.75	9.75	219	200,50
256	-14.25	9.75	219	200,50
256	-14.25	9.25	219	200,50
256	-14.75	9.25	219	200,50
256	-24.25	20.75	219	250,0
256	-24.25	21.25	219	250,0
256	-23.75	21.25	219	250,0
256	-23.25	20.75	219	250,0
256	-23.25	20.25	219	250,0
256	-23.75	20.25	219	250,0
256	-24.25	20.75	219	250,0
258	-13.75	10.25	219	200,50
258	-13.75	10.75	219	200,50
258	-13.25	10.75	219	200,50
258	-13.25	10.25	219	200,50
258	-13.75	10.25	219	200,50
258	-24.25	18.75	219	250,0
258	-24.25	19.25	219	250,0
258	-23.75	19.25	219	250,0
258	-23.75	18.75	219	250,0
258	-24.25	18.75	219	250,0
259	-11.75	10.25	219	200,50
259	-11.75	10.75	219	200,50
259	-11.25	10.75	219	200,50
259	-10.75	10.25	219	200,50
259	-10.75	9.75	219	200,50
259	-11.25	9.75	219	200,50
259	-11.75	10.25	219	200,50
259	-23.25	17.75	219	250,0
259	-23.25	18.25	219	250,0
259	-22.75	18.75	219	250,0
259	-22.25	18.75	219	250,0
259	-22.25	17.75	219	250,0
259	-19.75	15.25	219	250,0
259	-19.75	14.75	219	250,0
259	-20.25	14.75	219	250,0
259	-23.25	17.75	219	250,0
260	-13.25	7.75	219	200,50
260	-13.25	8.25	219	200,50
260	-12.75	8.25	219	200,50
260	-12.75	7.75	219	200,50
260	-13.25	7.75	219	200,50
260	-20.75	17.25	219	250,0
260	-20.75	17.75	219	250,0
260	-20.25	17.75	219	250,0
260	-20.25	17.25	219	250,0
260	-20.75	17.25	219	250,0
261	-12.25	8.75	219	200,50
261	-12.25	9.25	219	200,50
261	-11.75	9.25	219	200,50
261	-11.75	7.75	219	200,50
261	-12.25	7.75	219	200,50
261	-12.25	8.75	219	200,50
261	-19.25	17.75	219	250,0
261	-19.25	18.25	219	250,0
261	-18.75	18.25	219	250,0
261	-18.75	17.75	219	250,0
261	-19.25	17.75	219	250,0
262	-10.25	7.75	219	200,50
262	-10.25	8.25	219	200,50
262	-9.75	8.25	219	200,50
262	-9.75	7.75	219	200,50
262	-10.25	7.75	219	200,50
262	-18.25	16.75	219	250,0
262	-18.25	17.25	219	250,0
262	-17.75	17.25	219	250,0
262	-17.75	16.75	219	250,0
262	-18.25	16.75	219	250,0
263	-10.25	4.75	219	200,50
263	-10.25	5.25	219	200,50
263	-9.75	5.25	219	200,50
263	-9.25	4.75	219	200,50
263	-9.25	4.25	219	200,50
263	-9.75	4.25	219	200,50
263	-10.25	4.75	219	200,50
263	-19.25	13.75	219	250,0
263	-19.25	14.25	219	250,0
263	-18.75	14.25	219	250,0
263	-17.75	13.25	219	250,0
263	-17.75	12.75	219	250,0
263	-18.25	12.75	219	250,0
263	-19.25	13.75	219	250,0
264	-8.25	5.75	219	200,50
264	-8.25	6.25	219	200,50
264	-7.75	6.25	219	200,50
264	-7.75	5.75	219	200,50
264	-8.25	5.75	219	200,50
264	-17.75	14.25	219	250,0
264	-17.75	14.75	219	250,0
264	-17.25	14.75	219	250,0
264	-17.25	14.25	219	250,0
264	-17.75	14.25	219	250,0
265	-8.25	3.75	219	200,50
265	-8.25	4.25	219	200,50
265	-7.75	4.25	219	200,50
265	-7.75	3.75	219	200,50
265	-8.25	3.75	219	200,50
265	-15.75	15.25	219	250,0
265	-15.75	15.75	219	250,0
265	-15.25	15.75	219	250,0
265	-14.75	15.25	219	250,0
265	-14.75	14.75	219	250,0
265	-15.25	14.75	219	250,0
265	-15.75	15.25	219	250,0
266	-7.75	2.25	219	200,50
266	-7.75	2.75	219	200,50
266	-7.25	2.75	219	200,50
266	-6.25	1.75	219	200,50
266	-6.25	1.25	219	200,50
266	-6.75	1.25	219	200,50
266	-7.75	2.25	219	200,50
266	-17.25	11.75	219	250,0
266	-17.25	12.25	219	250,0
266	-16.75	12.25	219	250,0
266	-16.25	11.75	219	250,0
266	-16.25	11.25	219	250,0
266	-16.75	11.25	219	250,0
266	-17.25	11.75	219	250,0
267	-6.25	3.75	219	200,50
267	-6.25	4.25	219	200,50
267	-5.75	4.25	219	200,50
267	-5.75	3.75	219	200,50
267	-6.25	3.75	219	200,50
267	-15.25	12.75	219	250,0
267	-15.25	13.25	219	250,0
267	-14.75	13.25	219	250,0
267	-14.25	12.75	219	250,0
267	-14.25	12.25	219	250,0
267	-14.75	12.25	219	250,0
267	-15.25	12.75	219	250,0
269	-4.75	4.25	219	200,50
269	-4.75	4.75	219	200,50
269	-4.25	4.75	219	200,50
269	-4.25	4.25	219	200,50
269	-4.75	4.25	219	200,50
269	-15.75	10.25	219	250,0
269	-15.75	10.75	219	250,0
269	-15.25	10.75	219	250,0
269	-15.25	10.25	219	250,0
269	-15.75	10.25	219	250,0
270	-5.75	2.25	219	200,50
270	-5.75	2.75	219	200,50
270	-5.25	2.75	219	200,50
270	-5.25	2.25	219	200,50
270	-5.75	2.25	219	200,50
270	-13.25	7.75	219	250,0
270	-13.25	8.25	219	250,0
270	-12.75	8.25	219	250,0
270	-12.75	7.75	219	250,0
270	-13.25	7.75	219	250,0
271	-5.75	0.25	219	200,50
271	-5.75	0.75	219	200,50
271	-5.25	0.75	219	200,50
271	-5.25	0.25	219	200,50
271	-5.75	0.25	219	200,50
271	-12.25	6.75	219	250,0
271	-12.25	7.25	219	250,0
271	-11.75	7.25	219	250,0
271	-11.75	6.75	219	250,0
271	-12.25	6.75	219	250,0
272	-4.25	-0.25	219	200,50
272	-4.25	0.25	219	200,50
272	-3.75	0.25	219	200,50
272	-3.75	-0.25	219	200,50
272	-4.25	-0.25	219	200,50
272	-11.25	5.75	219	250,0
272	-11.25	6.25	219	250,0
272	-10.75	6.25	219	250,0
272	-10.25	5.75	219	250,0
272	-9.25	5.75	219	250,0
272	-9.25	4.75	219	250,0
272	-6.75	2.25	219	250,0
272	-6.75	1.75	219	250,0
272	-7.25	1.75	219	250,0
272	-11.25	5.75	219	250,0
273	-3.25	0.25	219	200,50
273	-3.25	-0.25	219	200,50
273	-2.75	-0.25	219	200,50
273	-2.75	0.25	219	200,50
273	-3.25	0.25	219	200,50
273	-8.25	6.75	219	250,0
273	-8.25	7.25	219	250,0
273	-7.75	7.25	219	250,0
273	-7.25	6.75	219	250,0
273	-7.25	6.25	219	250,0
273	-7.75	6.25	219	250,0
273	-8.25	6.75	219	250,0
274	-1.75	0.25	219	200,50
274	-1.75	0.75	219	200,50
274	-1.25	0.75	219	200,50
274	-1.25	0.25	219	200,50
274	-1.75	0.25	219	200,50
274	-8.25	4.75	219	250,0
274	-8.25	5.25	219	250,0
274	-7.75	5.25	219	250,0
274	-7.75	4.75	219	250,0
274	-8.25	4.75	219	250,0
320	-30.25	49.25	242	150,0
320	-30.25	48.75	242	150,0
320	-29.75	48.75	242	150,0
320	-29.75	49.25	242	150,0
320	-30.25	49.25	242	150,0
321	-29.25	49.25	242	150,0
321	-29.25	47.75	242	150,0
321	-28.75	47.75	242	150,0
321	-27.75	48.75	242	150,0
321	-27.75	49.25	242	150,0
321	-29.25	49.25	242	150,0
322	-15.25	48.75	242	150,0
322	-15.25	49.25	242	150,0
322	-14.75	49.25	242	150,0
322	-14.75	48.75	242	150,0
322	-15.25	48.75	242	150,0
323	-12.75	48.25	242	150,0
323	-12.75	48.75	242	150,0
323	-12.25	49.25	242	150,0
323	-11.75	49.25	242	150,0
323	-11.25	48.75	242	150,0
323	-11.25	47.75	242	150,0
323	-10.25	46.75	242	150,0
323	-10.25	45.25	242	150,0
323	-10.75	44.75	242	150,0
323	-10.75	43.75	242	150,0
323	-11.75	43.75	242	150,0
323	-11.75	42.75	242	150,0
323	-12.75	42.75	242	150,0
323	-12.75	42.25	242	150,0
323	-12.25	41.75	242	150,0
323	-12.25	41.25	242	150,0
323	-12.75	41.25	242	150,0
323	-13.25	41.75	242	150,0
323	-13.75	41.75	242	150,0
323	-13.75	40.75	242	150,0
323	-15.25	39.25	242	150,0
323	-15.25	38.25	242	150,0
323	-15.75	37.75	242	150,0
323	-16.25	37.75	242	150,0
323	-17.25	38.75	242	150,0
323	-17.25	39.25	242	150,0
323	-16.25	39.25	242	150,0
323	-16.25	39.75	242	150,0
323	-16.75	40.25	242	150,0
323	-16.75	40.75	242	150,0
323	-15.75	40.75	242	150,0
323	-15.75	41.75	242	150,0
323	-14.75	41.75	242	150,0
323	-14.75	42.25	242	150,0
323	-15.75	43.25	242	150,0
323	-15.75	43.75	242	150,0
323	-14.25	45.25	242	150,0
323	-13.75	45.25	242	150,0
323	-13.75	44.25	242	150,0
323	-13.25	43.75	242	150,0
323	-12.75	43.75	242	150,0
323	-11.75	44.75	242	150,0
323	-11.75	45.25	242	150,0
323	-13.25	46.75	242	150,0
323	-13.25	47.25	242	150,0
323	-12.25	47.25	242	150,0
323	-12.25	47.75	242	150,0
323	-12.75	48.25	242	150,0
51	-23.25	6.75	120	250,150
51	-23.25	7.25	120	250,150
51	-21.75	7.25	120	250,150
51	-20.75	6.25	120	250,150
51	-20.25	6.25	120	250,150
51	-19.75	6.75	120	250,150
51	-19.75	7.25	120	250,150
51	-20.25	7.75	120	250,150
51	-20.25	9.25	120	250,150
51	-18.75	10.75	120	250,150
51	-17.75	10.75	120	250,150
51	-17.75	11.25	120	250,150
51	-18.25	11.75	120	250,150
51	-18.25	12.25	120	250,150
51	-17.75	12.25	120	250,150
51	-16.75	11.25	120	250,150
51	-15.75	11.25	120	250,150
51	-15.75	10.25	120	250,150
51	-14.75	9.25	120	250,150
51	-14.75	8.75	120	250,150
51	-16.75	6.75	120	250,150
51	-18.75	6.75	120	250,150
51	-18.75	5.75	120	250,150
51	-19.25	5.25	120	250,150
51	-19.25	4.75	120	250,150
51	-18.75	4.25	120	250,150
51	-17.75	4.25	120	250,150
51	-17.75	3.25	120	250,150
51	-14.75	0.25	120	250,150
51	-14.25	0.25	120	250,150
51	-13.75	0.75	120	250,150
51	-13.75	1.25	120	250,150
51	-14.75	1.25	120	250,150
51	-14.75	3.25	120	250,150
51	-16.25	4.75	120	250,150
51	-16.25	6.25	120	250,150
51	-15.25	6.25	120	250,150
51	-13.75	7.75	120	250,150
51	-12.25	7.75	120	250,150
51	-11.25	6.75	120	250,150
51	-10.25	6.75	120	250,150
51	-10.25	6.25	120	250,150
51	-11.25	5.25	120	250,150
51	-11.25	4.75	120	250,150
51	-10.25	4.75	120	250,150
51	-9.75	4.25	120	250,150
51	-9.25	4.25	120	250,150
51	-8.25	5.25	120	250,150
51	-7.75	5.25	120	250,150
51	-6.75	4.25	120	250,150
51	-6.75	2.75	120	250,150
51	-7.25	2.25	120	250,150
51	-7.25	1.75	120	250,150
51	-6.75	1.75	120	250,150
51	-6.25	2.25	120	250,150
51	-5.75	2.25	120	250,150
51	-5.75	1.75	120	250,150
51	-6.75	0.75	120	250,150
51	-6.75	-0.25	120	250,150
51	-7.25	-0.75	120	250,150
51	-24.75	-0.75	120	250,150
51	-25.25	-0.25	120	250,150
51	-26.25	-0.25	120	250,150
51	-26.75	0.25	120	250,150
51	-26.75	1.75	120	250,150
51	-25.75	2.75	120	250,150
51	-25.75	3.75	120	250,150
51	-24.75	3.75	120	250,150
51	-24.75	4.75	120	250,150
51	-23.75	4.75	120	250,150
51	-23.25	5.25	120	250,150
51	-23.25	6.75	120	250,150
51	-24.25	48.75	120	250,100
51	-24.25	49.25	120	250,100
51	-7.75	49.25	120	250,100
51	-7.25	48.75	120	250,100
51	-7.25	48.25	120	250,100
51	-8.75	46.75	120	250,100
51	-9.25	46.75	120	250,100
51	-10.25	47.75	120	250,100
51	-10.75	47.75	120	250,100
51	-10.75	47.25	120	250,100
51	-10.25	46.75	120	250,100
51	-10.25	46.25	120	250,100
51	-10.75	45.75	120	250,100
51	-10.75	44.75	120	250,100
51	-11.75	44.75	120	250,100
51	-12.25	44.25	120	250,100
51	-12.25	43.25	120	250,100
51	-13.25	43.25	120	250,100
51	-16.75	39.75	120	250,100
51	-17.25	39.75	120	250,100
51	-18.25	40.75	120	250,100
51	-19.25	40.75	120	250,100
51	-19.75	41.25	120	250,100
51	-19.75	42.25	120	250,100
51	-20.75	42.25	120	250,100
51	-21.75	43.25	120	250,100
51	-22.75	43.25	120	250,100
51	-22.75	43.75	120	250,100
51	-22.25	44.25	120	250,100
51	-22.25	45.75	120	250,100
51	-23.25	45.75	120	250,100
51	-24.25	46.75	120	250,100
51	-24.25	48.75	120	250,100
159	-0.25	29.75	158	250,150
159	-0.25	30.25	158	250,150
159	1.25	31.75	158	250,150
159	2.25	31.75	158	250,150
159	2.75	32.25	158	250,150
159	3.75	32.25	158	250,150
159	4.25	32.75	158	250,150
159	4.75	32.75	158	250,150
159	4.75	22.25	158	250,150
159	4.25	22.25	158	250,150
159	4.25	23.25	158	250,150
159	2.25	25.25	158	250,150
159	1.25	25.25	158	250,150
159	1.25	25.75	158	250,150
159	1.75	26.25	158	250,150
159	2.25	26.25	158	250,150
159	3.25	25.25	158	250,150
159	3.75	25.25	158	250,150
159	4.25	25.75	158	250,150
159	4.25	26.25	158	250,150
159	3.75	26.75	158	250,150
159	2.75	26.75	158	250,150
159	2.25	27.25	158	250,150
159	1.75	27.25	158	250,150
159	1.25	26.75	158	250,150
159	-0.25	26.75	158	250,150
159	-0.25	27.75	158	250,150
159	-0.75	28.25	158	250,150
159	-0.75	28.75	158	250,150
159	-0.25	29.25	158	250,150
159	-0.25	29.75	158	250,150
159	-45.25	31.75	158	300,150
159	-45.25	32.25	158	300,150
159	-44.75	32.75	158	300,150
159	-44.25	32.75	158	300,150
159	-43.75	32.25	158	300,150
159	-42.75	32.25	158	300,150
159	-41.25	30.75	158	300,150
159	-40.25	30.75	158	300,150
159	-35.75	26.25	158	300,150
159	-35.75	25.25	158	300,150
159	-35.25	24.75	158	300,150
159	-35.25	24.25	158	300,150
159	-36.25	23.25	158	300,150
159	-36.25	22.75	158	300,150
159	-35.25	21.75	158	300,150
159	-35.25	21.25	158	300,150
159	-36.75	19.75	158	300,150
159	-37.75	19.75	158	300,150
159	-37.75	18.75	158	300,150
159	-39.25	17.25	158	300,150
159	-40.75	17.25	158	300,150
159	-45.25	21.75	158	300,150
159	-45.25	31.75	158	300,150
169	-27.75	2.25	166	300,200
169	-27.75	2.75	166	300,200
169	-26.75	2.75	166	300,200
169	-26.75	3.75	166	300,200
169	-25.75	4.75	166	300,200
169	-24.75	4.75	166	300,200
169	-23.75	5.75	166	300,200
169	-23.75	6.75	166	300,200
169	-22.75	7.75	166	300,200
169	-21.75	7.75	166	300,200
169	-21.25	8.25	166	300,200
169	-20.75	8.25	166	300,200
169	-20.25	7.75	166	300,200
169	-20.25	6.75	166	300,200
169	-19.75	6.25	166	300,200
169	-18.75	6.25	166	300,200
169	-18.75	5.25	166	300,200
169	-16.75	5.25	166	300,200
169	-16.75	4.25	166	300,200
169	-15.75	3.25	166	300,200
169	-15.75	2.25	166	300,200
169	-13.75	0.25	166	300,200
169	-12.75	0.25	166	300,200
169	-11.75	-0.75	166	300,200
169	-11.75	-1.25	166	300,200
169	-23.25	-1.25	166	300,200
169	-23.75	-0.75	166	300,200
169	-24.75	-0.75	166	300,200
169	-24.75	-0.25	166	300,200
169	-24.25	0.25	166	300,200
169	-24.25	0.75	166	300,200
169	-26.25	0.75	166	300,200
169	-27.75	2.25	166	300,200
169	-23.75	48.25	166	300,150
169	-23.75	48.75	166	300,150
169	-12.25	48.75	166	300,150
169	-10.25	46.75	166	300,150
169	-10.25	46.25	166	300,150
169	-15.25	41.25	166	300,150
169	-15.75	41.25	166	300,150
169	-16.75	42.25	166	300,150
169	-17.75	42.25	166	300,150
169	-23.75	48.25	166	300,150
480	-10.25	18.75	49	150,50
480	-10.25	19.25	49	150,50
480	-8.25	21.25	49	150,50
480	-6.75	21.25	49	150,50
480	-6.25	20.75	49	150,50
480	-6.25	20.25	49	150,50
480	-8.75	17.75	49	150,50
480	-8.75	17.25	49	150,50
480	-8.25	16.75	49	150,50
480	-7.75	16.75	49	150,50
480	-5.25	19.25	49	150,50
480	-4.75	19.25	49	150,50
480	-4.75	18.75	49	150,50
480	-7.25	16.25	49	150,50
480	-7.25	15.75	49	150,50
480	-6.75	15.25	49	150,50
480	-6.25	15.25	49	150,50
480	-3.25	18.25	49	150,50
480	-2.75	18.25	49	150,50
480	-1.25	16.75	49	150,50
480	-1.25	15.75	49	150,50
480	-0.25	14.75	49	150,50
480	1.25	14.75	49	150,50
480	1.25	15.25	49	150,50
480	-2.25	18.75	49	150,50
480	-2.25	19.25	49	150,50
480	-1.75	19.25	49	150,50
480	4.25	13.25	49	150,50
480	4.25	12.75	49	150,50
480	3.75	12.75	49	150,50
480	2.75	13.75	49	150,50
480	2.25	13.75	49	150,50
480	2.25	13.25	49	150,50
480	2.75	12.75	49	150,50
480	2.75	11.75	49	150,50
480	3.75	10.75	49	150,50
480	3.75	10.25	49	150,50
480	-1.25	5.25	49	150,50
480	-1.75	5.25	49	150,50
480	-2.25	5.75	49	150,50
480	-2.25	6.75	49	150,50
480	-3.25	6.75	49	150,50
480	-4.25	7.75	49	150,50
480	-4.25	9.25	49	150,50
480	-3.25	10.25	49	150,50
480	-3.25	10.75	49	150,50
480	-4.75	12.25	49	150,50
480	-5.25	12.25	49	150,50
480	-5.25	11.25	49	150,50
480	-5.75	10.75	49	150,50
480	-7.25	10.75	49	150,50
480	-8.75	12.25	49	150,50
480	-8.75	12.75	49	150,50
480	-7.25	14.25	49	150,50
480	-7.25	14.75	49	150,50
480	-7.75	15.25	49	150,50
480	-8.25	15.25	49	150,50
480	-9.75	13.75	49	150,50
480	-10.25	13.75	49	150,50
480	-10.25	14.25	49	150,50
480	-8.75	15.75	49	150,50
480	-8.75	16.25	49	150,50
480	-9.25	16.75	49	150,50
480	-9.75	16.75	49	150,50
480	-11.25	15.25	49	150,50
480	-11.75	15.25	49	150,50
480	-11.75	15.75	49	150,50
480	-10.25	17.25	49	150,50
480	-10.25	18.75	49	150,50
342	-7.75	48.75	257	300,150
342	-7.75	48.25	257	300,150
342	-7.25	48.25	257	300,150
342	-7.25	48.75	257	300,150
342	-7.75	48.75	257	300,150
381	-14.75	10.25	284	150,50
381	-14.75	10.75	284	150,50
381	-13.75	10.75	284	150,50
381	-12.75	11.75	284	150,50
381	-12.25	11.75	284	150,50
381	-12.25	11.25	284	150,50
381	-12.75	10.75	284	150,50
381	-12.75	10.25	284	150,50
381	-10.75	10.25	284	150,50
381	-8.75	8.25	284	150,50
381	-8.75	7.25	284	150,50
381	-8.25	6.75	284	150,50
381	-7.25	6.75	284	150,50
381	-4.25	3.75	284	150,50
381	-4.25	3.25	284	150,50
381	-4.75	3.25	284	150,50
381	-5.25	3.75	284	150,50
381	-5.75	3.75	284	150,50
381	-5.75	3.25	284	150,50
381	-5.25	2.75	284	150,50
381	-5.25	2.25	284	150,50
381	-5.75	2.25	284	150,50
381	-9.75	6.25	284	150,50
381	-9.75	7.25	284	150,50
381	-11.25	7.25	284	150,50
381	-12.25	6.25	284	150,50
381	-12.25	5.75	284	150,50
381	-11.75	5.25	284	150,50
381	-11.75	4.75	284	150,50
381	-12.25	4.25	284	150,50
381	-12.75	4.25	284	150,50
381	-14.75	6.25	284	150,50
381	-14.75	6.75	284	150,50
381	-14.25	7.25	284	150,50
381	-13.25	7.25	284	150,50
381	-13.25	8.25	284	150,50
381	-12.75	8.75	284	150,50
381	-12.75	9.25	284	150,50
381	-13.25	9.75	284	150,50
381	-13.75	9.75	284	150,50
381	-14.25	9.25	284	150,50
381	-14.75	9.25	284	150,50
381	-14.75	10.25	284	150,50
62	-29.75	44.25	126	150,0
62	-29.75	44.75	126	150,0
62	-28.75	45.75	126	150,0
62	-28.25	45.75	126	150,0
62	-27.25	44.75	126	150,0
62	-26.25	44.75	126	150,0
62	-24.25	42.75	126	150,0
62	-24.25	41.75	126	150,0
62	-23.25	41.75	126	150,0
62	-21.75	40.25	126	150,0
62	-21.75	39.25	126	150,0
62	-20.25	37.75	126	150,0
62	-20.25	37.25	126	150,0
62	-20.75	37.25	126	150,0
62	-22.25	38.75	126	150,0
62	-22.75	38.75	126	150,0
62	-24.25	37.25	126	150,0
62	-24.25	36.75	126	150,0
62	-23.25	36.75	126	150,0
62	-22.25	35.75	126	150,0
62	-22.25	35.25	126	150,0
62	-22.75	34.75	126	150,0
62	-22.75	33.75	126	150,0
62	-23.75	33.75	126	150,0
62	-24.25	33.25	126	150,0
62	-24.75	33.25	126	150,0
62	-24.75	33.75	126	150,0
62	-24.25	34.25	126	150,0
62	-24.25	34.75	126	150,0
62	-24.75	34.75	126	150,0
62	-25.25	34.25	126	150,0
62	-25.75	34.25	126	150,0
62	-26.25	34.75	126	150,0
62	-27.25	34.75	126	150,0
62	-29.75	37.25	126	150,0
62	-31.25	37.25	126	150,0
62	-31.25	36.75	126	150,0
62	-30.75	36.25	126	150,0
62	-30.75	35.75	126	150,0
62	-31.25	35.25	126	150,0
62	-33.25	35.25	126	150,0
62	-33.25	34.75	126	150,0
62	-32.75	34.25	126	150,0
62	-32.75	33.75	126	150,0
62	-34.25	32.25	126	150,0
62	-34.25	31.75	126	150,0
62	-33.75	31.25	126	150,0
62	-32.25	31.25	126	150,0
62	-30.75	32.75	126	150,0
62	-30.75	34.75	126	150,0
62	-30.25	34.75	126	150,0
62	-29.75	34.25	126	150,0
62	-28.75	34.25	126	150,0
62	-27.25	32.75	126	150,0
62	-27.25	32.25	126	150,0
62	-28.25	31.25	126	150,0
62	-29.25	31.25	126	150,0
62	-29.25	30.25	126	150,0
62	-30.75	28.75	126	150,0
62	-30.75	28.25	126	150,0
62	-30.25	28.25	126	150,0
62	-28.75	29.75	126	150,0
62	-28.25	29.75	126	150,0
62	-28.25	29.25	126	150,0
62	-29.75	27.75	126	150,0
62	-29.75	26.75	126	150,0
62	-31.25	26.75	126	150,0
62	-32.75	28.25	126	150,0
62	-33.25	28.25	126	150,0
62	-34.25	27.25	126	150,0
62	-34.75	27.25	126	150,0
62	-34.75	29.75	126	150,0
62	-34.25	30.25	126	150,0
62	-34.25	30.75	126	150,0
62	-34.75	31.25	126	150,0
62	-35.75	31.25	126	150,0
62	-36.25	31.75	126	150,0
62	-36.75	31.75	126	150,0
62	-36.75	30.75	126	150,0
62	-37.75	29.75	126	150,0
62	-38.25	29.75	126	150,0
62	-39.75	31.25	126	150,0
62	-39.75	31.75	126	150,0
62	-33.25	38.25	126	150,0
62	-32.75	38.25	126	150,0
62	-32.25	37.75	126	150,0
62	-31.75	37.75	126	150,0
62	-31.75	39.75	126	150,0
62	-29.25	42.25	126	150,0
62	-28.25	42.25	126	150,0
62	-28.25	43.25	126	150,0
62	-27.75	43.75	126	150,0
62	-27.75	44.25	126	150,0
62	-28.25	44.75	126	150,0
62	-28.75	44.75	126	150,0
62	-29.25	44.25	126	150,0
62	-29.75	44.25	126	150,0
544	-34.75	37.25	7	300,150
544	-34.75	37.75	7	300,150
544	-33.25	37.75	7	300,150
544	-32.25	36.75	7	300,150
544	-31.75	36.75	7	300,150
544	-31.25	37.25	7	300,150
544	-31.25	37.75	7	300,150
544	-32.75	39.25	7	300,150
544	-32.75	39.75	7	300,150
544	-32.25	39.75	7	300,150
544	-30.75	38.25	7	300,150
544	-30.25	38.25	7	300,150
544	-30.25	38.75	7	300,150
544	-31.25	39.75	7	300,150
544	-31.25	40.25	7	300,150
544	-28.75	40.25	7	300,150
544	-28.75	39.25	7	300,150
544	-28.25	38.75	7	300,150
544	-27.75	38.75	7	300,150
544	-27.75	39.75	7	300,150
544	-27.25	40.25	7	300,150
544	-26.75	40.25	7	300,150
544	-26.75	39.25	7	300,150
544	-25.75	39.25	7	300,150
544	-24.75	38.25	7	300,150
544	-24.75	37.25	7	300,150
544	-24.25	36.75	7	300,150
544	-22.25	36.75	7	300,150
544	-21.75	36.25	7	300,150
544	-21.25	36.25	7	300,150
544	-21.25	36.75	7	300,150
544	-21.75	37.25	7	300,150
544	-21.75	37.75	7	300,150
544	-21.25	37.75	7	300,150
544	-20.75	37.25	7	300,150
544	-19.25	37.25	7	300,150
544	-19.25	38.75	7	300,150
544	-22.25	41.75	7	300,150
544	-22.25	43.25	7	300,150
544	-21.75	43.25	7	300,150
544	-20.25	41.75	7	300,150
544	-19.25	41.75	7	300,150
544	-17.75	40.25	7	300,150
544	-15.75	40.25	7	300,150
544	-15.25	39.75	7	300,150
544	-12.75	39.75	7	300,150
544	-12.75	41.75	7	300,150
544	-9.25	45.25	7	300,150
544	-9.25	46.25	7	300,150
544	-8.75	46.25	7	300,150
544	-8.25	45.75	7	300,150
544	-7.75	45.75	7	300,150
544	-7.75	46.25	7	300,150
544	-8.25	46.75	7	300,150
544	-8.25	48.25	7	300,150
544	-7.25	48.25	7	300,150
544	-6.75	48.75	7	300,150
544	-3.25	48.75	7	300,150
544	-3.25	48.25	7	300,150
544	-3.75	47.75	7	300,150
544	-3.75	47.25	7	300,150
544	-2.75	46.25	7	300,150
544	-1.75	46.25	7	300,150
544	-0.25	44.75	7	300,150
544	-0.25	44.25	7	300,150
544	-0.75	44.25	7	300,150
544	-1.25	44.75	7	300,150
544	-1.75	44.75	7	300,150
544	-2.25	44.25	7	300,150
544	-2.25	43.75	7	300,150
544	-1.75	43.25	7	300,150
544	-1.75	42.75	7	300,150
544	-2.75	41.75	7	300,150
544	-3.75	41.75	7	300,150
544	-4.25	41.25	7	300,150
544	-4.75	41.25	7	300,150
544	-5.75	42.25	7	300,150
544	-6.25	42.25	7	300,150
544	-6.75	41.75	7	300,150
544	-6.75	41.25	7	300,150
544	-6.25	40.75	7	300,150
544	-6.25	40.25	7	300,150
544	-7.25	40.25	7	300,150
544	-9.25	38.25	7	300,150
544	-10.25	38.25	7	300,150
544	-11.75	36.75	7	300,150
544	-11.75	34.25	7	300,150
544	-8.25	30.75	7	300,150
544	-8.25	30.25	7	300,150
544	-9.75	28.75	7	300,150
544	-9.75	28.25	7	300,150
544	-7.75	26.25	7	300,150
544	-6.25	26.25	7	300,150
544	-4.75	27.75	7	300,150
544	-4.75	29.25	7	300,150
544	-5.75	29.25	7	300,150
544	-6.75	30.25	7	300,150
544	-6.75	31.75	7	300,150
544	-6.25	32.25	7	300,150
544	-5.75	32.25	7	300,150
544	-4.75	31.25	7	300,150
544	-4.25	31.25	7	300,150
544	-3.25	32.25	7	300,150
544	-2.75	32.25	7	300,150
544	-2.25	31.75	7	300,150
544	-2.25	31.25	7	300,150
544	-3.75	29.75	7	300,150
544	-3.75	28.25	7	300,150
544	-2.75	27.25	7	300,150
544	-2.25	27.25	7	300,150
544	1.75	31.25	7	300,150
544	2.25	31.25	7	300,150
544	2.75	30.75	7	300,150
544	2.75	30.25	7	300,150
544	-1.25	26.25	7	300,150
544	-1.25	25.75	7	300,150
544	0.25	24.25	7	300,150
544	1.25	24.25	7	300,150
544	1.75	23.75	7	300,150
544	2.75	23.75	7	300,150
544	2.75	23.25	7	300,150
544	2.25	22.75	7	300,150
544	0.75	22.75	7	300,150
544	0.25	23.25	7	300,150
544	-0.25	23.25	7	300,150
544	-1.25	22.25	7	300,150
544	-2.25	22.25	7	300,150
544	-2.25	21.75	7	300,150
544	-1.25	20.75	7	300,150
544	-1.25	18.75	7	300,150
544	-0.75	18.25	7	300,150
544	-0.75	17.75	7	300,150
544	-1.25	17.25	7	300,150
544	-1.25	16.25	7	300,150
544	-2.25	16.25	7	300,150
544	-2.75	15.75	7	300,150
544	-4.25	15.75	7	300,150
544	-4.25	16.75	7	300,150
544	-5.25	16.75	7	300,150
544	-5.25	17.25	7	300,150
544	-4.25	18.25	7	300,150
544	-4.25	18.75	7	300,150
544	-4.75	18.75	7	300,150
544	-5.75	17.75	7	300,150
544	-6.25	17.75	7	300,150
544	-6.75	18.25	7	300,150
544	-7.25	18.25	7	300,150
544	-7.75	17.75	7	300,150
544	-8.25	17.75	7	300,150
544	-8.25	18.25	7	300,150
544	-7.75	18.75	7	300,150
544	-7.75	19.75	7	300,150
544	-7.25	20.25	7	300,150
544	-7.25	20.75	7	300,150
544	-8.25	21.75	7	300,150
544	-8.75	21.75	7	300,150
544	-9.75	20.75	7	300,150
544	-9.75	19.75	7	300,150
544	-10.75	18.75	7	300,150
544	-11.25	18.75	7	300,150
544	-11.75	19.25	7	300,150
544	-11.75	20.75	7	300,150
544	-9.25	23.25	7	300,150
544	-9.25	23.75	7	300,150
544	-9.75	24.25	7	300,150
544	-11.25	24.25	7	300,150
544	-11.75	23.75	7	300,150
544	-12.75	23.75	7	300,150
544	-13.25	23.25	7	300,150
544	-13.75	23.25	7	300,150
544	-14.25	23.75	7	300,150
544	-14.75	23.75	7	300,150
544	-15.25	23.25	7	300,150
544	-16.25	23.25	7	300,150
544	-18.75	20.75	7	300,150
544	-19.25	20.75	7	300,150
544	-22.25	23.75	7	300,150
544	-22.75	23.75	7	300,150
544	-23.25	23.25	7	300,150
544	-23.25	22.75	7	300,150
544	-22.75	22.25	7	300,150
544	-22.75	21.75	7	300,150
544	-23.25	21.75	7	300,150
544	-24.75	23.25	7	300,150
544	-24.75	24.25	7	300,150
544	-26.75	26.25	7	300,150
544	-28.75	26.25	7	300,150
544	-28.75	27.25	7	300,150
544	-29.75	28.25	7	300,150
544	-29.75	28.75	7	300,150
544	-29.25	28.75	7	300,150
544	-28.75	28.25	7	300,150
544	-28.25	28.25	7	300,150
544	-28.25	29.75	7	300,150
544	-31.75	33.25	7	300,150
544	-31.75	34.25	7	300,150
544	-32.75	34.25	7	300,150
544	-34.75	36.25	7	300,150
544	-34.75	37.25	7	300,150
544	-7.25	0.75	7	300,200
544	-7.25	1.25	7	300,200
544	-6.75	1.25	7	300,200
544	-6.25	0.75	7	300,200
544	-5.75	0.75	7	300,200
544	-5.25	1.25	7	300,200
544	-4.75	1.25	7	300,200
544	-4.75	0.25	7	300,200
544	-2.75	0.25	7	300,200
544	-1.75	-0.75	7	300,200
544	-1.75	-1.25	7	300,200
544	-6.25	-1.25	7	300,200
544	-6.25	-0.25	7	300,200
544	-7.25	0.75	7	300,200
545	-25.75	28.25	7	300,150
545	-25.75	28.75	7	300,150
545	-25.25	29.25	7	300,150
545	-24.25	29.25	7	300,150
545	-24.25	30.25	7	300,150
545	-23.75	30.75	7	300,150
545	-23.25	30.75	7	300,150
545	-22.75	30.25	7	300,150
545	-22.25	30.25	7	300,150
545	-21.75	30.75	7	300,150
545	-20.75	30.75	7	300,150
545	-20.25	31.25	7	300,150
545	-19.25	31.25	7	300,150
545	-19.25	32.25	7	300,150
545	-17.25	34.25	7	300,150
545	-16.75	34.25	7	300,150
545	-16.25	33.75	7	300,150
545	-16.25	33.25	7	300,150
545	-16.75	32.75	7	300,150
545	-17.75	32.75	7	300,150
545	-17.75	31.75	7	300,150
545	-18.75	30.75	7	300,150
545	-18.75	30.25	7	300,150
545	-18.25	29.75	7	300,150
545	-18.25	28.25	7	300,150
545	-18.75	28.25	7	300,150
545	-19.25	28.75	7	300,150
545	-19.75	28.75	7	300,150
545	-19.75	26.75	7	300,150
545	-20.25	26.25	7	300,150
545	-20.75	26.25	7	300,150
545	-21.25	26.75	7	300,150
545	-21.75	26.75	7	300,150
545	-23.25	25.25	7	300,150
545	-23.75	25.25	7	300,150
545	-25.75	27.25	7	300,150
545	-25.75	28.25	7	300,150
546	-2.75	48.75	7	300,150
546	-2.75	48.25	7	300,150
546	-1.75	47.25	7	300,150
546	-1.25	47.25	7	300,150
546	-0.75	47.75	7	300,150
546	-0.75	48.25	7	300,150
546	-1.25	48.75	7	300,150
546	-2.75	48.75	7	300,150
285	-1.75	19.25	22	150,50
285	-1.75	19.75	22	150,50
285	-0.75	20.75	22	150,50
285	-0.25	20.75	22	150,50
285	0.75	19.75	22	150,50
285	1.75	19.75	22	150,50
285	2.25	19.25	22	150,50
285	2.75	19.25	22	150,50
285	3.25	19.75	22	150,50
285	3.75	19.75	22	150,50
285	3.75	19.25	22	150,50
285	3.25	18.75	22	150,50
285	3.25	18.25	22	150,50
285	4.75	16.75	22	150,50
285	4.75	13.25	22	150,50
285	4.25	13.25	22	150,50
285	-1.75	19.25	22	150,50
285	-45.25	15.75	22	200,50
285	-45.25	16.25	22	200,50
285	-43.75	16.25	22	200,50
285	-43.75	15.25	22	200,50
285	-43.25	14.75	22	200,50
285	-42.75	14.75	22	200,50
285	-41.25	16.25	22	200,50
285	-41.25	16.75	22	200,50
285	-41.75	17.25	22	200,50
285	-41.75	17.75	22	200,50
285	-41.25	17.75	22	200,50
285	-39.25	15.75	22	200,50
285	-39.25	14.75	22	200,50
285	-36.75	12.25	22	200,50
285	-36.25	12.25	22	200,50
285	-35.25	13.25	22	200,50
285	-35.25	14.25	22	200,50
285	-34.75	14.75	22	200,50
285	-34.75	15.25	22	200,50
285	-35.25	15.75	22	200,50
285	-35.75	15.75	22	200,50
285	-36.25	15.25	22	200,50
285	-36.75	15.25	22	200,50
285	-37.75	16.25	22	200,50
285	-37.75	17.75	22	200,50
285	-34.75	20.75	22	200,50
285	-34.25	20.75	22	200,50
285	-33.75	20.25	22	200,50
285	-33.25	20.25	22	200,50
285	-32.75	20.75	22	200,50
285	-32.75	21.75	22	200,50
285	-32.25	22.25	22	200,50
285	-31.75	22.25	22	200,50
285	-13.25	3.75	22	200,50
285	-13.25	1.75	22	200,50
285	-12.75	1.25	22	200,50
285	-12.75	0.75	22	200,50
285	-13.25	0.25	22	200,50
285	-13.75	0.25	22	200,50
285	-14.25	0.75	22	200,50
285	-14.75	0.75	22	200,50
285	-15.25	0.25	22	200,50
285	-15.25	-0.75	22	200,50
285	-25.75	-0.75	22	200,50
285	-26.75	0.25	22	200,50
285	-26.75	1.25	22	200,50
285	-27.75	2.25	22	200,50
285	-29.75	2.25	22	200,50
285	-29.75	4.25	22	200,50
285	-30.25	4.75	22	200,50
285	-31.25	4.75	22	200,50
285	-31.25	5.75	22	200,50
285	-31.75	6.25	22	200,50
285	-32.25	6.25	22	200,50
285	-35.25	3.25	22	200,50
285	-35.75	3.25	22	200,50
285	-40.25	7.75	22	200,50
285	-40.25	8.25	22	200,50
285	-39.25	9.25	22	200,50
285	-39.25	10.75	22	200,50
285	-39.75	11.25	22	200,50
285	-40.75	11.25	22	200,50
285	-41.25	11.75	22	200,50
285	-41.75	11.75	22	200,50
285	-42.25	11.25	22	200,50
285	-42.25	10.25	22	200,50
285	-42.75	10.25	22	200,50
285	-45.25	12.75	22	200,50
285	-45.25	15.75	22	200,50
285	-39.75	48.25	22	200,0
285	-39.75	48.75	22	200,0
285	-39.25	49.25	22	200,0
285	-32.75	49.25	22	200,0
285	-29.25	45.75	22	200,0
285	-28.75	45.75	22	200,0
285	-28.75	46.25	22	200,0
285	-29.75	47.25	22	200,0
285	-29.75	47.75	22	200,0
285	-28.25	49.25	22	200,0
285	-27.75	49.25	22	200,0
285	-27.25	48.75	22	200,0
285	-26.75	48.75	22	200,0
285	-26.25	49.25	22	200,0
285	-12.75	49.25	22	200,0
285	-11.75	48.25	22	200,0
285	-11.75	47.75	22	200,0
285	-12.25	47.25	22	200,0
285	-12.25	46.75	22	200,0
285	-11.25	45.75	22	200,0
285	-10.75	45.75	22	200,0
285	-10.25	46.25	22	200,0
285	-9.75	46.25	22	200,0
285	-7.75	44.25	22	200,0
285	-7.75	43.75	22	200,0
285	-8.25	43.25	22	200,0
285	-8.25	42.75	22	200,0
285	-5.25	39.75	22	200,0
285	-5.25	39.25	22	200,0
285	-6.25	38.25	22	200,0
285	-6.75	38.25	22	200,0
285	-6.75	39.25	22	200,0
285	-7.25	39.25	22	200,0
285	-7.75	38.75	22	200,0
285	-7.75	36.75	22	200,0
285	-8.25	36.25	22	200,0
285	-8.25	35.75	22	200,0
285	-7.75	35.75	22	200,0
285	-7.25	36.25	22	200,0
285	-5.75	36.25	22	200,0
285	-5.25	35.75	22	200,0
285	-5.25	35.25	22	200,0
285	-5.75	34.75	22	200,0
285	-6.25	34.75	22	200,0
285	-6.75	35.25	22	200,0
285	-7.25	35.25	22	200,0
285	-8.25	34.25	22	200,0
285	-8.25	33.25	22	200,0
285	-9.25	33.25	22	200,0
285	-9.25	32.75	22	200,0
285	-7.25	30.75	22	200,0
285	-7.25	29.25	22	200,0
285	-7.75	29.25	22	200,0
285	-10.25	31.75	22	200,0
285	-10.75	31.75	22	200,0
285	-11.75	30.75	22	200,0
285	-11.75	29.75	22	200,0
285	-12.25	29.25	22	200,0
285	-12.75	29.25	22	200,0
285	-16.75	33.25	22	200,0
285	-17.75	33.25	22	200,0
285	-20.75	36.25	22	200,0
285	-20.75	37.25	22	200,0
285	-28.25	44.75	22	200,0
285	-28.75	44.75	22	200,0
285	-32.25	41.25	22	200,0
285	-32.25	40.75	22	200,0
285	-31.75	40.75	22	200,0
285	-29.25	43.25	22	200,0
285	-28.75	43.25	22	200,0
285	-28.25	42.75	22	200,0
285	-27.25	42.75	22	200,0
285	-27.25	42.25	22	200,0
285	-27.75	41.75	22	200,0
285	-27.75	40.75	22	200,0
285	-28.25	40.25	22	200,0
285	-28.25	39.75	22	200,0
285	-27.75	39.75	22	200,0
285	-27.25	40.25	22	200,0
285	-26.75	40.25	22	200,0
285	-25.25	38.75	22	200,0
285	-25.25	38.25	22	200,0
285	-27.25	36.25	22	200,0
285	-27.25	35.75	22	200,0
285	-25.75	34.25	22	200,0
285	-25.25	34.25	22	200,0
285	-22.75	36.75	22	200,0
285	-22.25	36.75	22	200,0
285	-22.25	36.25	22	200,0
285	-24.75	33.75	22	200,0
285	-24.75	33.25	22	200,0
285	-22.25	30.75	22	200,0
285	-22.25	30.25	22	200,0
285	-22.75	30.25	22	200,0
285	-25.25	32.75	22	200,0
285	-25.75	32.75	22	200,0
285	-27.25	31.25	22	200,0
285	-27.75	31.25	22	200,0
285	-27.75	31.75	22	200,0
285	-26.25	33.25	22	200,0
285	-26.25	33.75	22	200,0
285	-30.25	37.75	22	200,0
285	-30.75	37.75	22	200,0
285	-31.75	36.75	22	200,0
285	-33.25	36.75	22	200,0
285	-33.25	37.75	22	200,0
285	-33.75	38.25	22	200,0
285	-33.75	38.75	22	200,0
285	-32.75	39.75	22	200,0
285	-32.75	40.25	22	200,0
285	-33.25	40.75	22	200,0
285	-33.75	40.75	22	200,0
285	-33.75	39.75	22	200,0
285	-34.25	39.25	22	200,0
285	-35.25	39.25	22	200,0
285	-36.25	38.25	22	200,0
285	-37.75	38.25	22	200,0
285	-40.75	41.25	22	200,0
285	-40.75	43.25	22	200,0
285	-41.75	43.25	22	200,0
285	-41.75	43.75	22	200,0
285	-41.25	44.25	22	200,0
285	-41.25	45.25	22	200,0
285	-40.25	45.25	22	200,0
285	-39.25	46.25	22	200,0
285	-38.75	46.25	22	200,0
285	-37.75	45.25	22	200,0
285	-37.75	44.75	22	200,0
285	-39.25	43.25	22	200,0
285	-39.25	42.75	22	200,0
285	-38.75	42.25	22	200,0
285	-37.25	42.25	22	200,0
285	-32.75	46.75	22	200,0
285	-32.75	47.25	22	200,0
285	-33.75	48.25	22	200,0
285	-34.25	48.25	22	200,0
285	-36.75	45.75	22	200,0
285	-37.25	45.75	22	200,0
285	-39.75	48.25	22	200,0
446	-42.25	28.75	333	200,50
446	-42.25	29.25	333	200,50
446	-41.25	30.25	333	200,50
446	-40.75	30.25	333	200,50
446	-39.25	28.75	333	200,50
446	-39.25	27.75	333	200,50
446	-38.25	26.75	333	200,50
446	-37.25	26.75	333	200,50
446	-35.25	24.75	333	200,50
446	-35.25	23.75	333	200,50
446	-34.25	22.75	333	200,50
446	-34.25	22.25	333	200,50
446	-34.75	21.75	333	200,50
446	-35.25	21.75	333	200,50
446	-42.25	28.75	333	200,50
121	-35.25	35.75	139	200,50
121	-35.25	36.25	139	200,50
121	-34.75	36.25	139	200,50
121	-31.75	33.25	139	200,50
121	-31.75	32.75	139	200,50
121	-32.25	32.25	139	200,50
121	-32.75	32.25	139	200,50
121	-35.25	34.75	139	200,50
121	-35.25	35.75	139	200,50
121	-8.25	0.75	139	250,50
121	-8.25	1.25	139	250,50
121	-7.75	1.25	139	250,50
121	-6.25	-0.25	139	250,50
121	-6.25	-0.75	139	250,50
121	-6.75	-0.75	139	250,50
121	-8.25	0.75	139	250,50
122	-31.25	31.75	139	200,50
122	-31.25	32.25	139	200,50
122	-30.75	32.25	139	200,50
122	-28.75	30.25	139	200,50
122	-28.75	29.75	139	200,50
122	-29.25	29.75	139	200,50
122	-31.25	31.75	139	200,50
123	-11.75	48.25	139	200,50
123	-11.75	48.75	139	200,50
123	-7.25	48.75	139	200,50
123	-4.25	45.75	139	200,50
123	-4.25	44.75	139	200,50
123	0.25	40.25	139	200,50
123	1.25	40.25	139	200,50
123	5.25	36.25	139	200,50
123	5.25	33.75	139	200,50
123	4.75	33.25	139	200,50
123	3.25	33.25	139	200,50
123	2.25	34.25	139	200,50
123	2.25	34.75	139	200,50
123	2.75	35.25	139	200,50
123	2.75	35.75	139	200,50
123	0.25	38.25	139	200,50
123	-1.75	38.25	139	200,50
123	-4.25	40.75	139	200,50
123	-4.25	41.25	139	200,50
123	-3.75	41.75	139	200,50
123	-3.75	42.25	139	200,50
123	-8.75	47.25	139	200,50
123	-9.25	47.25	139	200,50
123	-9.75	46.75	139	200,50
123	-10.25	46.75	139	200,50
123	-11.75	48.25	139	200,50
124	-28.25	28.75	139	200,50
124	-28.25	29.25	139	200,50
124	-27.75	29.25	139	200,50
124	-27.75	28.75	139	200,50
124	-28.25	28.75	139	200,50
125	-23.25	22.75	139	200,50
125	-23.25	23.25	139	200,50
125	-22.75	23.75	139	200,50
125	-22.25	23.75	139	200,50
125	-18.75	20.25	139	200,50
125	-18.75	19.25	139	200,50
125	-17.75	18.25	139	200,50
125	-17.75	17.75	139	200,50
125	-18.25	17.75	139	200,50
125	-23.25	22.75	139	200,50
126	-15.75	16.25	139	200,50
126	-15.75	16.75	139	200,50
126	-15.25	16.75	139	200,50
126	-14.25	15.75	139	200,50
126	-14.25	15.25	139	200,50
126	-14.75	14.75	139	200,50
126	-15.25	14.75	139	200,50
126	-15.75	15.25	139	200,50
126	-15.75	16.25	139	200,50
364	-42.75	28.25	270	250,100
364	-42.75	28.75	270	250,100
364	-42.25	29.25	270	250,100
364	-41.75	29.25	270	250,100
364	-41.75	28.25	270	250,100
364	-41.25	27.75	270	250,100
364	-39.75	27.75	270	250,100
364	-39.75	29.75	270	250,100
364	-39.25	29.75	270	250,100
364	-38.75	29.25	270	250,100
364	-37.75	29.25	270	250,100
364	-37.75	28.25	270	250,100
364	-36.75	27.25	270	250,100
364	-36.75	26.25	270	250,100
364	-36.25	25.75	270	250,100
364	-35.25	25.75	270	250,100
364	-33.25	23.75	270	250,100
364	-32.75	23.75	270	250,100
364	-31.75	24.75	270	250,100
364	-31.75	25.25	270	250,100
364	-32.25	25.75	270	250,100
364	-32.25	26.25	270	250,100
364	-30.25	28.25	270	250,100
364	-29.75	28.25	270	250,100
364	-29.25	27.75	270	250,100
364	-28.75	27.75	270	250,100
364	-28.75	28.75	270	250,100
364	-28.25	29.25	270	250,100
364	-27.25	29.25	270	250,100
364	-24.75	31.75	270	250,100
364	-24.75	32.25	270	250,100
364	-25.75	33.25	270	250,100
364	-25.75	34.25	270	250,100
364	-26.25	34.75	270	250,100
364	-26.25	35.25	270	250,100
364	-25.25	36.25	270	250,100
364	-25.25	37.25	270	250,100
364	-24.25	37.25	270	250,100
364	-22.75	38.75	270	250,100
364	-22.75	39.25	270	250,100
364	-23.25	39.75	270	250,100
364	-23.25	40.25	270	250,100
364	-20.75	40.25	270	250,100
364	-19.75	39.25	270	250,100
364	-17.75	39.25	270	250,100
364	-16.75	38.25	270	250,100
364	-15.75	38.25	270	250,100
364	-15.25	37.75	270	250,100
364	-14.75	37.75	270	250,100
364	-14.75	38.75	270	250,100
364	-12.75	38.75	270	250,100
364	-8.25	43.25	270	250,100
364	-7.75	43.25	270	250,100
364	-7.75	41.75	270	250,100
364	-8.25	41.25	270	250,100
364	-8.25	40.25	270	250,100
364	-9.25	40.25	270	250,100
364	-9.25	38.25	270	250,100
364	-10.25	38.25	270	250,100
364	-11.75	36.75	270	250,100
364	-11.75	33.75	270	250,100
364	-12.25	33.75	270	250,100
364	-13.25	34.75	270	250,100
364	-13.75	34.75	270	250,100
364	-14.25	34.25	270	250,100
364	-15.25	34.25	270	250,100
364	-17.25	32.25	270	250,100
364	-17.75	32.25	270	250,100
364	-18.25	32.75	270	250,100
364	-18.25	33.25	270	250,100
364	-16.75	34.75	270	250,100
364	-16.75	35.25	270	250,100
364	-17.75	35.25	270	250,100
364	-18.25	35.75	270	250,100
364	-19.25	35.75	270	250,100
364	-19.75	36.25	270	250,100
364	-20.25	36.25	270	250,100
364	-21.75	34.75	270	250,100
364	-21.75	33.75	270	250,100
364	-22.75	33.75	270	250,100
364	-23.75	32.75	270	250,100
364	-23.75	32.25	270	250,100
364	-23.25	31.75	270	250,100
364	-23.25	31.25	270	250,100
364	-24.25	31.25	270	250,100
364	-24.25	29.25	270	250,100
364	-24.75	28.75	270	250,100
364	-24.75	27.75	270	250,100
364	-25.25	27.75	270	250,100
364	-25.75	28.25	270	250,100
364	-26.25	28.25	270	250,100
364	-26.25	27.75	270	250,100
364	-25.75	27.25	270	250,100
364	-25.75	26.25	270	250,100
364	-25.25	25.75	270	250,100
364	-25.25	23.25	270	250,100
364	-26.25	22.25	270	250,100
364	-27.25	22.25	270	250,100
364	-28.25	21.25	270	250,100
364	-28.75	21.25	270	250,100
364	-30.25	22.75	270	250,100
364	-30.75	22.75	270	250,100
364	-30.75	21.75	270	250,100
364	-32.25	21.75	270	250,100
364	-32.25	22.75	270	250,100
364	-33.75	22.75	270	250,100
364	-34.25	22.25	270	250,100
364	-34.75	22.25	270	250,100
364	-35.75	23.25	270	250,100
364	-37.25	23.25	270	250,100
364	-37.25	22.25	270	250,100
364	-37.75	22.25	270	250,100
364	-38.75	23.25	270	250,100
364	-38.75	24.25	270	250,100
364	-40.75	26.25	270	250,100
364	-41.75	26.25	270	250,100
364	-41.75	27.25	270	250,100
364	-42.75	28.25	270	250,100
135	-34.75	36.25	145	250,100
135	-34.75	36.75	145	250,100
135	-33.75	37.75	145	250,100
135	-32.75	37.75	145	250,100
135	-32.75	38.75	145	250,100
135	-32.25	38.75	145	250,100
135	-30.25	36.75	145	250,100
135	-29.75	36.75	145	250,100
135	-29.25	37.25	145	250,100
135	-28.75	37.25	145	250,100
135	-27.75	36.25	145	250,100
135	-27.75	35.25	145	250,100
135	-27.25	34.75	145	250,100
135	-27.25	33.75	145	250,100
135	-25.25	31.75	145	250,100
135	-25.25	31.25	145	250,100
135	-26.75	29.75	145	250,100
135	-27.25	29.75	145	250,100
135	-27.25	30.75	145	250,100
135	-27.75	31.25	145	250,100
135	-28.75	31.25	145	250,100
135	-29.75	32.25	145	250,100
135	-30.75	32.25	145	250,100
135	-30.75	33.25	145	250,100
135	-31.25	33.75	145	250,100
135	-32.25	33.75	145	250,100
135	-33.25	34.75	145	250,100
135	-34.25	34.75	145	250,100
135	-34.25	35.75	145	250,100
135	-34.75	36.25	145	250,100
174	-18.25	0.75	168	100,0
174	-18.25	1.25	168	100,0
174	-17.25	1.25	168	100,0
174	-14.25	4.25	168	100,0
174	-13.75	4.25	168	100,0
174	-12.75	3.25	168	100,0
174	-11.75	3.25	168	100,0
174	-11.25	2.75	168	100,0
174	-10.75	2.75	168	100,0
174	-10.25	3.25	168	100,0
174	-9.75	3.25	168	100,0
174	-7.75	1.25	168	100,0
174	-7.75	0.75	168	100,0
174	-11.25	0.75	168	100,0
174	-11.75	1.25	168	100,0
174	-12.25	1.25	168	100,0
174	-12.75	0.75	168	100,0
174	-15.75	0.75	168	100,0
174	-16.75	-0.25	168	100,0
174	-17.25	-0.25	168	100,0
174	-18.25	0.75	168	100,0
234	-33.25	34.75	209	150,0
234	-33.25	35.25	209	150,0
234	-31.25	35.25	209	150,0
234	-30.75	35.75	209	150,0
234	-30.75	36.25	209	150,0
234	-31.25	36.75	209	150,0
234	-31.25	37.25	209	150,0
234	-29.75	37.25	209	150,0
234	-27.25	34.75	209	150,0
234	-26.25	34.75	209	150,0
234	-25.75	34.25	209	150,0
234	-25.25	34.25	209	150,0
234	-24.75	34.75	209	150,0
234	-24.25	34.75	209	150,0
234	-24.25	34.25	209	150,0
234	-24.75	33.75	209	150,0
234	-24.75	33.25	209	150,0
234	-24.25	33.25	209	150,0
234	-23.75	33.75	209	150,0
234	-23.25	33.75	209	150,0
234	-23.25	33.25	209	150,0
234	-24.75	31.75	209	150,0
234	-25.75	31.75	209	150,0
234	-25.75	30.75	209	150,0
234	-29.25	27.25	209	150,0
234	-29.75	27.25	209	150,0
234	-29.75	27.75	209	150,0
234	-28.25	29.25	209	150,0
234	-28.25	29.75	209	150,0
234	-28.75	29.75	209	150,0
234	-30.25	28.25	209	150,0
234	-30.75	28.25	209	150,0
234	-30.75	28.75	209	150,0
234	-29.25	30.25	209	150,0
234	-29.25	31.25	209	150,0
234	-28.25	31.25	209	150,0
234	-27.25	32.25	209	150,0
234	-27.25	32.75	209	150,0
234	-28.75	34.25	209	150,0
234	-29.75	34.25	209	150,0
234	-30.25	34.75	209	150,0
234	-30.75	34.75	209	150,0
234	-30.75	32.75	209	150,0
234	-32.25	31.25	209	150,0
234	-33.75	31.25	209	150,0
234	-34.25	31.75	209	150,0
234	-34.25	32.25	209	150,0
234	-32.75	33.75	209	150,0
234	-32.75	34.25	209	150,0
234	-33.25	34.75	209	150,0
180	-16.25	-0.25	172	100,0
180	-16.25	0.25	172	100,0
180	-15.75	0.75	172	100,0
180	-12.75	0.75	172	100,0
180	-12.25	1.25	172	100,0
180	-11.75	1.25	172	100,0
180	-11.25	0.75	172	100,0
180	-3.25	0.75	172	100,0
180	-2.75	0.25	172	100,0
180	-2.75	-0.25	172	100,0
180	-16.25	-0.25	172	100,0
397	-5.75	9.25	296	200,100
397	-5.75	9.75	296	200,100
397	-5.25	9.75	296	200,100
397	-3.75	8.25	296	200,100
397	-2.75	8.25	296	200,100
397	-2.75	7.25	296	200,100
397	-1.75	6.25	296	200,100
397	-0.25	6.25	296	200,100
397	0.25	6.75	296	200,100
397	0.25	7.25	296	200,100
397	-0.25	7.75	296	200,100
397	-0.25	8.75	296	200,100
397	-2.75	11.25	296	200,100
397	-2.75	11.75	296	200,100
397	-1.75	12.75	296	200,100
397	-1.75	13.75	296	200,100
397	0.75	13.75	296	200,100
397	3.75	10.75	296	200,100
397	3.75	10.25	296	200,100
397	1.75	8.25	296	200,100
397	1.75	7.25	296	200,100
397	1.25	6.75	296	200,100
397	1.25	6.25	296	200,100
397	4.25	3.25	296	200,100
397	4.25	2.75	296	200,100
397	3.75	2.25	296	200,100
397	3.75	0.75	296	200,100
397	5.25	-0.75	296	200,100
397	5.25	-1.25	296	200,100
397	2.75	-1.25	296	200,100
397	2.75	1.75	296	200,100
397	-0.25	4.75	296	200,100
397	-1.75	4.75	296	200,100
397	-2.75	3.75	296	200,100
397	-3.25	3.75	296	200,100
397	-6.75	7.25	296	200,100
397	-6.75	7.75	296	200,100
397	-5.75	8.75	296	200,100
397	-5.75	9.25	296	200,100
397	2.25	48.25	296	200,50
397	2.25	48.75	296	200,50
397	4.75	48.75	296	200,50
397	5.25	48.25	296	200,50
397	5.25	47.75	296	200,50
397	4.25	47.75	296	200,50
397	4.25	46.75	296	200,50
397	3.75	46.75	296	200,50
397	2.25	48.25	296	200,50
397	-44.75	48.25	296	250,50
397	-44.75	48.75	296	250,50
397	-44.25	48.75	296	250,50
397	-43.25	47.75	296	250,50
397	-43.25	47.25	296	250,50
397	-44.25	46.25	296	250,50
397	-44.75	46.25	296	250,50
397	-44.75	48.25	296	250,50
398	1.75	-1.25	296	200,100
398	1.75	-0.75	296	200,100
398	2.25	-0.75	296	200,100
398	2.25	-1.25	296	200,100
398	1.75	-1.25	296	200,100
170	2.75	17.75	167	200,100
170	2.75	18.25	167	200,100
170	3.75	18.25	167	200,100
170	4.25	18.75	167	200,100
170	4.75	18.75	167	200,100
170	5.25	18.25	167	200,100
170	5.25	17.75	167	200,100
170	4.75	17.25	167	200,100
170	4.75	16.75	167	200,100
170	5.25	16.25	167	200,100
170	5.25	15.75	167	200,100
170	4.75	15.25	167	200,100
170	4.25	15.25	167	200,100
170	4.25	16.25	167	200,100
170	2.75	17.75	167	200,100
170	-44.75	17.25	167	250,100
170	-44.75	17.75	167	250,100
170	-44.25	17.75	167	250,100
170	-44.25	17.25	167	250,100
170	-44.75	17.25	167	250,100
170	1.25	48.25	167	200,50
170	1.25	48.75	167	200,50
170	1.75	48.75	167	200,50
170	3.75	46.75	167	200,50
170	4.25	46.75	167	200,50
170	4.25	47.75	167	200,50
170	4.75	47.75	167	200,50
170	5.25	47.25	167	200,50
170	5.25	44.75	167	200,50
170	4.75	44.75	167	200,50
170	1.25	48.25	167	200,50
170	-43.75	48.25	167	250,50
170	-43.75	48.75	167	250,50
170	-40.25	48.75	167	250,50
170	-40.25	47.75	167	250,50
170	-37.75	45.25	167	250,50
170	-37.75	44.75	167	250,50
170	-38.75	43.75	167	250,50
170	-39.25	43.75	167	250,50
170	-40.25	44.75	167	250,50
170	-40.75	44.75	167	250,50
170	-42.25	43.25	167	250,50
170	-42.75	43.25	167	250,50
170	-44.75	45.25	167	250,50
170	-44.75	45.75	167	250,50
170	-43.25	47.25	167	250,50
170	-43.25	47.75	167	250,50
170	-43.75	48.25	167	250,50
171	3.75	10.75	167	200,100
171	3.75	11.25	167	200,100
171	4.25	11.75	167	200,100
171	4.75	11.75	167	200,100
171	5.25	11.25	167	200,100
171	5.25	8.75	167	200,100
171	3.25	8.75	167	200,100
171	3.25	7.75	167	200,100
171	1.75	6.25	167	200,100
171	1.25	6.25	167	200,100
171	1.25	6.75	167	200,100
171	1.75	7.25	167	200,100
171	1.75	8.25	167	200,100
171	3.75	10.25	167	200,100
171	3.75	10.75	167	200,100
171	-44.75	15.25	167	250,100
171	-44.75	15.75	167	250,100
171	-43.75	16.75	167	250,100
171	-42.25	16.75	167	250,100
171	-41.75	16.25	167	250,100
171	-41.25	16.25	167	250,100
171	-40.75	16.75	167	250,100
171	-37.75	16.75	167	250,100
171	-37.75	18.75	167	250,100
171	-36.75	19.75	167	250,100
171	-36.75	20.25	167	250,100
171	-37.75	21.25	167	250,100
171	-37.75	21.75	167	250,100
171	-37.25	22.25	167	250,100
171	-37.25	23.25	167	250,100
171	-35.75	23.25	167	250,100
171	-34.75	22.25	167	250,100
171	-34.25	22.25	167	250,100
171	-33.75	22.75	167	250,100
171	-32.25	22.75	167	250,100
171	-32.25	21.75	167	250,100
171	-30.75	21.75	167	250,100
171	-30.75	22.75	167	250,100
171	-30.25	22.75	167	250,100
171	-28.75	21.25	167	250,100
171	-28.25	21.25	167	250,100
171	-27.25	22.25	167	250,100
171	-26.25	22.25	167	250,100
171	-25.25	23.25	167	250,100
171	-25.25	25.75	167	250,100
171	-25.75	26.25	167	250,100
171	-25.75	27.25	167	250,100
171	-26.25	27.75	167	250,100
171	-26.25	28.25	167	250,100
171	-25.75	28.25	167	250,100
171	-25.25	27.75	167	250,100
171	-24.75	27.75	167	250,100
171	-24.75	28.75	167	250,100
171	-24.25	29.25	167	250,100
171	-24.25	31.25	167	250,100
171	-23.25	31.25	167	250,100
171	-23.25	31.75	167	250,100
171	-23.75	32.25	167	250,100
171	-23.75	32.75	167	250,100
171	-22.75	33.75	167	250,100
171	-21.75	33.75	167	250,100
171	-21.75	34.75	167	250,100
171	-20.25	36.25	167	250,100
171	-19.75	36.25	167	250,100
171	-19.25	35.75	167	250,100
171	-18.25	35.75	167	250,100
171	-17.75	35.25	167	250,100
171	-16.75	35.25	167	250,100
171	-16.75	34.75	167	250,100
171	-18.25	33.25	167	250,100
171	-18.25	32.75	167	250,100
171	-17.75	32.25	167	250,100
171	-17.25	32.25	167	250,100
171	-15.25	34.25	167	250,100
171	-14.25	34.25	167	250,100
171	-13.75	34.75	167	250,100
171	-13.25	34.75	167	250,100
171	-12.25	33.75	167	250,100
171	-12.25	32.75	167	250,100
171	-11.75	32.25	167	250,100
171	-11.75	31.75	167	250,100
171	-12.75	30.75	167	250,100
171	-12.75	30.25	167	250,100
171	-11.75	29.25	167	250,100
171	-10.25	29.25	167	250,100
171	-9.75	29.75	167	250,100
171	-9.25	29.75	167	250,100
171	-7.75	28.25	167	250,100
171	-7.75	27.75	167	250,100
171	-9.25	26.25	167	250,100
171	-9.75	26.25	167	250,100
171	-10.75	27.25	167	250,100
171	-11.25	27.25	167	250,100
171	-11.25	26.75	167	250,100
171	-9.25	24.75	167	250,100
171	-7.75	24.75	167	250,100
171	-7.25	25.25	167	250,100
171	-6.25	25.25	167	250,100
171	-6.25	26.25	167	250,100
171	-5.75	26.75	167	250,100
171	-5.25	26.75	167	250,100
171	-4.75	26.25	167	250,100
171	-4.75	24.25	167	250,100
171	-4.25	23.75	167	250,100
171	-3.75	23.75	167	250,100
171	-2.75	24.75	167	250,100
171	-1.25	24.75	167	250,100
171	0.25	23.25	167	250,100
171	0.25	22.75	167	250,100
171	-0.25	22.25	167	250,100
171	-0.25	21.25	167	250,100
171	-0.75	20.75	167	250,100
171	-0.75	20.25	167	250,100
171	-0.25	20.25	167	250,100
171	0.75	21.25	167	250,100
171	1.25	21.25	167	250,100
171	1.75	20.75	167	250,100
171	1.75	20.25	167	250,100
171	-1.75	16.75	167	250,100
171	-2.75	16.75	167	250,100
171	-2.75	15.75	167	250,100
171	-5.25	13.25	167	250,100
171	-7.25	13.25	167	250,100
171	-8.25	12.25	167	250,100
171	-8.25	11.75	167	250,100
171	-7.75	11.25	167	250,100
171	-7.25	11.25	167	250,100
171	-6.25	12.25	167	250,100
171	-5.75	12.25	167	250,100
171	-5.75	11.75	167	250,100
171	-7.25	10.25	167	250,100
171	-8.25	10.25	167	250,100
171	-8.75	9.75	167	250,100
171	-9.25	9.75	167	250,100
171	-9.75	10.25	167	250,100
171	-9.75	11.25	167	250,100
171	-12.25	13.75	167	250,100
171	-12.25	14.25	167	250,100
171	-10.75	14.25	167	250,100
171	-10.25	13.75	167	250,100
171	-9.75	13.75	167	250,100
171	-8.75	14.75	167	250,100
171	-8.75	15.25	167	250,100
171	-10.25	16.75	167	250,100
171	-10.75	16.75	167	250,100
171	-11.75	15.75	167	250,100
171	-12.25	15.75	167	250,100
171	-12.75	16.25	167	250,100
171	-12.75	16.75	167	250,100
171	-11.75	17.75	167	250,100
171	-11.75	18.25	167	250,100
171	-12.75	19.25	167	250,100
171	-13.25	19.25	167	250,100
171	-14.25	18.25	167	250,100
171	-14.75	18.25	167	250,100
171	-17.25	20.75	167	250,100
171	-17.25	21.25	167	250,100
171	-16.25	22.25	167	250,100
171	-16.25	23.75	167	250,100
171	-16.75	24.25	167	250,100
171	-16.75	24.75	167	250,100
171	-16.25	25.25	167	250,100
171	-16.25	25.75	167	250,100
171	-16.75	26.25	167	250,100
171	-16.75	27.25	167	250,100
171	-17.25	27.25	167	250,100
171	-17.75	26.75	167	250,100
171	-17.75	25.75	167	250,100
171	-18.25	25.75	167	250,100
171	-18.75	26.25	167	250,100
171	-19.75	26.25	167	250,100
171	-20.25	26.75	167	250,100
171	-21.75	26.75	167	250,100
171	-22.25	26.25	167	250,100
171	-22.25	25.25	167	250,100
171	-22.75	24.75	167	250,100
171	-22.75	23.75	167	250,100
171	-23.25	23.25	167	250,100
171	-23.25	22.75	167	250,100
171	-22.75	22.25	167	250,100
171	-22.75	20.75	167	250,100
171	-24.75	20.75	167	250,100
171	-25.25	20.25	167	250,100
171	-25.25	19.25	167	250,100
171	-25.75	19.25	167	250,100
171	-27.25	20.75	167	250,100
171	-27.75	20.75	167	250,100
171	-28.75	19.75	167	250,100
171	-28.75	19.25	167	250,100
171	-27.75	19.25	167	250,100
171	-27.75	17.25	167	250,100
171	-26.75	16.25	167	250,100
171	-26.75	15.25	167	250,100
171	-24.75	15.25	167	250,100
171	-24.75	14.25	167	250,100
171	-24.25	13.75	167	250,100
171	-24.25	13.25	167	250,100
171	-24.75	12.75	167	250,100
171	-25.75	12.75	167	250,100
171	-26.75	11.75	167	250,100
171	-26.75	11.25	167	250,100
171	-24.75	9.25	167	250,100
171	-23.25	9.25	167	250,100
171	-22.75	9.75	167	250,100
171	-22.75	10.75	167	250,100
171	-22.25	11.25	167	250,100
171	-20.75	11.25	167	250,100
171	-19.75	10.25	167	250,100
171	-19.75	9.75	167	250,100
171	-20.25	9.25	167	250,100
171	-20.25	8.75	167	250,100
171	-18.25	8.75	167	250,100
171	-16.75	7.25	167	250,100
171	-16.75	6.75	167	250,100
171	-19.25	4.25	167	250,100
171	-19.25	3.75	167	250,100
171	-18.25	2.75	167	250,100
171	-18.25	2.25	167	250,100
171	-19.25	2.25	167	250,100
171	-19.75	1.75	167	250,100
171	-19.75	-0.25	167	250,100
171	-20.75	-0.25	167	250,100
171	-21.75	-1.25	167	250,100
171	-24.25	-1.25	167	250,100
171	-25.75	0.25	167	250,100
171	-26.75	0.25	167	250,100
171	-26.75	1.25	167	250,100
171	-27.25	1.75	167	250,100
171	-27.75	1.75	167	250,100
171	-28.25	1.25	167	250,100
171	-28.75	1.25	167	250,100
171	-29.25	1.75	167	250,100
171	-29.75	1.75	167	250,100
171	-29.75	1.25	167	250,100
171	-29.25	0.75	167	250,100
171	-29.25	0.25	167	250,100
171	-29.75	0.25	167	250,100
171	-30.75	1.25	167	250,100
171	-30.75	1.75	167	250,100
171	-29.25	3.25	167	250,100
171	-29.25	3.75	167	250,100
171	-31.75	6.25	167	250,100
171	-32.25	6.25	167	250,100
171	-32.75	5.75	167	250,100
171	-33.25	5.75	167	250,100
171	-33.75	6.25	167	250,100
171	-34.25	6.25	167	250,100
171	-34.25	5.75	167	250,100
171	-33.75	5.25	167	250,100
171	-33.75	4.75	167	250,100
171	-34.25	4.25	167	250,100
171	-34.25	3.75	167	250,100
171	-32.75	2.25	167	250,100
171	-32.75	1.75	167	250,100
171	-33.25	1.75	167	250,100
171	-35.25	3.75	167	250,100
171	-35.25	5.75	167	250,100
171	-37.25	7.75	167	250,100
171	-39.75	7.75	167	250,100
171	-39.75	7.25	167	250,100
171	-39.25	6.75	167	250,100
171	-39.25	6.25	167	250,100
171	-40.25	6.25	167	250,100
171	-40.25	5.75	167	250,100
171	-39.75	5.25	167	250,100
171	-39.75	4.25	167	250,100
171	-39.25	3.75	167	250,100
171	-38.25	3.75	167	250,100
171	-36.75	2.25	167	250,100
171	-36.75	1.75	167	250,100
171	-39.75	-1.25	167	250,100
171	-44.25	-1.25	167	250,100
171	-44.75	-0.75	167	250,100
171	-44.75	4.75	167	250,100
171	-43.75	4.75	167	250,100
171	-42.25	6.25	167	250,100
171	-42.25	6.75	167	250,100
171	-43.25	7.75	167	250,100
171	-44.25	7.75	167	250,100
171	-44.75	8.25	167	250,100
171	-44.75	11.75	167	250,100
171	-44.25	12.25	167	250,100
171	-44.25	13.75	167	250,100
171	-44.75	14.25	167	250,100
171	-44.75	15.25	167	250,100
171	-23.75	48.25	167	250,50
171	-23.75	48.75	167	250,50
171	-22.25	48.75	167	250,50
171	-21.25	47.75	167	250,50
171	-21.25	47.25	167	250,50
171	-22.75	47.25	167	250,50
171	-23.75	48.25	167	250,50
172	1.75	0.75	167	200,100
172	1.75	1.25	167	200,100
172	2.25	1.75	167	200,100
172	2.75	1.75	167	200,100
172	2.75	-0.75	167	200,100
172	1.75	-0.75	167	200,100
172	1.25	-1.25	167	200,100
172	0.75	-1.25	167	200,100
172	0.75	-0.75	167	200,100
172	1.75	0.25	167	200,100
172	1.75	0.75	167	200,100
172	-35.25	12.75	167	250,100
172	-35.25	13.25	167	250,100
172	-34.75	13.75	167	250,100
172	-34.25	13.75	167	250,100
172	-33.75	13.25	167	250,100
172	-33.25	13.25	167	250,100
172	-33.25	14.25	167	250,100
172	-32.25	14.25	167	250,100
172	-32.25	15.25	167	250,100
172	-30.75	15.25	167	250,100
172	-27.75	12.25	167	250,100
172	-27.75	11.75	167	250,100
172	-28.25	11.25	167	250,100
172	-29.25	11.25	167	250,100
172	-29.25	10.75	167	250,100
172	-28.75	10.25	167	250,100
172	-28.75	9.75	167	250,100
172	-30.25	8.25	167	250,100
172	-31.75	8.25	167	250,100
172	-34.25	10.75	167	250,100
172	-34.25	11.75	167	250,100
172	-35.25	12.75	167	250,100
173	4.25	3.25	167	200,100
173	4.25	3.75	167	200,100
173	4.75	4.25	167	200,100
173	5.25	4.25	167	200,100
173	5.25	-0.25	167	200,100
173	4.75	-0.25	167	200,100
173	3.75	0.75	167	200,100
173	3.75	2.25	167	200,100
173	4.25	2.75	167	200,100
173	4.25	3.25	167	200,100
468	-0.25	13.75	41	250,150
468	-0.25	14.25	41	250,150
468	0.25	14.25	41	250,150
468	1.25	13.25	41	250,150
468	1.75	13.25	41	250,150
468	2.25	13.75	41	250,150
468	2.75	13.75	41	250,150
468	4.75	11.75	41	250,150
468	4.75	9.25	41	250,150
468	4.25	9.25	41	250,150
468	2.75	10.75	41	250,150
468	1.75	10.75	41	250,150
468	-0.25	12.75	41	250,150
468	-0.25	13.75	41	250,150
468	-41.75	16.25	41	300,150
468	-41.75	16.75	41	300,150
468	-41.25	17.25	41	300,150
468	-39.25	17.25	41	300,150
468	-38.25	18.25	41	300,150
468	-37.75	18.25	41	300,150
468	-36.75	17.25	41	300,150
468	-36.25	17.25	41	300,150
468	-32.75	20.75	41	300,150
468	-30.25	20.75	41	300,150
468	-30.25	20.25	41	300,150
468	-30.75	19.75	41	300,150
468	-30.75	18.75	41	300,150
468	-31.75	18.75	41	300,150
468	-31.75	17.75	41	300,150
468	-34.25	15.25	41	300,150
468	-35.25	15.25	41	300,150
468	-35.75	14.75	41	300,150
468	-35.75	14.25	41	300,150
468	-35.25	13.75	41	300,150
468	-35.25	13.25	41	300,150
468	-35.75	12.75	41	300,150
468	-35.75	12.25	41	300,150
468	-32.25	8.75	41	300,150
468	-31.25	8.75	41	300,150
468	-31.25	7.25	41	300,150
468	-32.75	5.75	41	300,150
468	-32.75	5.25	41	300,150
468	-30.25	2.75	41	300,150
468	-30.25	2.25	41	300,150
468	-30.75	1.75	41	300,150
468	-31.25	1.75	41	300,150
468	-32.25	2.75	41	300,150
468	-32.75	2.75	41	300,150
468	-32.75	2.25	41	300,150
468	-31.75	1.25	41	300,150
468	-31.75	0.75	41	300,150
468	-32.25	0.25	41	300,150
468	-32.25	-0.75	41	300,150
468	-32.75	-0.75	41	300,150
468	-35.75	2.25	41	300,150
468	-36.75	2.25	41	300,150
468	-37.25	2.75	41	300,150
468	-37.75	2.75	41	300,150
468	-37.75	1.75	41	300,150
468	-38.25	1.75	41	300,150
468	-39.75	3.25	41	300,150
468	-40.25	3.25	41	300,150
468	-40.25	2.75	41	300,150
468	-38.25	0.75	41	300,150
468	-38.25	0.25	41	300,150
468	-39.25	-0.75	41	300,150
468	-44.75	-0.75	41	300,150
468	-45.25	-0.25	41	300,150
468	-45.25	4.25	41	300,150
468	-43.75	5.75	41	300,150
468	-42.75	5.75	41	300,150
468	-41.25	7.25	41	300,150
468	-41.25	7.75	41	300,150
468	-43.75	10.25	41	300,150
468	-44.25	10.25	41	300,150
468	-44.75	9.75	41	300,150
468	-45.25	9.75	41	300,150
468	-45.25	12.25	41	300,150
468	-44.25	12.25	41	300,150
468	-43.25	13.25	41	300,150
468	-41.25	13.25	41	300,150
468	-41.25	14.25	41	300,150
468	-40.75	14.75	41	300,150
468	-40.75	15.25	41	300,150
468	-41.75	15.25	41	300,150
468	-41.75	16.25	41	300,150
468	2.75	48.75	41	250,100
468	2.75	49.25	41	250,100
468	4.25	49.25	41	250,100
468	4.75	48.75	41	250,100
468	4.75	47.25	41	250,100
468	4.25	47.25	41	250,100
468	2.75	48.75	41	250,100
468	-45.25	48.75	41	300,100
468	-45.25	49.25	41	300,100
468	-38.75	49.25	41	300,100
468	-38.75	47.75	41	300,100
468	-39.25	47.75	41	300,100
468	-39.75	48.25	41	300,100
468	-40.25	48.25	41	300,100
468	-41.75	46.75	41	300,100
468	-41.75	46.25	41	300,100
468	-41.25	45.75	41	300,100
468	-41.25	45.25	41	300,100
468	-41.75	44.75	41	300,100
468	-42.25	44.75	41	300,100
468	-42.75	45.25	41	300,100
468	-43.25	45.25	41	300,100
468	-43.75	44.75	41	300,100
468	-44.25	44.75	41	300,100
468	-44.75	45.25	41	300,100
468	-44.75	46.25	41	300,100
468	-45.25	46.75	41	300,100
468	-45.25	48.75	41	300,100
469	0.25	-0.75	41	250,150
469	0.25	-0.25	41	250,150
469	1.75	1.25	41	250,150
469	2.75	1.25	41	250,150
469	4.25	2.75	41	250,150
469	4.75	2.75	41	250,150
469	4.75	-0.75	41	250,150
469	0.25	-0.75	41	250,150
469	-39.25	11.75	41	300,150
469	-39.25	12.25	41	300,150
469	-37.75	13.75	41	300,150
469	-37.25	13.75	41	300,150
469	-36.25	12.75	41	300,150
469	-36.25	12.25	41	300,150
469	-37.25	11.25	41	300,150
469	-37.25	10.75	41	300,150
469	-33.25	6.75	41	300,150
469	-33.25	6.25	41	300,150
469	-35.75	3.75	41	300,150
469	-36.25	3.75	41	300,150
469	-39.75	7.25	41	300,150
469	-39.75	7.75	41	300,150
469	-39.25	8.25	41	300,150
469	-38.25	8.25	41	300,150
469	-37.75	8.75	41	300,150
469	-37.75	10.25	41	300,150
469	-39.25	11.75	41	300,150
469	-34.25	47.75	41	300,100
469	-34.25	48.25	41	300,100
469	-33.25	49.25	41	300,100
469	-31.75	49.25	41	300,100
469	-31.25	48.75	41	300,100
469	-30.75	48.75	41	300,100
469	-30.25	49.25	41	300,100
469	-27.75	49.25	41	300,100
469	-27.25	48.75	41	300,100
469	-26.75	48.75	41	300,100
469	-26.25	49.25	41	300,100
469	-24.75	49.25	41	300,100
469	-24.75	48.75	41	300,100
469	-25.25	48.25	41	300,100
469	-25.25	47.25	41	300,100
469	-25.75	46.75	41	300,100
469	-25.75	44.75	41	300,100
469	-26.25	44.25	41	300,100
469	-26.25	43.75	41	300,100
469	-25.25	42.75	41	300,100
469	-25.25	42.25	41	300,100
469	-26.25	42.25	41	300,100
469	-27.25	41.25	41	300,100
469	-27.75	41.25	41	300,100
469	-28.25	41.75	41	300,100
469	-28.25	42.25	41	300,100
469	-27.25	43.25	41	300,100
469	-27.25	43.75	41	300,100
469	-29.75	46.25	41	300,100
469	-30.75	46.25	41	300,100
469	-30.75	47.25	41	300,100
469	-31.25	47.75	41	300,100
469	-32.75	47.75	41	300,100
469	-33.25	47.25	41	300,100
469	-33.75	47.25	41	300,100
469	-34.25	47.75	41	300,100
395	2.25	13.25	295	150,50
395	2.25	13.75	295	150,50
395	2.75	13.75	295	150,50
395	3.75	12.75	295	150,50
395	4.75	12.75	295	150,50
395	4.75	8.25	295	150,50
395	1.25	4.75	295	150,50
395	1.25	3.75	295	150,50
395	0.75	3.75	295	150,50
395	0.25	4.25	295	150,50
395	-1.25	4.25	295	150,50
395	-1.25	3.25	295	150,50
395	-1.75	3.25	295	150,50
395	-2.25	3.75	295	150,50
395	-2.75	3.75	295	150,50
395	-2.75	2.25	295	150,50
395	-2.25	1.75	295	150,50
395	-2.25	1.25	295	150,50
395	-4.25	-0.75	295	150,50
395	-5.75	-0.75	295	150,50
395	-6.25	-0.25	295	150,50
395	-6.25	0.25	295	150,50
395	-5.25	0.25	295	150,50
395	-5.25	1.25	295	150,50
395	-3.75	2.75	295	150,50
395	-3.75	4.75	295	150,50
395	-3.25	5.25	295	150,50
395	-1.25	5.25	295	150,50
395	3.75	10.25	295	150,50
395	3.75	10.75	295	150,50
395	2.75	11.75	295	150,50
395	2.75	12.75	295	150,50
395	2.25	13.25	295	150,50
395	-45.25	11.75	295	200,50
395	-45.25	12.25	295	200,50
395	-44.75	12.25	295	200,50
395	-42.75	10.25	295	200,50
395	-42.25	10.25	295	200,50
395	-42.25	11.25	295	200,50
395	-41.75	11.75	295	200,50
395	-41.25	11.75	295	200,50
395	-40.75	11.25	295	200,50
395	-39.75	11.25	295	200,50
395	-39.25	10.75	295	200,50
395	-39.25	9.25	295	200,50
395	-40.25	8.25	295	200,50
395	-40.25	7.75	295	200,50
395	-35.75	3.25	295	200,50
395	-35.25	3.25	295	200,50
395	-32.25	6.25	295	200,50
395	-31.75	6.25	295	200,50
395	-31.25	5.75	295	200,50
395	-31.25	4.75	295	200,50
395	-30.25	4.75	295	200,50
395	-29.75	4.25	295	200,50
395	-29.75	2.25	295	200,50
395	-27.75	2.25	295	200,50
395	-26.75	1.25	295	200,50
395	-26.75	0.25	295	200,50
395	-26.25	-0.25	295	200,50
395	-26.25	-0.75	295	200,50
395	-32.75	-0.75	295	200,50
395	-36.25	2.75	295	200,50
395	-36.75	2.75	295	200,50
395	-37.25	2.25	295	200,50
395	-37.75	2.25	295	200,50
395	-37.75	3.25	295	200,50
395	-39.75	5.25	295	200,50
395	-41.25	5.25	295	200,50
395	-44.75	1.75	295	200,50
395	-45.25	1.75	295	200,50
395	-45.25	3.25	295	200,50
395	-42.25	6.25	295	200,50
395	-40.25	6.25	295	200,50
395	-40.25	6.75	295	200,50
395	-45.25	11.75	295	200,50
395	-6.25	48.75	295	150,0
395	-6.25	49.25	295	150,0
395	-5.75	49.25	295	150,0
395	-5.25	48.75	295	150,0
395	-5.25	48.25	295	150,0
395	-5.75	48.25	295	150,0
395	-6.25	48.75	295	150,0
395	-32.25	48.75	295	200,0
395	-32.25	49.25	295	200,0
395	-28.75	49.25	295	200,0
395	-28.75	48.75	295	200,0
395	-29.75	47.75	295	200,0
395	-29.75	47.25	295	200,0
395	-28.75	46.25	295	200,0
395	-28.75	45.75	295	200,0
395	-29.25	45.75	295	200,0
395	-32.25	48.75	295	200,0
396	3.25	1.25	295	150,50
396	3.25	1.75	295	150,50
396	4.25	2.75	295	150,50
396	4.75	2.75	295	150,50
396	4.75	1.25	295	150,50
396	3.75	0.25	295	150,50
396	3.25	0.25	295	150,50
396	3.25	1.25	295	150,50
396	-45.25	8.75	295	200,50
396	-45.25	9.25	295	200,50
396	-44.75	9.25	295	200,50
396	-44.75	8.75	295	200,50
396	-45.25	8.75	295	200,50
396	-27.25	48.75	295	200,0
396	-27.25	49.25	295	200,0
396	-26.75	49.25	295	200,0
396	-26.75	48.75	295	200,0
396	-27.25	48.75	295	200,0
286	-29.75	16.25	22	200,50
286	-29.75	16.75	22	200,50
286	-29.25	17.25	22	200,50
286	-28.75	17.25	22	200,50
286	-26.25	14.75	22	200,50
286	-26.25	14.25	22	200,50
286	-26.75	13.75	22	200,50
286	-27.25	13.75	22	200,50
286	-29.75	16.25	22	200,50
287	-37.25	1.75	22	200,50
287	-37.25	2.25	22	200,50
287	-36.75	2.75	22	200,50
287	-36.25	2.75	22	200,50
287	-33.25	-0.25	22	200,50
287	-33.25	-0.75	22	200,50
287	-38.75	-0.75	22	200,50
287	-38.75	-0.25	22	200,50
287	-37.25	1.25	22	200,50
287	-37.25	1.75	22	200,50
498	-34.75	25.25	54	150,0
498	-34.75	25.75	54	150,0
498	-34.25	25.75	54	150,0
498	-32.75	24.25	54	150,0
498	-32.25	24.25	54	150,0
498	-25.75	30.75	54	150,0
498	-25.75	31.75	54	150,0
498	-24.75	31.75	54	150,0
498	-20.25	36.25	54	150,0
498	-19.75	36.25	54	150,0
498	-19.25	35.75	54	150,0
498	-18.75	35.75	54	150,0
498	-18.75	36.25	54	150,0
498	-19.25	36.75	54	150,0
498	-19.25	37.25	54	150,0
498	-17.75	38.75	54	150,0
498	-17.25	38.75	54	150,0
498	-16.25	37.75	54	150,0
498	-15.75	37.75	54	150,0
498	-15.25	38.25	54	150,0
498	-15.25	39.25	54	150,0
498	-13.75	40.75	54	150,0
498	-13.75	41.75	54	150,0
498	-13.25	41.75	54	150,0
498	-12.75	41.25	54	150,0
498	-12.25	41.25	54	150,0
498	-12.25	41.75	54	150,0
498	-12.75	42.25	54	150,0
498	-12.75	42.75	54	150,0
498	-11.75	42.75	54	150,0
498	-11.75	43.75	54	150,0
498	-10.75	43.75	54	150,0
498	-10.75	44.75	54	150,0
498	-10.25	45.25	54	150,0
498	-10.25	46.75	54	150,0
498	-11.25	47.75	54	150,0
498	-11.25	49.25	54	150,0
498	-7.75	49.25	54	150,0
498	-6.75	48.25	54	150,0
498	-5.25	48.25	54	150,0
498	-5.25	49.25	54	150,0
498	-1.75	49.25	54	150,0
498	-1.75	48.75	54	150,0
498	-4.75	45.75	54	150,0
498	-4.75	44.75	54	150,0
498	-6.75	42.75	54	150,0
498	-7.75	42.75	54	150,0
498	-7.75	41.75	54	150,0
498	-8.75	41.75	54	150,0
498	-14.25	36.25	54	150,0
498	-14.25	35.25	54	150,0
498	-15.25	34.25	54	150,0
498	-16.25	34.25	54	150,0
498	-21.75	28.75	54	150,0
498	-21.75	27.75	54	150,0
498	-22.25	27.75	54	150,0
498	-23.25	28.75	54	150,0
498	-23.75	28.75	54	150,0
498	-29.25	23.25	54	150,0
498	-30.25	23.25	54	150,0
498	-32.75	20.75	54	150,0
498	-33.75	20.75	54	150,0
498	-34.25	20.25	54	150,0
498	-34.25	19.75	54	150,0
498	-33.75	19.25	54	150,0
498	-33.75	18.75	54	150,0
498	-34.75	17.75	54	150,0
498	-36.25	17.75	54	150,0
498	-36.75	18.25	54	150,0
498	-37.25	18.25	54	150,0
498	-37.75	17.75	54	150,0
498	-37.75	16.75	54	150,0
498	-39.75	16.75	54	150,0
498	-41.25	15.25	54	150,0
498	-41.25	14.25	54	150,0
498	-43.25	12.25	54	150,0
498	-43.75	12.25	54	150,0
498	-44.75	13.25	54	150,0
498	-44.75	13.75	54	150,0
498	-44.25	14.25	54	150,0
498	-43.75	14.25	54	150,0
498	-43.25	13.75	54	150,0
498	-42.75	13.75	54	150,0
498	-42.25	14.25	54	150,0
498	-42.25	15.25	54	150,0
498	-40.25	17.25	54	150,0
498	-40.25	18.25	54	150,0
498	-39.25	18.25	54	150,0
498	-39.25	19.25	54	150,0
498	-37.25	19.25	54	150,0
498	-33.25	23.25	54	150,0
498	-33.25	23.75	54	150,0
498	-34.75	25.25	54	150,0
498	-10.75	-0.75	54	150,50
498	-10.75	-0.25	54	150,50
498	-10.25	0.25	54	150,50
498	-9.75	0.25	54	150,50
498	-9.25	-0.25	54	150,50
498	-9.25	-0.75	54	150,50
498	-10.75	-0.75	54	150,50
498	4.75	12.75	54	100,0
498	4.75	13.25	54	100,0
498	5.25	13.25	54	100,0
498	5.25	12.75	54	100,0
498	4.75	12.75	54	100,0
498	-45.25	10.75	54	200,50
498	-45.25	11.25	54	200,50
498	-44.75	11.25	54	200,50
498	-40.25	6.75	54	200,50
498	-40.25	6.25	54	200,50
498	-42.25	6.25	54	200,50
498	-44.75	3.75	54	200,50
498	-45.25	3.75	54	200,50
498	-45.25	8.25	54	200,50
498	-44.75	8.75	54	200,50
498	-44.75	9.25	54	200,50
498	-45.25	9.75	54	200,50
498	-45.25	10.75	54	200,50
499	1.75	48.75	54	150,0
499	1.75	49.25	54	150,0
499	2.25	49.25	54	150,0
499	3.75	47.75	54	150,0
499	3.75	47.25	54	150,0
499	3.25	47.25	54	150,0
499	1.75	48.75	54	150,0
499	-2.75	3.25	54	150,50
499	-2.75	3.75	54	150,50
499	-2.25	3.75	54	150,50
499	-1.75	3.25	54	150,50
499	-1.25	3.25	54	150,50
499	-1.25	4.25	54	150,50
499	0.25	4.25	54	150,50
499	0.75	3.75	54	150,50
499	1.25	3.75	54	150,50
499	1.25	4.75	54	150,50
499	4.25	7.75	54	150,50
499	4.75	7.75	54	150,50
499	4.75	3.25	54	150,50
499	3.25	1.75	54	150,50
499	3.25	-0.25	54	150,50
499	2.75	-0.75	54	150,50
499	1.25	-0.75	54	150,50
499	0.25	0.25	54	150,50
499	-1.25	0.25	54	150,50
499	-2.25	-0.75	54	150,50
499	-3.75	-0.75	54	150,50
499	-3.75	-0.25	54	150,50
499	-2.25	1.25	54	150,50
499	-2.25	1.75	54	150,50
499	-2.75	2.25	54	150,50
499	-2.75	3.25	54	150,50
19	-34.25	24.75	107	200,50
19	-34.25	25.25	107	200,50
19	-33.75	25.25	107	200,50
19	-33.25	24.75	107	200,50
19	-32.75	24.75	107	200,50
19	-32.25	25.25	107	200,50
19	-30.75	25.25	107	200,50
19	-19.25	13.75	107	200,50
19	-19.25	12.75	107	200,50
19	-16.75	10.25	107	200,50
19	-15.75	10.25	107	200,50
19	-5.25	-0.25	107	200,50
19	-5.25	-0.75	107	200,50
19	-8.75	-0.75	107	200,50
19	-34.25	24.75	107	200,50
19	-40.75	27.25	107	250,50
19	-40.75	27.75	107	250,50
19	-40.25	27.75	107	250,50
19	-36.25	23.75	107	250,50
19	-36.25	23.25	107	250,50
19	-36.75	23.25	107	250,50
19	-40.75	27.25	107	250,50
19	-8.25	48.75	107	200,0
19	-8.25	49.25	107	200,0
19	-4.75	49.25	107	200,0
19	5.25	39.25	107	200,0
19	5.25	36.75	107	200,0
19	4.75	36.25	107	200,0
19	4.25	36.25	107	200,0
19	-8.25	48.75	107	200,0
19	-44.75	45.25	107	250,0
19	-44.75	45.75	107	250,0
19	-44.25	45.75	107	250,0
19	-32.75	34.25	107	250,0
19	-32.75	33.75	107	250,0
19	-34.25	33.75	107	250,0
19	-34.75	34.25	107	250,0
19	-34.75	35.25	107	250,0
19	-43.25	43.75	107	250,0
19	-44.25	43.75	107	250,0
19	-44.75	44.25	107	250,0
19	-44.75	45.25	107	250,0
20	-28.25	27.75	107	200,50
20	-28.25	28.25	107	200,50
20	-27.75	28.75	107	200,50
20	-27.25	28.75	107	200,50
20	-22.75	24.25	107	200,50
20	-22.75	23.75	107	200,50
20	-23.25	23.25	107	200,50
20	-23.75	23.25	107	200,50
20	-28.25	27.75	107	200,50
20	-35.75	22.25	107	250,50
20	-35.75	22.75	107	250,50
20	-35.25	22.75	107	250,50
20	-32.25	19.75	107	250,50
20	-32.25	19.25	107	250,50
20	-32.75	19.25	107	250,50
20	-35.75	22.25	107	250,50
20	3.25	46.25	107	200,0
20	3.25	46.75	107	200,0
20	3.75	47.25	107	200,0
20	4.25	47.25	107	200,0
20	5.25	46.25	107	200,0
20	5.25	44.75	107	200,0
20	4.75	44.75	107	200,0
20	3.25	46.25	107	200,0
20	-44.75	38.25	107	250,0
20	-44.75	38.75	107	250,0
20	-44.25	38.75	107	250,0
20	-26.75	21.25	107	250,0
20	-26.75	20.75	107	250,0
20	-27.25	20.75	107	250,0
20	-43.75	37.25	107	250,0
20	-44.75	37.25	107	250,0
20	-44.75	38.25	107	250,0
21	-9.75	46.25	107	200,50
21	-9.75	46.75	107	200,50
21	-9.25	47.25	107	200,50
21	-8.75	47.25	107	200,50
21	-3.75	42.25	107	200,50
21	-3.75	41.75	107	200,50
21	-4.25	41.25	107	200,50
21	-4.75	41.25	107	200,50
21	-9.75	46.25	107	200,50
21	-27.25	13.75	107	250,50
21	-27.25	14.25	107	250,50
21	-26.75	14.25	107	250,50
21	-23.25	10.75	107	250,50
21	-23.25	10.25	107	250,50
21	-23.75	10.25	107	250,50
21	-27.25	13.75	107	250,50
22	-1.25	37.75	107	200,50
22	-1.25	38.25	107	200,50
22	0.25	38.25	107	200,50
22	2.75	35.75	107	200,50
22	2.75	35.25	107	200,50
22	2.25	34.75	107	200,50
22	1.75	34.75	107	200,50
22	-1.25	37.75	107	200,50
22	-22.75	9.25	107	250,50
22	-22.75	9.75	107	250,50
22	-22.25	9.75	107	250,50
22	-20.75	8.25	107	250,50
22	-20.75	7.75	107	250,50
22	-21.25	7.75	107	250,50
22	-22.75	9.25	107	250,50
23	-18.75	19.25	107	200,50
23	-18.75	19.75	107	200,50
23	-18.25	19.75	107	200,50
23	-15.75	17.25	107	200,50
23	-15.75	16.75	107	200,50
23	-16.25	16.25	107	200,50
23	-16.75	16.25	107	200,50
23	-17.75	17.25	107	200,50
23	-17.75	18.25	107	200,50
23	-18.75	19.25	107	200,50
23	-20.25	6.75	107	250,50
23	-20.25	7.25	107	250,50
23	-19.75	7.25	107	250,50
23	-14.75	2.25	107	250,50
23	-14.75	1.75	107	250,50
23	-15.25	1.75	107	250,50
23	-20.25	6.75	107	250,50
24	-8.75	9.25	107	200,50
24	-8.75	9.75	107	200,50
24	-8.25	9.75	107	200,50
24	-0.25	1.75	107	200,50
24	-0.25	1.25	107	200,50
24	-0.75	1.25	107	200,50
24	-4.25	4.75	107	200,50
24	-5.25	4.75	107	200,50
24	-6.75	6.25	107	200,50
24	-6.75	7.25	107	200,50
24	-8.75	9.25	107	200,50
470	-26.25	2.75	41	300,150
470	-26.25	3.25	41	300,150
470	-25.75	3.75	41	300,150
470	-25.25	3.75	41	300,150
470	-24.75	3.25	41	300,150
470	-24.75	2.25	41	300,150
470	-24.25	1.75	41	300,150
470	-23.25	1.75	41	300,150
470	-22.75	1.25	41	300,150
470	-21.75	1.25	41	300,150
470	-21.25	0.75	41	300,150
470	-21.25	-0.75	41	300,150
470	-22.75	-0.75	41	300,150
470	-23.25	-0.25	41	300,150
470	-23.75	-0.25	41	300,150
470	-24.25	-0.75	41	300,150
470	-25.75	-0.75	41	300,150
470	-26.75	0.25	41	300,150
470	-26.75	0.75	41	300,150
470	-25.75	1.75	41	300,150
470	-25.75	2.25	41	300,150
470	-26.25	2.75	41	300,150
590	-31.25	26.75	9	300,150
590	-31.25	27.25	9	300,150
590	-30.75	27.25	9	300,150
590	-30.25	26.75	9	300,150
590	-29.75	26.75	9	300,150
590	-29.75	27.25	9	300,150
590	-30.25	27.75	9	300,150
590	-30.25	28.25	9	300,150
590	-29.75	28.25	9	300,150
590	-28.75	27.25	9	300,150
590	-28.75	26.25	9	300,150
590	-26.75	26.25	9	300,150
590	-24.75	24.25	9	300,150
590	-24.75	23.25	9	300,150
590	-23.25	21.75	9	300,150
590	-22.75	21.75	9	300,150
590	-22.75	22.25	9	300,150
590	-23.25	22.75	9	300,150
590	-23.25	23.25	9	300,150
590	-22.75	23.75	9	300,150
590	-22.25	23.75	9	300,150
590	-19.25	20.75	9	300,150
590	-18.75	20.75	9	300,150
590	-16.25	23.25	9	300,150
590	-15.25	23.25	9	300,150
590	-14.75	23.75	9	300,150
590	-14.25	23.75	9	300,150
590	-13.75	23.25	9	300,150
590	-13.25	23.25	9	300,150
590	-12.75	23.75	9	300,150
590	-11.75	23.75	9	300,150
590	-11.25	24.25	9	300,150
590	-9.75	24.25	9	300,150
590	-9.25	23.75	9	300,150
590	-9.25	23.25	9	300,150
590	-11.75	20.75	9	300,150
590	-11.75	19.25	9	300,150
590	-11.25	18.75	9	300,150
590	-10.75	18.75	9	300,150
590	-9.75	19.75	9	300,150
590	-9.75	20.75	9	300,150
590	-8.75	21.75	9	300,150
590	-8.25	21.75	9	300,150
590	-7.25	20.75	9	300,150
590	-7.25	20.25	9	300,150
590	-7.75	19.75	9	300,150
590	-7.75	18.75	9	300,150
590	-8.25	18.25	9	300,150
590	-8.25	17.75	9	300,150
590	-7.75	17.75	9	300,150
590	-7.25	18.25	9	300,150
590	-6.75	18.25	9	300,150
590	-6.25	17.75	9	300,150
590	-5.75	17.75	9	300,150
590	-4.75	18.75	9	300,150
590	-4.25	18.75	9	300,150
590	-4.25	18.25	9	300,150
590	-5.25	17.25	9	300,150
590	-5.25	16.75	9	300,150
590	-4.25	16.75	9	300,150
590	-4.25	15.75	9	300,150
590	-2.75	15.75	9	300,150
590	-2.25	16.25	9	300,150
590	-1.25	16.25	9	300,150
590	-1.25	17.25	9	300,150
590	-0.75	17.75	9	300,150
590	-0.75	18.25	9	300,150
590	-1.25	18.75	9	300,150
590	-1.25	20.75	9	300,150
590	-2.25	21.75	9	300,150
590	-2.25	22.25	9	300,150
590	-1.25	22.25	9	300,150
590	-0.25	23.25	9	300,150
590	0.25	23.25	9	300,150
590	0.75	22.75	9	300,150
590	2.25	22.75	9	300,150
590	2.75	23.25	9	300,150
590	2.75	23.75	9	300,150
590	1.75	23.75	9	300,150
590	1.25	24.25	9	300,150
590	0.25	24.25	9	300,150
590	-1.25	25.75	9	300,150
590	-1.25	26.25	9	300,150
590	2.75	30.25	9	300,150
590	2.75	30.75	9	300,150
590	2.25	31.25	9	300,150
590	1.75	31.25	9	300,150
590	-2.25	27.25	9	300,150
590	-2.75	27.25	9	300,150
590	-3.75	28.25	9	300,150
590	-3.75	29.75	9	300,150
590	-2.25	31.25	9	300,150
590	-2.25	31.75	9	300,150
590	-2.75	32.25	9	300,150
590	-3.25	32.25	9	300,150
590	-4.25	31.25	9	300,150
590	-4.75	31.25	9	300,150
590	-5.75	32.25	9	300,150
590	-6.25	32.25	9	300,150
590	-6.75	31.75	9	300,150
590	-6.75	30.25	9	300,150
590	-5.75	29.25	9	300,150
590	-4.75	29.25	9	300,150
590	-4.75	27.75	9	300,150
590	-6.25	26.25	9	300,150
590	-7.75	26.25	9	300,150
590	-9.75	28.25	9	300,150
590	-9.75	28.75	9	300,150
590	-8.25	30.25	9	300,150
590	-8.25	30.75	9	300,150
590	-11.75	34.25	9	300,150
590	-11.75	35.75	9	300,150
590	-11.25	35.75	9	300,150
590	-8.25	32.75	9	300,150
590	-6.75	32.75	9	300,150
590	-5.25	34.25	9	300,150
590	-5.25	35.25	9	300,150
590	-4.25	35.25	9	300,150
590	-2.75	36.75	9	300,150
590	-1.75	36.75	9	300,150
590	-1.25	37.25	9	300,150
590	-1.25	37.75	9	300,150
590	-2.25	38.75	9	300,150
590	-3.25	38.75	9	300,150
590	-3.25	39.75	9	300,150
590	-4.25	40.75	9	300,150
590	-4.25	41.25	9	300,150
590	-3.75	41.75	9	300,150
590	-2.75	41.75	9	300,150
590	-1.75	42.75	9	300,150
590	-1.75	43.25	9	300,150
590	-2.25	43.75	9	300,150
590	-2.25	44.25	9	300,150
590	-1.75	44.75	9	300,150
590	-1.25	44.75	9	300,150
590	-0.75	44.25	9	300,150
590	-0.25	44.25	9	300,150
590	-0.25	44.75	9	300,150
590	-1.75	46.25	9	300,150
590	-2.75	46.25	9	300,150
590	-3.75	47.25	9	300,150
590	-3.75	47.75	9	300,150
590	-3.25	48.25	9	300,150
590	-2.75	48.25	9	300,150
590	-1.75	47.25	9	300,150
590	-1.25	47.25	9	300,150
590	-0.75	47.75	9	300,150
590	-0.75	48.75	9	300,150
590	-0.25	48.75	9	300,150
590	5.25	43.25	9	300,150
590	5.25	10.75	9	300,150
590	4.75	10.25	9	300,150
590	3.75	10.25	9	300,150
590	2.75	9.25	9	300,150
590	2.25	9.25	9	300,150
590	2.25	10.25	9	300,150
590	1.25	10.25	9	300,150
590	1.25	10.75	9	300,150
590	3.75	13.25	9	300,150
590	3.75	13.75	9	300,150
590	3.25	14.25	9	300,150
590	1.75	14.25	9	300,150
590	0.75	13.25	9	300,150
590	-0.25	13.25	9	300,150
590	-4.75	8.75	9	300,150
590	-4.75	7.75	9	300,150
590	-5.25	7.25	9	300,150
590	-5.25	6.75	9	300,150
590	-4.25	5.75	9	300,150
590	-3.75	5.75	9	300,150
590	-3.25	6.25	9	300,150
590	-2.75	6.25	9	300,150
590	-2.75	5.75	9	300,150
590	-3.25	5.25	9	300,150
590	-3.25	4.75	9	300,150
590	1.75	-0.25	9	300,150
590	1.75	-0.75	9	300,150
590	-6.75	-0.75	9	300,150
590	-6.75	0.25	9	300,150
590	-7.75	1.25	9	300,150
590	-8.25	1.25	9	300,150
590	-8.25	0.25	9	300,150
590	-9.75	0.25	9	300,150
590	-10.75	1.25	9	300,150
590	-10.75	1.75	9	300,150
590	-9.75	1.75	9	300,150
590	-9.75	3.25	9	300,150
590	-11.75	3.25	9	300,150
590	-12.25	3.75	9	300,150
590	-12.75	3.75	9	300,150
590	-12.75	3.25	9	300,150
590	-12.25	2.75	9	300,150
590	-12.25	2.25	9	300,150
590	-13.25	1.25	9	300,150
590	-14.25	1.25	9	300,150
590	-14.25	0.75	9	300,150
590	-13.75	0.25	9	300,150
590	-13.75	-0.25	9	300,150
590	-14.25	-0.75	9	300,150
590	-20.75	-0.75	9	300,150
590	-21.25	-0.25	9	300,150
590	-21.25	0.75	9	300,150
590	-21.75	1.25	9	300,150
590	-22.75	1.25	9	300,150
590	-23.25	1.75	9	300,150
590	-24.25	1.75	9	300,150
590	-24.75	2.25	9	300,150
590	-24.75	3.25	9	300,150
590	-25.25	3.75	9	300,150
590	-25.75	3.75	9	300,150
590	-26.25	3.25	9	300,150
590	-26.25	2.75	9	300,150
590	-25.75	2.25	9	300,150
590	-25.75	1.75	9	300,150
590	-26.75	0.75	9	300,150
590	-26.75	0.25	9	300,150
590	-26.25	-0.25	9	300,150
590	-26.25	-0.75	9	300,150
590	-31.75	-0.75	9	300,150
590	-32.25	-0.25	9	300,150
590	-32.25	0.25	9	300,150
590	-31.75	0.75	9	300,150
590	-31.75	1.25	9	300,150
590	-32.75	2.25	9	300,150
590	-32.75	2.75	9	300,150
590	-32.25	2.75	9	300,150
590	-31.25	1.75	9	300,150
590	-30.75	1.75	9	300,150
590	-30.25	2.25	9	300,150
590	-30.25	2.75	9	300,150
590	-32.75	5.25	9	300,150
590	-32.75	5.75	9	300,150
590	-29.75	8.75	9	300,150
590	-29.75	9.75	9	300,150
590	-28.75	9.75	9	300,150
590	-26.25	12.25	9	300,150
590	-26.25	13.25	9	300,150
590	-25.25	13.25	9	300,150
590	-25.25	14.25	9	300,150
590	-24.75	14.75	9	300,150
590	-24.75	15.25	9	300,150
590	-28.75	19.25	9	300,150
590	-29.25	19.25	9	300,150
590	-30.25	18.25	9	300,150
590	-30.25	17.75	9	300,150
590	-29.75	17.25	9	300,150
590	-29.75	16.75	9	300,150
590	-30.25	16.75	9	300,150
590	-30.75	17.25	9	300,150
590	-31.25	17.25	9	300,150
590	-33.75	14.75	9	300,150
590	-33.75	13.25	9	300,150
590	-33.25	12.75	9	300,150
590	-33.25	12.25	9	300,150
590	-34.25	12.25	9	300,150
590	-34.75	11.75	9	300,150
590	-35.25	11.75	9	300,150
590	-35.75	12.25	9	300,150
590	-35.75	12.75	9	300,150
590	-35.25	13.25	9	300,150
590	-35.25	13.75	9	300,150
590	-35.75	14.25	9	300,150
590	-35.75	14.75	9	300,150
590	-35.25	15.25	9	300,150
590	-34.25	15.25	9	300,150
590	-31.75	17.75	9	300,150
590	-31.75	18.75	9	300,150
590	-30.75	18.75	9	300,150
590	-30.75	19.75	9	300,150
590	-30.25	20.25	9	300,150
590	-30.25	20.75	9	300,150
590	-32.25	20.75	9	300,150
590	-32.25	21.25	9	300,150
590	-31.75	21.75	9	300,150
590	-31.75	22.25	9	300,150
590	-32.25	22.75	9	300,150
590	-32.25	23.25	9	300,150
590	-31.75	23.75	9	300,150
590	-31.75	24.75	9	300,150
590	-30.75	25.75	9	300,150
590	-30.75	26.25	9	300,150
590	-31.25	26.75	9	300,150
590	-5.25	2.75	9	300,200
590	-5.25	3.25	9	300,200
590	-4.75	3.25	9	300,200
590	-0.75	-0.75	9	300,200
590	-0.75	-1.25	9	300,200
590	-1.25	-1.25	9	300,200
590	-2.75	0.25	9	300,200
590	-4.75	0.25	9	300,200
590	-4.75	2.25	9	300,200
590	-5.25	2.75	9	300,200
590	-44.75	42.25	9	350,150
590	-44.75	42.75	9	350,150
590	-44.25	42.75	9	350,150
590	-1.25	-0.25	9	350,150
590	-1.25	-0.75	9	350,150
590	-18.75	-0.75	9	350,150
590	-18.75	-0.25	9	350,150
590	-18.25	0.25	9	350,150
590	-17.25	0.25	9	350,150
590	-14.75	2.75	9	350,150
590	-14.75	3.25	9	350,150
590	-15.25	3.25	9	350,150
590	-15.75	2.75	9	350,150
590	-16.75	2.75	9	350,150
590	-16.75	1.75	9	350,150
590	-17.25	1.25	9	350,150
590	-17.75	1.25	9	350,150
590	-17.75	2.25	9	350,150
590	-18.75	3.25	9	350,150
590	-18.75	3.75	9	350,150
590	-18.25	4.25	9	350,150
590	-18.25	4.75	9	350,150
590	-18.75	4.75	9	350,150
590	-19.25	4.25	9	350,150
590	-19.75	4.25	9	350,150
590	-20.25	4.75	9	350,150
590	-20.75	4.75	9	350,150
590	-20.75	2.75	9	350,150
590	-21.75	2.75	9	350,150
590	-23.25	1.25	9	350,150
590	-23.25	0.25	9	350,150
590	-24.25	-0.75	9	350,150
590	-32.75	-0.75	9	350,150
590	-32.75	-0.25	9	350,150
590	-32.25	0.25	9	350,150
590	-31.25	0.25	9	350,150
590	-30.25	1.25	9	350,150
590	-30.25	2.25	9	350,150
590	-29.75	2.75	9	350,150
590	-29.75	3.25	9	350,150
590	-30.75	3.25	9	350,150
590	-32.75	5.25	9	350,150
590	-32.75	5.75	9	350,150
590	-31.75	5.75	9	350,150
590	-31.75	6.25	9	350,150
590	-33.25	7.75	9	350,150
590	-34.75	7.75	9	350,150
590	-36.25	6.25	9	350,150
590	-36.25	4.75	9	350,150
590	-32.75	1.25	9	350,150
590	-32.75	0.75	9	350,150
590	-33.25	0.75	9	350,150
590	-34.25	1.75	9	350,150
590	-35.25	1.75	9	350,150
590	-35.25	2.75	9	350,150
590	-37.25	4.75	9	350,150
590	-37.75	4.75	9	350,150
590	-38.75	3.75	9	350,150
590	-39.75	3.75	9	350,150
590	-44.25	-0.75	9	350,150
590	-44.75	-0.75	9	350,150
590	-44.75	-0.25	9	350,150
590	-40.25	4.25	9	350,150
590	-40.25	4.75	9	350,150
590	-42.25	4.75	9	350,150
590	-42.75	5.25	9	350,150
590	-42.75	5.75	9	350,150
590	-42.25	6.25	9	350,150
590	-42.25	7.25	9	350,150
590	-41.25	7.25	9	350,150
590	-41.25	7.75	9	350,150
590	-42.25	8.75	9	350,150
590	-42.25	9.75	9	350,150
590	-43.25	10.75	9	350,150
590	-43.75	10.75	9	350,150
590	-44.25	10.25	9	350,150
590	-44.75	10.25	9	350,150
590	-44.75	42.25	9	350,150
590	-31.25	48.75	9	300,100
590	-31.25	49.25	9	300,100
590	-30.75	49.25	9	300,100
590	-30.75	48.75	9	300,100
590	-31.25	48.75	9	300,100
590	-44.75	47.25	9	350,100
590	-44.75	47.75	9	350,100
590	-44.25	47.75	9	350,100
590	-44.25	47.25	9	350,100
590	-44.75	47.25	9	350,100
590	-45.25	42.75	9	400,100
590	-45.25	43.25	9	400,100
590	-44.75	43.25	9	400,100
590	-30.75	29.25	9	400,100
590	-30.75	28.75	9	400,100
590	-31.75	27.75	9	400,100
590	-32.25	27.75	9	400,100
590	-32.25	28.25	9	400,100
590	-31.75	28.75	9	400,100
590	-31.75	29.25	9	400,100
590	-32.75	30.25	9	400,100
590	-33.25	30.25	9	400,100
590	-33.75	29.75	9	400,100
590	-34.25	29.75	9	400,100
590	-34.25	30.75	9	400,100
590	-35.25	30.75	9	400,100
590	-35.75	31.25	9	400,100
590	-35.75	31.75	9	400,100
590	-35.25	32.25	9	400,100
590	-35.25	32.75	9	400,100
590	-36.25	33.75	9	400,100
590	-38.25	33.75	9	400,100
590	-40.25	35.75	9	400,100
590	-40.25	36.75	9	400,100
590	-40.75	37.25	9	400,100
590	-42.75	37.25	9	400,100
590	-42.75	38.25	9	400,100
590	-43.25	38.75	9	400,100
590	-43.75	38.75	9	400,100
590	-44.25	38.25	9	400,100
590	-44.25	37.75	9	400,100
590	-41.75	35.25	9	400,100
590	-41.75	34.75	9	400,100
590	-42.25	34.25	9	400,100
590	-42.75	34.25	9	400,100
590	-42.75	35.25	9	400,100
590	-43.25	35.75	9	400,100
590	-43.75	35.75	9	400,100
590	-44.25	35.25	9	400,100
590	-44.75	35.25	9	400,100
590	-45.25	35.75	9	400,100
590	-45.25	42.75	9	400,100
591	-23.75	-0.75	9	300,150
591	-23.75	-0.25	9	300,150
591	-23.25	-0.25	9	300,150
591	-23.25	-0.75	9	300,150
591	-23.75	-0.75	9	300,150
591	-42.75	26.25	9	350,150
591	-42.75	26.75	9	350,150
591	-42.25	26.75	9	350,150
591	-39.75	24.25	9	350,150
591	-39.25	24.25	9	350,150
591	-38.25	25.25	9	350,150
591	-38.25	25.75	9	350,150
591	-39.25	25.75	9	350,150
591	-39.75	26.25	9	350,150
591	-39.75	27.75	9	350,150
591	-38.75	28.75	9	350,150
591	-38.25	28.75	9	350,150
591	-37.25	27.75	9	350,150
591	-36.75	27.75	9	350,150
591	-36.75	28.25	9	350,150
591	-37.25	28.75	9	350,150
591	-37.25	29.25	9	350,150
591	-36.75	29.75	9	350,150
591	-36.75	30.25	9	350,150
591	-37.75	31.25	9	350,150
591	-37.75	31.75	9	350,150
591	-37.25	31.75	9	350,150
591	-36.75	31.25	9	350,150
591	-35.75	31.25	9	350,150
591	-35.75	30.25	9	350,150
591	-34.75	30.25	9	350,150
591	-34.25	29.75	9	350,150
591	-34.25	29.25	9	350,150
591	-35.75	27.75	9	350,150
591	-35.75	26.75	9	350,150
591	-37.75	24.75	9	350,150
591	-37.75	24.25	9	350,150
591	-36.75	23.25	9	350,150
591	-36.75	22.75	9	350,150
591	-38.25	22.75	9	350,150
591	-38.75	23.25	9	350,150
591	-39.25	23.25	9	350,150
591	-39.25	22.75	9	350,150
591	-38.25	21.75	9	350,150
591	-37.25	21.75	9	350,150
591	-37.25	20.75	9	350,150
591	-34.25	17.75	9	350,150
591	-33.25	17.75	9	350,150
591	-33.25	17.25	9	350,150
591	-33.75	16.75	9	350,150
591	-33.75	16.25	9	350,150
591	-32.75	16.25	9	350,150
591	-31.25	14.75	9	350,150
591	-31.25	14.25	9	350,150
591	-31.75	13.75	9	350,150
591	-31.75	11.75	9	350,150
591	-32.25	11.75	9	350,150
591	-32.75	12.25	9	350,150
591	-33.75	12.25	9	350,150
591	-33.75	13.75	9	350,150
591	-33.25	14.25	9	350,150
591	-33.25	14.75	9	350,150
591	-33.75	14.75	9	350,150
591	-35.75	12.75	9	350,150
591	-38.25	12.75	9	350,150
591	-39.75	14.25	9	350,150
591	-39.75	15.25	9	350,150
591	-40.75	16.25	9	350,150
591	-42.75	16.25	9	350,150
591	-42.75	17.25	9	350,150
591	-44.25	18.75	9	350,150
591	-44.25	19.25	9	350,150
591	-42.75	20.75	9	350,150
591	-42.75	22.25	9	350,150
591	-44.25	23.75	9	350,150
591	-44.25	24.25	9	350,150
591	-42.75	25.75	9	350,150
591	-42.75	26.25	9	350,150
591	-27.25	48.75	9	300,100
591	-27.25	49.25	9	300,100
591	-26.75	49.25	9	300,100
591	-26.75	48.75	9	300,100
591	-27.25	48.75	9	300,100
591	-44.75	45.25	9	350,100
591	-44.75	45.75	9	350,100
591	-44.25	45.75	9	350,100
591	-40.75	42.25	9	350,100
591	-39.25	42.25	9	350,100
591	-38.75	42.75	9	350,100
591	-38.25	42.75	9	350,100
591	-38.25	41.75	9	350,100
591	-37.25	41.75	9	350,100
591	-37.25	41.25	9	350,100
591	-37.75	40.75	9	350,100
591	-37.75	40.25	9	350,100
591	-37.25	39.75	9	350,100
591	-36.75	39.75	9	350,100
591	-36.25	40.25	9	350,100
591	-35.25	40.25	9	350,100
591	-34.25	41.25	9	350,100
591	-33.75	41.25	9	350,100
591	-33.75	40.75	9	350,100
591	-34.25	40.25	9	350,100
591	-34.25	39.75	9	350,100
591	-32.25	39.75	9	350,100
591	-32.25	38.75	9	350,100
591	-31.75	38.25	9	350,100
591	-31.75	37.25	9	350,100
591	-31.25	36.75	9	350,100
591	-30.75	36.75	9	350,100
591	-30.75	37.75	9	350,100
591	-29.75	38.75	9	350,100
591	-29.75	39.25	9	350,100
591	-30.75	39.25	9	350,100
591	-31.75	40.25	9	350,100
591	-31.75	41.25	9	350,100
591	-32.75	41.25	9	350,100
591	-34.25	42.75	9	350,100
591	-34.25	43.75	9	350,100
591	-35.25	43.75	9	350,100
591	-35.75	44.25	9	350,100
591	-36.75	44.25	9	350,100
591	-36.75	44.75	9	350,100
591	-33.75	47.75	9	350,100
591	-33.75	48.75	9	350,100
591	-33.25	49.25	9	350,100
591	-24.75	49.25	9	350,100
591	-24.25	48.75	9	350,100
591	-24.25	48.25	9	350,100
591	-26.75	45.75	9	350,100
591	-27.75	45.75	9	350,100
591	-27.75	44.75	9	350,100
591	-28.25	44.25	9	350,100
591	-28.25	43.75	9	350,100
591	-27.75	43.75	9	350,100
591	-26.75	44.75	9	350,100
591	-26.25	44.75	9	350,100
591	-25.75	44.25	9	350,100
591	-25.75	43.25	9	350,100
591	-25.25	42.75	9	350,100
591	-24.25	42.75	9	350,100
591	-22.25	40.75	9	350,100
591	-22.25	40.25	9	350,100
591	-23.75	38.75	9	350,100
591	-24.25	38.75	9	350,100
591	-25.25	39.75	9	350,100
591	-25.25	40.25	9	350,100
591	-24.75	40.75	9	350,100
591	-24.75	41.25	9	350,100
591	-25.25	41.25	9	350,100
591	-26.75	39.75	9	350,100
591	-26.75	39.25	9	350,100
591	-25.75	39.25	9	350,100
591	-25.75	37.75	9	350,100
591	-26.25	37.25	9	350,100
591	-26.25	36.25	9	350,100
591	-26.75	36.25	9	350,100
591	-27.25	36.75	9	350,100
591	-27.75	36.75	9	350,100
591	-27.75	36.25	9	350,100
591	-27.25	35.75	9	350,100
591	-27.25	34.75	9	350,100
591	-26.25	34.75	9	350,100
591	-25.75	34.25	9	350,100
591	-25.25	34.25	9	350,100
591	-23.75	35.75	9	350,100
591	-23.25	35.75	9	350,100
591	-23.25	35.25	9	350,100
591	-28.25	30.25	9	350,100
591	-28.25	29.75	9	350,100
591	-27.75	29.25	9	350,100
591	-27.25	29.25	9	350,100
591	-25.75	30.75	9	350,100
591	-25.25	30.75	9	350,100
591	-24.75	30.25	9	350,100
591	-24.75	29.75	9	350,100
591	-25.75	29.75	9	350,100
591	-26.25	29.25	9	350,100
591	-26.25	28.75	9	350,100
591	-25.25	28.75	9	350,100
591	-25.25	28.25	9	350,100
591	-25.75	27.75	9	350,100
591	-25.75	27.25	9	350,100
591	-24.75	26.25	9	350,100
591	-24.25	26.25	9	350,100
591	-22.75	27.75	9	350,100
591	-22.25	27.75	9	350,100
591	-21.25	26.75	9	350,100
591	-21.25	25.25	9	350,100
591	-22.25	24.25	9	350,100
591	-22.25	23.75	9	350,100
591	-20.75	22.25	9	350,100
591	-20.75	21.75	9	350,100
591	-21.25	21.25	9	350,100
591	-21.75	21.25	9	350,100
591	-23.25	22.75	9	350,100
591	-23.75	22.75	9	350,100
591	-24.25	22.25	9	350,100
591	-24.25	21.75	9	350,100
591	-22.75	20.25	9	350,100
591	-22.75	19.25	9	350,100
591	-21.75	19.25	9	350,100
591	-19.75	17.25	9	350,100
591	-17.75	17.25	9	350,100
591	-17.75	16.75	9	350,100
591	-18.75	15.75	9	350,100
591	-20.75	15.75	9	350,100
591	-20.75	14.75	9	350,100
591	-21.75	14.75	9	350,100
591	-22.25	14.25	9	350,100
591	-22.25	13.25	9	350,100
591	-22.75	13.25	9	350,100
591	-25.25	15.75	9	350,100
591	-25.75	15.75	9	350,100
591	-31.25	10.25	9	350,100
591	-31.75	10.25	9	350,100
591	-31.75	10.75	9	350,100
591	-28.25	14.25	9	350,100
591	-28.25	15.25	9	350,100
591	-27.25	15.25	9	350,100
591	-26.25	16.25	9	350,100
591	-26.25	16.75	9	350,100
591	-27.75	18.25	9	350,100
591	-27.75	19.75	9	350,100
591	-27.25	20.25	9	350,100
591	-26.25	20.25	9	350,100
591	-26.25	20.75	9	350,100
591	-27.25	21.75	9	350,100
591	-27.75	21.75	9	350,100
591	-27.75	20.75	9	350,100
591	-28.25	20.75	9	350,100
591	-28.75	21.25	9	350,100
591	-29.25	21.25	9	350,100
591	-30.25	20.25	9	350,100
591	-30.25	19.75	9	350,100
591	-29.25	19.75	9	350,100
591	-29.25	17.25	9	350,100
591	-29.75	16.75	9	350,100
591	-30.75	16.75	9	350,100
591	-30.75	15.75	9	350,100
591	-32.75	13.75	9	350,100
591	-33.25	13.75	9	350,100
591	-33.75	14.25	9	350,100
591	-34.75	14.25	9	350,100
591	-35.25	14.75	9	350,100
591	-35.25	15.25	9	350,100
591	-33.75	16.75	9	350,100
591	-33.75	17.75	9	350,100
591	-32.75	17.75	9	350,100
591	-32.25	18.25	9	350,100
591	-32.25	18.75	9	350,100
591	-33.25	18.75	9	350,100
591	-33.75	19.25	9	350,100
591	-34.25	19.25	9	350,100
591	-34.75	18.75	9	350,100
591	-34.75	17.75	9	350,100
591	-35.25	17.25	9	350,100
591	-35.25	16.25	9	350,100
591	-35.75	16.25	9	350,100
591	-37.25	17.75	9	350,100
591	-37.25	18.25	9	350,100
591	-36.75	18.75	9	350,100
591	-36.75	19.25	9	350,100
591	-37.25	19.75	9	350,100
591	-37.25	20.25	9	350,100
591	-35.75	20.25	9	350,100
591	-35.25	19.75	9	350,100
591	-34.75	19.75	9	350,100
591	-34.75	20.25	9	350,100
591	-35.25	20.75	9	350,100
591	-35.25	21.25	9	350,100
591	-33.75	22.75	9	350,100
591	-33.25	22.75	9	350,100
591	-32.75	22.25	9	350,100
591	-31.25	22.25	9	350,100
591	-31.25	23.75	9	350,100
591	-31.75	23.75	9	350,100
591	-32.25	23.25	9	350,100
591	-32.75	23.25	9	350,100
591	-33.75	24.25	9	350,100
591	-33.75	26.25	9	350,100
591	-34.25	26.75	9	350,100
591	-35.25	26.75	9	350,100
591	-37.75	29.25	9	350,100
591	-37.75	30.25	9	350,100
591	-38.25	30.25	9	350,100
591	-38.75	29.75	9	350,100
591	-38.75	29.25	9	350,100
591	-34.75	25.25	9	350,100
591	-34.75	24.75	9	350,100
591	-35.75	24.75	9	350,100
591	-36.25	24.25	9	350,100
591	-37.25	24.25	9	350,100
591	-37.75	23.75	9	350,100
591	-37.75	23.25	9	350,100
591	-37.25	22.75	9	350,100
591	-37.25	22.25	9	350,100
591	-38.25	21.25	9	350,100
591	-39.25	21.25	9	350,100
591	-39.25	20.25	9	350,100
591	-42.25	20.25	9	350,100
591	-42.75	19.75	9	350,100
591	-43.25	19.75	9	350,100
591	-43.25	22.25	9	350,100
591	-42.75	22.75	9	350,100
591	-42.75	23.25	9	350,100
591	-43.25	23.75	9	350,100
591	-43.25	24.25	9	350,100
591	-42.75	24.75	9	350,100
591	-42.75	25.75	9	350,100
591	-42.25	26.25	9	350,100
591	-41.25	26.25	9	350,100
591	-41.25	27.75	9	350,100
591	-41.75	27.75	9	350,100
591	-44.25	25.25	9	350,100
591	-44.75	25.25	9	350,100
591	-44.75	39.75	9	350,100
591	-44.25	39.75	9	350,100
591	-43.75	39.25	9	350,100
591	-43.25	39.25	9	350,100
591	-43.25	39.75	9	350,100
591	-44.25	40.75	9	350,100
591	-44.25	41.25	9	350,100
591	-43.75	41.25	9	350,100
591	-42.75	40.25	9	350,100
591	-42.25	40.25	9	350,100
591	-41.75	40.75	9	350,100
591	-41.75	41.25	9	350,100
591	-42.75	42.25	9	350,100
591	-43.75	42.25	9	350,100
591	-43.75	43.25	9	350,100
591	-44.75	44.25	9	350,100
591	-44.75	45.25	9	350,100
591	-45.25	32.75	9	400,100
591	-45.25	33.25	9	400,100
591	-44.75	33.25	9	400,100
591	-44.75	32.75	9	400,100
591	-45.25	32.75	9	400,100
532	-44.75	5.25	64	150,0
532	-44.75	5.75	64	150,0
532	-44.25	5.75	64	150,0
532	-44.25	5.25	64	150,0
532	-44.75	5.25	64	150,0
494	-3.75	48.25	52	200,50
494	-3.75	48.75	52	200,50
494	-2.25	48.75	52	200,50
494	-1.75	48.25	52	200,50
494	-0.75	48.25	52	200,50
494	4.25	43.25	52	200,50
494	4.25	42.25	52	200,50
494	5.25	41.25	52	200,50
494	5.25	39.75	52	200,50
494	4.75	39.75	52	200,50
494	-3.75	48.25	52	200,50
492	-2.75	2.25	51	200,100
492	-2.75	2.75	51	200,100
492	-0.75	2.75	51	200,100
492	-0.25	3.25	51	200,100
492	1.25	3.25	51	200,100
492	2.25	2.25	51	200,100
492	2.25	1.75	51	200,100
492	1.75	1.25	51	200,100
492	1.75	0.25	51	200,100
492	0.25	-1.25	51	200,100
492	-0.25	-1.25	51	200,100
492	-0.25	-0.25	51	200,100
492	-2.75	2.25	51	200,100
492	-0.25	47.75	51	200,50
492	-0.25	48.25	51	200,50
492	0.25	48.75	51	200,50
492	0.75	48.75	51	200,50
492	5.25	44.25	51	200,50
492	5.25	41.75	51	200,50
492	4.75	41.75	51	200,50
492	4.25	42.25	51	200,50
492	4.25	43.25	51	200,50
492	-0.25	47.75	51	200,50
492	-44.75	44.25	51	250,50
492	-44.75	44.75	51	250,50
492	-44.25	44.75	51	250,50
492	-42.75	43.25	51	250,50
492	-42.25	43.25	51	250,50
492	-40.75	44.75	51	250,50
492	-40.25	44.75	51	250,50
492	-39.75	44.25	51	250,50
492	-39.75	42.75	51	250,50
492	-41.25	41.25	51	250,50
492	-41.25	40.75	51	250,50
492	-40.75	40.25	51	250,50
492	-39.25	40.25	51	250,50
492	-37.75	41.75	51	250,50
492	-37.25	41.75	51	250,50
492	-36.75	41.25	51	250,50
492	-36.75	40.75	51	250,50
492	-38.75	38.75	51	250,50
492	-39.25	38.75	51	250,50
492	-39.75	39.25	51	250,50
492	-40.25	39.25	51	250,50
492	-40.75	38.75	51	250,50
492	-40.75	38.25	51	250,50
492	-25.75	23.25	51	250,50
492	-25.25	23.25	51	250,50
492	-24.25	24.25	51	250,50
492	-24.25	24.75	51	250,50
492	-25.25	24.75	51	250,50
492	-25.75	25.25	51	250,50
492	-26.75	25.25	51	250,50
492	-26.75	25.75	51	250,50
492	-25.75	26.75	51	250,50
492	-25.75	27.25	51	250,50
492	-26.25	27.75	51	250,50
492	-28.25	27.75	51	250,50
492	-28.25	28.75	51	250,50
492	-28.75	29.25	51	250,50
492	-28.75	29.75	51	250,50
492	-27.25	31.25	51	250,50
492	-26.75	31.25	51	250,50
492	-20.75	25.25	51	250,50
492	-20.75	23.75	51	250,50
492	-22.25	22.25	51	250,50
492	-22.25	21.75	51	250,50
492	-21.75	21.75	51	250,50
492	-20.25	23.25	51	250,50
492	-18.75	23.25	51	250,50
492	-16.25	20.75	51	250,50
492	-16.25	19.75	51	250,50
492	-14.25	19.75	51	250,50
492	-13.75	19.25	51	250,50
492	-13.75	18.75	51	250,50
492	-14.25	18.25	51	250,50
492	-14.25	17.25	51	250,50
492	-15.25	16.25	51	250,50
492	-15.25	15.75	51	250,50
492	-14.25	14.75	51	250,50
492	-13.75	14.75	51	250,50
492	-13.75	15.75	51	250,50
492	-12.25	15.75	51	250,50
492	-11.25	14.75	51	250,50
492	-10.25	14.75	51	250,50
492	-9.25	13.75	51	250,50
492	-9.25	12.75	51	250,50
492	-8.75	12.25	51	250,50
492	-8.75	11.75	51	250,50
492	-9.25	11.25	51	250,50
492	-10.25	11.25	51	250,50
492	-10.25	10.25	51	250,50
492	-10.75	10.25	51	250,50
492	-16.25	15.75	51	250,50
492	-16.25	16.75	51	250,50
492	-16.75	17.25	51	250,50
492	-17.75	17.25	51	250,50
492	-18.75	18.25	51	250,50
492	-18.75	19.75	51	250,50
492	-17.75	20.75	51	250,50
492	-17.75	21.25	51	250,50
492	-21.25	21.25	51	250,50
492	-21.75	20.75	51	250,50
492	-24.25	20.75	51	250,50
492	-28.25	24.75	51	250,50
492	-29.25	24.75	51	250,50
492	-29.25	25.75	51	250,50
492	-32.25	28.75	51	250,50
492	-33.25	28.75	51	250,50
492	-33.25	29.75	51	250,50
492	-44.75	41.25	51	250,50
492	-44.75	44.25	51	250,50
599	3.25	8.25	91	200,100
599	3.25	8.75	91	200,100
599	4.75	8.75	91	200,100
599	5.25	8.25	91	200,100
599	5.25	4.75	91	200,100
599	4.25	3.75	91	200,100
599	3.75	3.75	91	200,100
599	1.75	5.75	91	200,100
599	1.75	6.25	91	200,100
599	3.25	7.75	91	200,100
599	3.25	8.25	91	200,100
599	-44.75	7.25	91	250,100
599	-44.75	7.75	91	250,100
599	-43.25	7.75	91	250,100
599	-42.25	6.75	91	250,100
599	-42.25	6.25	91	250,100
599	-43.75	4.75	91	250,100
599	-44.25	4.75	91	250,100
599	-44.75	5.25	91	250,100
599	-44.75	7.25	91	250,100
393	-25.75	28.25	293	300,150
393	-25.75	28.75	293	300,150
393	-25.25	29.25	293	300,150
393	-24.25	29.25	293	300,150
393	-24.25	30.25	293	300,150
393	-23.75	30.75	293	300,150
393	-23.25	30.75	293	300,150
393	-22.75	30.25	293	300,150
393	-22.25	30.25	293	300,150
393	-21.75	30.75	293	300,150
393	-20.75	30.75	293	300,150
393	-20.25	31.25	293	300,150
393	-19.25	31.25	293	300,150
393	-19.25	32.25	293	300,150
393	-17.25	34.25	293	300,150
393	-16.75	34.25	293	300,150
393	-16.25	33.75	293	300,150
393	-16.25	33.25	293	300,150
393	-16.75	32.75	293	300,150
393	-17.75	32.75	293	300,150
393	-17.75	31.75	293	300,150
393	-18.75	30.75	293	300,150
393	-18.75	30.25	293	300,150
393	-18.25	29.75	293	300,150
393	-18.25	28.25	293	300,150
393	-18.75	28.25	293	300,150
393	-19.25	28.75	293	300,150
393	-19.75	28.75	293	300,150
393	-19.75	26.75	293	300,150
393	-20.25	26.25	293	300,150
393	-20.75	26.25	293	300,150
393	-21.25	26.75	293	300,150
393	-21.75	26.75	293	300,150
393	-23.25	25.25	293	300,150
393	-23.75	25.25	293	300,150
393	-25.75	27.25	293	300,150
393	-25.75	28.25	293	300,150
237	-2.25	-0.25	211	100,0
237	-2.25	0.25	211	100,0
237	-0.75	1.75	211	100,0
237	-0.25	1.75	211	100,0
237	0.75	0.75	211	100,0
237	1.25	0.75	211	100,0
237	1.75	1.25	211	100,0
237	2.25	1.25	211	100,0
237	2.75	0.75	211	100,0
237	4.75	0.75	211	100,0
237	5.25	0.25	211	100,0
237	5.25	-0.25	211	100,0
237	-2.25	-0.25	211	100,0
237	-44.75	0.25	211	150,0
237	-44.75	0.75	211	150,0
237	-42.25	0.75	211	150,0
237	-41.75	0.25	211	150,0
237	-41.75	-0.25	211	150,0
237	-44.25	-0.25	211	150,0
237	-44.75	0.25	211	150,0
27	4.75	6.75	11	100,0
27	4.75	7.25	11	100,0
27	5.25	7.25	11	100,0
27	5.25	6.75	11	100,0
27	4.75	6.75	11	100,0
27	-44.75	7.25	11	150,0
27	-44.75	7.75	11	150,0
27	-42.75	9.75	11	150,0
27	-42.25	9.75	11	150,0
27	-40.75	8.25	11	150,0
27	-40.25	8.25	11	150,0
27	-39.75	8.75	11	150,0
27	-39.75	10.75	11	150,0
27	-39.25	11.25	11	150,0
27	-38.25	11.25	11	150,0
27	-38.25	12.25	11	150,0
27	-31.75	18.75	11	150,0
27	-31.75	19.75	11	150,0
27	-30.75	20.75	11	150,0
27	-29.75	20.75	11	150,0
27	-22.75	27.75	11	150,0
27	-21.75	27.75	11	150,0
27	-21.75	28.75	11	150,0
27	-19.25	31.25	11	150,0
27	-18.75	31.25	11	150,0
27	-18.75	29.75	11	150,0
27	-20.25	28.25	11	150,0
27	-20.25	26.75	11	150,0
27	-19.25	25.75	11	150,0
27	-19.25	25.25	11	150,0
27	-19.75	25.25	11	150,0
27	-21.25	26.75	11	150,0
27	-21.75	26.75	11	150,0
27	-22.25	26.25	11	150,0
27	-22.25	25.25	11	150,0
27	-23.25	25.25	11	150,0
27	-27.25	21.25	11	150,0
27	-27.25	20.25	11	150,0
27	-27.75	19.75	11	150,0
27	-27.75	19.25	11	150,0
27	-27.25	18.75	11	150,0
27	-27.25	18.25	11	150,0
27	-28.25	18.25	11	150,0
27	-31.25	15.25	11	150,0
27	-32.25	15.25	11	150,0
27	-32.75	14.75	11	150,0
27	-32.75	14.25	11	150,0
27	-29.25	10.75	11	150,0
27	-28.75	10.75	11	150,0
27	-26.25	13.25	11	150,0
27	-25.25	13.25	11	150,0
27	-24.25	14.25	11	150,0
27	-23.75	14.25	11	150,0
27	-23.25	13.75	11	150,0
27	-22.75	13.75	11	150,0
27	-21.25	15.25	11	150,0
27	-20.25	15.25	11	150,0
27	-15.25	20.25	11	150,0
27	-14.75	20.25	11	150,0
27	-13.75	19.25	11	150,0
27	-13.75	18.75	11	150,0
27	-20.25	12.25	11	150,0
27	-20.25	11.25	11	150,0
27	-21.25	11.25	11	150,0
27	-22.25	10.25	11	150,0
27	-22.25	9.75	11	150,0
27	-21.25	8.75	11	150,0
27	-20.75	8.75	11	150,0
27	-19.75	9.75	11	150,0
27	-19.75	10.75	11	150,0
27	-18.75	10.75	11	150,0
27	-18.75	11.75	11	150,0
27	-17.75	11.75	11	150,0
27	-12.75	16.75	11	150,0
27	-12.25	16.75	11	150,0
27	-11.75	16.25	11	150,0
27	-11.75	15.25	11	150,0
27	-11.25	14.75	11	150,0
27	-10.75	14.75	11	150,0
27	-10.25	15.25	11	150,0
27	-10.25	15.75	11	150,0
27	-10.75	16.25	11	150,0
27	-10.75	16.75	11	150,0
27	-10.25	16.75	11	150,0
27	-9.25	15.75	11	150,0
27	-7.75	15.75	11	150,0
27	-7.25	16.25	11	150,0
27	-6.75	16.25	11	150,0
27	-6.75	15.75	11	150,0
27	-7.25	15.25	11	150,0
27	-7.25	14.75	11	150,0
27	-6.25	13.75	11	150,0
27	-5.25	13.75	11	150,0
27	-4.25	12.75	11	150,0
27	-3.25	12.75	11	150,0
27	-3.25	11.75	11	150,0
27	-2.25	10.75	11	150,0
27	-1.75	10.75	11	150,0
27	-0.25	12.25	11	150,0
27	0.25	12.25	11	150,0
27	1.25	11.25	11	150,0
27	1.25	10.75	11	150,0
27	0.75	10.25	11	150,0
27	0.75	9.75	11	150,0
27	1.25	9.75	11	150,0
27	3.75	12.25	11	150,0
27	4.25	12.25	11	150,0
27	4.75	11.75	11	150,0
27	4.75	8.25	11	150,0
27	3.75	8.25	11	150,0
27	3.25	7.75	11	150,0
27	2.75	7.75	11	150,0
27	2.25	8.25	11	150,0
27	1.25	8.25	11	150,0
27	0.75	8.75	11	150,0
27	-0.25	8.75	11	150,0
27	-0.25	9.75	11	150,0
27	-0.75	10.25	11	150,0
27	-1.25	10.25	11	150,0
27	-1.25	8.25	11	150,0
27	-1.75	7.75	11	150,0
27	-2.25	7.75	11	150,0
27	-2.75	8.25	11	150,0
27	-3.75	8.25	11	150,0
27	-4.75	9.25	11	150,0
27	-7.25	9.25	11	150,0
27	-7.75	8.75	11	150,0
27	-8.25	8.75	11	150,0
27	-8.25	9.75	11	150,0
27	-8.75	9.75	11	150,0
27	-10.25	8.25	11	150,0
27	-10.25	7.75	11	150,0
27	-9.75	7.25	11	150,0
27	-9.75	6.75	11	150,0
27	-10.25	6.25	11	150,0
27	-12.75	6.25	11	150,0
27	-13.75	7.25	11	150,0
27	-13.75	8.75	11	150,0
27	-10.25	12.25	11	150,0
27	-10.25	12.75	11	150,0
27	-10.75	12.75	11	150,0
27	-11.25	12.25	11	150,0
27	-12.25	12.25	11	150,0
27	-12.25	11.25	11	150,0
27	-14.75	8.75	11	150,0
27	-15.25	8.75	11	150,0
27	-15.75	9.25	11	150,0
27	-16.25	9.25	11	150,0
27	-17.25	8.25	11	150,0
27	-17.25	7.75	11	150,0
27	-16.75	7.25	11	150,0
27	-16.75	6.75	11	150,0
27	-17.75	5.75	11	150,0
27	-18.25	5.75	11	150,0
27	-18.75	6.25	11	150,0
27	-19.25	6.25	11	150,0
27	-21.75	3.75	11	150,0
27	-22.25	3.75	11	150,0
27	-22.75	4.25	11	150,0
27	-22.75	5.25	11	150,0
27	-23.25	5.75	11	150,0
27	-24.25	5.75	11	150,0
27	-25.25	6.75	11	150,0
27	-25.75	6.75	11	150,0
27	-26.25	6.25	11	150,0
27	-26.75	6.25	11	150,0
27	-28.25	7.75	11	150,0
27	-28.75	7.75	11	150,0
27	-31.25	5.25	11	150,0
27	-33.25	5.25	11	150,0
27	-33.75	4.75	11	150,0
27	-34.25	4.75	11	150,0
27	-34.75	5.25	11	150,0
27	-35.25	5.25	11	150,0
27	-37.75	2.75	11	150,0
27	-38.25	2.75	11	150,0
27	-38.75	3.25	11	150,0
27	-39.25	3.25	11	150,0
27	-40.75	1.75	11	150,0
27	-41.25	1.75	11	150,0
27	-42.75	3.25	11	150,0
27	-43.25	3.25	11	150,0
27	-43.75	2.75	11	150,0
27	-44.25	2.75	11	150,0
27	-44.75	3.25	11	150,0
27	-44.75	4.75	11	150,0
27	-44.25	5.25	11	150,0
27	-44.25	5.75	11	150,0
27	-44.75	6.25	11	150,0
27	-44.75	7.25	11	150,0
27	-45.25	18.75	11	200,0
27	-45.25	19.25	11	200,0
27	-44.75	19.25	11	200,0
27	-44.25	18.75	11	200,0
27	-44.25	17.75	11	200,0
27	-43.25	16.75	11	200,0
27	-42.75	16.75	11	200,0
27	-41.75	17.75	11	200,0
27	-41.75	18.25	11	200,0
27	-42.25	18.75	11	200,0
27	-42.25	19.25	11	200,0
27	-41.75	19.25	11	200,0
27	-41.25	18.75	11	200,0
27	-40.75	18.75	11	200,0
27	-39.75	19.75	11	200,0
27	-39.75	20.25	11	200,0
27	-40.75	21.25	11	200,0
27	-40.75	21.75	11	200,0
27	-40.25	21.75	11	200,0
27	-39.25	20.75	11	200,0
27	-38.75	20.75	11	200,0
27	-34.25	25.25	11	200,0
27	-34.25	25.75	11	200,0
27	-35.25	26.75	11	200,0
27	-35.25	27.25	11	200,0
27	-34.75	27.75	11	200,0
27	-34.25	27.75	11	200,0
27	-33.25	26.75	11	200,0
27	-32.75	26.75	11	200,0
27	-31.75	27.75	11	200,0
27	-31.75	28.25	11	200,0
27	-32.25	28.75	11	200,0
27	-32.25	30.25	11	200,0
27	-31.75	30.75	11	200,0
27	-31.25	30.75	11	200,0
27	-30.25	29.75	11	200,0
27	-29.25	29.75	11	200,0
27	-22.25	22.75	11	200,0
27	-21.25	22.75	11	200,0
27	-21.25	21.75	11	200,0
27	-11.25	11.75	11	200,0
27	-11.25	10.75	11	200,0
27	-10.25	9.75	11	200,0
27	-10.25	9.25	11	200,0
27	-11.25	8.25	11	200,0
27	-11.75	8.25	11	200,0
27	-12.75	9.25	11	200,0
27	-13.25	9.25	11	200,0
27	-14.25	8.25	11	200,0
27	-14.25	7.75	11	200,0
27	-13.75	7.75	11	200,0
27	-13.25	8.25	11	200,0
27	-12.75	8.25	11	200,0
27	-12.25	7.75	11	200,0
27	-12.25	7.25	11	200,0
27	-13.75	5.75	11	200,0
27	-14.25	5.75	11	200,0
27	-15.25	6.75	11	200,0
27	-15.75	6.75	11	200,0
27	-18.25	4.25	11	200,0
27	-19.75	4.25	11	200,0
27	-19.75	4.75	11	200,0
27	-19.25	5.25	11	200,0
27	-19.25	5.75	11	200,0
27	-19.75	6.25	11	200,0
27	-20.75	6.25	11	200,0
27	-21.25	6.75	11	200,0
27	-21.25	7.75	11	200,0
27	-21.75	7.75	11	200,0
27	-23.75	5.75	11	200,0
27	-25.75	5.75	11	200,0
27	-26.25	5.25	11	200,0
27	-27.75	5.25	11	200,0
27	-31.75	9.25	11	200,0
27	-31.75	10.25	11	200,0
27	-32.25	10.75	11	200,0
27	-32.25	11.25	11	200,0
27	-31.75	11.75	11	200,0
27	-31.75	12.25	11	200,0
27	-32.25	12.25	11	200,0
27	-32.75	11.75	11	200,0
27	-34.25	11.75	11	200,0
27	-34.25	12.75	11	200,0
27	-34.75	13.25	11	200,0
27	-35.75	13.25	11	200,0
27	-36.25	13.75	11	200,0
27	-36.75	13.75	11	200,0
27	-36.75	13.25	11	200,0
27	-34.25	10.75	11	200,0
27	-34.25	10.25	11	200,0
27	-35.25	10.25	11	200,0
27	-35.75	9.75	11	200,0
27	-36.25	9.75	11	200,0
27	-36.25	10.75	11	200,0
27	-36.75	11.25	11	200,0
27	-37.75	11.25	11	200,0
27	-38.25	11.75	11	200,0
27	-39.75	11.75	11	200,0
27	-39.75	11.25	11	200,0
27	-38.75	10.25	11	200,0
27	-38.75	9.75	11	200,0
27	-39.75	8.75	11	200,0
27	-40.25	8.75	11	200,0
27	-40.75	9.25	11	200,0
27	-41.25	9.25	11	200,0
27	-41.25	8.25	11	200,0
27	-43.25	6.25	11	200,0
27	-44.75	6.25	11	200,0
27	-44.75	7.25	11	200,0
27	-45.25	7.75	11	200,0
27	-45.25	11.25	11	200,0
27	-44.75	11.75	11	200,0
27	-44.75	12.25	11	200,0
27	-45.25	12.75	11	200,0
27	-45.25	14.25	11	200,0
27	-44.25	15.25	11	200,0
27	-44.25	15.75	11	200,0
27	-45.25	16.75	11	200,0
27	-45.25	18.75	11	200,0
28	2.25	1.25	11	100,0
28	2.25	1.75	11	100,0
28	4.25	3.75	11	100,0
28	4.75	3.75	11	100,0
28	5.25	3.25	11	100,0
28	5.25	2.75	11	100,0
28	4.75	2.25	11	100,0
28	3.75	2.25	11	100,0
28	2.75	1.25	11	100,0
28	2.25	1.25	11	100,0
28	3.75	19.75	11	150,0
28	3.75	20.25	11	150,0
28	4.25	20.25	11	150,0
28	4.75	19.75	11	150,0
28	4.75	17.25	11	150,0
28	3.75	16.25	11	150,0
28	2.25	16.25	11	150,0
28	2.25	17.75	11	150,0
28	2.75	18.25	11	150,0
28	3.25	18.25	11	150,0
28	3.75	17.75	11	150,0
28	4.25	17.75	11	150,0
28	4.25	18.25	11	150,0
28	3.75	18.75	11	150,0
28	3.75	19.75	11	150,0
28	-37.75	20.25	11	200,0
28	-37.75	20.75	11	200,0
28	-34.25	24.25	11	200,0
28	-33.75	24.25	11	200,0
28	-33.75	23.25	11	200,0
28	-31.75	23.25	11	200,0
28	-30.75	22.25	11	200,0
28	-30.75	21.25	11	200,0
28	-27.25	17.75	11	200,0
28	-27.25	17.25	11	200,0
28	-29.25	15.25	11	200,0
28	-29.75	15.25	11	200,0
28	-32.25	17.75	11	200,0
28	-32.75	17.75	11	200,0
28	-32.75	17.25	11	200,0
28	-32.25	16.75	11	200,0
28	-32.25	16.25	11	200,0
28	-32.75	16.25	11	200,0
28	-33.25	16.75	11	200,0
28	-34.25	16.75	11	200,0
28	-34.75	17.25	11	200,0
28	-35.75	17.25	11	200,0
28	-37.25	18.75	11	200,0
28	-37.25	19.75	11	200,0
28	-37.75	20.25	11	200,0
29	4.25	13.25	11	150,0
29	4.25	13.75	11	150,0
29	4.75	13.75	11	150,0
29	4.75	13.25	11	150,0
29	4.25	13.25	11	150,0
538	-1.75	-0.75	67	150,50
538	-1.75	-0.25	67	150,50
538	-1.25	0.25	67	150,50
538	0.25	0.25	67	150,50
538	0.75	-0.25	67	150,50
538	0.75	-0.75	67	150,50
538	-1.75	-0.75	67	150,50
538	-18.75	31.25	67	150,0
538	-18.75	31.75	67	150,0
538	-16.25	34.25	67	150,0
538	-15.25	34.25	67	150,0
538	-14.25	35.25	67	150,0
538	-14.25	36.25	67	150,0
538	-8.75	41.75	67	150,0
538	-7.75	41.75	67	150,0
538	-7.75	42.75	67	150,0
538	-6.75	42.75	67	150,0
538	-4.75	44.75	67	150,0
538	-4.75	45.75	67	150,0
538	-1.25	49.25	67	150,0
538	1.25	49.25	67	150,0
538	4.75	45.75	67	150,0
538	4.75	45.25	67	150,0
538	4.25	45.25	67	150,0
538	1.75	47.75	67	150,0
538	1.25	47.75	67	150,0
538	0.25	46.75	67	150,0
538	0.25	45.75	67	150,0
538	-0.25	45.25	67	150,0
538	-0.25	44.25	67	150,0
538	-0.75	44.25	67	150,0
538	-1.25	44.75	67	150,0
538	-1.75	44.75	67	150,0
538	-2.75	43.75	67	150,0
538	-2.75	43.25	67	150,0
538	0.25	40.25	67	150,0
538	1.75	40.25	67	150,0
538	2.25	40.75	67	150,0
538	2.25	41.75	67	150,0
538	4.25	43.75	67	150,0
538	4.75	43.75	67	150,0
538	4.75	30.25	67	150,0
538	4.25	30.25	67	150,0
538	3.75	30.75	67	150,0
538	3.25	30.75	67	150,0
538	3.25	30.25	67	150,0
538	3.75	29.75	67	150,0
538	3.75	29.25	67	150,0
538	2.75	28.25	67	150,0
538	2.75	27.25	67	150,0
538	2.25	26.75	67	150,0
538	1.75	26.75	67	150,0
538	0.75	27.75	67	150,0
538	0.25	27.75	67	150,0
538	0.25	27.25	67	150,0
538	0.75	26.75	67	150,0
538	0.75	26.25	67	150,0
538	-0.25	25.25	67	150,0
538	-0.25	24.25	67	150,0
538	-1.25	24.25	67	150,0
538	-1.75	23.75	67	150,0
538	-2.25	23.75	67	150,0
538	-2.75	24.25	67	150,0
538	-3.25	24.25	67	150,0
538	-4.75	22.75	67	150,0
538	-5.25	22.75	67	150,0
538	-10.25	27.75	67	150,0
538	-10.25	28.25	67	150,0
538	-9.75	28.25	67	150,0
538	-9.25	27.75	67	150,0
538	-8.75	27.75	67	150,0
538	-5.75	30.75	67	150,0
538	-5.75	31.75	67	150,0
538	-4.75	31.75	67	150,0
538	-4.75	32.75	67	150,0
538	-4.25	32.75	67	150,0
538	-3.75	32.25	67	150,0
538	-3.75	31.25	67	150,0
538	-3.25	30.75	67	150,0
538	-1.75	30.75	67	150,0
538	-1.25	31.25	67	150,0
538	-1.25	31.75	67	150,0
538	-2.75	33.25	67	150,0
538	-2.75	33.75	67	150,0
538	-1.75	34.75	67	150,0
538	-1.75	35.25	67	150,0
538	-2.75	36.25	67	150,0
538	-2.75	36.75	67	150,0
538	-2.25	36.75	67	150,0
538	-0.75	35.25	67	150,0
538	0.25	35.25	67	150,0
538	1.25	34.25	67	150,0
538	1.75	34.25	67	150,0
538	3.75	36.25	67	150,0
538	3.75	36.75	67	150,0
538	2.75	37.75	67	150,0
538	2.25	37.75	67	150,0
538	1.25	36.75	67	150,0
538	0.75	36.75	67	150,0
538	0.25	37.25	67	150,0
538	0.25	38.25	67	150,0
538	-0.25	38.25	67	150,0
538	-1.25	37.25	67	150,0
538	-1.75	37.25	67	150,0
538	-3.25	38.75	67	150,0
538	-3.25	39.75	67	150,0
538	-4.25	39.75	67	150,0
538	-5.25	40.75	67	150,0
538	-5.75	40.75	67	150,0
538	-5.75	39.75	67	150,0
538	-6.75	39.75	67	150,0
538	-7.75	38.75	67	150,0
538	-7.75	37.75	67	150,0
538	-8.25	37.25	67	150,0
538	-8.25	36.75	67	150,0
538	-7.75	36.25	67	150,0
538	-7.75	35.75	67	150,0
538	-8.25	35.75	67	150,0
538	-9.75	37.25	67	150,0
538	-10.25	37.25	67	150,0
538	-10.25	36.25	67	150,0
538	-10.75	35.75	67	150,0
538	-10.75	34.75	67	150,0
538	-11.75	34.75	67	150,0
538	-12.25	34.25	67	150,0
538	-12.25	33.25	67	150,0
538	-13.75	31.75	67	150,0
538	-14.75	31.75	67	150,0
538	-15.75	30.75	67	150,0
538	-15.75	29.75	67	150,0
538	-16.75	29.75	67	150,0
538	-19.25	27.25	67	150,0
538	-19.25	26.75	67	150,0
538	-16.25	23.75	67	150,0
538	-14.25	23.75	67	150,0
538	-13.75	23.25	67	150,0
538	-12.25	23.25	67	150,0
538	-11.75	23.75	67	150,0
538	-11.75	24.25	67	150,0
538	-12.75	25.25	67	150,0
538	-12.75	25.75	67	150,0
538	-11.25	27.25	67	150,0
538	-10.75	27.25	67	150,0
538	-8.25	24.75	67	150,0
538	-8.25	24.25	67	150,0
538	-12.25	20.25	67	150,0
538	-12.25	19.75	67	150,0
538	-11.25	18.75	67	150,0
538	-10.75	18.75	67	150,0
538	-6.75	22.75	67	150,0
538	-6.25	22.75	67	150,0
538	-5.75	22.25	67	150,0
538	-5.75	21.75	67	150,0
538	-9.75	17.75	67	150,0
538	-9.75	17.25	67	150,0
538	-9.25	16.75	67	150,0
538	-7.25	16.75	67	150,0
538	-7.25	16.25	67	150,0
538	-7.75	15.75	67	150,0
538	-9.25	15.75	67	150,0
538	-10.25	16.75	67	150,0
538	-10.75	16.75	67	150,0
538	-10.75	16.25	67	150,0
538	-10.25	15.75	67	150,0
538	-10.25	15.25	67	150,0
538	-10.75	14.75	67	150,0
538	-11.25	14.75	67	150,0
538	-11.75	15.25	67	150,0
538	-11.75	16.25	67	150,0
538	-12.25	16.75	67	150,0
538	-12.75	16.75	67	150,0
538	-17.75	11.75	67	150,0
538	-18.75	11.75	67	150,0
538	-18.75	10.75	67	150,0
538	-19.75	10.75	67	150,0
538	-19.75	9.75	67	150,0
538	-20.75	8.75	67	150,0
538	-21.25	8.75	67	150,0
538	-22.25	9.75	67	150,0
538	-22.25	10.25	67	150,0
538	-21.25	11.25	67	150,0
538	-20.25	11.25	67	150,0
538	-20.25	12.25	67	150,0
538	-13.75	18.75	67	150,0
538	-13.75	19.25	67	150,0
538	-14.75	20.25	67	150,0
538	-15.25	20.25	67	150,0
538	-20.25	15.25	67	150,0
538	-21.25	15.25	67	150,0
538	-22.75	13.75	67	150,0
538	-23.25	13.75	67	150,0
538	-23.75	14.25	67	150,0
538	-24.25	14.25	67	150,0
538	-25.25	13.25	67	150,0
538	-26.25	13.25	67	150,0
538	-28.75	10.75	67	150,0
538	-29.25	10.75	67	150,0
538	-32.75	14.25	67	150,0
538	-32.75	14.75	67	150,0
538	-32.25	15.25	67	150,0
538	-31.25	15.25	67	150,0
538	-28.25	18.25	67	150,0
538	-27.25	18.25	67	150,0
538	-27.25	18.75	67	150,0
538	-27.75	19.25	67	150,0
538	-27.75	19.75	67	150,0
538	-27.25	20.25	67	150,0
538	-27.25	21.25	67	150,0
538	-23.25	25.25	67	150,0
538	-22.25	25.25	67	150,0
538	-22.25	26.25	67	150,0
538	-21.75	26.75	67	150,0
538	-21.25	26.75	67	150,0
538	-20.75	26.25	67	150,0
538	-20.75	25.75	67	150,0
538	-25.75	20.75	67	150,0
538	-25.75	18.25	67	150,0
538	-25.25	17.75	67	150,0
538	-24.25	17.75	67	150,0
538	-24.25	17.25	67	150,0
538	-24.75	16.75	67	150,0
538	-24.75	16.25	67	150,0
538	-24.25	16.25	67	150,0
538	-23.25	17.25	67	150,0
538	-21.25	17.25	67	150,0
538	-20.25	18.25	67	150,0
538	-20.25	19.25	67	150,0
538	-19.25	20.25	67	150,0
538	-19.25	21.25	67	150,0
538	-17.75	22.75	67	150,0
538	-17.75	23.25	67	150,0
538	-19.25	24.75	67	150,0
538	-19.25	25.75	67	150,0
538	-20.25	26.75	67	150,0
538	-20.25	28.25	67	150,0
538	-18.75	29.75	67	150,0
538	-18.75	31.25	67	150,0
538	-45.25	44.75	67	200,0
538	-45.25	45.25	67	200,0
538	-44.75	45.25	67	200,0
538	-37.75	38.25	67	200,0
538	-37.75	37.25	67	200,0
538	-37.25	36.75	67	200,0
538	-37.25	36.25	67	200,0
538	-37.75	35.75	67	200,0
538	-37.75	35.25	67	200,0
538	-37.25	35.25	67	200,0
538	-36.75	35.75	67	200,0
538	-36.25	35.75	67	200,0
538	-34.75	34.25	67	200,0
538	-34.75	33.75	67	200,0
538	-35.25	33.25	67	200,0
538	-35.25	32.75	67	200,0
538	-34.75	32.75	67	200,0
538	-34.25	33.25	67	200,0
538	-33.75	33.25	67	200,0
538	-33.75	32.75	67	200,0
538	-34.25	32.25	67	200,0
538	-34.25	31.75	67	200,0
538	-33.75	31.25	67	200,0
538	-33.25	31.25	67	200,0
538	-33.25	32.25	67	200,0
538	-32.75	32.25	67	200,0
538	-32.25	31.75	67	200,0
538	-32.25	31.25	67	200,0
538	-33.25	30.25	67	200,0
538	-33.75	30.25	67	200,0
538	-34.25	30.75	67	200,0
538	-34.75	30.75	67	200,0
538	-34.75	29.75	67	200,0
538	-35.75	29.75	67	200,0
538	-35.75	27.75	67	200,0
538	-36.25	27.75	67	200,0
538	-36.75	28.25	67	200,0
538	-38.25	28.25	67	200,0
538	-38.25	27.25	67	200,0
538	-38.75	26.75	67	200,0
538	-41.25	26.75	67	200,0
538	-41.25	27.25	67	200,0
538	-39.25	29.25	67	200,0
538	-38.25	29.25	67	200,0
538	-38.25	29.75	67	200,0
538	-38.75	30.25	67	200,0
538	-39.75	30.25	67	200,0
538	-40.75	31.25	67	200,0
538	-41.25	31.25	67	200,0
538	-41.75	30.75	67	200,0
538	-41.75	30.25	67	200,0
538	-41.25	29.75	67	200,0
538	-41.25	29.25	67	200,0
538	-42.75	27.75	67	200,0
538	-43.25	27.75	67	200,0
538	-43.75	28.25	67	200,0
538	-43.75	29.75	67	200,0
538	-41.75	31.75	67	200,0
538	-41.75	32.25	67	200,0
538	-42.25	32.75	67	200,0
538	-42.75	32.75	67	200,0
538	-44.75	30.75	67	200,0
538	-45.25	30.75	67	200,0
538	-45.25	44.75	67	200,0
205	-39.25	11.75	192	300,150
205	-39.25	12.25	192	300,150
205	-37.75	13.75	192	300,150
205	-37.25	13.75	192	300,150
205	-36.25	12.75	192	300,150
205	-36.25	12.25	192	300,150
205	-37.25	11.25	192	300,150
205	-37.25	10.75	192	300,150
205	-33.25	6.75	192	300,150
205	-33.25	6.25	192	300,150
205	-35.75	3.75	192	300,150
205	-36.25	3.75	192	300,150
205	-39.75	7.25	192	300,150
205	-39.75	7.75	192	300,150
205	-39.25	8.25	192	300,150
205	-38.25	8.25	192	300,150
205	-37.75	8.75	192	300,150
205	-37.75	10.25	192	300,150
205	-39.25	11.75	192	300,150
81	-0.75	48.75	133	200,50
81	-0.75	48.25	133	200,50
81	-0.25	48.25	133	200,50
81	-0.25	48.75	133	200,50
81	-0.75	48.75	133	200,50
332	2.75	0.75	25	100,0
332	2.75	1.25	25	100,0
332	3.75	2.25	25	100,0
332	5.25	2.25	25	100,0
332	5.25	0.75	25	100,0
332	2.75	0.75	25	100,0
332	-44.75	2.25	25	150,0
332	-44.75	2.75	25	150,0
332	-43.75	2.75	25	150,0
332	-43.25	3.25	25	150,0
332	-42.75	3.25	25	150,0
332	-41.25	1.75	25	150,0
332	-40.25	1.75	25	150,0
332	-39.25	0.75	25	150,0
332	-39.25	0.25	25	150,0
332	-39.75	-0.25	25	150,0
332	-41.25	-0.25	25	150,0
332	-42.25	0.75	25	150,0
332	-44.25	0.75	25	150,0
332	-44.75	1.25	25	150,0
332	-44.75	2.25	25	150,0
142	-3.25	44.75	149	200,50
142	-3.25	45.25	149	200,50
142	-2.75	45.25	149	200,50
142	5.25	37.25	149	200,50
142	5.25	36.75	149	200,50
142	4.75	36.75	149	200,50
142	-3.25	44.75	149	200,50
142	-44.75	36.25	149	250,50
142	-44.75	36.75	149	250,50
142	-44.25	36.75	149	250,50
142	-39.25	31.75	149	250,50
142	-38.25	31.75	149	250,50
142	-38.25	30.75	149	250,50
142	-35.25	27.75	149	250,50
142	-35.25	27.25	149	250,50
142	-35.75	27.25	149	250,50
142	-44.75	36.25	149	250,50
370	-35.25	12.75	275	250,100
370	-35.25	13.25	275	250,100
370	-34.75	13.75	275	250,100
370	-34.25	13.75	275	250,100
370	-33.75	13.25	275	250,100
370	-33.25	13.25	275	250,100
370	-33.25	14.25	275	250,100
370	-32.25	14.25	275	250,100
370	-32.25	15.25	275	250,100
370	-30.75	15.25	275	250,100
370	-27.75	12.25	275	250,100
370	-27.75	11.75	275	250,100
370	-28.25	11.25	275	250,100
370	-29.25	11.25	275	250,100
370	-29.25	10.75	275	250,100
370	-28.75	10.25	275	250,100
370	-28.75	9.75	275	250,100
370	-30.25	8.25	275	250,100
370	-31.75	8.25	275	250,100
370	-34.25	10.75	275	250,100
370	-34.25	11.75	275	250,100
370	-35.25	12.75	275	250,100
45	-28.75	19.25	12	250,100
45	-28.75	19.75	12	250,100
45	-27.75	20.75	12	250,100
45	-27.25	20.75	12	250,100
45	-25.75	19.25	12	250,100
45	-25.25	19.25	12	250,100
45	-25.25	20.25	12	250,100
45	-24.75	20.75	12	250,100
45	-24.25	20.75	12	250,100
45	-23.75	20.25	12	250,100
45	-23.75	19.75	12	250,100
45	-24.25	19.25	12	250,100
45	-24.25	18.75	12	250,100
45	-23.25	18.75	12	250,100
45	-23.25	17.75	12	250,100
45	-22.75	17.25	12	250,100
45	-22.25	17.25	12	250,100
45	-20.75	18.75	12	250,100
45	-20.25	18.75	12	250,100
45	-20.25	18.25	12	250,100
45	-21.75	16.75	12	250,100
45	-21.75	16.25	12	250,100
45	-21.25	15.75	12	250,100
45	-20.25	15.75	12	250,100
45	-19.75	15.25	12	250,100
45	-19.25	15.25	12	250,100
45	-18.75	15.75	12	250,100
45	-16.75	15.75	12	250,100
45	-16.75	17.25	12	250,100
45	-18.75	19.25	12	250,100
45	-19.75	19.25	12	250,100
45	-20.25	19.75	12	250,100
45	-20.25	20.75	12	250,100
45	-21.25	21.75	12	250,100
45	-21.25	22.25	12	250,100
45	-20.75	22.25	12	250,100
45	-19.25	20.75	12	250,100
45	-18.75	20.75	12	250,100
45	-18.25	21.25	12	250,100
45	-17.75	21.25	12	250,100
45	-14.75	18.25	12	250,100
45	-14.25	18.25	12	250,100
45	-13.25	19.25	12	250,100
45	-12.75	19.25	12	250,100
45	-11.75	18.25	12	250,100
45	-11.75	17.75	12	250,100
45	-12.75	16.75	12	250,100
45	-12.75	16.25	12	250,100
45	-12.25	15.75	12	250,100
45	-11.75	15.75	12	250,100
45	-10.75	16.75	12	250,100
45	-10.25	16.75	12	250,100
45	-8.75	15.25	12	250,100
45	-8.75	14.75	12	250,100
45	-9.75	13.75	12	250,100
45	-10.25	13.75	12	250,100
45	-10.75	14.25	12	250,100
45	-12.25	14.25	12	250,100
45	-12.25	13.75	12	250,100
45	-9.75	11.25	12	250,100
45	-9.75	10.25	12	250,100
45	-9.25	9.75	12	250,100
45	-8.75	9.75	12	250,100
45	-8.25	10.25	12	250,100
45	-7.25	10.25	12	250,100
45	-5.75	11.75	12	250,100
45	-5.75	12.25	12	250,100
45	-6.25	12.25	12	250,100
45	-7.25	11.25	12	250,100
45	-7.75	11.25	12	250,100
45	-8.25	11.75	12	250,100
45	-8.25	12.25	12	250,100
45	-7.25	13.25	12	250,100
45	-5.25	13.25	12	250,100
45	-2.75	15.75	12	250,100
45	-2.75	16.75	12	250,100
45	-1.75	16.75	12	250,100
45	1.75	20.25	12	250,100
45	1.75	20.75	12	250,100
45	1.25	21.25	12	250,100
45	0.75	21.25	12	250,100
45	-0.25	20.25	12	250,100
45	-0.75	20.25	12	250,100
45	-0.75	20.75	12	250,100
45	-0.25	21.25	12	250,100
45	-0.25	22.25	12	250,100
45	0.25	22.75	12	250,100
45	0.25	23.25	12	250,100
45	-0.75	24.25	12	250,100
45	-0.75	24.75	12	250,100
45	-0.25	24.75	12	250,100
45	0.25	24.25	12	250,100
45	1.25	24.25	12	250,100
45	2.25	23.25	12	250,100
45	2.25	22.75	12	250,100
45	1.75	22.25	12	250,100
45	1.75	21.75	12	250,100
45	2.75	21.75	12	250,100
45	4.75	19.75	12	250,100
45	4.75	14.25	12	250,100
45	2.75	12.25	12	250,100
45	2.25	12.25	12	250,100
45	1.25	13.25	12	250,100
45	1.25	13.75	12	250,100
45	2.25	14.75	12	250,100
45	2.25	15.25	12	250,100
45	1.25	16.25	12	250,100
45	0.25	16.25	12	250,100
45	-0.25	16.75	12	250,100
45	-0.75	16.75	12	250,100
45	-1.25	16.25	12	250,100
45	-1.25	15.75	12	250,100
45	-0.25	15.75	12	250,100
45	-0.25	15.25	12	250,100
45	-1.75	13.75	12	250,100
45	-1.75	13.25	12	250,100
45	-0.75	12.25	12	250,100
45	-0.25	12.25	12	250,100
45	0.25	12.75	12	250,100
45	0.75	12.75	12	250,100
45	1.75	11.75	12	250,100
45	1.75	11.25	12	250,100
45	-0.75	8.75	12	250,100
45	-1.25	8.75	12	250,100
45	-2.25	9.75	12	250,100
45	-2.25	10.25	12	250,100
45	-1.25	11.25	12	250,100
45	-1.25	11.75	12	250,100
45	-2.25	11.75	12	250,100
45	-2.25	12.75	12	250,100
45	-2.75	13.25	12	250,100
45	-4.25	13.25	12	250,100
45	-4.75	12.75	12	250,100
45	-4.75	12.25	12	250,100
45	-3.75	11.25	12	250,100
45	-3.75	10.75	12	250,100
45	-5.75	8.75	12	250,100
45	-5.75	8.25	12	250,100
45	-5.25	7.75	12	250,100
45	-4.25	7.75	12	250,100
45	-3.75	7.25	12	250,100
45	-1.75	7.25	12	250,100
45	-1.75	6.75	12	250,100
45	-2.25	6.25	12	250,100
45	-3.25	6.25	12	250,100
45	-3.25	5.25	12	250,100
45	-4.25	5.25	12	250,100
45	-7.75	1.75	12	250,100
45	-8.25	1.75	12	250,100
45	-10.25	3.75	12	250,100
45	-10.25	4.75	12	250,100
45	-11.25	5.75	12	250,100
45	-12.25	5.75	12	250,100
45	-12.25	6.25	12	250,100
45	-11.75	6.75	12	250,100
45	-11.75	7.75	12	250,100
45	-10.75	7.75	12	250,100
45	-10.75	9.25	12	250,100
45	-11.25	9.25	12	250,100
45	-12.75	7.75	12	250,100
45	-12.75	6.75	12	250,100
45	-13.25	6.25	12	250,100
45	-13.25	4.75	12	250,100
45	-11.25	4.75	12	250,100
45	-11.25	3.25	12	250,100
45	-12.75	3.25	12	250,100
45	-13.25	3.75	12	250,100
45	-14.25	3.75	12	250,100
45	-14.25	4.75	12	250,100
45	-15.25	4.75	12	250,100
45	-16.25	5.75	12	250,100
45	-16.75	5.75	12	250,100
45	-16.75	5.25	12	250,100
45	-15.75	4.25	12	250,100
45	-15.75	3.75	12	250,100
45	-16.75	3.75	12	250,100
45	-17.75	2.75	12	250,100
45	-18.25	2.75	12	250,100
45	-19.25	3.75	12	250,100
45	-19.25	4.25	12	250,100
45	-16.75	6.75	12	250,100
45	-16.75	7.25	12	250,100
45	-18.25	8.75	12	250,100
45	-20.25	8.75	12	250,100
45	-20.25	9.25	12	250,100
45	-19.75	9.75	12	250,100
45	-19.75	10.25	12	250,100
45	-20.75	11.25	12	250,100
45	-22.25	11.25	12	250,100
45	-22.75	10.75	12	250,100
45	-22.75	9.75	12	250,100
45	-23.25	9.25	12	250,100
45	-24.75	9.25	12	250,100
45	-26.75	11.25	12	250,100
45	-26.75	11.75	12	250,100
45	-25.75	12.75	12	250,100
45	-24.75	12.75	12	250,100
45	-24.25	13.25	12	250,100
45	-24.25	13.75	12	250,100
45	-24.75	14.25	12	250,100
45	-24.75	15.25	12	250,100
45	-26.75	15.25	12	250,100
45	-26.75	16.25	12	250,100
45	-27.75	17.25	12	250,100
45	-27.75	19.25	12	250,100
45	-28.75	19.25	12	250,100
45	-38.25	38.75	12	300,100
45	-38.25	39.25	12	300,100
45	-33.25	44.25	12	300,100
45	-32.75	44.25	12	300,100
45	-31.75	43.25	12	300,100
45	-31.75	42.75	12	300,100
45	-32.25	42.25	12	300,100
45	-32.75	42.25	12	300,100
45	-33.25	42.75	12	300,100
45	-33.75	42.75	12	300,100
45	-35.25	41.25	12	300,100
45	-35.25	38.25	12	300,100
45	-35.75	37.75	12	300,100
45	-35.75	37.25	12	300,100
45	-35.25	37.25	12	300,100
45	-34.25	38.25	12	300,100
45	-33.75	38.25	12	300,100
45	-33.75	37.75	12	300,100
45	-34.75	36.75	12	300,100
45	-34.75	36.25	12	300,100
45	-34.25	36.25	12	300,100
45	-33.25	37.25	12	300,100
45	-32.75	37.25	12	300,100
45	-32.75	35.75	12	300,100
45	-33.25	35.25	12	300,100
45	-33.25	34.75	12	300,100
45	-32.25	34.75	12	300,100
45	-31.75	34.25	12	300,100
45	-30.75	34.25	12	300,100
45	-30.25	33.75	12	300,100
45	-30.25	32.25	12	300,100
45	-30.75	31.75	12	300,100
45	-30.75	31.25	12	300,100
45	-29.75	30.25	12	300,100
45	-29.25	30.25	12	300,100
45	-25.75	33.75	12	300,100
45	-25.25	33.75	12	300,100
45	-24.75	33.25	12	300,100
45	-24.75	32.75	12	300,100
45	-25.75	32.75	12	300,100
45	-26.75	31.75	12	300,100
45	-26.75	31.25	12	300,100
45	-25.25	29.75	12	300,100
45	-25.25	27.75	12	300,100
45	-24.75	27.25	12	300,100
45	-24.75	26.25	12	300,100
45	-23.75	25.25	12	300,100
45	-22.75	25.25	12	300,100
45	-21.25	23.75	12	300,100
45	-20.75	23.75	12	300,100
45	-17.75	26.75	12	300,100
45	-17.25	26.75	12	300,100
45	-16.75	26.25	12	300,100
45	-16.75	25.75	12	300,100
45	-17.75	25.75	12	300,100
45	-19.75	23.75	12	300,100
45	-19.75	22.75	12	300,100
45	-20.25	22.25	12	300,100
45	-20.25	20.75	12	300,100
45	-18.75	19.25	12	300,100
45	-18.25	19.25	12	300,100
45	-17.75	19.75	12	300,100
45	-17.25	19.75	12	300,100
45	-17.25	18.75	12	300,100
45	-16.25	17.75	12	300,100
45	-16.25	16.75	12	300,100
45	-15.75	16.75	12	300,100
45	-14.75	17.75	12	300,100
45	-13.25	17.75	12	300,100
45	-12.25	16.75	12	300,100
45	-12.25	14.75	12	300,100
45	-11.25	13.75	12	300,100
45	-10.25	13.75	12	300,100
45	-10.25	12.75	12	300,100
45	-9.75	12.75	12	300,100
45	-6.25	16.25	12	300,100
45	-5.75	16.25	12	300,100
45	-5.75	15.75	12	300,100
45	-6.25	15.25	12	300,100
45	-6.25	14.75	12	300,100
45	-5.25	14.75	12	300,100
45	-5.25	14.25	12	300,100
45	-7.25	12.25	12	300,100
45	-7.25	11.75	12	300,100
45	-6.25	11.75	12	300,100
45	-5.75	11.25	12	300,100
45	-5.25	11.25	12	300,100
45	-3.25	13.25	12	300,100
45	-3.25	14.25	12	300,100
45	-2.75	14.75	12	300,100
45	-2.25	14.75	12	300,100
45	1.25	11.25	12	300,100
45	1.25	10.75	12	300,100
45	-2.75	6.75	12	300,100
45	-2.75	6.25	12	300,100
45	-1.75	5.25	12	300,100
45	-1.25	5.25	12	300,100
45	-0.25	6.25	12	300,100
45	0.25	6.25	12	300,100
45	0.25	5.75	12	300,100
45	-0.25	5.25	12	300,100
45	-0.25	4.75	12	300,100
45	0.25	4.75	12	300,100
45	0.75	5.25	12	300,100
45	1.25	5.25	12	300,100
45	1.25	4.75	12	300,100
45	0.25	3.75	12	300,100
45	0.25	3.25	12	300,100
45	1.75	1.75	12	300,100
45	2.25	1.75	12	300,100
45	3.25	2.75	12	300,100
45	3.75	2.75	12	300,100
45	3.75	2.25	12	300,100
45	2.75	1.25	12	300,100
45	2.75	0.75	12	300,100
45	3.75	-0.25	12	300,100
45	3.75	-0.75	12	300,100
45	3.25	-1.25	12	300,100
45	-10.25	-1.25	12	300,100
45	-10.25	-0.75	12	300,100
45	-9.75	-0.25	12	300,100
45	-8.75	-0.25	12	300,100
45	-8.75	0.75	12	300,100
45	-7.25	2.25	12	300,100
45	-7.25	2.75	12	300,100
45	-8.25	2.75	12	300,100
45	-8.25	3.75	12	300,100
45	-9.25	3.75	12	300,100
45	-13.75	8.25	12	300,100
45	-14.25	8.25	12	300,100
45	-16.25	6.25	12	300,100
45	-16.75	6.25	12	300,100
45	-16.75	8.75	12	300,100
45	-16.25	9.25	12	300,100
45	-15.25	9.25	12	300,100
45	-15.25	9.75	12	300,100
45	-18.25	12.75	12	300,100
45	-18.75	12.75	12	300,100
45	-19.25	12.25	12	300,100
45	-19.75	12.25	12	300,100
45	-19.75	12.75	12	300,100
45	-17.75	14.75	12	300,100
45	-16.75	14.75	12	300,100
45	-16.75	15.25	12	300,100
45	-17.75	16.25	12	300,100
45	-18.25	16.25	12	300,100
45	-18.25	15.25	12	300,100
45	-19.25	15.25	12	300,100
45	-19.25	14.25	12	300,100
45	-21.75	11.75	12	300,100
45	-23.25	11.75	12	300,100
45	-23.25	12.75	12	300,100
45	-24.25	12.75	12	300,100
45	-24.25	13.75	12	300,100
45	-25.75	15.25	12	300,100
45	-26.25	15.25	12	300,100
45	-26.75	14.75	12	300,100
45	-27.75	14.75	12	300,100
45	-27.75	13.25	12	300,100
45	-25.75	11.25	12	300,100
45	-25.25	11.25	12	300,100
45	-24.75	11.75	12	300,100
45	-24.25	11.75	12	300,100
45	-24.25	9.25	12	300,100
45	-28.25	5.25	12	300,100
45	-28.75	5.25	12	300,100
45	-28.75	6.25	12	300,100
45	-29.25	6.25	12	300,100
45	-29.75	5.75	12	300,100
45	-29.75	5.25	12	300,100
45	-29.25	4.75	12	300,100
45	-29.25	4.25	12	300,100
45	-29.75	4.25	12	300,100
45	-30.75	5.25	12	300,100
45	-31.75	5.25	12	300,100
45	-31.75	6.25	12	300,100
45	-33.75	8.25	12	300,100
45	-33.75	8.75	12	300,100
45	-33.25	9.25	12	300,100
45	-32.25	9.25	12	300,100
45	-31.25	10.25	12	300,100
45	-31.25	11.25	12	300,100
45	-30.25	11.25	12	300,100
45	-30.25	11.75	12	300,100
45	-30.75	12.25	12	300,100
45	-30.75	12.75	12	300,100
45	-29.75	13.75	12	300,100
45	-29.75	14.25	12	300,100
45	-30.75	15.25	12	300,100
45	-30.75	15.75	12	300,100
45	-28.75	17.75	12	300,100
45	-27.75	17.75	12	300,100
45	-26.75	18.75	12	300,100
45	-26.75	19.25	12	300,100
45	-27.25	19.75	12	300,100
45	-27.25	20.25	12	300,100
45	-26.75	20.25	12	300,100
45	-25.25	18.75	12	300,100
45	-24.75	18.75	12	300,100
45	-24.75	19.25	12	300,100
45	-26.75	21.25	12	300,100
45	-27.25	21.25	12	300,100
45	-28.75	19.75	12	300,100
45	-29.25	19.75	12	300,100
45	-29.25	20.25	12	300,100
45	-27.75	21.75	12	300,100
45	-27.75	22.25	12	300,100
45	-28.25	22.75	12	300,100
45	-28.75	22.75	12	300,100
45	-28.75	21.75	12	300,100
45	-29.25	21.25	12	300,100
45	-30.25	21.25	12	300,100
45	-30.25	20.25	12	300,100
45	-31.75	20.25	12	300,100
45	-32.25	20.75	12	300,100
45	-32.25	21.75	12	300,100
45	-34.25	23.75	12	300,100
45	-34.75	23.75	12	300,100
45	-35.25	23.25	12	300,100
45	-35.25	22.75	12	300,100
45	-34.75	22.25	12	300,100
45	-34.75	20.25	12	300,100
45	-34.25	19.75	12	300,100
45	-34.25	18.25	12	300,100
45	-35.25	17.25	12	300,100
45	-35.25	16.25	12	300,100
45	-37.75	13.75	12	300,100
45	-37.75	13.25	12	300,100
45	-37.25	12.75	12	300,100
45	-36.75	12.75	12	300,100
45	-35.25	14.25	12	300,100
45	-34.75	14.25	12	300,100
45	-33.75	13.25	12	300,100
45	-32.75	13.25	12	300,100
45	-32.75	12.75	12	300,100
45	-35.75	9.75	12	300,100
45	-35.75	9.25	12	300,100
45	-34.75	8.25	12	300,100
45	-34.75	6.75	12	300,100
45	-35.75	6.75	12	300,100
45	-35.75	5.75	12	300,100
45	-36.75	5.75	12	300,100
45	-37.25	5.25	12	300,100
45	-37.25	4.25	12	300,100
45	-37.75	3.75	12	300,100
45	-37.75	2.25	12	300,100
45	-37.25	1.75	12	300,100
45	-37.25	1.25	12	300,100
45	-37.75	1.25	12	300,100
45	-39.25	2.75	12	300,100
45	-39.75	2.75	12	300,100
45	-40.25	2.25	12	300,100
45	-40.25	1.75	12	300,100
45	-39.75	1.25	12	300,100
45	-39.75	0.75	12	300,100
45	-40.25	0.25	12	300,100
45	-41.25	0.25	12	300,100
45	-41.75	-0.25	12	300,100
45	-41.75	-1.25	12	300,100
45	-42.25	-1.25	12	300,100
45	-42.75	-0.75	12	300,100
45	-42.75	-0.25	12	300,100
45	-42.25	0.25	12	300,100
45	-42.25	1.25	12	300,100
45	-40.25	3.25	12	300,100
45	-40.25	3.75	12	300,100
45	-40.75	3.75	12	300,100
45	-43.25	1.25	12	300,100
45	-43.75	1.25	12	300,100
45	-44.25	1.75	12	300,100
45	-44.25	3.25	12	300,100
45	-43.25	3.25	12	300,100
45	-43.25	4.25	12	300,100
45	-42.75	4.75	12	300,100
45	-42.75	5.25	12	300,100
45	-43.25	5.25	12	300,100
45	-43.75	4.75	12	300,100
45	-44.75	4.75	12	300,100
45	-44.75	3.75	12	300,100
45	-45.25	3.75	12	300,100
45	-45.25	13.25	12	300,100
45	-42.75	15.75	12	300,100
45	-42.75	16.25	12	300,100
45	-43.25	16.25	12	300,100
45	-44.75	14.75	12	300,100
45	-45.25	14.75	12	300,100
45	-45.25	19.25	12	300,100
45	-44.75	19.75	12	300,100
45	-43.75	19.75	12	300,100
45	-43.75	20.75	12	300,100
45	-42.75	20.75	12	300,100
45	-41.25	22.25	12	300,100
45	-41.25	23.25	12	300,100
45	-40.25	23.25	12	300,100
45	-39.75	23.75	12	300,100
45	-39.75	25.25	12	300,100
45	-42.25	25.25	12	300,100
45	-44.75	22.75	12	300,100
45	-45.25	22.75	12	300,100
45	-45.25	23.25	12	300,100
45	-42.25	26.25	12	300,100
45	-42.25	26.75	12	300,100
45	-42.75	27.25	12	300,100
45	-43.75	27.25	12	300,100
45	-43.75	27.75	12	300,100
45	-43.25	28.25	12	300,100
45	-43.25	28.75	12	300,100
45	-43.75	28.75	12	300,100
45	-44.25	28.25	12	300,100
45	-44.75	28.25	12	300,100
45	-44.75	28.75	12	300,100
45	-44.25	29.25	12	300,100
45	-44.25	30.25	12	300,100
45	-43.25	30.25	12	300,100
45	-42.75	30.75	12	300,100
45	-42.25	30.75	12	300,100
45	-41.75	30.25	12	300,100
45	-41.75	29.75	12	300,100
45	-42.25	29.25	12	300,100
45	-42.25	28.75	12	300,100
45	-41.25	28.75	12	300,100
45	-40.75	28.25	12	300,100
45	-38.75	28.25	12	300,100
45	-37.75	27.25	12	300,100
45	-37.75	26.75	12	300,100
45	-38.25	26.25	12	300,100
45	-38.25	23.75	12	300,100
45	-37.25	22.75	12	300,100
45	-36.75	22.75	12	300,100
45	-35.25	24.25	12	300,100
45	-35.25	24.75	12	300,100
45	-36.25	25.75	12	300,100
45	-36.25	26.25	12	300,100
45	-35.25	27.25	12	300,100
45	-35.25	28.25	12	300,100
45	-34.75	28.75	12	300,100
45	-34.75	29.25	12	300,100
45	-40.25	34.75	12	300,100
45	-40.25	35.25	12	300,100
45	-37.75	35.25	12	300,100
45	-37.75	33.25	12	300,100
45	-37.25	33.25	12	300,100
45	-36.75	33.75	12	300,100
45	-35.75	33.75	12	300,100
45	-35.25	34.25	12	300,100
45	-34.25	34.25	12	300,100
45	-34.25	34.75	12	300,100
45	-38.25	38.75	12	300,100
45	-28.75	36.25	12	250,50
45	-28.75	36.75	12	250,50
45	-28.25	36.75	12	250,50
45	-27.25	35.75	12	250,50
45	-27.25	34.75	12	250,50
45	-26.25	33.75	12	250,50
45	-25.75	33.75	12	250,50
45	-25.25	34.25	12	250,50
45	-24.75	34.25	12	250,50
45	-24.75	33.75	12	250,50
45	-25.25	33.25	12	250,50
45	-25.25	31.75	12	250,50
45	-24.75	31.25	12	250,50
45	-23.75	31.25	12	250,50
45	-18.75	26.25	12	250,50
45	-18.25	26.25	12	250,50
45	-15.25	29.25	12	250,50
45	-15.25	29.75	12	250,50
45	-16.75	31.25	12	250,50
45	-16.75	34.75	12	250,50
45	-15.75	34.75	12	250,50
45	-15.25	35.25	12	250,50
45	-14.75	35.25	12	250,50
45	-13.75	34.25	12	250,50
45	-13.25	34.25	12	250,50
45	-13.25	34.75	12	250,50
45	-13.75	35.25	12	250,50
45	-13.75	35.75	12	250,50
45	-13.25	35.75	12	250,50
45	-11.75	34.25	12	250,50
45	-11.75	33.75	12	250,50
45	-12.75	33.75	12	250,50
45	-12.75	33.25	12	250,50
45	-12.25	32.75	12	250,50
45	-11.25	32.75	12	250,50
45	-11.25	31.75	12	250,50
45	-6.75	27.25	12	250,50
45	-6.75	26.75	12	250,50
45	-8.75	24.75	12	250,50
45	-11.25	24.75	12	250,50
45	-11.25	26.75	12	250,50
45	-12.75	28.25	12	250,50
45	-15.25	28.25	12	250,50
45	-17.25	26.25	12	250,50
45	-17.25	24.75	12	250,50
45	-13.25	20.75	12	250,50
45	-13.25	19.75	12	250,50
45	-11.75	19.75	12	250,50
45	-11.25	20.25	12	250,50
45	-10.75	20.25	12	250,50
45	-9.75	19.25	12	250,50
45	-9.75	17.25	12	250,50
45	-8.75	17.25	12	250,50
45	-8.25	16.75	12	250,50
45	-8.25	15.75	12	250,50
45	-7.75	15.25	12	250,50
45	-7.25	15.25	12	250,50
45	-6.75	15.75	12	250,50
45	-6.25	15.75	12	250,50
45	-6.25	14.75	12	250,50
45	-5.25	13.75	12	250,50
45	-4.75	13.75	12	250,50
45	-4.25	14.25	12	250,50
45	-2.25	14.25	12	250,50
45	-2.25	14.75	12	250,50
45	-2.75	15.25	12	250,50
45	-2.75	16.25	12	250,50
45	-4.25	17.75	12	250,50
45	-4.25	18.75	12	250,50
45	-4.75	19.25	12	250,50
45	-5.75	19.25	12	250,50
45	-5.75	21.25	12	250,50
45	-6.25	21.75	12	250,50
45	-6.75	21.75	12	250,50
45	-8.25	20.25	12	250,50
45	-8.75	20.25	12	250,50
45	-9.25	20.75	12	250,50
45	-9.25	22.25	12	250,50
45	-8.75	22.75	12	250,50
45	-8.75	23.75	12	250,50
45	-6.75	25.75	12	250,50
45	-5.75	25.75	12	250,50
45	-3.25	28.25	12	250,50
45	-3.25	29.75	12	250,50
45	-4.25	30.75	12	250,50
45	-4.75	30.75	12	250,50
45	-5.25	30.25	12	250,50
45	-5.75	30.25	12	250,50
45	-9.25	33.75	12	250,50
45	-9.75	33.75	12	250,50
45	-10.25	33.25	12	250,50
45	-10.75	33.25	12	250,50
45	-10.75	33.75	12	250,50
45	-10.25	34.25	12	250,50
45	-10.25	34.75	12	250,50
45	-13.75	38.25	12	250,50
45	-13.75	39.25	12	250,50
45	-14.75	39.25	12	250,50
45	-14.75	40.25	12	250,50
45	-15.75	40.25	12	250,50
45	-16.75	41.25	12	250,50
45	-17.25	41.25	12	250,50
45	-17.75	40.75	12	250,50
45	-18.25	40.75	12	250,50
45	-18.25	41.25	12	250,50
45	-17.25	42.25	12	250,50
45	-16.75	42.25	12	250,50
45	-16.25	41.75	12	250,50
45	-15.75	41.75	12	250,50
45	-14.25	43.25	12	250,50
45	-13.75	43.25	12	250,50
45	-13.75	42.75	12	250,50
45	-14.25	42.25	12	250,50
45	-14.25	41.75	12	250,50
45	-13.75	41.25	12	250,50
45	-12.75	41.25	12	250,50
45	-12.75	40.25	12	250,50
45	-12.25	39.75	12	250,50
45	-11.75	39.75	12	250,50
45	-11.25	40.25	12	250,50
45	-11.25	40.75	12	250,50
45	-12.75	42.25	12	250,50
45	-12.75	42.75	12	250,50
45	-12.25	43.25	12	250,50
45	-12.25	43.75	12	250,50
45	-13.25	44.75	12	250,50
45	-13.25	45.25	12	250,50
45	-12.75	45.25	12	250,50
45	-6.25	38.75	12	250,50
45	-4.75	38.75	12	250,50
45	-2.25	41.25	12	250,50
45	-0.75	41.25	12	250,50
45	1.25	39.25	12	250,50
45	1.75	39.25	12	250,50
45	1.75	39.75	12	250,50
45	1.25	40.25	12	250,50
45	1.25	40.75	12	250,50
45	1.75	41.25	12	250,50
45	1.75	41.75	12	250,50
45	1.25	42.25	12	250,50
45	1.25	43.75	12	250,50
45	1.75	44.25	12	250,50
45	2.75	44.25	12	250,50
45	2.75	46.25	12	250,50
45	4.25	47.75	12	250,50
45	4.75	47.75	12	250,50
45	4.75	30.25	12	250,50
45	3.75	29.25	12	250,50
45	2.75	29.25	12	250,50
45	2.75	26.25	12	250,50
45	2.25	25.75	12	250,50
45	1.25	25.75	12	250,50
45	0.25	24.75	12	250,50
45	0.25	24.25	12	250,50
45	0.75	24.25	12	250,50
45	1.25	24.75	12	250,50
45	1.75	24.75	12	250,50
45	2.25	24.25	12	250,50
45	2.75	24.25	12	250,50
45	2.75	25.25	12	250,50
45	4.25	26.75	12	250,50
45	4.75	26.75	12	250,50
45	4.75	19.25	12	250,50
45	4.25	18.75	12	250,50
45	4.25	18.25	12	250,50
45	4.75	17.75	12	250,50
45	4.75	17.25	12	250,50
45	4.25	17.25	12	250,50
45	3.75	17.75	12	250,50
45	3.25	17.75	12	250,50
45	3.25	17.25	12	250,50
45	4.75	15.75	12	250,50
45	4.75	9.25	12	250,50
45	4.25	9.25	12	250,50
45	3.75	9.75	12	250,50
45	3.75	10.75	12	250,50
45	3.25	11.25	12	250,50
45	2.75	11.25	12	250,50
45	2.25	10.75	12	250,50
45	1.25	10.75	12	250,50
45	0.75	10.25	12	250,50
45	0.75	9.25	12	250,50
45	-0.25	8.25	12	250,50
45	-0.25	7.75	12	250,50
45	3.25	4.25	12	250,50
45	3.75	4.25	12	250,50
45	4.25	4.75	12	250,50
45	4.75	4.75	12	250,50
45	4.75	0.25	12	250,50
45	4.25	0.25	12	250,50
45	3.25	1.25	12	250,50
45	2.75	1.25	12	250,50
45	1.25	-0.25	12	250,50
45	0.75	-0.25	12	250,50
45	0.25	0.25	12	250,50
45	0.25	0.75	12	250,50
45	1.25	0.75	12	250,50
45	1.25	2.25	12	250,50
45	-0.75	4.25	12	250,50
45	-1.25	4.25	12	250,50
45	-1.75	3.75	12	250,50
45	-1.75	3.25	12	250,50
45	-0.75	2.25	12	250,50
45	-0.75	1.75	12	250,50
45	-1.25	1.75	12	250,50
45	-2.75	3.25	12	250,50
45	-2.75	3.75	12	250,50
45	-1.75	4.75	12	250,50
45	-1.75	5.25	12	250,50
45	-2.25	5.75	12	250,50
45	-2.75	5.75	12	250,50
45	-3.75	4.75	12	250,50
45	-5.25	4.75	12	250,50
45	-10.25	9.75	12	250,50
45	-10.25	11.25	12	250,50
45	-9.25	11.25	12	250,50
45	-8.75	11.75	12	250,50
45	-8.75	12.25	12	250,50
45	-9.25	12.75	12	250,50
45	-9.25	13.75	12	250,50
45	-10.25	14.75	12	250,50
45	-11.25	14.75	12	250,50
45	-12.25	15.75	12	250,50
45	-13.75	15.75	12	250,50
45	-13.75	14.75	12	250,50
45	-14.25	14.75	12	250,50
45	-15.25	15.75	12	250,50
45	-15.25	16.25	12	250,50
45	-14.25	17.25	12	250,50
45	-14.25	18.25	12	250,50
45	-13.75	18.75	12	250,50
45	-13.75	19.25	12	250,50
45	-14.25	19.75	12	250,50
45	-16.25	19.75	12	250,50
45	-16.25	20.75	12	250,50
45	-18.75	23.25	12	250,50
45	-20.25	23.25	12	250,50
45	-21.75	21.75	12	250,50
45	-22.25	21.75	12	250,50
45	-22.25	22.25	12	250,50
45	-20.75	23.75	12	250,50
45	-20.75	25.25	12	250,50
45	-26.75	31.25	12	250,50
45	-27.25	31.25	12	250,50
45	-28.75	29.75	12	250,50
45	-29.25	29.75	12	250,50
45	-29.25	30.25	12	250,50
45	-27.75	31.75	12	250,50
45	-27.75	32.25	12	250,50
45	-29.75	34.25	12	250,50
45	-29.75	34.75	12	250,50
45	-28.75	35.75	12	250,50
45	-28.75	36.25	12	250,50
45	-45.25	46.75	12	300,50
45	-45.25	47.25	12	300,50
45	-43.75	47.25	12	300,50
45	-42.75	46.25	12	300,50
45	-42.75	45.25	12	300,50
45	-41.75	45.25	12	300,50
45	-40.25	43.75	12	300,50
45	-39.75	43.75	12	300,50
45	-38.75	44.75	12	300,50
45	-36.75	44.75	12	300,50
45	-36.75	45.75	12	300,50
45	-35.75	46.75	12	300,50
45	-34.75	46.75	12	300,50
45	-34.25	47.25	12	300,50
45	-33.75	47.25	12	300,50
45	-33.25	46.75	12	300,50
45	-32.75	46.75	12	300,50
45	-32.75	47.25	12	300,50
45	-33.25	47.75	12	300,50
45	-33.25	48.25	12	300,50
45	-32.75	48.75	12	300,50
45	-23.25	48.75	12	300,50
45	-22.75	48.25	12	300,50
45	-22.75	47.25	12	300,50
45	-22.25	47.25	12	300,50
45	-20.75	48.75	12	300,50
45	-20.25	48.75	12	300,50
45	-20.25	47.25	12	300,50
45	-21.25	47.25	12	300,50
45	-21.25	45.75	12	300,50
45	-18.75	43.25	12	300,50
45	-17.75	43.25	12	300,50
45	-17.75	42.25	12	300,50
45	-17.25	42.25	12	300,50
45	-14.75	44.75	12	300,50
45	-14.75	45.25	12	300,50
45	-15.25	45.75	12	300,50
45	-15.25	46.25	12	300,50
45	-13.25	46.25	12	300,50
45	-12.75	46.75	12	300,50
45	-12.75	48.75	12	300,50
45	3.75	48.75	12	300,50
45	5.25	47.25	12	300,50
45	5.25	45.75	12	300,50
45	4.25	45.75	12	300,50
45	3.75	45.25	12	300,50
45	3.75	44.75	12	300,50
45	5.25	43.25	12	300,50
45	5.25	40.75	12	300,50
45	3.75	40.75	12	300,50
45	3.25	41.25	12	300,50
45	3.25	42.25	12	300,50
45	2.75	42.25	12	300,50
45	2.25	41.75	12	300,50
45	1.75	41.75	12	300,50
45	1.75	42.75	12	300,50
45	1.25	42.75	12	300,50
45	-0.25	41.25	12	300,50
45	-0.25	39.75	12	300,50
45	0.25	39.25	12	300,50
45	0.25	38.25	12	300,50
45	0.75	37.75	12	300,50
45	0.75	37.25	12	300,50
45	-0.25	36.25	12	300,50
45	-0.75	36.25	12	300,50
45	-2.75	38.25	12	300,50
45	-3.25	38.25	12	300,50
45	-4.25	37.25	12	300,50
45	-4.75	37.25	12	300,50
45	-4.75	37.75	12	300,50
45	-3.75	38.75	12	300,50
45	-3.75	39.25	12	300,50
45	-5.25	40.75	12	300,50
45	-5.75	40.75	12	300,50
45	-11.25	35.25	12	300,50
45	-11.75	35.25	12	300,50
45	-11.75	36.25	12	300,50
45	-12.75	37.25	12	300,50
45	-12.75	37.75	12	300,50
45	-7.75	42.75	12	300,50
45	-7.75	43.25	12	300,50
45	-8.75	44.25	12	300,50
45	-8.75	44.75	12	300,50
45	-8.25	45.25	12	300,50
45	-8.25	45.75	12	300,50
45	-9.25	46.75	12	300,50
45	-9.75	46.75	12	300,50
45	-10.25	46.25	12	300,50
45	-12.25	46.25	12	300,50
45	-16.75	41.75	12	300,50
45	-16.75	41.25	12	300,50
45	-16.25	40.75	12	300,50
45	-16.25	40.25	12	300,50
45	-18.25	38.25	12	300,50
45	-18.25	36.75	12	300,50
45	-16.75	36.75	12	300,50
45	-16.25	37.25	12	300,50
45	-15.75	37.25	12	300,50
45	-14.75	36.25	12	300,50
45	-14.75	35.75	12	300,50
45	-17.75	32.75	12	300,50
45	-18.25	32.75	12	300,50
45	-19.25	33.75	12	300,50
45	-19.75	33.75	12	300,50
45	-19.75	33.25	12	300,50
45	-18.75	32.25	12	300,50
45	-18.75	31.75	12	300,50
45	-21.25	29.25	12	300,50
45	-21.75	29.25	12	300,50
45	-21.75	30.25	12	300,50
45	-22.25	30.25	12	300,50
45	-22.75	29.75	12	300,50
45	-23.75	29.75	12	300,50
45	-24.75	28.75	12	300,50
45	-24.75	28.25	12	300,50
45	-23.75	28.25	12	300,50
45	-23.75	26.75	12	300,50
45	-26.75	23.75	12	300,50
45	-26.75	22.75	12	300,50
45	-27.25	22.25	12	300,50
45	-29.25	22.25	12	300,50
45	-29.75	21.75	12	300,50
45	-31.25	21.75	12	300,50
45	-31.75	22.25	12	300,50
45	-31.75	22.75	12	300,50
45	-31.25	23.25	12	300,50
45	-31.25	24.25	12	300,50
45	-30.75	24.75	12	300,50
45	-30.25	24.75	12	300,50
45	-30.25	23.75	12	300,50
45	-29.75	23.75	12	300,50
45	-26.75	26.75	12	300,50
45	-26.75	27.75	12	300,50
45	-25.75	28.75	12	300,50
45	-25.75	29.75	12	300,50
45	-24.75	29.75	12	300,50
45	-24.75	30.25	12	300,50
45	-25.25	30.75	12	300,50
45	-25.25	31.25	12	300,50
45	-24.75	31.75	12	300,50
45	-24.75	32.25	12	300,50
45	-25.25	32.75	12	300,50
45	-25.25	33.25	12	300,50
45	-24.25	34.25	12	300,50
45	-24.25	35.25	12	300,50
45	-23.25	35.25	12	300,50
45	-23.25	36.25	12	300,50
45	-22.75	36.25	12	300,50
45	-22.25	35.75	12	300,50
45	-21.75	35.75	12	300,50
45	-21.75	36.75	12	300,50
45	-18.25	40.25	12	300,50
45	-18.25	40.75	12	300,50
45	-19.75	42.25	12	300,50
45	-20.75	42.25	12	300,50
45	-20.75	42.75	12	300,50
45	-20.25	43.25	12	300,50
45	-20.25	43.75	12	300,50
45	-20.75	43.75	12	300,50
45	-21.25	43.25	12	300,50
45	-22.25	43.25	12	300,50
45	-22.25	41.75	12	300,50
45	-21.25	40.75	12	300,50
45	-21.25	40.25	12	300,50
45	-21.75	40.25	12	300,50
45	-22.25	40.75	12	300,50
45	-23.75	40.75	12	300,50
45	-24.75	39.75	12	300,50
45	-24.75	39.25	12	300,50
45	-23.75	38.25	12	300,50
45	-23.75	37.75	12	300,50
45	-24.25	37.75	12	300,50
45	-25.25	38.75	12	300,50
45	-25.75	38.75	12	300,50
45	-26.25	38.25	12	300,50
45	-26.75	38.25	12	300,50
45	-26.75	39.25	12	300,50
45	-28.75	39.25	12	300,50
45	-29.25	39.75	12	300,50
45	-29.25	40.25	12	300,50
45	-28.25	41.25	12	300,50
45	-28.25	41.75	12	300,50
45	-28.75	42.25	12	300,50
45	-30.25	42.25	12	300,50
45	-32.25	40.25	12	300,50
45	-32.25	39.75	12	300,50
45	-31.75	39.75	12	300,50
45	-31.25	40.25	12	300,50
45	-30.75	40.25	12	300,50
45	-30.75	39.25	12	300,50
45	-29.75	39.25	12	300,50
45	-29.75	38.75	12	300,50
45	-30.25	38.25	12	300,50
45	-31.25	38.25	12	300,50
45	-31.75	37.75	12	300,50
45	-31.75	37.25	12	300,50
45	-30.75	37.25	12	300,50
45	-29.75	36.25	12	300,50
45	-28.75	36.25	12	300,50
45	-28.75	35.25	12	300,50
45	-27.75	34.25	12	300,50
45	-27.75	33.75	12	300,50
45	-28.75	32.75	12	300,50
45	-29.75	32.75	12	300,50
45	-30.25	32.25	12	300,50
45	-30.75	32.25	12	300,50
45	-31.75	33.25	12	300,50
45	-31.75	35.25	12	300,50
45	-32.25	35.75	12	300,50
45	-32.75	35.75	12	300,50
45	-32.75	33.75	12	300,50
45	-35.25	31.25	12	300,50
45	-37.75	31.25	12	300,50
45	-37.75	31.75	12	300,50
45	-35.75	33.75	12	300,50
45	-35.75	36.25	12	300,50
45	-36.25	36.25	12	300,50
45	-36.75	35.75	12	300,50
45	-36.75	33.75	12	300,50
45	-38.75	33.75	12	300,50
45	-39.25	33.25	12	300,50
45	-39.25	32.75	12	300,50
45	-38.75	32.25	12	300,50
45	-38.75	30.25	12	300,50
45	-37.75	29.25	12	300,50
45	-35.75	29.25	12	300,50
45	-35.75	27.75	12	300,50
45	-36.25	27.25	12	300,50
45	-37.75	27.25	12	300,50
45	-38.25	27.75	12	300,50
45	-38.75	27.75	12	300,50
45	-40.25	26.25	12	300,50
45	-40.75	26.25	12	300,50
45	-41.75	27.25	12	300,50
45	-41.75	27.75	12	300,50
45	-41.25	28.25	12	300,50
45	-41.25	29.25	12	300,50
45	-40.75	29.75	12	300,50
45	-40.75	31.25	12	300,50
45	-41.25	31.25	12	300,50
45	-44.25	28.25	12	300,50
45	-44.75	28.25	12	300,50
45	-45.25	28.75	12	300,50
45	-45.25	46.75	12	300,50
45	-44.25	48.75	12	300,0
45	-44.25	49.25	12	300,0
45	-41.75	49.25	12	300,0
45	-38.75	46.25	12	300,0
45	-38.25	46.25	12	300,0
45	-37.75	46.75	12	300,0
45	-37.25	46.75	12	300,0
45	-36.75	46.25	12	300,0
45	-36.75	45.75	12	300,0
45	-37.75	44.75	12	300,0
45	-37.75	44.25	12	300,0
45	-37.25	43.75	12	300,0
45	-36.25	43.75	12	300,0
45	-36.25	42.25	12	300,0
45	-36.75	42.25	12	300,0
45	-38.25	43.75	12	300,0
45	-38.75	43.75	12	300,0
45	-39.25	43.25	12	300,0
45	-40.25	43.25	12	300,0
45	-41.75	41.75	12	300,0
45	-42.25	41.75	12	300,0
45	-42.25	43.25	12	300,0
45	-41.25	43.25	12	300,0
45	-40.75	43.75	12	300,0
45	-40.75	45.25	12	300,0
45	-44.25	48.75	12	300,0
45	-44.75	46.25	12	350,50
45	-44.75	46.75	12	350,50
45	-44.25	46.75	12	350,50
45	-43.25	45.75	12	350,50
45	-43.25	44.75	12	350,50
45	-42.25	44.75	12	350,50
45	-41.75	44.25	12	350,50
45	-41.75	43.75	12	350,50
45	-43.25	43.75	12	350,50
45	-44.75	45.25	12	350,50
45	-44.75	46.25	12	350,50
46	3.75	21.75	12	250,100
46	3.75	22.25	12	250,100
46	4.25	22.75	12	250,100
46	4.75	22.75	12	250,100
46	4.75	22.25	12	250,100
46	4.25	21.75	12	250,100
46	3.75	21.75	12	250,100
46	-32.75	-0.75	12	300,100
46	-32.75	-0.25	12	300,100
46	-30.25	2.25	12	300,100
46	-29.75	2.25	12	300,100
46	-29.25	1.75	12	300,100
46	-27.25	1.75	12	300,100
46	-26.75	1.25	12	300,100
46	-25.75	1.25	12	300,100
46	-25.75	0.25	12	300,100
46	-24.75	-0.75	12	300,100
46	-24.75	-1.25	12	300,100
46	-32.25	-1.25	12	300,100
46	-32.75	-0.75	12	300,100
46	-41.75	48.25	12	300,50
46	-41.75	48.75	12	300,50
46	-41.25	48.75	12	300,50
46	-40.25	47.75	12	300,50
46	-39.25	47.75	12	300,50
46	-39.25	47.25	12	300,50
46	-40.25	46.25	12	300,50
46	-40.75	46.25	12	300,50
46	-41.25	46.75	12	300,50
46	-41.25	47.75	12	300,50
46	-41.75	48.25	12	300,50
46	-35.75	48.25	12	300,0
46	-35.75	48.75	12	300,0
46	-35.25	49.25	12	300,0
46	-33.75	49.25	12	300,0
46	-33.75	48.75	12	300,0
46	-34.25	48.25	12	300,0
46	-35.75	48.25	12	300,0
46	-44.75	42.25	12	350,50
46	-44.75	42.75	12	350,50
46	-44.25	42.75	12	350,50
46	-43.75	42.25	12	350,50
46	-43.75	41.75	12	350,50
46	-44.25	41.25	12	350,50
46	-44.75	41.25	12	350,50
46	-44.75	42.25	12	350,50
47	-0.75	7.25	12	250,100
47	-0.75	7.75	12	250,100
47	2.25	10.75	12	250,100
47	2.75	10.75	12	250,100
47	3.25	10.25	12	250,100
47	3.75	10.25	12	250,100
47	3.75	10.75	12	250,100
47	3.25	11.25	12	250,100
47	3.25	11.75	12	250,100
47	4.25	12.75	12	250,100
47	4.75	12.75	12	250,100
47	4.75	3.25	12	250,100
47	4.25	3.25	12	250,100
47	2.75	4.75	12	250,100
47	1.75	4.75	12	250,100
47	1.25	5.25	12	250,100
47	1.25	6.25	12	250,100
47	0.25	7.25	12	250,100
47	-0.75	7.25	12	250,100
47	-24.25	-0.75	12	300,100
47	-24.25	-1.25	12	300,100
47	-23.75	-1.25	12	300,100
47	-23.25	-0.75	12	300,100
47	-23.25	-0.25	12	300,100
47	-23.75	-0.25	12	300,100
47	-24.25	-0.75	12	300,100
47	-45.25	25.75	12	300,50
47	-45.25	26.25	12	300,50
47	-44.75	26.25	12	300,50
47	-44.25	25.75	12	300,50
47	-43.25	25.75	12	300,50
47	-43.25	25.25	12	300,50
47	-43.75	24.75	12	300,50
47	-44.75	24.75	12	300,50
47	-44.75	24.25	12	300,50
47	-43.25	22.75	12	300,50
47	-42.75	22.75	12	300,50
47	-42.25	23.25	12	300,50
47	-41.75	23.25	12	300,50
47	-40.25	21.75	12	300,50
47	-40.25	21.25	12	300,50
47	-41.25	20.25	12	300,50
47	-42.25	20.25	12	300,50
47	-43.75	18.75	12	300,50
47	-45.25	18.75	12	300,50
47	-45.25	25.75	12	300,50
47	-33.25	49.25	12	300,0
47	-33.25	48.75	12	300,0
47	-32.25	47.75	12	300,0
47	-31.75	47.75	12	300,0
47	-30.75	48.75	12	300,0
47	-30.75	49.25	12	300,0
47	-33.25	49.25	12	300,0
136	-22.25	25.75	146	250,100
136	-22.25	26.25	146	250,100
136	-21.75	26.75	146	250,100
136	-20.25	26.75	146	250,100
136	-19.75	26.25	146	250,100
136	-18.75	26.25	146	250,100
136	-18.25	25.75	146	250,100
136	-17.75	25.75	146	250,100
136	-17.75	26.75	146	250,100
136	-17.25	27.25	146	250,100
136	-16.75	27.25	146	250,100
136	-16.75	26.25	146	250,100
136	-16.25	25.75	146	250,100
136	-16.25	25.25	146	250,100
136	-16.75	24.75	146	250,100
136	-16.75	24.25	146	250,100
136	-16.25	23.75	146	250,100
136	-16.25	22.25	146	250,100
136	-17.25	21.25	146	250,100
136	-18.25	21.25	146	250,100
136	-18.75	20.75	146	250,100
136	-19.25	20.75	146	250,100
136	-20.75	22.25	146	250,100
136	-21.25	22.25	146	250,100
136	-21.25	21.75	146	250,100
136	-20.25	20.75	146	250,100
136	-20.25	19.75	146	250,100
136	-19.75	19.25	146	250,100
136	-18.75	19.25	146	250,100
136	-16.75	17.25	146	250,100
136	-16.75	15.75	146	250,100
136	-18.75	15.75	146	250,100
136	-19.25	15.25	146	250,100
136	-19.75	15.25	146	250,100
136	-20.25	15.75	146	250,100
136	-21.25	15.75	146	250,100
136	-21.75	16.25	146	250,100
136	-21.75	16.75	146	250,100
136	-20.25	18.25	146	250,100
136	-20.25	18.75	146	250,100
136	-20.75	18.75	146	250,100
136	-22.25	17.25	146	250,100
136	-22.75	17.25	146	250,100
136	-23.25	17.75	146	250,100
136	-23.25	18.75	146	250,100
136	-24.25	18.75	146	250,100
136	-24.25	19.25	146	250,100
136	-23.75	19.75	146	250,100
136	-23.75	20.75	146	250,100
136	-22.75	20.75	146	250,100
136	-22.75	22.25	146	250,100
136	-23.25	22.75	146	250,100
136	-23.25	23.25	146	250,100
136	-22.75	23.75	146	250,100
136	-22.75	24.75	146	250,100
136	-22.25	25.25	146	250,100
136	-22.25	25.75	146	250,100
583	-33.75	14.25	85	300,150
583	-33.75	14.75	85	300,150
583	-31.25	17.25	85	300,150
583	-30.75	17.25	85	300,150
583	-30.25	16.75	85	300,150
583	-29.75	16.75	85	300,150
583	-29.75	17.25	85	300,150
583	-30.25	17.75	85	300,150
583	-30.25	18.25	85	300,150
583	-29.25	19.25	85	300,150
583	-28.75	19.25	85	300,150
583	-24.75	15.25	85	300,150
583	-24.75	14.75	85	300,150
583	-25.25	14.25	85	300,150
583	-25.25	13.25	85	300,150
583	-26.25	13.25	85	300,150
583	-26.25	12.25	85	300,150
583	-28.75	9.75	85	300,150
583	-29.75	9.75	85	300,150
583	-29.75	8.75	85	300,150
583	-30.75	7.75	85	300,150
583	-31.25	7.75	85	300,150
583	-31.25	8.75	85	300,150
583	-32.25	8.75	85	300,150
583	-34.75	11.25	85	300,150
583	-34.75	11.75	85	300,150
583	-34.25	12.25	85	300,150
583	-33.25	12.25	85	300,150
583	-33.25	12.75	85	300,150
583	-33.75	13.25	85	300,150
583	-33.75	14.25	85	300,150
196	-11.75	36.25	185	300,150
196	-11.75	36.75	185	300,150
196	-10.25	38.25	185	300,150
196	-9.25	38.25	185	300,150
196	-7.25	40.25	185	300,150
196	-6.25	40.25	185	300,150
196	-6.25	40.75	185	300,150
196	-6.75	41.25	185	300,150
196	-6.75	41.75	185	300,150
196	-6.25	42.25	185	300,150
196	-5.75	42.25	185	300,150
196	-3.25	39.75	185	300,150
196	-3.25	38.75	185	300,150
196	-2.25	38.75	185	300,150
196	-1.25	37.75	185	300,150
196	-1.25	37.25	185	300,150
196	-1.75	36.75	185	300,150
196	-2.75	36.75	185	300,150
196	-4.25	35.25	185	300,150
196	-5.25	35.25	185	300,150
196	-5.25	34.25	185	300,150
196	-6.75	32.75	185	300,150
196	-8.25	32.75	185	300,150
196	-11.75	36.25	185	300,150
587	-10.25	36.75	88	150,0
587	-10.25	37.25	88	150,0
587	-9.75	37.25	88	150,0
587	-8.25	35.75	88	150,0
587	-7.75	35.75	88	150,0
587	-7.75	36.25	88	150,0
587	-8.25	36.75	88	150,0
587	-8.25	37.25	88	150,0
587	-7.75	37.75	88	150,0
587	-7.75	38.75	88	150,0
587	-6.75	39.75	88	150,0
587	-5.75	39.75	88	150,0
587	-5.75	40.75	88	150,0
587	-5.25	40.75	88	150,0
587	-4.25	39.75	88	150,0
587	-3.25	39.75	88	150,0
587	-3.25	38.75	88	150,0
587	-1.75	37.25	88	150,0
587	-1.25	37.25	88	150,0
587	-0.25	38.25	88	150,0
587	0.25	38.25	88	150,0
587	0.25	37.25	88	150,0
587	0.75	36.75	88	150,0
587	1.25	36.75	88	150,0
587	2.25	37.75	88	150,0
587	2.75	37.75	88	150,0
587	3.75	36.75	88	150,0
587	3.75	36.25	88	150,0
587	1.75	34.25	88	150,0
587	1.25	34.25	88	150,0
587	0.25	35.25	88	150,0
587	-0.75	35.25	88	150,0
587	-2.25	36.75	88	150,0
587	-2.75	36.75	88	150,0
587	-2.75	36.25	88	150,0
587	-1.75	35.25	88	150,0
587	-1.75	34.75	88	150,0
587	-2.75	33.75	88	150,0
587	-2.75	33.25	88	150,0
587	-1.25	31.75	88	150,0
587	-1.25	31.25	88	150,0
587	-1.75	30.75	88	150,0
587	-3.25	30.75	88	150,0
587	-3.75	31.25	88	150,0
587	-3.75	32.25	88	150,0
587	-4.25	32.75	88	150,0
587	-4.75	32.75	88	150,0
587	-4.75	31.75	88	150,0
587	-5.75	31.75	88	150,0
587	-5.75	30.75	88	150,0
587	-8.75	27.75	88	150,0
587	-9.25	27.75	88	150,0
587	-9.75	28.25	88	150,0
587	-10.25	28.25	88	150,0
587	-10.25	27.75	88	150,0
587	-5.25	22.75	88	150,0
587	-4.25	22.75	88	150,0
587	-3.75	22.25	88	150,0
587	-3.75	21.25	88	150,0
587	1.25	16.25	88	150,0
587	1.25	15.75	88	150,0
587	0.75	15.75	88	150,0
587	-1.25	17.75	88	150,0
587	-2.25	17.75	88	150,0
587	-2.25	18.75	88	150,0
587	-3.25	18.75	88	150,0
587	-3.25	19.75	88	150,0
587	-3.75	19.75	88	150,0
587	-6.75	16.75	88	150,0
587	-9.25	16.75	88	150,0
587	-9.75	17.25	88	150,0
587	-9.75	17.75	88	150,0
587	-5.75	21.75	88	150,0
587	-5.75	22.25	88	150,0
587	-6.25	22.75	88	150,0
587	-6.75	22.75	88	150,0
587	-10.75	18.75	88	150,0
587	-11.25	18.75	88	150,0
587	-12.25	19.75	88	150,0
587	-12.25	20.25	88	150,0
587	-8.25	24.25	88	150,0
587	-8.25	24.75	88	150,0
587	-10.75	27.25	88	150,0
587	-11.25	27.25	88	150,0
587	-12.75	25.75	88	150,0
587	-12.75	25.25	88	150,0
587	-11.75	24.25	88	150,0
587	-11.75	23.75	88	150,0
587	-12.25	23.25	88	150,0
587	-13.75	23.25	88	150,0
587	-14.25	23.75	88	150,0
587	-15.25	23.75	88	150,0
587	-15.25	24.25	88	150,0
587	-11.25	28.25	88	150,0
587	-11.25	29.75	88	150,0
587	-13.25	31.75	88	150,0
587	-13.25	32.25	88	150,0
587	-12.25	33.25	88	150,0
587	-12.25	34.25	88	150,0
587	-11.75	34.75	88	150,0
587	-10.75	34.75	88	150,0
587	-10.75	35.75	88	150,0
587	-10.25	36.25	88	150,0
587	-10.25	36.75	88	150,0
360	-39.75	7.25	269	250,100
360	-39.75	7.75	269	250,100
360	-37.25	7.75	269	250,100
360	-35.25	5.75	269	250,100
360	-35.25	3.75	269	250,100
360	-33.25	1.75	269	250,100
360	-32.75	1.75	269	250,100
360	-32.75	2.25	269	250,100
360	-34.25	3.75	269	250,100
360	-34.25	4.25	269	250,100
360	-33.75	4.75	269	250,100
360	-33.75	5.25	269	250,100
360	-34.25	5.75	269	250,100
360	-34.25	6.25	269	250,100
360	-33.75	6.25	269	250,100
360	-33.25	5.75	269	250,100
360	-32.75	5.75	269	250,100
360	-32.25	6.25	269	250,100
360	-31.75	6.25	269	250,100
360	-29.25	3.75	269	250,100
360	-29.25	3.25	269	250,100
360	-30.75	1.75	269	250,100
360	-30.75	1.25	269	250,100
360	-29.75	0.25	269	250,100
360	-29.25	0.25	269	250,100
360	-29.25	0.75	269	250,100
360	-29.75	1.25	269	250,100
360	-29.75	1.75	269	250,100
360	-29.25	1.75	269	250,100
360	-28.75	1.25	269	250,100
360	-28.25	1.25	269	250,100
360	-27.75	1.75	269	250,100
360	-27.25	1.75	269	250,100
360	-26.75	1.25	269	250,100
360	-26.75	0.25	269	250,100
360	-25.75	0.25	269	250,100
360	-24.75	-0.75	269	250,100
360	-24.75	-1.25	269	250,100
360	-34.25	-1.25	269	250,100
360	-35.75	0.25	269	250,100
360	-36.75	0.25	269	250,100
360	-37.25	0.75	269	250,100
360	-37.25	1.25	269	250,100
360	-36.75	1.75	269	250,100
360	-36.75	2.25	269	250,100
360	-38.25	3.75	269	250,100
360	-39.25	3.75	269	250,100
360	-39.75	4.25	269	250,100
360	-39.75	5.25	269	250,100
360	-40.25	5.75	269	250,100
360	-40.25	6.25	269	250,100
360	-39.25	6.25	269	250,100
360	-39.25	6.75	269	250,100
360	-39.75	7.25	269	250,100
360	-39.75	43.25	269	250,50
360	-39.75	43.75	269	250,50
360	-38.75	43.75	269	250,50
360	-33.75	48.75	269	250,50
360	-24.25	48.75	269	250,50
360	-22.75	47.25	269	250,50
360	-21.25	47.25	269	250,50
360	-21.25	47.75	269	250,50
360	-21.75	48.25	269	250,50
360	-21.75	48.75	269	250,50
360	-17.25	48.75	269	250,50
360	-16.75	48.25	269	250,50
360	-16.75	47.75	269	250,50
360	-17.25	47.25	269	250,50
360	-17.25	45.25	269	250,50
360	-17.75	44.75	269	250,50
360	-17.75	44.25	269	250,50
360	-16.75	43.25	269	250,50
360	-16.75	42.75	269	250,50
360	-18.25	42.75	269	250,50
360	-18.75	43.25	269	250,50
360	-19.25	43.25	269	250,50
360	-20.25	42.25	269	250,50
360	-21.25	42.25	269	250,50
360	-21.25	41.75	269	250,50
360	-20.25	40.75	269	250,50
360	-20.25	40.25	269	250,50
360	-20.75	39.75	269	250,50
360	-20.75	39.25	269	250,50
360	-20.25	39.25	269	250,50
360	-19.25	40.25	269	250,50
360	-18.75	40.25	269	250,50
360	-18.75	39.75	269	250,50
360	-19.25	39.25	269	250,50
360	-19.25	38.75	269	250,50
360	-18.75	38.25	269	250,50
360	-18.75	37.75	269	250,50
360	-20.25	36.25	269	250,50
360	-20.75	36.25	269	250,50
360	-21.25	36.75	269	250,50
360	-22.25	36.75	269	250,50
360	-23.75	38.25	269	250,50
360	-24.25	38.25	269	250,50
360	-24.75	37.75	269	250,50
360	-25.25	37.75	269	250,50
360	-25.75	38.25	269	250,50
360	-25.75	39.25	269	250,50
360	-26.75	39.25	269	250,50
360	-26.75	41.25	269	250,50
360	-27.25	41.25	269	250,50
360	-27.75	40.75	269	250,50
360	-28.25	40.75	269	250,50
360	-28.75	41.25	269	250,50
360	-28.75	42.25	269	250,50
360	-29.75	42.25	269	250,50
360	-29.75	43.25	269	250,50
360	-31.25	44.75	269	250,50
360	-32.25	44.75	269	250,50
360	-32.25	46.75	269	250,50
360	-32.75	46.75	269	250,50
360	-35.75	43.75	269	250,50
360	-35.75	43.25	269	250,50
360	-35.25	42.75	269	250,50
360	-34.75	42.75	269	250,50
360	-34.25	43.25	269	250,50
360	-33.75	43.25	269	250,50
360	-33.25	42.75	269	250,50
360	-32.25	42.75	269	250,50
360	-32.25	41.25	269	250,50
360	-32.75	40.75	269	250,50
360	-32.75	40.25	269	250,50
360	-31.75	39.25	269	250,50
360	-30.75	39.25	269	250,50
360	-30.25	38.75	269	250,50
360	-30.25	37.75	269	250,50
360	-29.75	37.25	269	250,50
360	-29.75	36.75	269	250,50
360	-30.75	36.75	269	250,50
360	-30.75	36.25	269	250,50
360	-30.25	35.75	269	250,50
360	-30.25	35.25	269	250,50
360	-30.75	35.25	269	250,50
360	-31.75	36.25	269	250,50
360	-33.75	36.25	269	250,50
360	-33.75	37.25	269	250,50
360	-34.25	37.25	269	250,50
360	-35.75	35.75	269	250,50
360	-36.25	35.75	269	250,50
360	-36.25	36.25	269	250,50
360	-34.75	37.75	269	250,50
360	-34.75	38.25	269	250,50
360	-35.25	38.25	269	250,50
360	-36.25	37.25	269	250,50
360	-36.75	37.25	269	250,50
360	-37.75	38.25	269	250,50
360	-38.75	38.25	269	250,50
360	-38.75	38.75	269	250,50
360	-36.75	40.75	269	250,50
360	-36.75	41.25	269	250,50
360	-37.25	41.75	269	250,50
360	-37.75	41.75	269	250,50
360	-39.25	40.25	269	250,50
360	-40.75	40.25	269	250,50
360	-41.25	40.75	269	250,50
360	-41.25	41.25	269	250,50
360	-39.75	42.75	269	250,50
360	-39.75	43.25	269	250,50
361	-19.75	1.25	269	250,100
361	-19.75	1.75	269	250,100
361	-19.25	2.25	269	250,100
361	-17.75	2.25	269	250,100
361	-17.25	1.75	269	250,100
361	-16.75	1.75	269	250,100
361	-15.75	2.75	269	250,100
361	-15.25	2.75	269	250,100
361	-15.25	2.25	269	250,100
361	-15.75	1.75	269	250,100
361	-15.75	0.25	269	250,100
361	-15.25	-0.25	269	250,100
361	-15.25	-0.75	269	250,100
361	-15.75	-1.25	269	250,100
361	-16.25	-1.25	269	250,100
361	-16.25	-0.25	269	250,100
361	-17.75	-0.25	269	250,100
361	-17.75	-1.25	269	250,100
361	-21.25	-1.25	269	250,100
361	-21.25	-0.75	269	250,100
361	-20.75	-0.25	269	250,100
361	-19.75	-0.25	269	250,100
361	-19.75	1.25	269	250,100
361	-15.75	48.25	269	250,50
361	-15.75	48.75	269	250,50
361	-15.25	48.75	269	250,50
361	-15.25	48.25	269	250,50
361	-15.75	48.25	269	250,50
607	-7.75	39.25	95	250,100
607	-7.75	39.75	95	250,100
607	-6.25	41.25	95	250,100
607	-5.75	41.25	95	250,100
607	-4.25	39.75	95	250,100
607	-3.75	39.75	95	250,100
607	-3.25	40.25	95	250,100
607	-3.25	41.75	95	250,100
607	-3.75	42.25	95	250,100
607	-3.75	42.75	95	250,100
607	-1.25	45.25	95	250,100
607	-0.75	45.25	95	250,100
607	-0.25	44.75	95	250,100
607	0.75	44.75	95	250,100
607	0.75	42.75	95	250,100
607	1.75	42.75	95	250,100
607	2.25	42.25	95	250,100
607	2.25	41.75	95	250,100
607	1.75	41.25	95	250,100
607	1.75	39.25	95	250,100
607	0.75	39.25	95	250,100
607	0.25	38.75	95	250,100
607	-0.25	38.75	95	250,100
607	-0.75	39.25	95	250,100
607	-2.25	39.25	95	250,100
607	-2.75	38.75	95	250,100
607	-2.75	38.25	95	250,100
607	-1.75	37.25	95	250,100
607	-1.75	36.75	95	250,100
607	-4.75	33.75	95	250,100
607	-5.75	33.75	95	250,100
607	-7.25	32.25	95	250,100
607	-7.75	32.25	95	250,100
607	-8.25	32.75	95	250,100
607	-8.25	33.75	95	250,100
607	-8.75	34.25	95	250,100
607	-9.75	34.25	95	250,100
607	-10.75	35.25	95	250,100
607	-10.75	35.75	95	250,100
607	-7.75	38.75	95	250,100
607	-7.75	39.25	95	250,100
379	-25.75	20.25	282	150,0
379	-25.75	20.75	282	150,0
379	-20.75	25.75	282	150,0
379	-20.25	25.75	282	150,0
379	-17.75	23.25	282	150,0
379	-17.75	22.75	282	150,0
379	-19.25	21.25	282	150,0
379	-19.25	20.25	282	150,0
379	-20.25	19.25	282	150,0
379	-20.25	18.25	282	150,0
379	-21.25	17.25	282	150,0
379	-23.25	17.25	282	150,0
379	-24.25	16.25	282	150,0
379	-24.75	16.25	282	150,0
379	-24.75	16.75	282	150,0
379	-24.25	17.25	282	150,0
379	-24.25	17.75	282	150,0
379	-25.25	17.75	282	150,0
379	-25.75	18.25	282	150,0
379	-25.75	20.25	282	150,0
195	-19.25	26.75	184	150,0
195	-19.25	27.25	184	150,0
195	-16.75	29.75	184	150,0
195	-15.75	29.75	184	150,0
195	-15.75	30.75	184	150,0
195	-14.75	31.75	184	150,0
195	-13.25	31.75	184	150,0
195	-11.25	29.75	184	150,0
195	-11.25	28.25	184	150,0
195	-15.75	23.75	184	150,0
195	-16.25	23.75	184	150,0
195	-19.25	26.75	184	150,0
186	-2.75	43.25	178	150,0
186	-2.75	43.75	178	150,0
186	-1.75	44.75	178	150,0
186	-1.25	44.75	178	150,0
186	-0.75	44.25	178	150,0
186	-0.25	44.25	178	150,0
186	-0.25	45.25	178	150,0
186	0.25	45.75	178	150,0
186	0.25	46.75	178	150,0
186	1.25	47.75	178	150,0
186	1.75	47.75	178	150,0
186	4.75	44.75	178	150,0
186	4.75	44.25	178	150,0
186	2.25	41.75	178	150,0
186	2.25	40.75	178	150,0
186	1.75	40.25	178	150,0
186	0.25	40.25	178	150,0
186	-2.75	43.25	178	150,0
25	2.75	48.75	108	150,0
25	2.75	49.25	108	150,0
25	4.25	49.25	108	150,0
25	4.75	48.75	108	150,0
25	4.75	46.25	108	150,0
25	4.25	46.25	108	150,0
25	3.75	46.75	108	150,0
25	3.75	47.75	108	150,0
25	2.75	48.75	108	150,0
25	3.25	-0.75	108	150,50
25	3.25	-0.25	108	150,50
25	3.75	-0.25	108	150,50
25	3.75	-0.75	108	150,50
25	3.25	-0.75	108	150,50
25	-45.25	46.75	108	200,0
25	-45.25	47.25	108	200,0
25	-44.75	47.75	108	200,0
25	-44.25	47.75	108	200,0
25	-43.25	46.75	108	200,0
25	-42.75	46.75	108	200,0
25	-40.25	49.25	108	200,0
25	-39.75	49.25	108	200,0
25	-39.75	48.25	108	200,0
25	-37.25	45.75	108	200,0
25	-36.75	45.75	108	200,0
25	-34.25	48.25	108	200,0
25	-33.75	48.25	108	200,0
25	-32.75	47.25	108	200,0
25	-32.75	46.75	108	200,0
25	-37.25	42.25	108	200,0
25	-38.75	42.25	108	200,0
25	-39.25	42.75	108	200,0
25	-39.25	43.25	108	200,0
25	-37.75	44.75	108	200,0
25	-37.75	45.25	108	200,0
25	-38.75	46.25	108	200,0
25	-39.25	46.25	108	200,0
25	-40.25	45.25	108	200,0
25	-41.25	45.25	108	200,0
25	-41.25	44.25	108	200,0
25	-41.75	43.75	108	200,0
25	-41.75	43.25	108	200,0
25	-40.75	43.25	108	200,0
25	-40.75	41.75	108	200,0
25	-41.25	41.75	108	200,0
25	-45.25	45.75	108	200,0
25	-45.25	46.75	108	200,0
25	-39.75	-0.75	108	200,50
25	-39.75	-0.25	108	200,50
25	-37.75	1.75	108	200,50
25	-37.25	1.75	108	200,50
25	-37.25	1.25	108	200,50
25	-39.25	-0.75	108	200,50
25	-39.75	-0.75	108	200,50
389	3.75	-0.25	290	150,50
389	3.75	0.25	290	150,50
389	4.25	0.75	290	150,50
389	4.75	0.75	290	150,50
389	4.75	-0.75	290	150,50
389	4.25	-0.75	290	150,50
389	3.75	-0.25	290	150,50
389	-45.25	0.75	290	200,50
389	-45.25	1.25	290	200,50
389	-41.25	5.25	290	200,50
389	-39.75	5.25	290	200,50
389	-37.75	3.25	290	200,50
389	-37.75	1.75	290	200,50
389	-40.25	-0.75	290	200,50
389	-44.75	-0.75	290	200,50
389	-45.25	-0.25	290	200,50
389	-45.25	0.75	290	200,50
389	-45.25	48.75	290	200,0
389	-45.25	49.25	290	200,0
389	-40.75	49.25	290	200,0
389	-40.75	48.75	290	200,0
389	-42.75	46.75	290	200,0
389	-43.25	46.75	290	200,0
389	-44.25	47.75	290	200,0
389	-45.25	47.75	290	200,0
389	-45.25	48.75	290	200,0
414	-29.75	16.25	306	200,50
414	-29.75	16.75	306	200,50
414	-29.25	17.25	306	200,50
414	-28.75	17.25	306	200,50
414	-26.25	14.75	306	200,50
414	-26.25	14.25	306	200,50
414	-26.75	13.75	306	200,50
414	-27.25	13.75	306	200,50
414	-29.75	16.25	306	200,50
579	-12.25	32.75	83	250,100
579	-12.25	33.25	83	250,100
579	-11.75	33.25	83	250,100
579	-10.75	32.25	83	250,100
579	-10.75	31.25	83	250,100
579	-4.75	31.25	83	250,100
579	-4.25	30.75	83	250,100
579	-3.75	30.75	83	250,100
579	-2.75	31.75	83	250,100
579	-2.75	32.75	83	250,100
579	-1.75	32.75	83	250,100
579	-1.25	33.25	83	250,100
579	-0.75	33.25	83	250,100
579	-0.25	32.75	83	250,100
579	-0.25	32.25	83	250,100
579	-3.75	28.75	83	250,100
579	-3.75	28.25	83	250,100
579	-2.75	27.25	83	250,100
579	-2.25	27.25	83	250,100
579	2.25	31.75	83	250,100
579	3.25	31.75	83	250,100
579	3.25	32.25	83	250,100
579	1.75	33.75	83	250,100
579	1.75	34.25	83	250,100
579	2.75	35.25	83	250,100
579	3.25	35.25	83	250,100
579	4.75	33.75	83	250,100
579	4.75	23.25	83	250,100
579	3.75	22.25	83	250,100
579	3.75	21.75	83	250,100
579	4.75	21.75	83	250,100
579	4.75	20.25	83	250,100
579	4.25	20.25	83	250,100
579	2.75	21.75	83	250,100
579	1.75	21.75	83	250,100
579	1.75	22.25	83	250,100
579	2.25	22.75	83	250,100
579	2.25	23.25	83	250,100
579	1.25	24.25	83	250,100
579	0.25	24.25	83	250,100
579	-0.25	24.75	83	250,100
579	-2.75	24.75	83	250,100
579	-3.75	23.75	83	250,100
579	-4.25	23.75	83	250,100
579	-4.75	24.25	83	250,100
579	-4.75	26.25	83	250,100
579	-5.25	26.75	83	250,100
579	-5.75	26.75	83	250,100
579	-6.25	26.25	83	250,100
579	-6.25	25.25	83	250,100
579	-7.25	25.25	83	250,100
579	-7.75	24.75	83	250,100
579	-9.25	24.75	83	250,100
579	-11.25	26.75	83	250,100
579	-11.25	27.25	83	250,100
579	-10.75	27.25	83	250,100
579	-9.75	26.25	83	250,100
579	-9.25	26.25	83	250,100
579	-7.75	27.75	83	250,100
579	-7.75	28.25	83	250,100
579	-9.25	29.75	83	250,100
579	-9.75	29.75	83	250,100
579	-10.25	29.25	83	250,100
579	-11.75	29.25	83	250,100
579	-12.75	30.25	83	250,100
579	-12.75	30.75	83	250,100
579	-11.75	31.75	83	250,100
579	-11.75	32.25	83	250,100
579	-12.25	32.75	83	250,100
579	-40.25	2.75	83	300,150
579	-40.25	3.25	83	300,150
579	-39.75	3.25	83	300,150
579	-38.25	1.75	83	300,150
579	-37.75	1.75	83	300,150
579	-37.75	2.75	83	300,150
579	-37.25	2.75	83	300,150
579	-36.75	2.25	83	300,150
579	-35.75	2.25	83	300,150
579	-33.25	-0.25	83	300,150
579	-33.25	-0.75	83	300,150
579	-38.75	-0.75	83	300,150
579	-38.75	-0.25	83	300,150
579	-38.25	0.25	83	300,150
579	-38.25	0.75	83	300,150
579	-40.25	2.75	83	300,150
579	-45.25	43.75	83	300,100
579	-45.25	44.25	83	300,100
579	-44.75	44.75	83	300,100
579	-43.75	44.75	83	300,100
579	-43.25	45.25	83	300,100
579	-42.75	45.25	83	300,100
579	-42.25	44.75	83	300,100
579	-41.75	44.75	83	300,100
579	-41.25	45.25	83	300,100
579	-41.25	45.75	83	300,100
579	-41.75	46.25	83	300,100
579	-41.75	46.75	83	300,100
579	-40.25	48.25	83	300,100
579	-39.75	48.25	83	300,100
579	-39.25	47.75	83	300,100
579	-38.75	47.75	83	300,100
579	-38.75	48.75	83	300,100
579	-38.25	49.25	83	300,100
579	-33.75	49.25	83	300,100
579	-33.75	48.75	83	300,100
579	-34.25	48.25	83	300,100
579	-34.25	47.75	83	300,100
579	-33.75	47.25	83	300,100
579	-33.25	47.25	83	300,100
579	-32.75	47.75	83	300,100
579	-31.25	47.75	83	300,100
579	-30.75	47.25	83	300,100
579	-30.75	46.25	83	300,100
579	-29.75	46.25	83	300,100
579	-27.25	43.75	83	300,100
579	-27.25	43.25	83	300,100
579	-28.25	42.25	83	300,100
579	-28.25	41.75	83	300,100
579	-27.75	41.25	83	300,100
579	-26.75	41.25	83	300,100
579	-26.25	40.75	83	300,100
579	-25.75	40.75	83	300,100
579	-25.25	41.25	83	300,100
579	-24.75	41.25	83	300,100
579	-24.75	40.25	83	300,100
579	-24.25	39.75	83	300,100
579	-23.25	39.75	83	300,100
579	-23.25	39.25	83	300,100
579	-24.25	38.25	83	300,100
579	-25.25	38.25	83	300,100
579	-25.25	37.25	83	300,100
579	-26.75	35.75	83	300,100
579	-27.75	35.75	83	300,100
579	-27.75	34.75	83	300,100
579	-29.25	33.25	83	300,100
579	-29.25	32.25	83	300,100
579	-29.75	31.75	83	300,100
579	-29.75	31.25	83	300,100
579	-28.75	31.25	83	300,100
579	-28.75	30.75	83	300,100
579	-29.25	30.25	83	300,100
579	-29.75	30.25	83	300,100
579	-30.75	31.25	83	300,100
579	-30.75	31.75	83	300,100
579	-30.25	32.25	83	300,100
579	-30.25	33.75	83	300,100
579	-30.75	34.25	83	300,100
579	-31.75	34.25	83	300,100
579	-32.25	34.75	83	300,100
579	-33.25	34.75	83	300,100
579	-33.25	35.25	83	300,100
579	-32.75	35.75	83	300,100
579	-32.75	37.25	83	300,100
579	-33.25	37.25	83	300,100
579	-34.25	36.25	83	300,100
579	-34.75	36.25	83	300,100
579	-34.75	36.75	83	300,100
579	-33.75	37.75	83	300,100
579	-33.75	38.25	83	300,100
579	-34.25	38.25	83	300,100
579	-35.25	37.25	83	300,100
579	-35.75	37.25	83	300,100
579	-35.75	37.75	83	300,100
579	-35.25	38.25	83	300,100
579	-35.25	41.25	83	300,100
579	-33.75	42.75	83	300,100
579	-33.25	42.75	83	300,100
579	-32.75	42.25	83	300,100
579	-32.25	42.25	83	300,100
579	-31.75	42.75	83	300,100
579	-31.75	43.25	83	300,100
579	-32.75	44.25	83	300,100
579	-33.25	44.25	83	300,100
579	-38.25	39.25	83	300,100
579	-38.25	38.75	83	300,100
579	-34.25	34.75	83	300,100
579	-34.25	34.25	83	300,100
579	-35.25	34.25	83	300,100
579	-35.75	33.75	83	300,100
579	-36.75	33.75	83	300,100
579	-37.25	33.25	83	300,100
579	-37.75	33.25	83	300,100
579	-37.75	35.25	83	300,100
579	-40.25	35.25	83	300,100
579	-40.25	34.75	83	300,100
579	-34.75	29.25	83	300,100
579	-34.75	28.75	83	300,100
579	-35.25	28.25	83	300,100
579	-35.25	27.25	83	300,100
579	-36.25	26.25	83	300,100
579	-36.25	25.75	83	300,100
579	-35.25	24.75	83	300,100
579	-35.25	24.25	83	300,100
579	-36.75	22.75	83	300,100
579	-37.25	22.75	83	300,100
579	-38.25	23.75	83	300,100
579	-38.25	26.25	83	300,100
579	-37.75	26.75	83	300,100
579	-37.75	27.25	83	300,100
579	-38.75	28.25	83	300,100
579	-40.75	28.25	83	300,100
579	-41.25	28.75	83	300,100
579	-42.25	28.75	83	300,100
579	-42.25	29.25	83	300,100
579	-41.75	29.75	83	300,100
579	-41.75	30.25	83	300,100
579	-42.25	30.75	83	300,100
579	-42.75	30.75	83	300,100
579	-43.25	30.25	83	300,100
579	-44.25	30.25	83	300,100
579	-44.25	29.25	83	300,100
579	-44.75	28.75	83	300,100
579	-44.75	28.25	83	300,100
579	-44.25	28.25	83	300,100
579	-43.75	28.75	83	300,100
579	-43.25	28.75	83	300,100
579	-43.25	28.25	83	300,100
579	-43.75	27.75	83	300,100
579	-43.75	27.25	83	300,100
579	-42.75	27.25	83	300,100
579	-42.25	26.75	83	300,100
579	-42.25	26.25	83	300,100
579	-44.75	23.75	83	300,100
579	-45.25	23.75	83	300,100
579	-45.25	34.25	83	300,100
579	-42.75	36.75	83	300,100
579	-42.75	37.25	83	300,100
579	-44.25	38.75	83	300,100
579	-44.75	38.75	83	300,100
579	-44.75	37.75	83	300,100
579	-45.25	37.75	83	300,100
579	-45.25	42.25	83	300,100
579	-44.75	42.75	83	300,100
579	-44.75	43.25	83	300,100
579	-45.25	43.75	83	300,100
580	3.75	42.75	83	250,100
580	3.75	43.25	83	250,100
580	4.25	43.25	83	250,100
580	4.75	42.75	83	250,100
580	4.75	42.25	83	250,100
580	4.25	42.25	83	250,100
580	3.75	42.75	83	250,100
580	-45.25	21.75	83	300,100
580	-45.25	22.25	83	300,100
580	-42.25	25.25	83	300,100
580	-39.75	25.25	83	300,100
580	-39.75	23.75	83	300,100
580	-40.25	23.25	83	300,100
580	-41.25	23.25	83	300,100
580	-41.25	22.25	83	300,100
580	-42.75	20.75	83	300,100
580	-43.75	20.75	83	300,100
580	-43.75	19.75	83	300,100
580	-45.25	19.75	83	300,100
580	-45.25	21.75	83	300,100
581	3.25	41.25	83	250,100
581	3.25	41.75	83	250,100
581	3.75	41.75	83	250,100
581	4.75	40.75	83	250,100
581	4.75	37.25	83	250,100
581	3.25	37.25	83	250,100
581	2.75	37.75	83	250,100
581	2.75	38.25	83	250,100
581	3.75	39.25	83	250,100
581	3.75	40.75	83	250,100
581	3.25	41.25	83	250,100
402	-40.25	1.75	3	150,0
402	-40.25	2.25	3	150,0
402	-39.25	3.25	3	150,0
402	-38.75	3.25	3	150,0
402	-38.25	2.75	3	150,0
402	-37.75	2.75	3	150,0
402	-35.25	5.25	3	150,0
402	-34.75	5.25	3	150,0
402	-34.25	4.75	3	150,0
402	-33.75	4.75	3	150,0
402	-33.25	5.25	3	150,0
402	-31.25	5.25	3	150,0
402	-28.75	7.75	3	150,0
402	-28.25	7.75	3	150,0
402	-26.75	6.25	3	150,0
402	-26.25	6.25	3	150,0
402	-25.75	6.75	3	150,0
402	-25.25	6.75	3	150,0
402	-24.25	5.75	3	150,0
402	-23.25	5.75	3	150,0
402	-22.75	5.25	3	150,0
402	-22.75	4.25	3	150,0
402	-22.25	3.75	3	150,0
402	-21.75	3.75	3	150,0
402	-19.25	6.25	3	150,0
402	-18.75	6.25	3	150,0
402	-18.25	5.75	3	150,0
402	-17.75	5.75	3	150,0
402	-16.75	6.75	3	150,0
402	-16.75	7.25	3	150,0
402	-17.25	7.75	3	150,0
402	-17.25	8.25	3	150,0
402	-16.25	9.25	3	150,0
402	-15.75	9.25	3	150,0
402	-15.25	8.75	3	150,0
402	-14.75	8.75	3	150,0
402	-12.25	11.25	3	150,0
402	-12.25	12.25	3	150,0
402	-11.25	12.25	3	150,0
402	-10.75	12.75	3	150,0
402	-10.25	12.75	3	150,0
402	-10.25	12.25	3	150,0
402	-13.75	8.75	3	150,0
402	-13.75	7.25	3	150,0
402	-12.75	6.25	3	150,0
402	-10.25	6.25	3	150,0
402	-9.75	6.75	3	150,0
402	-9.75	7.25	3	150,0
402	-10.25	7.75	3	150,0
402	-10.25	8.25	3	150,0
402	-8.75	9.75	3	150,0
402	-8.25	9.75	3	150,0
402	-8.25	8.75	3	150,0
402	-7.75	8.75	3	150,0
402	-7.25	9.25	3	150,0
402	-4.75	9.25	3	150,0
402	-3.75	8.25	3	150,0
402	-2.75	8.25	3	150,0
402	-2.25	7.75	3	150,0
402	-1.75	7.75	3	150,0
402	-1.25	8.25	3	150,0
402	-1.25	10.25	3	150,0
402	-0.75	10.25	3	150,0
402	-0.25	9.75	3	150,0
402	-0.25	8.75	3	150,0
402	0.75	8.75	3	150,0
402	1.25	8.25	3	150,0
402	2.25	8.25	3	150,0
402	2.75	7.75	3	150,0
402	3.25	7.75	3	150,0
402	3.75	8.25	3	150,0
402	4.25	8.25	3	150,0
402	4.75	7.75	3	150,0
402	4.75	4.25	3	150,0
402	3.75	3.25	3	150,0
402	3.75	2.25	3	150,0
402	3.25	2.25	3	150,0
402	2.75	2.75	3	150,0
402	2.25	2.75	3	150,0
402	1.25	1.75	3	150,0
402	-0.25	1.75	3	150,0
402	-1.25	2.75	3	150,0
402	-2.25	2.75	3	150,0
402	-3.75	4.25	3	150,0
402	-4.25	4.25	3	150,0
402	-7.25	1.25	3	150,0
402	-8.75	1.25	3	150,0
402	-10.25	2.75	3	150,0
402	-11.25	2.75	3	150,0
402	-12.25	3.75	3	150,0
402	-12.75	3.75	3	150,0
402	-14.25	2.25	3	150,0
402	-15.75	2.25	3	150,0
402	-16.75	3.25	3	150,0
402	-17.25	3.25	3	150,0
402	-17.75	2.75	3	150,0
402	-18.25	2.75	3	150,0
402	-19.25	3.75	3	150,0
402	-19.75	3.75	3	150,0
402	-20.75	2.75	3	150,0
402	-22.75	2.75	3	150,0
402	-23.75	1.75	3	150,0
402	-25.25	1.75	3	150,0
402	-25.25	2.75	3	150,0
402	-25.75	3.25	3	150,0
402	-27.25	3.25	3	150,0
402	-27.75	2.75	3	150,0
402	-28.25	2.75	3	150,0
402	-28.75	3.25	3	150,0
402	-29.25	3.25	3	150,0
402	-29.75	2.75	3	150,0
402	-30.25	2.75	3	150,0
402	-31.75	4.25	3	150,0
402	-32.25	4.25	3	150,0
402	-33.25	3.25	3	150,0
402	-33.25	2.75	3	150,0
402	-32.25	1.75	3	150,0
402	-32.25	1.25	3	150,0
402	-32.75	1.25	3	150,0
402	-33.75	2.25	3	150,0
402	-34.25	2.25	3	150,0
402	-35.75	0.75	3	150,0
402	-36.25	0.75	3	150,0
402	-37.25	1.75	3	150,0
402	-37.75	1.75	3	150,0
402	-38.75	0.75	3	150,0
402	-39.25	0.75	3	150,0
402	-40.25	1.75	3	150,0
402	-45.25	6.75	3	200,0
402	-45.25	7.25	3	200,0
402	-44.75	7.25	3	200,0
402	-44.75	6.25	3	200,0
402	-43.25	6.25	3	200,0
402	-41.25	8.25	3	200,0
402	-41.25	9.25	3	200,0
402	-40.75	9.25	3	200,0
402	-40.25	8.75	3	200,0
402	-39.75	8.75	3	200,0
402	-38.75	9.75	3	200,0
402	-38.75	10.25	3	200,0
402	-39.75	11.25	3	200,0
402	-39.75	11.75	3	200,0
402	-38.25	11.75	3	200,0
402	-37.75	11.25	3	200,0
402	-36.75	11.25	3	200,0
402	-36.25	10.75	3	200,0
402	-36.25	9.75	3	200,0
402	-35.75	9.75	3	200,0
402	-35.25	10.25	3	200,0
402	-34.25	10.25	3	200,0
402	-34.25	10.75	3	200,0
402	-36.75	13.25	3	200,0
402	-36.75	13.75	3	200,0
402	-36.25	13.75	3	200,0
402	-35.75	13.25	3	200,0
402	-34.75	13.25	3	200,0
402	-34.25	12.75	3	200,0
402	-34.25	11.75	3	200,0
402	-32.75	11.75	3	200,0
402	-32.25	12.25	3	200,0
402	-31.75	12.25	3	200,0
402	-31.75	11.75	3	200,0
402	-32.25	11.25	3	200,0
402	-32.25	10.75	3	200,0
402	-31.75	10.25	3	200,0
402	-31.75	9.25	3	200,0
402	-27.75	5.25	3	200,0
402	-26.25	5.25	3	200,0
402	-25.75	5.75	3	200,0
402	-23.75	5.75	3	200,0
402	-21.75	7.75	3	200,0
402	-21.25	7.75	3	200,0
402	-21.25	6.75	3	200,0
402	-20.75	6.25	3	200,0
402	-19.75	6.25	3	200,0
402	-19.25	5.75	3	200,0
402	-19.25	5.25	3	200,0
402	-19.75	4.75	3	200,0
402	-19.75	4.25	3	200,0
402	-18.25	4.25	3	200,0
402	-15.75	6.75	3	200,0
402	-15.25	6.75	3	200,0
402	-14.25	5.75	3	200,0
402	-13.75	5.75	3	200,0
402	-12.25	7.25	3	200,0
402	-12.25	7.75	3	200,0
402	-12.75	8.25	3	200,0
402	-13.25	8.25	3	200,0
402	-13.75	7.75	3	200,0
402	-14.25	7.75	3	200,0
402	-14.25	8.25	3	200,0
402	-13.25	9.25	3	200,0
402	-12.75	9.25	3	200,0
402	-11.75	8.25	3	200,0
402	-11.25	8.25	3	200,0
402	-10.25	9.25	3	200,0
402	-10.25	9.75	3	200,0
402	-11.25	10.75	3	200,0
402	-11.25	11.25	3	200,0
402	-10.75	11.25	3	200,0
402	-5.25	5.75	3	200,0
402	-5.25	4.25	3	200,0
402	-8.75	0.75	3	200,0
402	-9.25	0.75	3	200,0
402	-11.25	2.75	3	200,0
402	-11.75	2.75	3	200,0
402	-12.25	2.25	3	200,0
402	-12.75	2.25	3	200,0
402	-12.75	3.25	3	200,0
402	-13.25	3.25	3	200,0
402	-14.25	2.25	3	200,0
402	-14.75	2.25	3	200,0
402	-15.25	2.75	3	200,0
402	-15.75	2.75	3	200,0
402	-16.25	2.25	3	200,0
402	-17.25	2.25	3	200,0
402	-17.75	1.75	3	200,0
402	-18.75	1.75	3	200,0
402	-19.25	1.25	3	200,0
402	-19.75	1.25	3	200,0
402	-20.75	2.25	3	200,0
402	-21.75	2.25	3	200,0
402	-22.75	3.25	3	200,0
402	-23.25	3.25	3	200,0
402	-23.75	2.75	3	200,0
402	-24.25	2.75	3	200,0
402	-25.25	3.75	3	200,0
402	-25.75	3.75	3	200,0
402	-25.75	2.75	3	200,0
402	-26.75	2.75	3	200,0
402	-27.25	2.25	3	200,0
402	-27.75	2.25	3	200,0
402	-28.25	2.75	3	200,0
402	-29.75	2.75	3	200,0
402	-30.75	1.75	3	200,0
402	-31.25	1.75	3	200,0
402	-33.75	4.25	3	200,0
402	-34.25	4.25	3	200,0
402	-34.75	3.75	3	200,0
402	-35.25	3.75	3	200,0
402	-36.75	5.25	3	200,0
402	-37.25	5.25	3	200,0
402	-37.25	4.25	3	200,0
402	-38.25	4.25	3	200,0
402	-38.75	3.75	3	200,0
402	-39.75	3.75	3	200,0
402	-41.75	1.75	3	200,0
402	-42.25	1.75	3	200,0
402	-44.25	3.75	3	200,0
402	-44.25	4.75	3	200,0
402	-45.25	4.75	3	200,0
402	-45.25	6.75	3	200,0
347	-44.75	38.25	26	300,100
347	-44.75	38.75	26	300,100
347	-44.25	38.75	26	300,100
347	-42.75	37.25	26	300,100
347	-42.75	36.75	26	300,100
347	-44.75	34.75	26	300,100
347	-45.25	34.75	26	300,100
347	-45.25	37.25	26	300,100
347	-44.75	37.75	26	300,100
347	-44.75	38.25	26	300,100
242	-39.25	-0.25	215	150,0
242	-39.25	0.25	215	150,0
242	-37.75	1.75	215	150,0
242	-37.25	1.75	215	150,0
242	-36.25	0.75	215	150,0
242	-35.75	0.75	215	150,0
242	-34.75	1.75	215	150,0
242	-34.25	1.75	215	150,0
242	-32.75	0.25	215	150,0
242	-32.75	-0.25	215	150,0
242	-39.25	-0.25	215	150,0
194	-40.25	47.75	183	250,50
194	-40.25	48.25	183	250,50
194	-39.75	48.75	183	250,50
194	-34.25	48.75	183	250,50
194	-34.25	48.25	183	250,50
194	-37.25	45.25	183	250,50
194	-37.75	45.25	183	250,50
194	-40.25	47.75	183	250,50
194	-39.25	-1.25	183	250,100
194	-39.25	-0.75	183	250,100
194	-37.75	0.75	183	250,100
194	-37.25	0.75	183	250,100
194	-36.75	0.25	183	250,100
194	-35.75	0.25	183	250,100
194	-34.75	-0.75	183	250,100
194	-34.75	-1.25	183	250,100
194	-39.25	-1.25	183	250,100
592	-42.75	12.25	9	350,150
592	-42.75	12.75	9	350,150
592	-42.25	13.25	9	350,150
592	-40.75	13.25	9	350,150
592	-40.25	12.75	9	350,150
592	-40.25	11.75	9	350,150
592	-39.25	11.75	9	350,150
592	-38.25	10.75	9	350,150
592	-38.25	10.25	9	350,150
592	-39.25	9.25	9	350,150
592	-39.75	9.25	9	350,150
592	-42.75	12.25	9	350,150
592	-25.25	47.75	9	300,100
592	-25.25	48.25	9	300,100
592	-24.25	49.25	9	300,100
592	-14.75	49.25	9	300,100
592	-14.25	48.75	9	300,100
592	-14.25	48.25	9	300,100
592	-15.25	47.25	9	300,100
592	-16.25	47.25	9	300,100
592	-16.25	46.25	9	300,100
592	-16.75	46.25	9	300,100
592	-17.25	46.75	9	300,100
592	-17.75	46.75	9	300,100
592	-17.75	45.75	9	300,100
592	-18.25	45.25	9	300,100
592	-18.75	45.25	9	300,100
592	-19.25	45.75	9	300,100
592	-19.75	45.75	9	300,100
592	-21.25	44.25	9	300,100
592	-21.25	43.75	9	300,100
592	-20.75	43.25	9	300,100
592	-20.25	43.25	9	300,100
592	-19.25	44.25	9	300,100
592	-17.75	44.25	9	300,100
592	-16.75	43.25	9	300,100
592	-16.75	42.75	9	300,100
592	-18.25	41.25	9	300,100
592	-18.25	40.75	9	300,100
592	-17.75	40.75	9	300,100
592	-16.25	42.25	9	300,100
592	-14.75	42.25	9	300,100
592	-14.75	41.25	9	300,100
592	-13.25	41.25	9	300,100
592	-13.25	41.75	9	300,100
592	-13.75	42.25	9	300,100
592	-13.75	42.75	9	300,100
592	-12.25	42.75	9	300,100
592	-12.25	41.75	9	300,100
592	-11.25	40.75	9	300,100
592	-10.75	40.75	9	300,100
592	-9.25	42.25	9	300,100
592	-8.75	42.25	9	300,100
592	-8.75	41.75	9	300,100
592	-9.25	41.25	9	300,100
592	-9.25	40.25	9	300,100
592	-10.25	40.25	9	300,100
592	-10.75	39.75	9	300,100
592	-10.75	39.25	9	300,100
592	-9.25	39.25	9	300,100
592	-8.25	40.25	9	300,100
592	-8.25	41.25	9	300,100
592	-7.75	41.25	9	300,100
592	-7.25	40.75	9	300,100
592	-6.75	40.75	9	300,100
592	-6.25	41.25	9	300,100
592	-6.25	41.75	9	300,100
592	-6.75	42.25	9	300,100
592	-6.75	42.75	9	300,100
592	-5.75	42.75	9	300,100
592	-5.25	43.25	9	300,100
592	-4.25	43.25	9	300,100
592	-4.25	43.75	9	300,100
592	-5.75	45.25	9	300,100
592	-6.25	45.25	9	300,100
592	-6.25	44.25	9	300,100
592	-7.25	44.25	9	300,100
592	-7.75	43.75	9	300,100
592	-8.25	43.75	9	300,100
592	-8.25	44.75	9	300,100
592	-9.25	45.75	9	300,100
592	-9.25	46.25	9	300,100
592	-8.75	46.25	9	300,100
592	-8.25	45.75	9	300,100
592	-7.75	45.75	9	300,100
592	-7.75	47.75	9	300,100
592	-7.25	48.25	9	300,100
592	-7.25	49.25	9	300,100
592	2.25	49.25	9	300,100
592	3.25	48.25	9	300,100
592	3.75	48.25	9	300,100
592	4.75	49.25	9	300,100
592	5.25	49.25	9	300,100
592	5.25	44.75	9	300,100
592	4.75	44.75	9	300,100
592	4.25	45.25	9	300,100
592	3.75	45.25	9	300,100
592	3.25	44.75	9	300,100
592	3.25	44.25	9	300,100
592	3.75	43.75	9	300,100
592	3.75	43.25	9	300,100
592	3.25	42.75	9	300,100
592	3.25	42.25	9	300,100
592	5.25	40.25	9	300,100
592	5.25	24.75	9	300,100
592	4.25	23.75	9	300,100
592	2.75	23.75	9	300,100
592	2.25	24.25	9	300,100
592	1.75	24.25	9	300,100
592	0.25	22.75	9	300,100
592	0.25	22.25	9	300,100
592	1.25	21.25	9	300,100
592	1.75	21.25	9	300,100
592	2.25	21.75	9	300,100
592	2.75	21.75	9	300,100
592	2.75	20.25	9	300,100
592	2.25	19.75	9	300,100
592	1.25	19.75	9	300,100
592	0.75	19.25	9	300,100
592	-0.25	19.25	9	300,100
592	-0.75	18.75	9	300,100
592	-0.75	15.75	9	300,100
592	-1.25	15.25	9	300,100
592	-1.75	15.25	9	300,100
592	-2.75	16.25	9	300,100
592	-3.25	16.25	9	300,100
592	-4.25	15.25	9	300,100
592	-4.75	15.25	9	300,100
592	-4.75	16.75	9	300,100
592	-3.75	16.75	9	300,100
592	-3.75	17.25	9	300,100
592	-4.25	17.75	9	300,100
592	-4.25	18.25	9	300,100
592	-3.25	19.25	9	300,100
592	-3.25	19.75	9	300,100
592	-3.75	20.25	9	300,100
592	-4.75	20.25	9	300,100
592	-4.75	21.25	9	300,100
592	-5.75	22.25	9	300,100
592	-7.25	22.25	9	300,100
592	-7.75	21.75	9	300,100
592	-8.25	21.75	9	300,100
592	-8.75	22.25	9	300,100
592	-8.75	22.75	9	300,100
592	-7.25	24.25	9	300,100
592	-7.25	25.25	9	300,100
592	-4.75	27.75	9	300,100
592	-3.75	27.75	9	300,100
592	-2.75	28.75	9	300,100
592	-2.75	29.25	9	300,100
592	-4.25	30.75	9	300,100
592	-4.25	31.75	9	300,100
592	-4.75	32.25	9	300,100
592	-5.75	32.25	9	300,100
592	-7.25	33.75	9	300,100
592	-7.75	33.75	9	300,100
592	-9.25	32.25	9	300,100
592	-9.25	31.75	9	300,100
592	-8.25	30.75	9	300,100
592	-8.25	29.75	9	300,100
592	-7.25	29.75	9	300,100
592	-5.75	28.25	9	300,100
592	-5.75	27.75	9	300,100
592	-6.25	27.25	9	300,100
592	-7.25	27.25	9	300,100
592	-7.25	26.25	9	300,100
592	-8.25	25.25	9	300,100
592	-8.75	25.25	9	300,100
592	-9.25	25.75	9	300,100
592	-10.25	25.75	9	300,100
592	-10.25	27.75	9	300,100
592	-12.25	29.75	9	300,100
592	-12.75	29.75	9	300,100
592	-14.25	28.25	9	300,100
592	-14.75	28.25	9	300,100
592	-15.25	28.75	9	300,100
592	-15.25	29.25	9	300,100
592	-14.25	30.25	9	300,100
592	-14.25	30.75	9	300,100
592	-14.75	31.25	9	300,100
592	-15.75	31.25	9	300,100
592	-15.75	33.25	9	300,100
592	-18.25	35.75	9	300,100
592	-19.25	35.75	9	300,100
592	-23.25	39.75	9	300,100
592	-24.25	39.75	9	300,100
592	-24.75	40.25	9	300,100
592	-24.75	41.25	9	300,100
592	-25.25	41.25	9	300,100
592	-25.75	40.75	9	300,100
592	-26.25	40.75	9	300,100
592	-26.75	41.25	9	300,100
592	-26.75	41.75	9	300,100
592	-26.25	42.25	9	300,100
592	-25.25	42.25	9	300,100
592	-25.25	42.75	9	300,100
592	-26.25	43.75	9	300,100
592	-26.25	44.25	9	300,100
592	-25.75	44.75	9	300,100
592	-25.75	46.75	9	300,100
592	-25.25	47.25	9	300,100
592	-25.25	47.75	9	300,100
592	-24.75	44.25	9	350,100
592	-24.75	44.75	9	350,100
592	-23.25	46.25	9	350,100
592	-22.75	46.25	9	350,100
592	-22.25	45.75	9	350,100
592	-21.75	45.75	9	350,100
592	-21.25	46.25	9	350,100
592	-21.25	47.25	9	350,100
592	-19.75	48.75	9	350,100
592	-18.75	48.75	9	350,100
592	-18.25	49.25	9	350,100
592	-14.75	49.25	9	350,100
592	-14.75	48.25	9	350,100
592	-14.25	47.75	9	350,100
592	-14.25	47.25	9	350,100
592	-15.75	45.75	9	350,100
592	-15.75	45.25	9	350,100
592	-15.25	44.75	9	350,100
592	-15.25	43.25	9	350,100
592	-15.75	42.75	9	350,100
592	-16.75	42.75	9	350,100
592	-17.25	42.25	9	350,100
592	-17.75	42.25	9	350,100
592	-20.75	45.25	9	350,100
592	-21.25	45.25	9	350,100
592	-23.25	43.25	9	350,100
592	-23.75	43.25	9	350,100
592	-24.75	44.25	9	350,100
592	-45.25	30.75	9	400,100
592	-45.25	31.25	9	400,100
592	-44.25	32.25	9	400,100
592	-43.75	32.25	9	400,100
592	-43.75	30.25	9	400,100
592	-43.25	30.25	9	400,100
592	-42.75	30.75	9	400,100
592	-42.25	30.75	9	400,100
592	-42.25	30.25	9	400,100
592	-42.75	29.75	9	400,100
592	-42.75	29.25	9	400,100
592	-41.75	29.25	9	400,100
592	-41.75	27.75	9	400,100
592	-42.25	27.25	9	400,100
592	-42.25	26.25	9	400,100
592	-43.25	26.25	9	400,100
592	-44.25	25.25	9	400,100
592	-44.75	25.25	9	400,100
592	-45.25	25.75	9	400,100
592	-45.25	30.75	9	400,100
537	-34.25	1.75	66	150,0
537	-34.25	2.25	66	150,0
537	-33.75	2.25	66	150,0
537	-32.75	1.25	66	150,0
537	-32.25	1.25	66	150,0
537	-32.25	1.75	66	150,0
537	-33.25	2.75	66	150,0
537	-33.25	3.25	66	150,0
537	-32.25	4.25	66	150,0
537	-31.75	4.25	66	150,0
537	-30.25	2.75	66	150,0
537	-29.75	2.75	66	150,0
537	-29.25	3.25	66	150,0
537	-28.75	3.25	66	150,0
537	-28.25	2.75	66	150,0
537	-27.75	2.75	66	150,0
537	-27.25	3.25	66	150,0
537	-25.75	3.25	66	150,0
537	-25.25	2.75	66	150,0
537	-25.25	1.75	66	150,0
537	-23.75	1.75	66	150,0
537	-22.75	2.75	66	150,0
537	-20.75	2.75	66	150,0
537	-19.75	3.75	66	150,0
537	-19.25	3.75	66	150,0
537	-18.25	2.75	66	150,0
537	-17.75	2.75	66	150,0
537	-17.25	3.25	66	150,0
537	-16.75	3.25	66	150,0
537	-15.75	2.25	66	150,0
537	-14.25	2.25	66	150,0
537	-12.75	3.75	66	150,0
537	-12.25	3.75	66	150,0
537	-11.25	2.75	66	150,0
537	-10.25	2.75	66	150,0
537	-8.75	1.25	66	150,0
537	-7.25	1.25	66	150,0
537	-4.25	4.25	66	150,0
537	-3.75	4.25	66	150,0
537	-2.25	2.75	66	150,0
537	-1.25	2.75	66	150,0
537	-0.25	1.75	66	150,0
537	1.25	1.75	66	150,0
537	2.25	2.75	66	150,0
537	2.75	2.75	66	150,0
537	3.25	2.25	66	150,0
537	3.25	1.75	66	150,0
537	2.25	0.75	66	150,0
537	-0.25	0.75	66	150,0
537	-0.75	1.25	66	150,0
537	-1.25	1.25	66	150,0
537	-1.75	0.75	66	150,0
537	-3.75	0.75	66	150,0
537	-4.25	0.25	66	150,0
537	-4.75	0.25	66	150,0
537	-5.25	0.75	66	150,0
537	-6.75	0.75	66	150,0
537	-7.75	-0.25	66	150,0
537	-9.25	-0.25	66	150,0
537	-10.75	1.25	66	150,0
537	-11.25	1.25	66	150,0
537	-12.25	0.25	66	150,0
537	-12.75	0.25	66	150,0
537	-13.25	0.75	66	150,0
537	-15.75	0.75	66	150,0
537	-16.25	0.25	66	150,0
537	-16.75	0.25	66	150,0
537	-17.25	0.75	66	150,0
537	-21.75	0.75	66	150,0
537	-22.25	0.25	66	150,0
537	-22.75	0.25	66	150,0
537	-23.25	0.75	66	150,0
537	-26.25	0.75	66	150,0
537	-26.75	1.25	66	150,0
537	-27.25	1.25	66	150,0
537	-27.75	0.75	66	150,0
537	-28.75	0.75	66	150,0
537	-29.25	0.25	66	150,0
537	-29.75	0.25	66	150,0
537	-30.75	1.25	66	150,0
537	-31.25	1.25	66	150,0
537	-32.25	0.25	66	150,0
537	-32.75	0.25	66	150,0
537	-34.25	1.75	66	150,0
369	-32.25	-0.25	274	150,0
369	-32.25	0.25	274	150,0
369	-31.25	1.25	274	150,0
369	-30.75	1.25	274	150,0
369	-29.75	0.25	274	150,0
369	-29.75	-0.25	274	150,0
369	-32.25	-0.25	274	150,0
595	-19.25	12.75	90	200,50
595	-19.25	13.25	90	200,50
595	-18.75	13.25	90	200,50
595	-16.25	10.75	90	200,50
595	-16.25	10.25	90	200,50
595	-16.75	10.25	90	200,50
595	-19.25	12.75	90	200,50
595	-44.75	32.25	90	250,50
595	-44.75	32.75	90	250,50
595	-44.25	32.75	90	250,50
595	-35.75	24.25	90	250,50
595	-34.75	24.25	90	250,50
595	-34.75	23.25	90	250,50
595	-19.25	7.75	90	250,50
595	-19.25	7.25	90	250,50
595	-20.75	7.25	90	250,50
595	-20.75	8.25	90	250,50
595	-22.25	9.75	90	250,50
595	-23.25	9.75	90	250,50
595	-23.25	10.75	90	250,50
595	-26.75	14.25	90	250,50
595	-27.75	14.25	90	250,50
595	-32.25	18.75	90	250,50
595	-32.25	19.75	90	250,50
595	-35.25	22.75	90	250,50
595	-36.25	22.75	90	250,50
595	-36.25	23.75	90	250,50
595	-40.25	27.75	90	250,50
595	-41.25	27.75	90	250,50
595	-44.75	31.25	90	250,50
595	-44.75	32.25	90	250,50
595	0.75	48.75	90	200,0
595	0.75	49.25	90	200,0
595	2.25	49.25	90	200,0
595	3.75	47.75	90	200,0
595	3.75	47.25	90	200,0
595	2.25	47.25	90	200,0
595	0.75	48.75	90	200,0
596	-14.75	14.25	90	200,50
596	-14.75	14.75	90	200,50
596	-14.25	15.25	90	200,50
596	-13.75	15.25	90	200,50
596	-8.75	10.25	90	200,50
596	-8.75	9.25	90	200,50
596	-6.75	7.25	90	200,50
596	-6.75	6.75	90	200,50
596	-7.25	6.75	90	200,50
596	-14.75	14.25	90	200,50
597	3.75	32.75	90	200,50
597	3.75	33.25	90	200,50
597	5.25	33.25	90	200,50
597	5.25	31.75	90	200,50
597	4.75	31.75	90	200,50
597	3.75	32.75	90	200,50
598	-4.25	3.75	90	200,50
598	-4.25	4.25	90	200,50
598	-3.75	4.25	90	200,50
598	-0.75	1.25	90	200,50
598	0.25	1.25	90	200,50
598	1.75	-0.25	90	200,50
598	1.75	-0.75	90	200,50
598	0.25	-0.75	90	200,50
598	-4.25	3.75	90	200,50
238	-29.25	-0.25	212	150,0
238	-29.25	0.25	212	150,0
238	-28.75	0.75	212	150,0
238	-27.75	0.75	212	150,0
238	-27.25	1.25	212	150,0
238	-26.75	1.25	212	150,0
238	-26.25	0.75	212	150,0
238	-23.25	0.75	212	150,0
238	-22.75	0.25	212	150,0
238	-22.75	-0.25	212	150,0
238	-29.25	-0.25	212	150,0
578	-40.75	38.25	82	250,50
578	-40.75	38.75	82	250,50
578	-40.25	39.25	82	250,50
578	-39.75	39.25	82	250,50
578	-38.75	38.25	82	250,50
578	-37.75	38.25	82	250,50
578	-36.75	37.25	82	250,50
578	-36.25	37.25	82	250,50
578	-35.25	38.25	82	250,50
578	-34.75	38.25	82	250,50
578	-34.75	37.75	82	250,50
578	-36.25	36.25	82	250,50
578	-36.25	35.75	82	250,50
578	-35.25	35.75	82	250,50
578	-35.25	34.75	82	250,50
578	-34.75	34.25	82	250,50
578	-33.75	34.25	82	250,50
578	-33.75	33.75	82	250,50
578	-34.25	33.25	82	250,50
578	-34.25	32.75	82	250,50
578	-33.25	32.75	82	250,50
578	-31.75	31.25	82	250,50
578	-31.25	31.25	82	250,50
578	-29.75	32.75	82	250,50
578	-28.25	32.75	82	250,50
578	-27.75	32.25	82	250,50
578	-27.75	31.75	82	250,50
578	-29.25	30.25	82	250,50
578	-29.25	29.75	82	250,50
578	-28.25	28.75	82	250,50
578	-28.25	27.75	82	250,50
578	-26.25	27.75	82	250,50
578	-25.75	27.25	82	250,50
578	-25.75	26.75	82	250,50
578	-26.75	25.75	82	250,50
578	-26.75	25.25	82	250,50
578	-25.75	25.25	82	250,50
578	-25.25	24.75	82	250,50
578	-24.25	24.75	82	250,50
578	-24.25	24.25	82	250,50
578	-25.25	23.25	82	250,50
578	-25.75	23.25	82	250,50
578	-40.75	38.25	82	250,50
1	-35.75	43.25	1	250,50
1	-35.75	43.75	1	250,50
1	-32.75	46.75	1	250,50
1	-32.25	46.75	1	250,50
1	-32.25	44.75	1	250,50
1	-31.25	44.75	1	250,50
1	-29.75	43.25	1	250,50
1	-29.75	42.25	1	250,50
1	-28.75	42.25	1	250,50
1	-28.75	41.25	1	250,50
1	-28.25	40.75	1	250,50
1	-27.75	40.75	1	250,50
1	-27.25	41.25	1	250,50
1	-26.75	41.25	1	250,50
1	-26.75	39.25	1	250,50
1	-25.75	39.25	1	250,50
1	-25.75	38.25	1	250,50
1	-25.25	37.75	1	250,50
1	-24.75	37.75	1	250,50
1	-24.25	38.25	1	250,50
1	-23.75	38.25	1	250,50
1	-22.25	36.75	1	250,50
1	-21.25	36.75	1	250,50
1	-20.75	36.25	1	250,50
1	-20.25	36.25	1	250,50
1	-18.75	37.75	1	250,50
1	-18.75	38.25	1	250,50
1	-19.25	38.75	1	250,50
1	-19.25	39.25	1	250,50
1	-18.75	39.75	1	250,50
1	-18.75	40.25	1	250,50
1	-19.25	40.25	1	250,50
1	-20.25	39.25	1	250,50
1	-20.75	39.25	1	250,50
1	-20.75	39.75	1	250,50
1	-20.25	40.25	1	250,50
1	-20.25	40.75	1	250,50
1	-21.25	41.75	1	250,50
1	-21.25	42.25	1	250,50
1	-20.25	42.25	1	250,50
1	-19.25	43.25	1	250,50
1	-18.75	43.25	1	250,50
1	-18.25	42.75	1	250,50
1	-17.25	42.75	1	250,50
1	-17.25	42.25	1	250,50
1	-18.25	41.25	1	250,50
1	-18.25	40.75	1	250,50
1	-17.75	40.75	1	250,50
1	-17.25	41.25	1	250,50
1	-16.75	41.25	1	250,50
1	-15.75	40.25	1	250,50
1	-14.75	40.25	1	250,50
1	-14.75	39.25	1	250,50
1	-13.75	39.25	1	250,50
1	-13.75	38.25	1	250,50
1	-10.25	34.75	1	250,50
1	-10.25	34.25	1	250,50
1	-10.75	33.75	1	250,50
1	-10.75	33.25	1	250,50
1	-10.25	33.25	1	250,50
1	-9.75	33.75	1	250,50
1	-9.25	33.75	1	250,50
1	-5.75	30.25	1	250,50
1	-5.25	30.25	1	250,50
1	-4.75	30.75	1	250,50
1	-4.25	30.75	1	250,50
1	-3.25	29.75	1	250,50
1	-3.25	28.25	1	250,50
1	-5.75	25.75	1	250,50
1	-6.75	25.75	1	250,50
1	-8.75	23.75	1	250,50
1	-8.75	22.75	1	250,50
1	-9.25	22.25	1	250,50
1	-9.25	20.75	1	250,50
1	-8.75	20.25	1	250,50
1	-8.25	20.25	1	250,50
1	-6.75	21.75	1	250,50
1	-6.25	21.75	1	250,50
1	-5.75	21.25	1	250,50
1	-5.75	19.25	1	250,50
1	-4.75	19.25	1	250,50
1	-4.25	18.75	1	250,50
1	-4.25	17.75	1	250,50
1	-2.75	16.25	1	250,50
1	-2.75	15.25	1	250,50
1	-2.25	14.75	1	250,50
1	-2.25	14.25	1	250,50
1	-4.25	14.25	1	250,50
1	-4.75	13.75	1	250,50
1	-5.25	13.75	1	250,50
1	-6.25	14.75	1	250,50
1	-6.25	15.75	1	250,50
1	-6.75	15.75	1	250,50
1	-7.25	15.25	1	250,50
1	-7.75	15.25	1	250,50
1	-8.25	15.75	1	250,50
1	-8.25	16.75	1	250,50
1	-8.75	17.25	1	250,50
1	-9.75	17.25	1	250,50
1	-9.75	19.25	1	250,50
1	-10.75	20.25	1	250,50
1	-11.25	20.25	1	250,50
1	-11.75	19.75	1	250,50
1	-13.25	19.75	1	250,50
1	-13.25	20.75	1	250,50
1	-14.75	22.25	1	250,50
1	-14.75	22.75	1	250,50
1	-14.25	23.25	1	250,50
1	-12.75	23.25	1	250,50
1	-12.75	22.25	1	250,50
1	-11.75	21.25	1	250,50
1	-11.25	21.25	1	250,50
1	-10.25	22.25	1	250,50
1	-10.25	23.75	1	250,50
1	-10.75	24.25	1	250,50
1	-10.75	24.75	1	250,50
1	-8.75	24.75	1	250,50
1	-6.75	26.75	1	250,50
1	-6.75	27.25	1	250,50
1	-11.25	31.75	1	250,50
1	-11.25	32.75	1	250,50
1	-12.25	32.75	1	250,50
1	-12.75	33.25	1	250,50
1	-12.75	33.75	1	250,50
1	-11.75	33.75	1	250,50
1	-11.75	34.25	1	250,50
1	-13.25	35.75	1	250,50
1	-13.75	35.75	1	250,50
1	-13.75	35.25	1	250,50
1	-13.25	34.75	1	250,50
1	-13.25	34.25	1	250,50
1	-13.75	34.25	1	250,50
1	-14.75	35.25	1	250,50
1	-15.25	35.25	1	250,50
1	-15.75	34.75	1	250,50
1	-16.75	34.75	1	250,50
1	-16.75	31.25	1	250,50
1	-15.25	29.75	1	250,50
1	-15.25	29.25	1	250,50
1	-18.25	26.25	1	250,50
1	-18.75	26.25	1	250,50
1	-22.25	29.75	1	250,50
1	-22.25	30.25	1	250,50
1	-21.25	30.25	1	250,50
1	-20.75	30.75	1	250,50
1	-20.25	30.75	1	250,50
1	-20.25	30.25	1	250,50
1	-20.75	29.75	1	250,50
1	-20.75	29.25	1	250,50
1	-18.25	29.25	1	250,50
1	-18.25	30.25	1	250,50
1	-17.75	30.75	1	250,50
1	-17.75	32.25	1	250,50
1	-19.75	34.25	1	250,50
1	-20.75	34.25	1	250,50
1	-22.25	35.75	1	250,50
1	-22.75	35.75	1	250,50
1	-23.75	34.75	1	250,50
1	-23.75	34.25	1	250,50
1	-22.75	33.25	1	250,50
1	-22.75	32.75	1	250,50
1	-24.25	31.25	1	250,50
1	-24.75	31.25	1	250,50
1	-25.25	31.75	1	250,50
1	-25.25	33.25	1	250,50
1	-24.75	33.75	1	250,50
1	-24.75	34.25	1	250,50
1	-25.25	34.25	1	250,50
1	-25.75	33.75	1	250,50
1	-26.25	33.75	1	250,50
1	-27.25	34.75	1	250,50
1	-27.25	35.75	1	250,50
1	-28.25	36.75	1	250,50
1	-28.75	36.75	1	250,50
1	-28.75	35.75	1	250,50
1	-29.75	34.75	1	250,50
1	-29.75	34.25	1	250,50
1	-28.75	33.25	1	250,50
1	-28.75	32.75	1	250,50
1	-29.75	32.75	1	250,50
1	-31.25	31.25	1	250,50
1	-31.75	31.25	1	250,50
1	-33.25	32.75	1	250,50
1	-34.25	32.75	1	250,50
1	-34.25	33.25	1	250,50
1	-33.75	33.75	1	250,50
1	-33.75	34.25	1	250,50
1	-34.75	34.25	1	250,50
1	-35.25	34.75	1	250,50
1	-35.25	36.25	1	250,50
1	-34.25	37.25	1	250,50
1	-33.75	37.25	1	250,50
1	-33.75	36.25	1	250,50
1	-31.75	36.25	1	250,50
1	-30.75	35.25	1	250,50
1	-30.25	35.25	1	250,50
1	-30.25	35.75	1	250,50
1	-30.75	36.25	1	250,50
1	-30.75	36.75	1	250,50
1	-29.75	36.75	1	250,50
1	-29.75	37.25	1	250,50
1	-30.25	37.75	1	250,50
1	-30.25	38.75	1	250,50
1	-30.75	39.25	1	250,50
1	-31.75	39.25	1	250,50
1	-32.75	40.25	1	250,50
1	-32.75	40.75	1	250,50
1	-32.25	41.25	1	250,50
1	-32.25	42.75	1	250,50
1	-33.25	42.75	1	250,50
1	-33.75	43.25	1	250,50
1	-34.25	43.25	1	250,50
1	-34.75	42.75	1	250,50
1	-35.25	42.75	1	250,50
1	-35.75	43.25	1	250,50
42	-4.25	22.75	119	150,0
42	-4.25	23.25	119	150,0
42	-3.25	24.25	119	150,0
42	-2.75	24.25	119	150,0
42	-2.25	23.75	119	150,0
42	-1.75	23.75	119	150,0
42	-1.25	24.25	119	150,0
42	-0.25	24.25	119	150,0
42	-0.25	25.25	119	150,0
42	0.75	26.25	119	150,0
42	0.75	26.75	119	150,0
42	0.25	27.25	119	150,0
42	0.25	27.75	119	150,0
42	0.75	27.75	119	150,0
42	1.75	26.75	119	150,0
42	2.25	26.75	119	150,0
42	2.75	27.25	119	150,0
42	2.75	28.25	119	150,0
42	3.75	29.25	119	150,0
42	3.75	29.75	119	150,0
42	3.25	30.25	119	150,0
42	3.25	30.75	119	150,0
42	3.75	30.75	119	150,0
42	4.75	29.75	119	150,0
42	4.75	20.25	119	150,0
42	3.75	20.25	119	150,0
42	3.75	18.75	119	150,0
42	4.25	18.25	119	150,0
42	4.25	17.75	119	150,0
42	3.75	17.75	119	150,0
42	3.25	18.25	119	150,0
42	2.75	18.25	119	150,0
42	2.25	17.75	119	150,0
42	2.25	16.25	119	150,0
42	3.75	16.25	119	150,0
42	4.25	16.75	119	150,0
42	4.75	16.75	119	150,0
42	4.75	14.25	119	150,0
42	4.25	13.75	119	150,0
42	4.25	13.25	119	150,0
42	4.75	12.75	119	150,0
42	4.75	12.25	119	150,0
42	3.75	12.25	119	150,0
42	1.25	9.75	119	150,0
42	0.75	9.75	119	150,0
42	0.75	10.25	119	150,0
42	1.25	10.75	119	150,0
42	1.25	11.25	119	150,0
42	0.25	12.25	119	150,0
42	-0.25	12.25	119	150,0
42	-1.75	10.75	119	150,0
42	-2.25	10.75	119	150,0
42	-3.25	11.75	119	150,0
42	-3.25	12.75	119	150,0
42	-4.25	12.75	119	150,0
42	-5.25	13.75	119	150,0
42	-6.25	13.75	119	150,0
42	-7.25	14.75	119	150,0
42	-7.25	15.25	119	150,0
42	-6.75	15.75	119	150,0
42	-6.75	16.75	119	150,0
42	-3.75	19.75	119	150,0
42	-3.25	19.75	119	150,0
42	-3.25	18.75	119	150,0
42	-2.25	18.75	119	150,0
42	-2.25	17.75	119	150,0
42	-1.25	17.75	119	150,0
42	0.75	15.75	119	150,0
42	1.25	15.75	119	150,0
42	1.25	16.25	119	150,0
42	-3.75	21.25	119	150,0
42	-3.75	22.25	119	150,0
42	-4.25	22.75	119	150,0
42	-45.25	29.75	119	200,0
42	-45.25	30.25	119	200,0
42	-42.75	32.75	119	200,0
42	-42.25	32.75	119	200,0
42	-41.75	32.25	119	200,0
42	-41.75	31.75	119	200,0
42	-43.75	29.75	119	200,0
42	-43.75	28.25	119	200,0
42	-43.25	27.75	119	200,0
42	-42.75	27.75	119	200,0
42	-41.25	29.25	119	200,0
42	-41.25	29.75	119	200,0
42	-41.75	30.25	119	200,0
42	-41.75	30.75	119	200,0
42	-41.25	31.25	119	200,0
42	-40.75	31.25	119	200,0
42	-39.75	30.25	119	200,0
42	-38.75	30.25	119	200,0
42	-38.25	29.75	119	200,0
42	-38.25	29.25	119	200,0
42	-39.25	29.25	119	200,0
42	-41.25	27.25	119	200,0
42	-41.25	26.75	119	200,0
42	-38.75	26.75	119	200,0
42	-38.25	27.25	119	200,0
42	-38.25	28.25	119	200,0
42	-36.75	28.25	119	200,0
42	-36.25	27.75	119	200,0
42	-35.75	27.75	119	200,0
42	-35.75	29.75	119	200,0
42	-34.75	29.75	119	200,0
42	-34.75	30.75	119	200,0
42	-34.25	30.75	119	200,0
42	-33.75	30.25	119	200,0
42	-33.25	30.25	119	200,0
42	-32.25	31.25	119	200,0
42	-32.25	31.75	119	200,0
42	-32.75	32.25	119	200,0
42	-33.25	32.25	119	200,0
42	-33.25	31.25	119	200,0
42	-33.75	31.25	119	200,0
42	-34.25	31.75	119	200,0
42	-34.25	32.25	119	200,0
42	-33.75	32.75	119	200,0
42	-33.75	33.25	119	200,0
42	-34.25	33.25	119	200,0
42	-34.75	32.75	119	200,0
42	-35.25	32.75	119	200,0
42	-35.25	33.25	119	200,0
42	-34.75	33.75	119	200,0
42	-34.75	34.25	119	200,0
42	-36.25	35.75	119	200,0
42	-36.75	35.75	119	200,0
42	-37.25	35.25	119	200,0
42	-37.75	35.25	119	200,0
42	-37.75	35.75	119	200,0
42	-37.25	36.25	119	200,0
42	-37.25	36.75	119	200,0
42	-37.75	37.25	119	200,0
42	-37.75	37.75	119	200,0
42	-37.25	37.75	119	200,0
42	-29.75	30.25	119	200,0
42	-29.75	29.75	119	200,0
42	-30.25	29.75	119	200,0
42	-31.25	30.75	119	200,0
42	-31.75	30.75	119	200,0
42	-32.25	30.25	119	200,0
42	-32.25	28.75	119	200,0
42	-31.75	28.25	119	200,0
42	-31.75	27.75	119	200,0
42	-32.75	26.75	119	200,0
42	-33.25	26.75	119	200,0
42	-34.25	27.75	119	200,0
42	-34.75	27.75	119	200,0
42	-35.25	27.25	119	200,0
42	-35.25	26.75	119	200,0
42	-34.25	25.75	119	200,0
42	-34.25	25.25	119	200,0
42	-38.75	20.75	119	200,0
42	-39.25	20.75	119	200,0
42	-40.25	21.75	119	200,0
42	-40.75	21.75	119	200,0
42	-40.75	21.25	119	200,0
42	-39.75	20.25	119	200,0
42	-39.75	19.75	119	200,0
42	-40.75	18.75	119	200,0
42	-41.25	18.75	119	200,0
42	-41.75	19.25	119	200,0
42	-42.25	19.25	119	200,0
42	-42.25	18.75	119	200,0
42	-41.75	18.25	119	200,0
42	-41.75	17.75	119	200,0
42	-42.75	16.75	119	200,0
42	-43.25	16.75	119	200,0
42	-44.25	17.75	119	200,0
42	-44.25	18.75	119	200,0
42	-45.25	19.75	119	200,0
42	-45.25	29.75	119	200,0
48	-18.25	3.75	12	300,100
48	-18.25	4.25	12	300,100
48	-17.25	5.25	12	300,100
48	-16.75	5.25	12	300,100
48	-15.75	4.25	12	300,100
48	-15.25	4.25	12	300,100
48	-13.75	5.75	12	300,100
48	-13.25	5.75	12	300,100
48	-13.25	5.25	12	300,100
48	-15.25	3.25	12	300,100
48	-15.25	1.75	12	300,100
48	-14.75	1.75	12	300,100
48	-14.25	2.25	12	300,100
48	-12.75	2.25	12	300,100
48	-12.75	0.25	12	300,100
48	-11.75	-0.75	12	300,100
48	-11.75	-1.25	12	300,100
48	-13.25	-1.25	12	300,100
48	-15.25	0.75	12	300,100
48	-16.25	0.75	12	300,100
48	-16.75	1.25	12	300,100
48	-16.75	1.75	12	300,100
48	-16.25	2.25	12	300,100
48	-16.25	2.75	12	300,100
48	-17.25	2.75	12	300,100
48	-18.25	3.75	12	300,100
48	-19.75	48.75	12	300,50
48	-19.75	48.25	12	300,50
48	-19.25	48.25	12	300,50
48	-19.25	48.75	12	300,50
48	-19.75	48.75	12	300,50
49	-20.25	-1.25	12	300,100
49	-20.25	-0.75	12	300,100
49	-19.25	0.25	12	300,100
49	-18.75	0.25	12	300,100
49	-18.75	-1.25	12	300,100
49	-20.25	-1.25	12	300,100
49	-45.25	15.75	12	300,50
49	-45.25	16.25	12	300,50
49	-44.75	16.75	12	300,50
49	-44.25	16.75	12	300,50
49	-43.75	16.25	12	300,50
49	-43.25	16.25	12	300,50
49	-42.75	16.75	12	300,50
49	-42.25	16.75	12	300,50
49	-38.25	12.75	12	300,50
49	-38.25	12.25	12	300,50
49	-38.75	11.75	12	300,50
49	-38.75	11.25	12	300,50
49	-38.25	10.75	12	300,50
49	-37.75	10.75	12	300,50
49	-36.75	11.75	12	300,50
49	-36.25	11.75	12	300,50
49	-35.75	11.25	12	300,50
49	-34.75	11.25	12	300,50
49	-33.75	10.25	12	300,50
49	-33.75	9.25	12	300,50
49	-33.25	8.75	12	300,50
49	-32.25	8.75	12	300,50
49	-32.25	7.75	12	300,50
49	-31.25	7.75	12	300,50
49	-30.25	6.75	12	300,50
49	-30.25	6.25	12	300,50
49	-30.75	5.75	12	300,50
49	-30.75	5.25	12	300,50
49	-29.75	4.25	12	300,50
49	-29.25	4.25	12	300,50
49	-28.25	5.25	12	300,50
49	-28.25	6.25	12	300,50
49	-27.75	6.75	12	300,50
49	-26.75	6.75	12	300,50
49	-26.25	7.25	12	300,50
49	-25.75	7.25	12	300,50
49	-23.75	5.25	12	300,50
49	-23.75	4.25	12	300,50
49	-22.75	4.25	12	300,50
49	-22.75	3.75	12	300,50
49	-23.25	3.25	12	300,50
49	-23.25	2.25	12	300,50
49	-23.75	1.75	12	300,50
49	-24.25	1.75	12	300,50
49	-24.75	2.25	12	300,50
49	-25.75	2.25	12	300,50
49	-25.75	3.25	12	300,50
49	-26.75	3.25	12	300,50
49	-27.75	4.25	12	300,50
49	-28.25	4.25	12	300,50
49	-31.25	1.25	12	300,50
49	-31.25	0.75	12	300,50
49	-30.25	-0.25	12	300,50
49	-30.25	-0.75	12	300,50
49	-35.75	-0.75	12	300,50
49	-36.25	-0.25	12	300,50
49	-36.25	0.75	12	300,50
49	-41.25	5.75	12	300,50
49	-42.75	5.75	12	300,50
49	-44.25	4.25	12	300,50
49	-44.25	3.75	12	300,50
49	-43.75	3.25	12	300,50
49	-43.75	2.75	12	300,50
49	-44.25	2.25	12	300,50
49	-44.25	1.75	12	300,50
49	-42.25	-0.25	12	300,50
49	-42.25	-0.75	12	300,50
49	-44.75	-0.75	12	300,50
49	-45.25	-0.25	12	300,50
49	-45.25	5.25	12	300,50
49	-44.25	5.25	12	300,50
49	-44.25	6.25	12	300,50
49	-43.25	7.25	12	300,50
49	-43.25	7.75	12	300,50
49	-44.25	8.75	12	300,50
49	-45.25	8.75	12	300,50
49	-45.25	15.75	12	300,50
50	-11.25	-0.75	12	300,100
50	-11.25	-1.25	12	300,100
50	-10.75	-1.25	12	300,100
50	-10.75	-0.75	12	300,100
50	-11.25	-0.75	12	300,100
43	-45.25	15.75	119	200,0
43	-45.25	16.25	119	200,0
43	-44.75	16.25	119	200,0
43	-44.25	15.75	119	200,0
43	-44.25	15.25	119	200,0
43	-44.75	14.75	119	200,0
43	-45.25	14.75	119	200,0
43	-45.25	15.75	119	200,0
44	-45.25	11.75	119	200,0
44	-45.25	12.25	119	200,0
44	-44.75	12.25	119	200,0
44	-44.75	11.75	119	200,0
44	-45.25	11.75	119	200,0
584	-37.25	37.75	86	200,0
584	-37.25	38.25	86	200,0
584	-36.25	38.25	86	200,0
584	-35.25	39.25	86	200,0
584	-34.25	39.25	86	200,0
584	-33.75	39.75	86	200,0
584	-33.75	40.75	86	200,0
584	-33.25	40.75	86	200,0
584	-32.75	40.25	86	200,0
584	-32.75	39.75	86	200,0
584	-33.75	38.75	86	200,0
584	-33.75	38.25	86	200,0
584	-33.25	37.75	86	200,0
584	-33.25	36.75	86	200,0
584	-31.75	36.75	86	200,0
584	-30.75	37.75	86	200,0
584	-30.25	37.75	86	200,0
584	-26.25	33.75	86	200,0
584	-26.25	33.25	86	200,0
584	-27.75	31.75	86	200,0
584	-27.75	31.25	86	200,0
584	-27.25	31.25	86	200,0
584	-25.75	32.75	86	200,0
584	-25.25	32.75	86	200,0
584	-22.75	30.25	86	200,0
584	-22.25	30.25	86	200,0
584	-22.25	30.75	86	200,0
584	-24.75	33.25	86	200,0
584	-24.75	33.75	86	200,0
584	-22.25	36.25	86	200,0
584	-22.25	36.75	86	200,0
584	-22.75	36.75	86	200,0
584	-25.25	34.25	86	200,0
584	-25.75	34.25	86	200,0
584	-27.25	35.75	86	200,0
584	-27.25	36.25	86	200,0
584	-25.25	38.25	86	200,0
584	-25.25	38.75	86	200,0
584	-26.75	40.25	86	200,0
584	-27.25	40.25	86	200,0
584	-27.75	39.75	86	200,0
584	-28.25	39.75	86	200,0
584	-28.25	40.25	86	200,0
584	-27.75	40.75	86	200,0
584	-27.75	41.75	86	200,0
584	-27.25	42.25	86	200,0
584	-27.25	42.75	86	200,0
584	-28.25	42.75	86	200,0
584	-28.75	43.25	86	200,0
584	-29.25	43.25	86	200,0
584	-31.75	40.75	86	200,0
584	-32.25	40.75	86	200,0
584	-32.25	41.25	86	200,0
584	-28.75	44.75	86	200,0
584	-28.25	44.75	86	200,0
584	-20.75	37.25	86	200,0
584	-20.75	36.25	86	200,0
584	-17.75	33.25	86	200,0
584	-16.75	33.25	86	200,0
584	5.25	11.25	86	200,0
584	5.25	6.75	86	200,0
584	4.25	6.75	86	200,0
584	3.75	6.25	86	200,0
584	2.75	6.25	86	200,0
584	2.75	5.25	86	200,0
584	2.25	5.25	86	200,0
584	-0.75	8.25	86	200,0
584	-1.25	8.25	86	200,0
584	-2.75	6.75	86	200,0
584	-3.25	6.75	86	200,0
584	-6.25	9.75	86	200,0
584	-6.25	10.25	86	200,0
584	-4.75	11.75	86	200,0
584	-4.75	12.25	86	200,0
584	-5.75	13.25	86	200,0
584	-6.25	13.25	86	200,0
584	-7.75	11.75	86	200,0
584	-8.25	11.75	86	200,0
584	-9.25	12.75	86	200,0
584	-9.75	12.75	86	200,0
584	-10.75	11.75	86	200,0
584	-11.25	11.75	86	200,0
584	-21.25	21.75	86	200,0
584	-21.25	22.75	86	200,0
584	-22.25	22.75	86	200,0
584	-37.25	37.75	86	200,0
584	-44.75	10.25	86	250,0
584	-44.75	10.75	86	250,0
584	-44.25	10.75	86	250,0
584	-41.75	8.25	86	250,0
584	-41.25	8.25	86	250,0
584	-41.25	9.25	86	250,0
584	-40.25	9.25	86	250,0
584	-39.25	10.25	86	250,0
584	-38.75	10.25	86	250,0
584	-38.75	9.75	86	250,0
584	-39.75	8.75	86	250,0
584	-39.75	8.25	86	250,0
584	-38.75	7.25	86	250,0
584	-38.75	6.25	86	250,0
584	-38.25	5.75	86	250,0
584	-37.25	5.75	86	250,0
584	-34.25	2.75	86	250,0
584	-34.25	2.25	86	250,0
584	-34.75	2.25	86	250,0
584	-36.75	4.25	86	250,0
584	-37.75	4.25	86	250,0
584	-40.25	6.75	86	250,0
584	-40.75	6.75	86	250,0
584	-43.75	3.75	86	250,0
584	-44.25	3.75	86	250,0
584	-44.75	4.25	86	250,0
584	-44.75	5.75	86	250,0
584	-43.25	7.25	86	250,0
584	-43.25	7.75	86	250,0
584	-43.75	7.75	86	250,0
584	-44.25	7.25	86	250,0
584	-44.75	7.25	86	250,0
584	-44.75	10.25	86	250,0
585	4.75	4.75	86	200,0
585	4.75	5.25	86	200,0
585	5.25	5.25	86	200,0
585	5.25	3.75	86	200,0
585	4.75	3.75	86	200,0
585	4.75	4.75	86	200,0
239	-22.25	-0.25	213	150,0
239	-22.25	0.25	213	150,0
239	-21.75	0.75	213	150,0
239	-17.25	0.75	213	150,0
239	-16.75	0.25	213	150,0
239	-16.75	-0.25	213	150,0
239	-22.25	-0.25	213	150,0
575	-16.75	5.25	81	250,100
575	-16.75	5.75	81	250,100
575	-16.25	5.75	81	250,100
575	-15.25	4.75	81	250,100
575	-14.25	4.75	81	250,100
575	-14.25	3.75	81	250,100
575	-13.25	3.75	81	250,100
575	-12.75	3.25	81	250,100
575	-11.25	3.25	81	250,100
575	-11.25	4.75	81	250,100
575	-13.25	4.75	81	250,100
575	-13.25	6.25	81	250,100
575	-12.75	6.75	81	250,100
575	-12.75	7.75	81	250,100
575	-11.25	9.25	81	250,100
575	-10.75	9.25	81	250,100
575	-10.75	7.75	81	250,100
575	-11.75	7.75	81	250,100
575	-11.75	6.75	81	250,100
575	-12.25	6.25	81	250,100
575	-12.25	5.75	81	250,100
575	-11.25	5.75	81	250,100
575	-10.25	4.75	81	250,100
575	-10.25	3.75	81	250,100
575	-8.25	1.75	81	250,100
575	-7.75	1.75	81	250,100
575	-4.25	5.25	81	250,100
575	-3.75	5.25	81	250,100
575	-3.75	4.75	81	250,100
575	-7.25	1.25	81	250,100
575	-7.25	0.75	81	250,100
575	-6.75	0.75	81	250,100
575	-6.25	1.25	81	250,100
575	-5.75	1.25	81	250,100
575	-5.25	0.75	81	250,100
575	-5.25	0.25	81	250,100
575	-6.25	0.25	81	250,100
575	-7.75	-1.25	81	250,100
575	-15.25	-1.25	81	250,100
575	-15.25	-0.25	81	250,100
575	-15.75	0.25	81	250,100
575	-15.75	1.75	81	250,100
575	-15.25	2.25	81	250,100
575	-15.25	2.75	81	250,100
575	-15.75	2.75	81	250,100
575	-16.75	1.75	81	250,100
575	-17.25	1.75	81	250,100
575	-17.75	2.25	81	250,100
575	-17.75	2.75	81	250,100
575	-16.75	3.75	81	250,100
575	-15.75	3.75	81	250,100
575	-15.75	4.25	81	250,100
575	-16.75	5.25	81	250,100
575	-16.75	48.25	81	250,50
575	-16.75	48.75	81	250,50
575	-16.25	48.75	81	250,50
575	-15.75	48.25	81	250,50
575	-15.25	48.25	81	250,50
575	-14.75	48.75	81	250,50
575	-8.25	48.75	81	250,50
575	-8.25	46.25	81	250,50
575	-8.75	46.25	81	250,50
575	-10.25	47.75	81	250,50
575	-10.75	47.75	81	250,50
575	-11.75	46.75	81	250,50
575	-11.75	46.25	81	250,50
575	-11.25	45.75	81	250,50
575	-11.25	44.75	81	250,50
575	-9.25	42.75	81	250,50
575	-8.25	42.75	81	250,50
575	-7.25	41.75	81	250,50
575	-5.25	41.75	81	250,50
575	-5.25	41.25	81	250,50
575	-5.75	40.75	81	250,50
575	-5.75	40.25	81	250,50
575	-5.25	39.75	81	250,50
575	-4.75	39.75	81	250,50
575	-2.25	42.25	81	250,50
575	-2.25	42.75	81	250,50
575	-2.75	43.25	81	250,50
575	-2.75	43.75	81	250,50
575	-1.75	44.75	81	250,50
575	0.25	44.75	81	250,50
575	2.25	46.75	81	250,50
575	2.25	47.25	81	250,50
575	1.75	47.75	81	250,50
575	0.75	47.75	81	250,50
575	0.75	48.25	81	250,50
575	1.25	48.75	81	250,50
575	4.75	48.75	81	250,50
575	4.75	48.25	81	250,50
575	2.75	46.25	81	250,50
575	2.75	44.25	81	250,50
575	1.75	44.25	81	250,50
575	1.25	43.75	81	250,50
575	1.25	42.25	81	250,50
575	1.75	41.75	81	250,50
575	1.75	41.25	81	250,50
575	1.25	40.75	81	250,50
575	1.25	40.25	81	250,50
575	1.75	39.75	81	250,50
575	1.75	39.25	81	250,50
575	1.25	39.25	81	250,50
575	-0.75	41.25	81	250,50
575	-2.25	41.25	81	250,50
575	-4.75	38.75	81	250,50
575	-6.25	38.75	81	250,50
575	-12.75	45.25	81	250,50
575	-13.25	45.25	81	250,50
575	-13.25	44.75	81	250,50
575	-12.25	43.75	81	250,50
575	-12.25	43.25	81	250,50
575	-12.75	42.75	81	250,50
575	-12.75	42.25	81	250,50
575	-11.25	40.75	81	250,50
575	-11.25	40.25	81	250,50
575	-11.75	39.75	81	250,50
575	-12.25	39.75	81	250,50
575	-12.75	40.25	81	250,50
575	-12.75	41.25	81	250,50
575	-13.75	41.25	81	250,50
575	-14.25	41.75	81	250,50
575	-14.25	42.25	81	250,50
575	-13.75	42.75	81	250,50
575	-13.75	43.25	81	250,50
575	-14.25	43.25	81	250,50
575	-15.75	41.75	81	250,50
575	-16.25	41.75	81	250,50
575	-16.75	42.25	81	250,50
575	-16.75	43.25	81	250,50
575	-17.75	44.25	81	250,50
575	-17.75	44.75	81	250,50
575	-17.25	45.25	81	250,50
575	-17.25	47.25	81	250,50
575	-16.75	47.75	81	250,50
575	-16.75	48.25	81	250,50
575	-45.25	13.75	81	300,100
575	-45.25	14.25	81	300,100
575	-43.25	16.25	81	300,100
575	-42.75	16.25	81	300,100
575	-42.75	15.75	81	300,100
575	-44.75	13.75	81	300,100
575	-45.25	13.75	81	300,100
575	-45.25	47.75	81	300,50
575	-45.25	48.25	81	300,50
575	-44.75	48.75	81	300,50
575	-42.25	48.75	81	300,50
575	-41.25	47.75	81	300,50
575	-41.25	46.75	81	300,50
575	-40.75	46.25	81	300,50
575	-40.25	46.25	81	300,50
575	-39.75	46.75	81	300,50
575	-39.25	46.75	81	300,50
575	-38.25	45.75	81	300,50
575	-38.25	45.25	81	300,50
575	-39.75	43.75	81	300,50
575	-40.25	43.75	81	300,50
575	-41.75	45.25	81	300,50
575	-42.75	45.25	81	300,50
575	-42.75	46.25	81	300,50
575	-43.75	47.25	81	300,50
575	-44.75	47.25	81	300,50
575	-45.25	47.75	81	300,50
576	-17.75	-0.75	81	250,100
576	-17.75	-0.25	81	250,100
576	-16.25	-0.25	81	250,100
576	-16.25	-0.75	81	250,100
576	-16.75	-1.25	81	250,100
576	-17.25	-1.25	81	250,100
576	-17.75	-0.75	81	250,100
576	-44.75	4.25	81	300,100
576	-44.75	4.75	81	300,100
576	-43.75	4.75	81	300,100
576	-43.25	5.25	81	300,100
576	-42.75	5.25	81	300,100
576	-42.75	4.75	81	300,100
576	-43.25	4.25	81	300,100
576	-43.25	3.25	81	300,100
576	-44.25	3.25	81	300,100
576	-44.25	1.75	81	300,100
576	-43.75	1.25	81	300,100
576	-43.25	1.25	81	300,100
576	-40.75	3.75	81	300,100
576	-40.25	3.75	81	300,100
576	-40.25	3.25	81	300,100
576	-42.25	1.25	81	300,100
576	-42.25	0.25	81	300,100
576	-42.75	-0.25	81	300,100
576	-42.75	-1.25	81	300,100
576	-45.25	-1.25	81	300,100
576	-45.25	3.25	81	300,100
576	-44.75	3.75	81	300,100
576	-44.75	4.25	81	300,100
577	-4.75	12.25	81	250,100
577	-4.75	12.75	81	250,100
577	-4.25	13.25	81	250,100
577	-2.75	13.25	81	250,100
577	-2.25	12.75	81	250,100
577	-2.25	11.75	81	250,100
577	-1.25	11.75	81	250,100
577	-1.25	11.25	81	250,100
577	-2.25	10.25	81	250,100
577	-2.25	9.75	81	250,100
577	-1.25	8.75	81	250,100
577	-0.75	8.75	81	250,100
577	1.75	11.25	81	250,100
577	1.75	11.75	81	250,100
577	0.75	12.75	81	250,100
577	0.25	12.75	81	250,100
577	-0.25	12.25	81	250,100
577	-0.75	12.25	81	250,100
577	-1.75	13.25	81	250,100
577	-1.75	13.75	81	250,100
577	-0.25	15.25	81	250,100
577	-0.25	15.75	81	250,100
577	-1.25	15.75	81	250,100
577	-1.25	16.25	81	250,100
577	-0.75	16.75	81	250,100
577	-0.25	16.75	81	250,100
577	0.25	16.25	81	250,100
577	1.25	16.25	81	250,100
577	2.25	15.25	81	250,100
577	2.25	14.75	81	250,100
577	1.25	13.75	81	250,100
577	1.25	13.25	81	250,100
577	2.25	12.25	81	250,100
577	2.75	12.25	81	250,100
577	4.25	13.75	81	250,100
577	4.75	13.75	81	250,100
577	4.75	13.25	81	250,100
577	3.25	11.75	81	250,100
577	3.25	11.25	81	250,100
577	3.75	10.75	81	250,100
577	3.75	10.25	81	250,100
577	3.25	10.25	81	250,100
577	2.75	10.75	81	250,100
577	2.25	10.75	81	250,100
577	-0.75	7.75	81	250,100
577	-0.75	7.25	81	250,100
577	0.25	7.25	81	250,100
577	1.25	6.25	81	250,100
577	1.25	5.25	81	250,100
577	1.75	4.75	81	250,100
577	2.75	4.75	81	250,100
577	4.75	2.75	81	250,100
577	4.75	-0.75	81	250,100
577	4.25	-1.25	81	250,100
577	1.75	-1.25	81	250,100
577	1.75	-0.25	81	250,100
577	-0.25	1.75	81	250,100
577	-0.25	2.25	81	250,100
577	0.25	2.75	81	250,100
577	0.25	3.25	81	250,100
577	-1.75	5.25	81	250,100
577	-2.25	5.25	81	250,100
577	-2.75	4.75	81	250,100
577	-3.25	4.75	81	250,100
577	-3.25	6.25	81	250,100
577	-2.25	6.25	81	250,100
577	-1.75	6.75	81	250,100
577	-1.75	7.25	81	250,100
577	-3.75	7.25	81	250,100
577	-4.25	7.75	81	250,100
577	-5.25	7.75	81	250,100
577	-5.75	8.25	81	250,100
577	-5.75	8.75	81	250,100
577	-3.75	10.75	81	250,100
577	-3.75	11.25	81	250,100
577	-4.75	12.25	81	250,100
198	-42.75	26.25	187	350,150
198	-42.75	26.75	187	350,150
198	-42.25	26.75	187	350,150
198	-39.75	24.25	187	350,150
198	-39.25	24.25	187	350,150
198	-38.25	25.25	187	350,150
198	-38.25	25.75	187	350,150
198	-39.25	25.75	187	350,150
198	-39.75	26.25	187	350,150
198	-39.75	27.75	187	350,150
198	-38.75	28.75	187	350,150
198	-38.25	28.75	187	350,150
198	-37.25	27.75	187	350,150
198	-36.75	27.75	187	350,150
198	-36.75	28.25	187	350,150
198	-37.25	28.75	187	350,150
198	-37.25	29.25	187	350,150
198	-36.75	29.75	187	350,150
198	-36.75	30.25	187	350,150
198	-37.75	31.25	187	350,150
198	-37.75	31.75	187	350,150
198	-37.25	31.75	187	350,150
198	-36.75	31.25	187	350,150
198	-35.75	31.25	187	350,150
198	-35.75	30.25	187	350,150
198	-34.75	30.25	187	350,150
198	-34.25	29.75	187	350,150
198	-34.25	29.25	187	350,150
198	-35.75	27.75	187	350,150
198	-35.75	26.75	187	350,150
198	-37.75	24.75	187	350,150
198	-37.75	24.25	187	350,150
198	-36.75	23.25	187	350,150
198	-36.75	22.75	187	350,150
198	-38.25	22.75	187	350,150
198	-38.75	23.25	187	350,150
198	-39.25	23.25	187	350,150
198	-39.25	22.75	187	350,150
198	-38.25	21.75	187	350,150
198	-37.25	21.75	187	350,150
198	-37.25	20.75	187	350,150
198	-34.25	17.75	187	350,150
198	-33.25	17.75	187	350,150
198	-33.25	17.25	187	350,150
198	-33.75	16.75	187	350,150
198	-33.75	16.25	187	350,150
198	-32.75	16.25	187	350,150
198	-31.25	14.75	187	350,150
198	-31.25	14.25	187	350,150
198	-31.75	13.75	187	350,150
198	-31.75	11.75	187	350,150
198	-32.25	11.75	187	350,150
198	-32.75	12.25	187	350,150
198	-33.75	12.25	187	350,150
198	-33.75	13.75	187	350,150
198	-33.25	14.25	187	350,150
198	-33.25	14.75	187	350,150
198	-33.75	14.75	187	350,150
198	-35.75	12.75	187	350,150
198	-38.25	12.75	187	350,150
198	-39.75	14.25	187	350,150
198	-39.75	15.25	187	350,150
198	-40.75	16.25	187	350,150
198	-42.75	16.25	187	350,150
198	-42.75	17.25	187	350,150
198	-44.25	18.75	187	350,150
198	-44.25	19.25	187	350,150
198	-42.75	20.75	187	350,150
198	-42.75	22.25	187	350,150
198	-44.25	23.75	187	350,150
198	-44.25	24.25	187	350,150
198	-42.75	25.75	187	350,150
198	-42.75	26.25	187	350,150
368	-16.25	-0.25	273	150,0
368	-16.25	0.25	273	150,0
368	-15.75	0.75	273	150,0
368	-13.25	0.75	273	150,0
368	-12.75	0.25	273	150,0
368	-12.75	-0.25	273	150,0
368	-16.25	-0.25	273	150,0
35	-13.25	2.75	114	200,50
35	-13.25	3.25	114	200,50
35	-12.75	3.25	114	200,50
35	-9.25	-0.25	114	200,50
35	-9.25	-0.75	114	200,50
35	-14.75	-0.75	114	200,50
35	-15.25	-0.25	114	200,50
35	-15.25	0.25	114	200,50
35	-14.75	0.75	114	200,50
35	-14.25	0.75	114	200,50
35	-13.75	0.25	114	200,50
35	-13.25	0.25	114	200,50
35	-12.75	0.75	114	200,50
35	-12.75	1.25	114	200,50
35	-13.25	1.75	114	200,50
35	-13.25	2.75	114	200,50
35	-12.25	48.75	114	200,0
35	-12.25	49.25	114	200,0
35	-8.75	49.25	114	200,0
35	5.25	35.25	114	200,0
35	5.25	11.75	114	200,0
35	4.75	11.75	114	200,0
35	-7.75	24.25	114	200,0
35	-7.75	24.75	114	200,0
35	-7.25	25.25	114	200,0
35	-6.25	25.25	114	200,0
35	-4.25	27.25	114	200,0
35	-4.25	28.25	114	200,0
35	-1.25	31.25	114	200,0
35	-1.25	31.75	114	200,0
35	-5.75	36.25	114	200,0
35	-7.25	36.25	114	200,0
35	-7.75	35.75	114	200,0
35	-8.25	35.75	114	200,0
35	-8.25	36.25	114	200,0
35	-7.75	36.75	114	200,0
35	-7.75	38.75	114	200,0
35	-7.25	39.25	114	200,0
35	-6.75	39.25	114	200,0
35	-6.75	38.25	114	200,0
35	-6.25	38.25	114	200,0
35	-5.25	39.25	114	200,0
35	-5.25	39.75	114	200,0
35	-8.25	42.75	114	200,0
35	-8.25	43.25	114	200,0
35	-7.75	43.75	114	200,0
35	-7.75	44.25	114	200,0
35	-9.75	46.25	114	200,0
35	-10.25	46.25	114	200,0
35	-10.75	45.75	114	200,0
35	-11.25	45.75	114	200,0
35	-12.25	46.75	114	200,0
35	-12.25	47.25	114	200,0
35	-11.75	47.75	114	200,0
35	-11.75	48.25	114	200,0
35	-12.25	48.75	114	200,0
35	-44.75	34.25	114	250,0
35	-44.75	34.75	114	250,0
35	-44.25	34.75	114	250,0
35	-30.25	20.75	114	250,0
35	-30.25	20.25	114	250,0
35	-30.75	20.25	114	250,0
35	-31.75	21.25	114	250,0
35	-32.25	21.25	114	250,0
35	-33.25	20.25	114	250,0
35	-33.25	18.75	114	250,0
35	-32.25	18.75	114	250,0
35	-32.25	18.25	114	250,0
35	-35.75	14.75	114	250,0
35	-35.75	13.25	114	250,0
35	-34.75	13.25	114	250,0
35	-32.25	10.75	114	250,0
35	-31.75	10.75	114	250,0
35	-29.75	12.75	114	250,0
35	-29.75	13.25	114	250,0
35	-30.75	13.25	114	250,0
35	-31.25	13.75	114	250,0
35	-31.25	14.25	114	250,0
35	-30.75	14.75	114	250,0
35	-30.25	14.75	114	250,0
35	-26.25	10.75	114	250,0
35	-26.25	10.25	114	250,0
35	-26.75	10.25	114	250,0
35	-27.25	10.75	114	250,0
35	-28.25	10.75	114	250,0
35	-29.25	11.75	114	250,0
35	-29.75	11.75	114	250,0
35	-31.25	10.25	114	250,0
35	-31.25	9.75	114	250,0
35	-28.75	7.25	114	250,0
35	-28.75	6.75	114	250,0
35	-30.75	4.75	114	250,0
35	-31.25	4.75	114	250,0
35	-33.75	7.25	114	250,0
35	-34.25	7.25	114	250,0
35	-34.75	6.75	114	250,0
35	-34.75	6.25	114	250,0
35	-32.25	3.75	114	250,0
35	-32.25	2.25	114	250,0
35	-33.75	2.25	114	250,0
35	-37.25	5.75	114	250,0
35	-38.25	5.75	114	250,0
35	-38.75	6.25	114	250,0
35	-38.75	7.25	114	250,0
35	-39.75	8.25	114	250,0
35	-39.75	8.75	114	250,0
35	-38.75	9.75	114	250,0
35	-38.75	10.25	114	250,0
35	-39.25	10.25	114	250,0
35	-40.25	9.25	114	250,0
35	-41.25	9.25	114	250,0
35	-41.25	8.25	114	250,0
35	-41.75	8.25	114	250,0
35	-44.75	11.25	114	250,0
35	-44.75	34.25	114	250,0
288	-12.75	3.25	220	300,150
288	-12.75	3.75	220	300,150
288	-12.25	3.75	220	300,150
288	-11.75	3.25	220	300,150
288	-9.75	3.25	220	300,150
288	-9.75	1.75	220	300,150
288	-10.75	1.75	220	300,150
288	-10.75	1.25	220	300,150
288	-9.75	0.25	220	300,150
288	-8.25	0.25	220	300,150
288	-8.25	1.25	220	300,150
288	-7.75	1.25	220	300,150
288	-6.75	0.25	220	300,150
288	-6.75	-0.25	220	300,150
288	-7.25	-0.75	220	300,150
288	-13.75	-0.75	220	300,150
288	-13.75	0.25	220	300,150
288	-14.25	0.75	220	300,150
288	-14.25	1.25	220	300,150
288	-13.25	1.25	220	300,150
288	-12.25	2.25	220	300,150
288	-12.25	2.75	220	300,150
288	-12.75	3.25	220	300,150
288	-21.25	43.75	220	300,100
288	-21.25	44.25	220	300,100
288	-19.75	45.75	220	300,100
288	-19.25	45.75	220	300,100
288	-18.75	45.25	220	300,100
288	-18.25	45.25	220	300,100
288	-17.75	45.75	220	300,100
288	-17.75	46.75	220	300,100
288	-17.25	46.75	220	300,100
288	-16.75	46.25	220	300,100
288	-16.25	46.25	220	300,100
288	-16.25	47.25	220	300,100
288	-15.25	47.25	220	300,100
288	-14.25	48.25	220	300,100
288	-14.25	49.25	220	300,100
288	-7.75	49.25	220	300,100
288	-7.25	48.75	220	300,100
288	-7.25	48.25	220	300,100
288	-7.75	47.75	220	300,100
288	-7.75	45.75	220	300,100
288	-8.25	45.75	220	300,100
288	-8.75	46.25	220	300,100
288	-9.25	46.25	220	300,100
288	-9.25	45.75	220	300,100
288	-8.25	44.75	220	300,100
288	-8.25	43.75	220	300,100
288	-7.75	43.75	220	300,100
288	-7.25	44.25	220	300,100
288	-6.25	44.25	220	300,100
288	-6.25	45.25	220	300,100
288	-5.75	45.25	220	300,100
288	-4.25	43.75	220	300,100
288	-4.25	43.25	220	300,100
288	-5.25	43.25	220	300,100
288	-5.75	42.75	220	300,100
288	-6.75	42.75	220	300,100
288	-6.75	42.25	220	300,100
288	-6.25	41.75	220	300,100
288	-6.25	41.25	220	300,100
288	-6.75	40.75	220	300,100
288	-7.25	40.75	220	300,100
288	-7.75	41.25	220	300,100
288	-8.25	41.25	220	300,100
288	-8.25	40.25	220	300,100
288	-9.25	39.25	220	300,100
288	-10.75	39.25	220	300,100
288	-10.75	39.75	220	300,100
288	-10.25	40.25	220	300,100
288	-9.25	40.25	220	300,100
288	-9.25	41.25	220	300,100
288	-8.75	41.75	220	300,100
288	-8.75	42.25	220	300,100
288	-9.25	42.25	220	300,100
288	-10.75	40.75	220	300,100
288	-11.25	40.75	220	300,100
288	-12.25	41.75	220	300,100
288	-12.25	42.75	220	300,100
288	-13.75	42.75	220	300,100
288	-13.75	42.25	220	300,100
288	-13.25	41.75	220	300,100
288	-13.25	41.25	220	300,100
288	-14.75	41.25	220	300,100
288	-14.75	42.25	220	300,100
288	-16.25	42.25	220	300,100
288	-17.75	40.75	220	300,100
288	-18.25	40.75	220	300,100
288	-18.25	41.25	220	300,100
288	-16.75	42.75	220	300,100
288	-16.75	43.25	220	300,100
288	-17.75	44.25	220	300,100
288	-19.25	44.25	220	300,100
288	-20.25	43.25	220	300,100
288	-20.75	43.25	220	300,100
288	-21.25	43.75	220	300,100
460	-27.75	35.25	35	300,100
460	-27.75	35.75	35	300,100
460	-26.75	35.75	35	300,100
460	-25.25	37.25	35	300,100
460	-25.25	38.25	35	300,100
460	-24.25	38.25	35	300,100
460	-23.25	39.25	35	300,100
460	-22.75	39.25	35	300,100
460	-19.25	35.75	35	300,100
460	-18.25	35.75	35	300,100
460	-15.75	33.25	35	300,100
460	-15.75	31.25	35	300,100
460	-14.75	31.25	35	300,100
460	-14.25	30.75	35	300,100
460	-14.25	30.25	35	300,100
460	-15.25	29.25	35	300,100
460	-15.25	28.75	35	300,100
460	-14.25	27.75	35	300,100
460	-12.75	27.75	35	300,100
460	-12.75	28.75	35	300,100
460	-12.25	28.75	35	300,100
460	-11.75	28.25	35	300,100
460	-11.75	27.25	35	300,100
460	-11.25	26.75	35	300,100
460	-11.25	24.75	35	300,100
460	-9.75	23.25	35	300,100
460	-9.75	22.75	35	300,100
460	-10.25	22.25	35	300,100
460	-10.25	21.25	35	300,100
460	-13.75	17.75	35	300,100
460	-14.75	17.75	35	300,100
460	-15.75	16.75	35	300,100
460	-16.25	16.75	35	300,100
460	-16.25	17.75	35	300,100
460	-17.25	18.75	35	300,100
460	-17.25	19.75	35	300,100
460	-17.75	19.75	35	300,100
460	-18.25	19.25	35	300,100
460	-18.75	19.25	35	300,100
460	-20.25	20.75	35	300,100
460	-20.25	22.25	35	300,100
460	-19.75	22.75	35	300,100
460	-19.75	23.75	35	300,100
460	-17.75	25.75	35	300,100
460	-16.75	25.75	35	300,100
460	-16.75	26.25	35	300,100
460	-17.25	26.75	35	300,100
460	-17.75	26.75	35	300,100
460	-20.75	23.75	35	300,100
460	-21.25	23.75	35	300,100
460	-22.75	25.25	35	300,100
460	-23.75	25.25	35	300,100
460	-24.75	26.25	35	300,100
460	-24.75	27.25	35	300,100
460	-25.25	27.75	35	300,100
460	-25.25	29.75	35	300,100
460	-26.75	31.25	35	300,100
460	-26.75	31.75	35	300,100
460	-25.75	32.75	35	300,100
460	-24.75	32.75	35	300,100
460	-24.75	33.25	35	300,100
460	-25.25	33.75	35	300,100
460	-25.75	33.75	35	300,100
460	-28.25	31.25	35	300,100
460	-29.75	31.25	35	300,100
460	-29.75	31.75	35	300,100
460	-29.25	32.25	35	300,100
460	-29.25	33.25	35	300,100
460	-27.75	34.75	35	300,100
460	-27.75	35.25	35	300,100
518	-4.75	8.25	62	300,150
518	-4.75	8.75	62	300,150
518	-0.25	13.25	62	300,150
518	0.75	13.25	62	300,150
518	1.75	14.25	62	300,150
518	3.25	14.25	62	300,150
518	3.75	13.75	62	300,150
518	3.75	13.25	62	300,150
518	1.25	10.75	62	300,150
518	1.25	10.25	62	300,150
518	2.25	10.25	62	300,150
518	2.25	9.25	62	300,150
518	2.75	9.25	62	300,150
518	3.75	10.25	62	300,150
518	5.25	10.25	62	300,150
518	5.25	-0.25	62	300,150
518	4.75	-0.75	62	300,150
518	2.25	-0.75	62	300,150
518	-3.25	4.75	62	300,150
518	-3.25	5.25	62	300,150
518	-2.75	5.75	62	300,150
518	-2.75	6.25	62	300,150
518	-3.25	6.25	62	300,150
518	-3.75	5.75	62	300,150
518	-4.25	5.75	62	300,150
518	-5.25	6.75	62	300,150
518	-5.25	7.25	62	300,150
518	-4.75	7.75	62	300,150
518	-4.75	8.25	62	300,150
518	-44.75	9.25	62	350,150
518	-44.75	9.75	62	350,150
518	-43.75	10.75	62	350,150
518	-43.25	10.75	62	350,150
518	-42.25	9.75	62	350,150
518	-42.25	8.75	62	350,150
518	-41.25	7.75	62	350,150
518	-41.25	7.25	62	350,150
518	-42.25	7.25	62	350,150
518	-42.25	6.25	62	350,150
518	-42.75	5.75	62	350,150
518	-42.75	5.25	62	350,150
518	-42.25	4.75	62	350,150
518	-40.25	4.75	62	350,150
518	-40.25	4.25	62	350,150
518	-44.25	0.25	62	350,150
518	-44.75	0.25	62	350,150
518	-44.75	9.25	62	350,150
518	2.75	48.75	62	300,100
518	2.75	49.25	62	300,100
518	4.25	49.25	62	300,100
518	4.25	48.75	62	300,100
518	3.75	48.25	62	300,100
518	3.25	48.25	62	300,100
518	2.75	48.75	62	300,100
423	-12.25	-0.25	314	150,0
423	-12.25	0.25	314	150,0
423	-11.25	1.25	314	150,0
423	-10.75	1.25	314	150,0
423	-9.75	0.25	314	150,0
423	-9.75	-0.25	314	150,0
423	-12.25	-0.25	314	150,0
349	-37.75	20.25	261	200,0
349	-37.75	20.75	261	200,0
349	-34.25	24.25	261	200,0
349	-33.75	24.25	261	200,0
349	-33.75	23.25	261	200,0
349	-31.75	23.25	261	200,0
349	-30.75	22.25	261	200,0
349	-30.75	21.25	261	200,0
349	-27.25	17.75	261	200,0
349	-27.25	17.25	261	200,0
349	-29.25	15.25	261	200,0
349	-29.75	15.25	261	200,0
349	-32.25	17.75	261	200,0
349	-32.75	17.75	261	200,0
349	-32.75	17.25	261	200,0
349	-32.25	16.75	261	200,0
349	-32.25	16.25	261	200,0
349	-32.75	16.25	261	200,0
349	-33.25	16.75	261	200,0
349	-34.25	16.75	261	200,0
349	-34.75	17.25	261	200,0
349	-35.75	17.25	261	200,0
349	-37.25	18.75	261	200,0
349	-37.25	19.75	261	200,0
349	-37.75	20.25	261	200,0
219	-23.75	34.25	201	250,50
219	-23.75	34.75	201	250,50
219	-22.75	35.75	201	250,50
219	-22.25	35.75	201	250,50
219	-20.75	34.25	201	250,50
219	-19.75	34.25	201	250,50
219	-17.75	32.25	201	250,50
219	-17.75	30.75	201	250,50
219	-18.25	30.25	201	250,50
219	-18.25	29.25	201	250,50
219	-20.75	29.25	201	250,50
219	-20.75	29.75	201	250,50
219	-20.25	30.25	201	250,50
219	-20.25	30.75	201	250,50
219	-20.75	30.75	201	250,50
219	-21.25	30.25	201	250,50
219	-22.75	30.25	201	250,50
219	-23.75	31.25	201	250,50
219	-23.75	31.75	201	250,50
219	-22.75	32.75	201	250,50
219	-22.75	33.25	201	250,50
219	-23.75	34.25	201	250,50
55	-11.75	46.25	122	250,50
55	-11.75	46.75	122	250,50
55	-10.75	47.75	122	250,50
55	-10.25	47.75	122	250,50
55	-8.75	46.25	122	250,50
55	-8.25	46.25	122	250,50
55	-8.25	48.25	122	250,50
55	-7.75	48.75	122	250,50
55	0.75	48.75	122	250,50
55	0.75	47.75	122	250,50
55	1.75	47.75	122	250,50
55	2.25	47.25	122	250,50
55	2.25	46.75	122	250,50
55	0.25	44.75	122	250,50
55	-1.75	44.75	122	250,50
55	-2.75	43.75	122	250,50
55	-2.75	43.25	122	250,50
55	-2.25	42.75	122	250,50
55	-2.25	42.25	122	250,50
55	-4.75	39.75	122	250,50
55	-5.25	39.75	122	250,50
55	-5.75	40.25	122	250,50
55	-5.75	40.75	122	250,50
55	-5.25	41.25	122	250,50
55	-5.25	41.75	122	250,50
55	-7.25	41.75	122	250,50
55	-8.25	42.75	122	250,50
55	-9.25	42.75	122	250,50
55	-11.25	44.75	122	250,50
55	-11.25	45.75	122	250,50
55	-11.75	46.25	122	250,50
55	-7.25	0.75	122	250,100
55	-7.25	1.25	122	250,100
55	-3.75	4.75	122	250,100
55	-2.75	4.75	122	250,100
55	-2.25	5.25	122	250,100
55	-1.75	5.25	122	250,100
55	0.25	3.25	122	250,100
55	0.25	2.75	122	250,100
55	-0.25	2.25	122	250,100
55	-0.25	1.75	122	250,100
55	1.75	-0.25	122	250,100
55	1.75	-0.75	122	250,100
55	1.25	-1.25	122	250,100
55	-7.25	-1.25	122	250,100
55	-7.25	-0.75	122	250,100
55	-6.25	0.25	122	250,100
55	-5.25	0.25	122	250,100
55	-5.25	0.75	122	250,100
55	-5.75	1.25	122	250,100
55	-6.25	1.25	122	250,100
55	-6.75	0.75	122	250,100
55	-7.25	0.75	122	250,100
12	-35.25	22.75	104	300,100
12	-35.25	23.25	104	300,100
12	-34.75	23.75	104	300,100
12	-34.25	23.75	104	300,100
12	-32.25	21.75	104	300,100
12	-32.25	20.75	104	300,100
12	-31.75	20.25	104	300,100
12	-30.25	20.25	104	300,100
12	-30.25	21.25	104	300,100
12	-29.25	21.25	104	300,100
12	-28.75	21.75	104	300,100
12	-28.75	22.75	104	300,100
12	-28.25	22.75	104	300,100
12	-27.75	22.25	104	300,100
12	-27.75	21.75	104	300,100
12	-29.25	20.25	104	300,100
12	-29.25	19.75	104	300,100
12	-28.75	19.75	104	300,100
12	-27.25	21.25	104	300,100
12	-26.75	21.25	104	300,100
12	-24.75	19.25	104	300,100
12	-24.75	18.75	104	300,100
12	-25.25	18.75	104	300,100
12	-26.75	20.25	104	300,100
12	-27.25	20.25	104	300,100
12	-27.25	19.75	104	300,100
12	-26.75	19.25	104	300,100
12	-26.75	18.75	104	300,100
12	-27.75	17.75	104	300,100
12	-28.75	17.75	104	300,100
12	-30.75	15.75	104	300,100
12	-30.75	15.25	104	300,100
12	-29.75	14.25	104	300,100
12	-29.75	13.75	104	300,100
12	-30.75	12.75	104	300,100
12	-30.75	12.25	104	300,100
12	-30.25	11.75	104	300,100
12	-30.25	11.25	104	300,100
12	-31.25	11.25	104	300,100
12	-31.25	10.25	104	300,100
12	-32.25	9.25	104	300,100
12	-33.25	9.25	104	300,100
12	-33.75	8.75	104	300,100
12	-33.75	8.25	104	300,100
12	-31.75	6.25	104	300,100
12	-31.75	5.25	104	300,100
12	-30.75	5.25	104	300,100
12	-29.75	4.25	104	300,100
12	-29.25	4.25	104	300,100
12	-29.25	4.75	104	300,100
12	-29.75	5.25	104	300,100
12	-29.75	5.75	104	300,100
12	-29.25	6.25	104	300,100
12	-28.75	6.25	104	300,100
12	-28.75	5.25	104	300,100
12	-28.25	5.25	104	300,100
12	-24.25	9.25	104	300,100
12	-24.25	11.75	104	300,100
12	-24.75	11.75	104	300,100
12	-25.25	11.25	104	300,100
12	-25.75	11.25	104	300,100
12	-27.75	13.25	104	300,100
12	-27.75	14.75	104	300,100
12	-26.75	14.75	104	300,100
12	-26.25	15.25	104	300,100
12	-25.75	15.25	104	300,100
12	-24.25	13.75	104	300,100
12	-24.25	12.75	104	300,100
12	-23.25	12.75	104	300,100
12	-23.25	11.75	104	300,100
12	-21.75	11.75	104	300,100
12	-19.25	14.25	104	300,100
12	-19.25	15.25	104	300,100
12	-18.25	15.25	104	300,100
12	-18.25	16.25	104	300,100
12	-17.75	16.25	104	300,100
12	-16.75	15.25	104	300,100
12	-16.75	14.75	104	300,100
12	-17.75	14.75	104	300,100
12	-19.75	12.75	104	300,100
12	-19.75	12.25	104	300,100
12	-19.25	12.25	104	300,100
12	-18.75	12.75	104	300,100
12	-18.25	12.75	104	300,100
12	-15.25	9.75	104	300,100
12	-15.25	9.25	104	300,100
12	-16.25	9.25	104	300,100
12	-16.75	8.75	104	300,100
12	-16.75	6.25	104	300,100
12	-16.25	6.25	104	300,100
12	-14.25	8.25	104	300,100
12	-13.75	8.25	104	300,100
12	-9.25	3.75	104	300,100
12	-8.25	3.75	104	300,100
12	-8.25	2.75	104	300,100
12	-7.25	2.75	104	300,100
12	-7.25	2.25	104	300,100
12	-8.75	0.75	104	300,100
12	-8.75	-0.25	104	300,100
12	-9.75	-0.25	104	300,100
12	-10.25	-0.75	104	300,100
12	-11.75	-0.75	104	300,100
12	-12.75	0.25	104	300,100
12	-12.75	2.25	104	300,100
12	-14.25	2.25	104	300,100
12	-14.75	1.75	104	300,100
12	-15.25	1.75	104	300,100
12	-15.25	3.25	104	300,100
12	-13.25	5.25	104	300,100
12	-13.25	5.75	104	300,100
12	-13.75	5.75	104	300,100
12	-15.25	4.25	104	300,100
12	-15.75	4.25	104	300,100
12	-16.75	5.25	104	300,100
12	-17.25	5.25	104	300,100
12	-18.25	4.25	104	300,100
12	-18.25	3.75	104	300,100
12	-17.25	2.75	104	300,100
12	-16.25	2.75	104	300,100
12	-16.25	2.25	104	300,100
12	-16.75	1.75	104	300,100
12	-16.75	1.25	104	300,100
12	-16.25	0.75	104	300,100
12	-15.25	0.75	104	300,100
12	-13.75	-0.75	104	300,100
12	-13.75	-1.25	104	300,100
12	-18.25	-1.25	104	300,100
12	-18.75	-0.75	104	300,100
12	-18.75	0.25	104	300,100
12	-19.25	0.25	104	300,100
12	-20.75	-1.25	104	300,100
12	-23.25	-1.25	104	300,100
12	-23.25	-0.25	104	300,100
12	-23.75	-0.25	104	300,100
12	-24.25	-0.75	104	300,100
12	-24.75	-0.75	104	300,100
12	-25.75	0.25	104	300,100
12	-25.75	1.25	104	300,100
12	-26.75	1.25	104	300,100
12	-27.25	1.75	104	300,100
12	-29.25	1.75	104	300,100
12	-29.75	2.25	104	300,100
12	-30.25	2.25	104	300,100
12	-32.75	-0.25	104	300,100
12	-32.75	-1.25	104	300,100
12	-41.25	-1.25	104	300,100
12	-41.75	-0.75	104	300,100
12	-41.75	-0.25	104	300,100
12	-41.25	0.25	104	300,100
12	-40.25	0.25	104	300,100
12	-39.75	0.75	104	300,100
12	-39.75	1.25	104	300,100
12	-40.25	1.75	104	300,100
12	-40.25	2.25	104	300,100
12	-39.75	2.75	104	300,100
12	-39.25	2.75	104	300,100
12	-37.75	1.25	104	300,100
12	-37.25	1.25	104	300,100
12	-37.25	1.75	104	300,100
12	-37.75	2.25	104	300,100
12	-37.75	3.75	104	300,100
12	-37.25	4.25	104	300,100
12	-37.25	5.25	104	300,100
12	-36.75	5.75	104	300,100
12	-35.75	5.75	104	300,100
12	-35.75	6.75	104	300,100
12	-34.75	6.75	104	300,100
12	-34.75	8.25	104	300,100
12	-35.75	9.25	104	300,100
12	-35.75	9.75	104	300,100
12	-32.75	12.75	104	300,100
12	-32.75	13.25	104	300,100
12	-33.75	13.25	104	300,100
12	-34.75	14.25	104	300,100
12	-35.25	14.25	104	300,100
12	-36.75	12.75	104	300,100
12	-37.25	12.75	104	300,100
12	-37.75	13.25	104	300,100
12	-37.75	13.75	104	300,100
12	-35.25	16.25	104	300,100
12	-35.25	17.25	104	300,100
12	-34.25	18.25	104	300,100
12	-34.25	19.75	104	300,100
12	-34.75	20.25	104	300,100
12	-34.75	22.25	104	300,100
12	-35.25	22.75	104	300,100
12	-40.75	48.25	104	300,50
12	-40.75	48.75	104	300,50
12	-33.25	48.75	104	300,50
12	-33.25	47.75	104	300,50
12	-32.75	47.25	104	300,50
12	-32.75	46.75	104	300,50
12	-33.25	46.75	104	300,50
12	-33.75	47.25	104	300,50
12	-34.25	47.25	104	300,50
12	-34.75	46.75	104	300,50
12	-35.75	46.75	104	300,50
12	-36.75	45.75	104	300,50
12	-36.75	44.75	104	300,50
12	-38.25	44.75	104	300,50
12	-38.25	45.75	104	300,50
12	-39.25	46.75	104	300,50
12	-39.25	47.75	104	300,50
12	-40.25	47.75	104	300,50
12	-40.75	48.25	104	300,50
433	-7.25	-0.25	321	150,0
433	-7.25	0.25	321	150,0
433	-6.75	0.75	321	150,0
433	-5.25	0.75	321	150,0
433	-4.75	0.25	321	150,0
433	-4.75	-0.25	321	150,0
433	-7.25	-0.25	321	150,0
440	-42.75	12.25	328	350,150
440	-42.75	12.75	328	350,150
440	-42.25	13.25	328	350,150
440	-40.75	13.25	328	350,150
440	-40.25	12.75	328	350,150
440	-40.25	11.75	328	350,150
440	-39.25	11.75	328	350,150
440	-38.25	10.75	328	350,150
440	-38.25	10.25	328	350,150
440	-39.25	9.25	328	350,150
440	-39.75	9.25	328	350,150
440	-42.75	12.25	328	350,150
212	-4.25	-0.25	198	150,0
212	-4.25	0.25	198	150,0
212	-3.75	0.75	198	150,0
212	-1.75	0.75	198	150,0
212	-1.25	1.25	198	150,0
212	-0.75	1.25	198	150,0
212	-0.25	0.75	198	150,0
212	2.25	0.75	198	150,0
212	3.25	1.75	198	150,0
212	3.75	1.75	198	150,0
212	4.75	0.75	198	150,0
212	4.75	0.25	198	150,0
212	4.25	-0.25	198	150,0
212	-4.25	-0.25	198	150,0
212	-45.25	-0.25	198	200,0
212	-45.25	0.25	198	200,0
212	-44.75	0.75	198	200,0
212	-36.75	0.75	198	200,0
212	-36.25	1.25	198	200,0
212	-34.75	1.25	198	200,0
212	-34.25	0.75	198	200,0
212	-33.75	0.75	198	200,0
212	-33.25	1.25	198	200,0
212	-32.75	1.25	198	200,0
212	-32.25	0.75	198	200,0
212	-31.75	0.75	198	200,0
212	-31.25	1.25	198	200,0
212	-30.75	1.25	198	200,0
212	-30.25	0.75	198	200,0
212	-24.75	0.75	198	200,0
212	-24.25	1.25	198	200,0
212	-23.75	1.25	198	200,0
212	-23.25	0.75	198	200,0
212	-21.75	0.75	198	200,0
212	-21.25	1.25	198	200,0
212	-20.75	1.25	198	200,0
212	-19.75	0.25	198	200,0
212	-19.75	-0.25	198	200,0
212	-45.25	-0.25	198	200,0
608	3.75	2.75	96	150,0
608	3.75	3.25	96	150,0
608	4.25	3.75	96	150,0
608	4.75	3.75	96	150,0
608	4.75	1.25	96	150,0
608	4.25	1.25	96	150,0
608	3.75	1.75	96	150,0
608	3.75	2.75	96	150,0
608	-45.25	3.75	96	200,0
608	-45.25	4.25	96	200,0
608	-44.75	4.75	96	200,0
608	-44.25	4.75	96	200,0
608	-44.25	3.75	96	200,0
608	-42.25	1.75	96	200,0
608	-41.75	1.75	96	200,0
608	-39.75	3.75	96	200,0
608	-38.75	3.75	96	200,0
608	-38.25	4.25	96	200,0
608	-37.25	4.25	96	200,0
608	-37.25	5.25	96	200,0
608	-36.75	5.25	96	200,0
608	-35.25	3.75	96	200,0
608	-34.75	3.75	96	200,0
608	-34.25	4.25	96	200,0
608	-33.75	4.25	96	200,0
608	-31.25	1.75	96	200,0
608	-31.25	1.25	96	200,0
608	-31.75	0.75	96	200,0
608	-32.25	0.75	96	200,0
608	-32.75	1.25	96	200,0
608	-33.25	1.25	96	200,0
608	-33.75	0.75	96	200,0
608	-34.25	0.75	96	200,0
608	-34.75	1.25	96	200,0
608	-36.25	1.25	96	200,0
608	-36.75	0.75	96	200,0
608	-45.25	0.75	96	200,0
608	-45.25	3.75	96	200,0
439	-23.25	19.75	327	250,50
439	-23.25	20.25	327	250,50
439	-22.75	20.25	327	250,50
439	-8.75	6.25	327	250,50
439	-8.75	5.75	327	250,50
439	-9.25	5.75	327	250,50
439	-23.25	19.75	327	250,50
563	-22.75	20.25	78	250,50
563	-22.75	20.75	78	250,50
563	-21.75	20.75	78	250,50
563	-21.25	21.25	78	250,50
563	-17.75	21.25	78	250,50
563	-17.75	20.75	78	250,50
563	-18.75	19.75	78	250,50
563	-18.75	18.25	78	250,50
563	-17.75	17.25	78	250,50
563	-16.75	17.25	78	250,50
563	-16.25	16.75	78	250,50
563	-16.25	15.75	78	250,50
563	-5.25	4.75	78	250,50
563	-3.75	4.75	78	250,50
563	-2.75	5.75	78	250,50
563	-2.25	5.75	78	250,50
563	-1.75	5.25	78	250,50
563	-1.75	4.75	78	250,50
563	-2.75	3.75	78	250,50
563	-2.75	3.25	78	250,50
563	-1.25	1.75	78	250,50
563	-0.75	1.75	78	250,50
563	-0.75	2.25	78	250,50
563	-1.75	3.25	78	250,50
563	-1.75	3.75	78	250,50
563	-1.25	4.25	78	250,50
563	-0.75	4.25	78	250,50
563	1.25	2.25	78	250,50
563	1.25	0.75	78	250,50
563	0.25	0.75	78	250,50
563	-0.25	0.25	78	250,50
563	-0.25	-0.75	78	250,50
563	-1.75	-0.75	78	250,50
563	-22.75	20.25	78	250,50
563	-1.25	48.75	78	250,0
563	-1.25	49.25	78	250,0
563	0.25	49.25	78	250,0
563	1.25	48.25	78	250,0
563	1.75	48.25	78	250,0
563	2.75	49.25	78	250,0
563	4.25	49.25	78	250,0
563	4.75	48.75	78	250,0
563	4.75	43.25	78	250,0
563	4.25	43.25	78	250,0
563	-1.25	48.75	78	250,0
563	-45.25	47.75	78	300,0
563	-45.25	48.25	78	300,0
563	-44.75	48.25	78	300,0
563	-41.75	45.25	78	300,0
563	-41.75	44.75	78	300,0
563	-43.25	43.25	78	300,0
563	-43.25	41.75	78	300,0
563	-41.75	41.75	78	300,0
563	-40.25	43.25	78	300,0
563	-39.75	43.25	78	300,0
563	-39.75	42.75	78	300,0
563	-42.25	40.25	78	300,0
563	-42.75	40.25	78	300,0
563	-45.25	42.75	78	300,0
563	-45.25	47.75	78	300,0
564	3.25	-0.75	78	250,50
564	3.25	-0.25	78	250,50
564	3.75	-0.25	78	250,50
564	3.75	-0.75	78	250,50
564	3.25	-0.75	78	250,50
32	-17.25	25.75	112	250,50
32	-17.25	26.25	112	250,50
32	-15.25	28.25	112	250,50
32	-12.75	28.25	112	250,50
32	-11.25	26.75	112	250,50
32	-11.25	24.75	112	250,50
32	-10.25	23.75	112	250,50
32	-10.25	22.25	112	250,50
32	-11.25	21.25	112	250,50
32	-11.75	21.25	112	250,50
32	-12.75	22.25	112	250,50
32	-12.75	23.25	112	250,50
32	-14.25	23.25	112	250,50
32	-14.75	22.75	112	250,50
32	-15.25	22.75	112	250,50
32	-17.25	24.75	112	250,50
32	-17.25	25.75	112	250,50
503	-44.75	48.25	56	350,100
503	-44.75	48.75	56	350,100
503	-44.25	49.25	56	350,100
503	-33.75	49.25	56	350,100
503	-33.75	47.75	56	350,100
503	-36.75	44.75	56	350,100
503	-36.75	44.25	56	350,100
503	-35.75	44.25	56	350,100
503	-35.25	43.75	56	350,100
503	-34.25	43.75	56	350,100
503	-34.25	42.75	56	350,100
503	-32.75	41.25	56	350,100
503	-31.75	41.25	56	350,100
503	-31.75	40.25	56	350,100
503	-30.75	39.25	56	350,100
503	-29.75	39.25	56	350,100
503	-29.75	38.75	56	350,100
503	-30.75	37.75	56	350,100
503	-30.75	36.75	56	350,100
503	-31.25	36.75	56	350,100
503	-31.75	37.25	56	350,100
503	-31.75	38.25	56	350,100
503	-32.25	38.75	56	350,100
503	-32.25	39.75	56	350,100
503	-34.25	39.75	56	350,100
503	-34.25	40.25	56	350,100
503	-33.75	40.75	56	350,100
503	-33.75	41.25	56	350,100
503	-34.25	41.25	56	350,100
503	-35.25	40.25	56	350,100
503	-36.25	40.25	56	350,100
503	-36.75	39.75	56	350,100
503	-37.25	39.75	56	350,100
503	-37.75	40.25	56	350,100
503	-37.75	40.75	56	350,100
503	-37.25	41.25	56	350,100
503	-37.25	41.75	56	350,100
503	-38.25	41.75	56	350,100
503	-38.25	42.75	56	350,100
503	-38.75	42.75	56	350,100
503	-39.25	42.25	56	350,100
503	-40.75	42.25	56	350,100
503	-44.75	46.25	56	350,100
503	-44.75	46.75	56	350,100
503	-44.25	47.25	56	350,100
503	-44.25	47.75	56	350,100
503	-44.75	48.25	56	350,100
503	-43.75	-0.75	56	350,150
503	-43.75	-0.25	56	350,150
503	-39.75	3.75	56	350,150
503	-38.75	3.75	56	350,150
503	-37.75	4.75	56	350,150
503	-37.25	4.75	56	350,150
503	-35.25	2.75	56	350,150
503	-35.25	1.75	56	350,150
503	-34.25	1.75	56	350,150
503	-33.25	0.75	56	350,150
503	-32.75	0.75	56	350,150
503	-32.75	1.25	56	350,150
503	-36.25	4.75	56	350,150
503	-36.25	6.25	56	350,150
503	-34.75	7.75	56	350,150
503	-33.25	7.75	56	350,150
503	-31.75	6.25	56	350,150
503	-31.75	5.75	56	350,150
503	-32.75	5.75	56	350,150
503	-32.75	5.25	56	350,150
503	-30.75	3.25	56	350,150
503	-29.75	3.25	56	350,150
503	-29.75	2.75	56	350,150
503	-30.25	2.25	56	350,150
503	-30.25	1.25	56	350,150
503	-31.25	0.25	56	350,150
503	-32.25	0.25	56	350,150
503	-33.25	-0.75	56	350,150
503	-43.75	-0.75	56	350,150
415	-11.75	30.25	307	200,0
415	-11.75	30.75	307	200,0
415	-10.75	31.75	307	200,0
415	-10.25	31.75	307	200,0
415	-7.75	29.25	307	200,0
415	-7.25	29.25	307	200,0
415	-7.25	30.75	307	200,0
415	-9.25	32.75	307	200,0
415	-9.25	33.25	307	200,0
415	-8.25	33.25	307	200,0
415	-8.25	34.25	307	200,0
415	-7.25	35.25	307	200,0
415	-6.75	35.25	307	200,0
415	-6.25	34.75	307	200,0
415	-5.75	34.75	307	200,0
415	-5.25	35.25	307	200,0
415	-4.75	35.25	307	200,0
415	-1.25	31.75	307	200,0
415	-1.25	31.25	307	200,0
415	-4.25	28.25	307	200,0
415	-4.25	27.25	307	200,0
415	-6.25	25.25	307	200,0
415	-7.25	25.25	307	200,0
415	-7.75	24.75	307	200,0
415	-8.25	24.75	307	200,0
415	-12.25	28.75	307	200,0
415	-12.25	29.25	307	200,0
415	-11.75	29.75	307	200,0
415	-11.75	30.25	307	200,0
139	-14.25	27.75	148	300,100
139	-14.25	28.25	148	300,100
139	-12.75	29.75	148	300,100
139	-12.25	29.75	148	300,100
139	-10.25	27.75	148	300,100
139	-10.25	25.75	148	300,100
139	-9.25	25.75	148	300,100
139	-8.75	25.25	148	300,100
139	-8.25	25.25	148	300,100
139	-7.25	26.25	148	300,100
139	-7.25	27.25	148	300,100
139	-6.25	27.25	148	300,100
139	-5.75	27.75	148	300,100
139	-5.75	28.25	148	300,100
139	-7.25	29.75	148	300,100
139	-8.25	29.75	148	300,100
139	-8.25	30.75	148	300,100
139	-9.25	31.75	148	300,100
139	-9.25	32.25	148	300,100
139	-7.75	33.75	148	300,100
139	-7.25	33.75	148	300,100
139	-5.75	32.25	148	300,100
139	-4.75	32.25	148	300,100
139	-4.25	31.75	148	300,100
139	-4.25	30.75	148	300,100
139	-2.75	29.25	148	300,100
139	-2.75	28.75	148	300,100
139	-3.75	27.75	148	300,100
139	-4.75	27.75	148	300,100
139	-7.25	25.25	148	300,100
139	-7.25	24.25	148	300,100
139	-8.75	22.75	148	300,100
139	-8.75	22.25	148	300,100
139	-8.25	21.75	148	300,100
139	-7.75	21.75	148	300,100
139	-7.25	22.25	148	300,100
139	-5.75	22.25	148	300,100
139	-4.75	21.25	148	300,100
139	-4.75	20.25	148	300,100
139	-3.75	20.25	148	300,100
139	-3.25	19.75	148	300,100
139	-3.25	19.25	148	300,100
139	-4.25	18.25	148	300,100
139	-4.25	17.75	148	300,100
139	-3.75	17.25	148	300,100
139	-3.75	16.75	148	300,100
139	-4.75	16.75	148	300,100
139	-4.75	15.25	148	300,100
139	-4.25	15.25	148	300,100
139	-3.25	16.25	148	300,100
139	-2.75	16.25	148	300,100
139	2.25	11.25	148	300,100
139	2.75	11.25	148	300,100
139	3.75	12.25	148	300,100
139	4.25	12.25	148	300,100
139	4.75	11.75	148	300,100
139	4.75	11.25	148	300,100
139	4.25	10.75	148	300,100
139	4.25	9.25	148	300,100
139	5.25	8.25	148	300,100
139	5.25	1.75	148	300,100
139	4.75	1.25	148	300,100
139	4.75	-0.75	148	300,100
139	4.25	-1.25	148	300,100
139	3.75	-1.25	148	300,100
139	3.75	-0.25	148	300,100
139	2.75	0.75	148	300,100
139	2.75	1.25	148	300,100
139	3.75	2.25	148	300,100
139	3.75	2.75	148	300,100
139	3.25	2.75	148	300,100
139	2.25	1.75	148	300,100
139	1.75	1.75	148	300,100
139	0.25	3.25	148	300,100
139	0.25	3.75	148	300,100
139	1.25	4.75	148	300,100
139	1.25	5.25	148	300,100
139	0.75	5.25	148	300,100
139	0.25	4.75	148	300,100
139	-0.25	4.75	148	300,100
139	-0.25	5.25	148	300,100
139	0.25	5.75	148	300,100
139	0.25	6.25	148	300,100
139	-0.25	6.25	148	300,100
139	-1.25	5.25	148	300,100
139	-1.75	5.25	148	300,100
139	-2.75	6.25	148	300,100
139	-2.75	6.75	148	300,100
139	1.25	10.75	148	300,100
139	1.25	11.25	148	300,100
139	-2.25	14.75	148	300,100
139	-2.75	14.75	148	300,100
139	-3.25	14.25	148	300,100
139	-3.25	13.25	148	300,100
139	-5.25	11.25	148	300,100
139	-5.75	11.25	148	300,100
139	-6.25	11.75	148	300,100
139	-7.25	11.75	148	300,100
139	-7.25	12.25	148	300,100
139	-5.25	14.25	148	300,100
139	-5.25	14.75	148	300,100
139	-6.25	14.75	148	300,100
139	-6.25	15.25	148	300,100
139	-5.75	15.75	148	300,100
139	-5.75	16.25	148	300,100
139	-6.25	16.25	148	300,100
139	-9.75	12.75	148	300,100
139	-10.25	12.75	148	300,100
139	-10.25	13.75	148	300,100
139	-11.25	13.75	148	300,100
139	-12.25	14.75	148	300,100
139	-12.25	16.75	148	300,100
139	-13.25	17.75	148	300,100
139	-13.25	18.25	148	300,100
139	-10.25	21.25	148	300,100
139	-10.25	22.25	148	300,100
139	-9.75	22.75	148	300,100
139	-9.75	23.25	148	300,100
139	-11.25	24.75	148	300,100
139	-11.25	26.75	148	300,100
139	-11.75	27.25	148	300,100
139	-11.75	28.25	148	300,100
139	-12.25	28.75	148	300,100
139	-12.75	28.75	148	300,100
139	-12.75	27.75	148	300,100
139	-14.25	27.75	148	300,100
139	-44.75	8.25	148	350,100
139	-44.75	8.75	148	350,100
139	-44.25	8.75	148	350,100
139	-43.75	8.25	148	350,100
139	-43.25	8.25	148	350,100
139	-43.25	8.75	148	350,100
139	-43.75	9.25	148	350,100
139	-43.75	9.75	148	350,100
139	-43.25	9.75	148	350,100
139	-42.25	8.75	148	350,100
139	-42.25	8.25	148	350,100
139	-42.75	7.75	148	350,100
139	-42.75	6.25	148	350,100
139	-41.75	5.25	148	350,100
139	-40.75	5.25	148	350,100
139	-40.25	4.75	148	350,100
139	-39.75	4.75	148	350,100
139	-39.75	5.75	148	350,100
139	-39.25	5.75	148	350,100
139	-35.25	1.75	148	350,100
139	-35.25	1.25	148	350,100
139	-35.75	1.25	148	350,100
139	-36.25	1.75	148	350,100
139	-36.75	1.75	148	350,100
139	-36.75	1.25	148	350,100
139	-35.25	-0.25	148	350,100
139	-35.25	-0.75	148	350,100
139	-35.75	-1.25	148	350,100
139	-37.25	-1.25	148	350,100
139	-37.75	-0.75	148	350,100
139	-37.75	-0.25	148	350,100
139	-36.75	-0.25	148	350,100
139	-36.75	0.25	148	350,100
139	-38.75	2.25	148	350,100
139	-38.75	3.25	148	350,100
139	-39.25	3.25	148	350,100
139	-39.75	2.75	148	350,100
139	-40.25	2.75	148	350,100
139	-40.75	3.25	148	350,100
139	-40.75	4.25	148	350,100
139	-41.25	4.25	148	350,100
139	-41.75	3.75	148	350,100
139	-42.75	3.75	148	350,100
139	-44.25	2.25	148	350,100
139	-44.75	2.25	148	350,100
139	-44.75	8.25	148	350,100
139	4.25	48.25	148	300,50
139	4.25	48.75	148	300,50
139	4.75	48.75	148	300,50
139	5.25	48.25	148	300,50
139	5.25	47.75	148	300,50
139	4.75	47.75	148	300,50
139	4.25	48.25	148	300,50
139	-44.75	47.25	148	350,50
139	-44.75	47.75	148	350,50
139	-44.25	47.75	148	350,50
139	-43.75	47.25	148	350,50
139	-43.75	46.75	148	350,50
139	-44.25	46.75	148	350,50
139	-44.75	47.25	148	350,50
593	-14.25	49.25	9	350,100
593	-14.25	48.75	9	350,100
593	-12.25	46.75	9	350,100
593	-11.75	46.75	9	350,100
593	-11.75	47.75	9	350,100
593	-11.25	47.75	9	350,100
593	-10.25	46.75	9	350,100
593	-10.25	46.25	9	350,100
593	-10.75	45.75	9	350,100
593	-10.75	45.25	9	350,100
593	-8.75	43.25	9	350,100
593	-8.25	43.25	9	350,100
593	-8.25	44.25	9	350,100
593	-7.75	44.25	9	350,100
593	-7.25	43.75	9	350,100
593	-6.75	43.75	9	350,100
593	-5.75	44.75	9	350,100
593	-4.25	44.75	9	350,100
593	-3.25	43.75	9	350,100
593	-3.25	43.25	9	350,100
593	-4.75	41.75	9	350,100
593	-4.75	40.75	9	350,100
593	-5.75	39.75	9	350,100
593	-5.75	39.25	9	350,100
593	-5.25	39.25	9	350,100
593	-4.25	40.25	9	350,100
593	-3.75	40.25	9	350,100
593	-3.25	39.75	9	350,100
593	-3.25	39.25	9	350,100
593	-7.75	34.75	9	350,100
593	-7.75	34.25	9	350,100
593	-7.25	34.25	9	350,100
593	-6.25	35.25	9	350,100
593	-5.75	35.25	9	350,100
593	-5.25	34.75	9	350,100
593	-4.75	34.75	9	350,100
593	-4.75	35.25	9	350,100
593	-5.25	35.75	9	350,100
593	-5.25	36.25	9	350,100
593	-2.75	38.75	9	350,100
593	-2.25	38.75	9	350,100
593	0.25	36.25	9	350,100
593	0.75	36.25	9	350,100
593	2.25	37.75	9	350,100
593	2.25	38.25	9	350,100
593	1.75	38.75	9	350,100
593	1.75	39.75	9	350,100
593	0.75	40.75	9	350,100
593	-0.25	40.75	9	350,100
593	-0.25	41.25	9	350,100
593	0.75	42.25	9	350,100
593	1.25	42.25	9	350,100
593	4.25	39.25	9	350,100
593	4.25	37.75	9	350,100
593	-1.25	32.25	9	350,100
593	-1.25	31.75	9	350,100
593	-0.75	31.25	9	350,100
593	-0.75	30.75	9	350,100
593	-1.25	30.25	9	350,100
593	-1.75	30.25	9	350,100
593	-1.75	31.25	9	350,100
593	-2.25	31.25	9	350,100
593	-4.25	29.25	9	350,100
593	-4.25	28.75	9	350,100
593	-2.25	26.75	9	350,100
593	-2.25	25.75	9	350,100
593	-1.25	25.75	9	350,100
593	-0.75	25.25	9	350,100
593	0.25	25.25	9	350,100
593	0.25	24.25	9	350,100
593	2.25	22.25	9	350,100
593	2.75	22.25	9	350,100
593	3.75	23.25	9	350,100
593	4.75	23.25	9	350,100
593	4.75	23.75	9	350,100
593	4.25	24.25	9	350,100
593	4.25	25.25	9	350,100
593	3.75	25.75	9	350,100
593	2.75	25.75	9	350,100
593	2.75	26.25	9	350,100
593	3.25	26.75	9	350,100
593	3.75	26.75	9	350,100
593	4.25	26.25	9	350,100
593	4.75	26.25	9	350,100
593	4.75	32.75	9	350,100
593	3.75	32.75	9	350,100
593	2.25	34.25	9	350,100
593	2.25	34.75	9	350,100
593	3.75	36.25	9	350,100
593	4.75	36.25	9	350,100
593	4.75	43.75	9	350,100
593	-0.75	49.25	9	350,100
593	-14.25	49.25	9	350,100
593	-45.25	22.75	9	400,100
593	-45.25	23.25	9	400,100
593	-43.75	23.25	9	400,100
593	-43.25	22.75	9	400,100
593	-43.25	21.75	9	400,100
593	-42.75	21.25	9	400,100
593	-42.75	20.75	9	400,100
593	-43.75	19.75	9	400,100
593	-44.25	19.75	9	400,100
593	-45.25	20.75	9	400,100
593	-45.25	22.75	9	400,100
594	3.75	20.75	9	350,100
594	3.75	21.25	9	350,100
594	4.25	21.75	9	350,100
594	4.75	21.75	9	350,100
594	4.75	20.25	9	350,100
594	4.25	20.25	9	350,100
594	3.75	20.75	9	350,100
429	3.25	44.25	319	300,100
429	3.25	44.75	319	300,100
429	3.75	45.25	319	300,100
429	4.25	45.25	319	300,100
429	5.25	44.25	319	300,100
429	5.25	40.75	319	300,100
429	4.75	40.75	319	300,100
429	3.25	42.25	319	300,100
429	3.25	42.75	319	300,100
429	3.75	43.25	319	300,100
429	3.75	43.75	319	300,100
429	3.25	44.25	319	300,100
429	-44.75	43.25	319	350,100
429	-44.75	43.75	319	350,100
429	-44.25	43.75	319	350,100
429	-43.75	43.25	319	350,100
429	-43.75	42.25	319	350,100
429	-42.75	42.25	319	350,100
429	-41.75	41.25	319	350,100
429	-41.75	40.75	319	350,100
429	-42.25	40.25	319	350,100
429	-42.75	40.25	319	350,100
429	-43.75	41.25	319	350,100
429	-44.25	41.25	319	350,100
429	-44.25	40.75	319	350,100
429	-43.25	39.75	319	350,100
429	-43.25	39.25	319	350,100
429	-43.75	39.25	319	350,100
429	-44.75	40.25	319	350,100
429	-44.75	43.25	319	350,100
13	-22.75	48.25	104	300,50
13	-22.75	48.75	104	300,50
13	-21.25	48.75	104	300,50
13	-21.25	48.25	104	300,50
13	-22.25	47.25	104	300,50
13	-22.75	47.25	104	300,50
13	-22.75	48.25	104	300,50
14	-21.25	46.75	104	300,50
14	-21.25	47.25	104	300,50
14	-20.25	47.25	104	300,50
14	-20.25	48.25	104	300,50
14	-19.25	48.25	104	300,50
14	-18.75	48.75	104	300,50
14	-13.25	48.75	104	300,50
14	-12.75	48.25	104	300,50
14	-12.75	46.75	104	300,50
14	-13.25	46.25	104	300,50
14	-15.25	46.25	104	300,50
14	-15.25	45.75	104	300,50
14	-14.75	45.25	104	300,50
14	-14.75	44.75	104	300,50
14	-17.25	42.25	104	300,50
14	-17.75	42.25	104	300,50
14	-17.75	43.25	104	300,50
14	-18.75	43.25	104	300,50
14	-21.25	45.75	104	300,50
14	-21.25	46.75	104	300,50
421	-43.75	43.25	312	250,0
421	-43.75	43.75	312	250,0
421	-43.25	43.75	312	250,0
421	-34.75	35.25	312	250,0
421	-34.75	34.75	312	250,0
421	-35.25	34.75	312	250,0
421	-43.75	43.25	312	250,0
275	-7.25	5.25	219	250,0
275	-7.25	4.75	219	250,0
275	-6.75	4.75	219	250,0
275	-6.75	5.25	219	250,0
275	-7.25	5.25	219	250,0
276	-6.25	5.25	219	250,0
276	-6.25	4.75	219	250,0
276	-5.75	4.75	219	250,0
276	-5.75	5.25	219	250,0
276	-6.25	5.25	219	250,0
277	-4.75	4.25	219	250,0
277	-4.75	4.75	219	250,0
277	-4.25	4.75	219	250,0
277	-3.75	4.25	219	250,0
277	-3.75	3.25	219	250,0
277	-3.25	2.75	219	250,0
277	-3.25	2.25	219	250,0
277	-3.75	2.25	219	250,0
277	-4.25	2.75	219	250,0
277	-4.25	3.75	219	250,0
277	-4.75	4.25	219	250,0
278	-6.25	0.75	219	250,0
278	-6.25	1.25	219	250,0
278	-5.75	1.25	219	250,0
278	-5.25	0.75	219	250,0
278	-5.25	0.25	219	250,0
278	-5.75	0.25	219	250,0
278	-6.25	0.75	219	250,0
210	-30.75	1.25	196	200,0
210	-30.75	1.75	196	200,0
210	-29.75	2.75	196	200,0
210	-28.25	2.75	196	200,0
210	-27.75	2.25	196	200,0
210	-27.25	2.25	196	200,0
210	-26.75	2.75	196	200,0
210	-25.75	2.75	196	200,0
210	-25.75	3.75	196	200,0
210	-25.25	3.75	196	200,0
210	-24.25	2.75	196	200,0
210	-23.75	2.75	196	200,0
210	-23.25	3.25	196	200,0
210	-22.75	3.25	196	200,0
210	-21.75	2.25	196	200,0
210	-20.75	2.25	196	200,0
210	-19.75	1.25	196	200,0
210	-19.25	1.25	196	200,0
210	-18.75	1.75	196	200,0
210	-17.75	1.75	196	200,0
210	-17.25	2.25	196	200,0
210	-16.25	2.25	196	200,0
210	-15.75	2.75	196	200,0
210	-15.25	2.75	196	200,0
210	-14.75	2.25	196	200,0
210	-14.25	2.25	196	200,0
210	-13.25	3.25	196	200,0
210	-12.75	3.25	196	200,0
210	-12.75	2.25	196	200,0
210	-12.25	2.25	196	200,0
210	-11.75	2.75	196	200,0
210	-11.25	2.75	196	200,0
210	-9.75	1.25	196	200,0
210	-9.75	0.75	196	200,0
210	-15.25	0.75	196	200,0
210	-15.75	1.25	196	200,0
210	-16.25	1.25	196	200,0
210	-16.75	0.75	196	200,0
210	-18.75	0.75	196	200,0
210	-19.25	0.25	196	200,0
210	-19.75	0.25	196	200,0
210	-20.75	1.25	196	200,0
210	-21.25	1.25	196	200,0
210	-21.75	0.75	196	200,0
210	-23.25	0.75	196	200,0
210	-23.75	1.25	196	200,0
210	-24.25	1.25	196	200,0
210	-24.75	0.75	196	200,0
210	-30.25	0.75	196	200,0
210	-30.75	1.25	196	200,0
299	4.75	35.75	229	200,0
299	4.75	36.25	229	200,0
299	5.25	36.25	229	200,0
299	5.25	35.75	229	200,0
299	4.75	35.75	229	200,0
299	-44.75	36.25	229	250,0
299	-44.75	36.75	229	250,0
299	-44.25	36.75	229	250,0
299	-20.25	12.75	229	250,0
299	-20.25	12.25	229	250,0
299	-20.75	11.75	229	250,0
299	-21.25	11.75	229	250,0
299	-44.75	35.25	229	250,0
299	-44.75	36.25	229	250,0
177	-44.25	36.75	170	250,0
177	-44.25	37.25	170	250,0
177	-43.75	37.25	170	250,0
177	-12.75	6.25	170	250,0
177	-11.75	6.25	170	250,0
177	-6.75	1.25	170	250,0
177	-6.75	0.75	170	250,0
177	-7.25	0.75	170	250,0
177	-8.75	2.25	170	250,0
177	-9.25	2.25	170	250,0
177	-10.25	1.25	170	250,0
177	-10.75	1.25	170	250,0
177	-20.75	11.25	170	250,0
177	-20.75	11.75	170	250,0
177	-20.25	12.25	170	250,0
177	-20.25	12.75	170	250,0
177	-44.25	36.75	170	250,0
542	-19.75	11.25	69	250,50
542	-19.75	11.75	69	250,50
542	-19.25	11.75	69	250,50
542	-12.75	5.25	69	250,50
542	-12.25	5.25	69	250,50
542	-12.25	5.75	69	250,50
542	-15.25	8.75	69	250,50
542	-15.25	9.25	69	250,50
542	-14.75	9.25	69	250,50
542	-5.25	-0.25	69	250,50
542	-5.25	-0.75	69	250,50
542	-5.75	-0.75	69	250,50
542	-7.75	1.25	69	250,50
542	-8.25	1.25	69	250,50
542	-8.25	0.75	69	250,50
542	-7.25	-0.25	69	250,50
542	-7.25	-0.75	69	250,50
542	-7.75	-0.75	69	250,50
542	-19.75	11.25	69	250,50
542	-7.25	48.75	69	250,0
542	-7.25	49.25	69	250,0
542	-6.75	49.25	69	250,0
542	-4.75	47.25	69	250,0
542	-4.75	46.75	69	250,0
542	-5.25	46.75	69	250,0
542	-7.25	48.75	69	250,0
542	-45.25	38.75	69	300,0
542	-45.25	39.25	69	300,0
542	-44.75	39.25	69	300,0
542	-32.75	27.25	69	300,0
542	-32.75	25.75	69	300,0
542	-33.25	25.75	69	300,0
542	-45.25	37.75	69	300,0
542	-45.25	38.75	69	300,0
511	2.75	28.75	59	250,50
511	2.75	29.25	59	250,50
511	3.75	29.25	59	250,50
511	4.25	29.75	59	250,50
511	4.75	29.75	59	250,50
511	4.75	27.25	59	250,50
511	2.75	25.25	59	250,50
511	2.75	24.25	59	250,50
511	2.25	24.25	59	250,50
511	1.75	24.75	59	250,50
511	1.25	24.75	59	250,50
511	0.75	24.25	59	250,50
511	0.25	24.25	59	250,50
511	0.25	24.75	59	250,50
511	1.25	25.75	59	250,50
511	2.25	25.75	59	250,50
511	2.75	26.25	59	250,50
511	2.75	28.75	59	250,50
511	-45.25	27.75	59	300,50
511	-45.25	28.25	59	300,50
511	-44.25	28.25	59	300,50
511	-41.25	31.25	59	300,50
511	-40.75	31.25	59	300,50
511	-40.75	29.75	59	300,50
511	-41.25	29.25	59	300,50
511	-41.25	28.25	59	300,50
511	-41.75	27.75	59	300,50
511	-41.75	27.25	59	300,50
511	-40.75	26.25	59	300,50
511	-40.25	26.25	59	300,50
511	-38.75	27.75	59	300,50
511	-38.25	27.75	59	300,50
511	-37.75	27.25	59	300,50
511	-36.25	27.25	59	300,50
511	-35.75	27.75	59	300,50
511	-35.75	29.25	59	300,50
511	-37.75	29.25	59	300,50
511	-38.75	30.25	59	300,50
511	-38.75	32.25	59	300,50
511	-39.25	32.75	59	300,50
511	-39.25	33.25	59	300,50
511	-38.75	33.75	59	300,50
511	-36.75	33.75	59	300,50
511	-36.75	35.75	59	300,50
511	-36.25	36.25	59	300,50
511	-35.75	36.25	59	300,50
511	-35.75	33.75	59	300,50
511	-37.75	31.75	59	300,50
511	-37.75	31.25	59	300,50
511	-35.25	31.25	59	300,50
511	-32.75	33.75	59	300,50
511	-32.75	35.75	59	300,50
511	-32.25	35.75	59	300,50
511	-31.75	35.25	59	300,50
511	-31.75	33.25	59	300,50
511	-30.75	32.25	59	300,50
511	-30.25	32.25	59	300,50
511	-29.75	32.75	59	300,50
511	-28.75	32.75	59	300,50
511	-27.75	33.75	59	300,50
511	-27.75	34.25	59	300,50
511	-28.75	35.25	59	300,50
511	-28.75	36.25	59	300,50
511	-29.75	36.25	59	300,50
511	-30.75	37.25	59	300,50
511	-31.75	37.25	59	300,50
511	-31.75	37.75	59	300,50
511	-31.25	38.25	59	300,50
511	-30.25	38.25	59	300,50
511	-29.75	38.75	59	300,50
511	-29.75	39.25	59	300,50
511	-30.75	39.25	59	300,50
511	-30.75	40.25	59	300,50
511	-31.25	40.25	59	300,50
511	-31.75	39.75	59	300,50
511	-32.25	39.75	59	300,50
511	-32.25	40.25	59	300,50
511	-30.25	42.25	59	300,50
511	-28.75	42.25	59	300,50
511	-28.25	41.75	59	300,50
511	-28.25	41.25	59	300,50
511	-29.25	40.25	59	300,50
511	-29.25	39.75	59	300,50
511	-28.75	39.25	59	300,50
511	-26.75	39.25	59	300,50
511	-26.75	38.25	59	300,50
511	-26.25	38.25	59	300,50
511	-25.75	38.75	59	300,50
511	-25.25	38.75	59	300,50
511	-24.25	37.75	59	300,50
511	-23.75	37.75	59	300,50
511	-23.75	38.25	59	300,50
511	-24.75	39.25	59	300,50
511	-24.75	39.75	59	300,50
511	-23.75	40.75	59	300,50
511	-22.25	40.75	59	300,50
511	-21.75	40.25	59	300,50
511	-21.25	40.25	59	300,50
511	-21.25	40.75	59	300,50
511	-22.25	41.75	59	300,50
511	-22.25	43.25	59	300,50
511	-21.25	43.25	59	300,50
511	-20.75	43.75	59	300,50
511	-20.25	43.75	59	300,50
511	-20.25	43.25	59	300,50
511	-20.75	42.75	59	300,50
511	-20.75	42.25	59	300,50
511	-19.75	42.25	59	300,50
511	-18.25	40.75	59	300,50
511	-18.25	40.25	59	300,50
511	-21.75	36.75	59	300,50
511	-21.75	35.75	59	300,50
511	-22.25	35.75	59	300,50
511	-22.75	36.25	59	300,50
511	-23.25	36.25	59	300,50
511	-23.25	35.25	59	300,50
511	-24.25	35.25	59	300,50
511	-24.25	34.25	59	300,50
511	-25.25	33.25	59	300,50
511	-25.25	32.75	59	300,50
511	-24.75	32.25	59	300,50
511	-24.75	31.75	59	300,50
511	-25.25	31.25	59	300,50
511	-25.25	30.75	59	300,50
511	-24.75	30.25	59	300,50
511	-24.75	29.75	59	300,50
511	-25.75	29.75	59	300,50
511	-25.75	28.75	59	300,50
511	-26.75	27.75	59	300,50
511	-26.75	26.75	59	300,50
511	-29.75	23.75	59	300,50
511	-30.25	23.75	59	300,50
511	-30.25	24.75	59	300,50
511	-30.75	24.75	59	300,50
511	-31.25	24.25	59	300,50
511	-31.25	23.25	59	300,50
511	-31.75	22.75	59	300,50
511	-31.75	22.25	59	300,50
511	-31.25	21.75	59	300,50
511	-29.75	21.75	59	300,50
511	-29.25	22.25	59	300,50
511	-27.25	22.25	59	300,50
511	-26.75	22.75	59	300,50
511	-26.75	23.75	59	300,50
511	-23.75	26.75	59	300,50
511	-23.75	28.25	59	300,50
511	-24.75	28.25	59	300,50
511	-24.75	28.75	59	300,50
511	-23.75	29.75	59	300,50
511	-22.75	29.75	59	300,50
511	-22.25	30.25	59	300,50
511	-21.75	30.25	59	300,50
511	-21.75	29.25	59	300,50
511	-21.25	29.25	59	300,50
511	-18.75	31.75	59	300,50
511	-18.75	32.25	59	300,50
511	-19.75	33.25	59	300,50
511	-19.75	33.75	59	300,50
511	-19.25	33.75	59	300,50
511	-18.25	32.75	59	300,50
511	-17.75	32.75	59	300,50
511	-14.75	35.75	59	300,50
511	-14.75	36.25	59	300,50
511	-15.75	37.25	59	300,50
511	-16.25	37.25	59	300,50
511	-16.75	36.75	59	300,50
511	-18.25	36.75	59	300,50
511	-18.25	38.25	59	300,50
511	-16.25	40.25	59	300,50
511	-16.25	40.75	59	300,50
511	-16.75	41.25	59	300,50
511	-16.75	41.75	59	300,50
511	-12.25	46.25	59	300,50
511	-10.25	46.25	59	300,50
511	-9.75	46.75	59	300,50
511	-9.25	46.75	59	300,50
511	-8.25	45.75	59	300,50
511	-8.25	45.25	59	300,50
511	-8.75	44.75	59	300,50
511	-8.75	44.25	59	300,50
511	-7.75	43.25	59	300,50
511	-7.75	42.75	59	300,50
511	-12.75	37.75	59	300,50
511	-12.75	37.25	59	300,50
511	-11.75	36.25	59	300,50
511	-11.75	35.25	59	300,50
511	-11.25	35.25	59	300,50
511	-5.75	40.75	59	300,50
511	-5.25	40.75	59	300,50
511	-3.75	39.25	59	300,50
511	-3.75	38.75	59	300,50
511	-4.75	37.75	59	300,50
511	-4.75	37.25	59	300,50
511	-4.25	37.25	59	300,50
511	-3.25	38.25	59	300,50
511	-2.75	38.25	59	300,50
511	-0.75	36.25	59	300,50
511	-0.25	36.25	59	300,50
511	0.75	37.25	59	300,50
511	0.75	37.75	59	300,50
511	0.25	38.25	59	300,50
511	0.25	39.25	59	300,50
511	-0.25	39.75	59	300,50
511	-0.25	41.25	59	300,50
511	1.25	42.75	59	300,50
511	1.75	42.75	59	300,50
511	1.75	41.75	59	300,50
511	2.25	41.75	59	300,50
511	2.75	42.25	59	300,50
511	3.25	42.25	59	300,50
511	3.25	41.25	59	300,50
511	3.75	40.75	59	300,50
511	4.75	40.75	59	300,50
511	5.25	40.25	59	300,50
511	5.25	39.75	59	300,50
511	3.25	37.75	59	300,50
511	3.25	36.75	59	300,50
511	-1.25	32.25	59	300,50
511	-2.25	32.25	59	300,50
511	-4.75	29.75	59	300,50
511	-4.75	28.75	59	300,50
511	-14.75	18.75	59	300,50
511	-14.75	18.25	59	300,50
511	-14.25	17.75	59	300,50
511	-14.25	17.25	59	300,50
511	-14.75	16.75	59	300,50
511	-14.75	16.25	59	300,50
511	-14.25	15.75	59	300,50
511	-13.75	15.75	59	300,50
511	-13.25	16.25	59	300,50
511	-12.75	16.25	59	300,50
511	-11.25	14.75	59	300,50
511	-10.75	14.75	59	300,50
511	-9.75	15.75	59	300,50
511	-8.25	15.75	59	300,50
511	-7.75	15.25	59	300,50
511	-6.75	15.25	59	300,50
511	-6.25	14.75	59	300,50
511	-6.25	13.75	59	300,50
511	-4.25	13.75	59	300,50
511	-4.25	12.75	59	300,50
511	-3.75	12.25	59	300,50
511	-3.75	11.75	59	300,50
511	-4.25	11.25	59	300,50
511	-4.25	10.75	59	300,50
511	-3.75	10.25	59	300,50
511	-3.75	9.75	59	300,50
511	-4.25	9.25	59	300,50
511	-6.75	9.25	59	300,50
511	-6.75	10.75	59	300,50
511	-5.75	11.75	59	300,50
511	-5.75	12.25	59	300,50
511	-6.25	12.75	59	300,50
511	-6.75	12.75	59	300,50
511	-7.75	11.75	59	300,50
511	-8.75	11.75	59	300,50
511	-9.25	11.25	59	300,50
511	-9.25	9.75	59	300,50
511	-8.75	9.25	59	300,50
511	-8.75	8.75	59	300,50
511	-9.25	8.25	59	300,50
511	-9.25	7.25	59	300,50
511	-9.75	6.75	59	300,50
511	-10.75	6.75	59	300,50
511	-10.75	5.75	59	300,50
511	-12.25	5.75	59	300,50
511	-12.75	6.25	59	300,50
511	-12.75	6.75	59	300,50
511	-12.25	7.25	59	300,50
511	-12.25	7.75	59	300,50
511	-13.25	7.75	59	300,50
511	-13.25	8.25	59	300,50
511	-12.75	8.75	59	300,50
511	-12.75	9.25	59	300,50
511	-15.25	9.25	59	300,50
511	-15.25	8.25	59	300,50
511	-15.75	7.75	59	300,50
511	-15.75	7.25	59	300,50
511	-14.75	7.25	59	300,50
511	-14.75	5.75	59	300,50
511	-15.25	5.75	59	300,50
511	-17.75	8.25	59	300,50
511	-18.25	8.25	59	300,50
511	-19.25	7.25	59	300,50
511	-19.75	7.25	59	300,50
511	-20.25	7.75	59	300,50
511	-20.25	8.25	59	300,50
511	-19.25	9.25	59	300,50
511	-19.25	9.75	59	300,50
511	-20.75	11.25	59	300,50
511	-21.25	11.25	59	300,50
511	-23.75	8.75	59	300,50
511	-23.75	8.25	59	300,50
511	-22.25	6.75	59	300,50
511	-22.25	6.25	59	300,50
511	-22.75	5.75	59	300,50
511	-23.25	5.75	59	300,50
511	-25.25	7.75	59	300,50
511	-25.25	8.25	59	300,50
511	-23.25	10.25	59	300,50
511	-23.25	10.75	59	300,50
511	-24.25	10.75	59	300,50
511	-24.25	12.25	59	300,50
511	-23.25	12.25	59	300,50
511	-23.25	13.75	59	300,50
511	-27.75	18.25	59	300,50
511	-28.25	18.25	59	300,50
511	-28.75	17.75	59	300,50
511	-29.75	17.75	59	300,50
511	-29.75	16.75	59	300,50
511	-30.25	16.25	59	300,50
511	-30.25	14.75	59	300,50
511	-29.75	14.25	59	300,50
511	-28.75	14.25	59	300,50
511	-28.75	12.75	59	300,50
511	-29.25	12.25	59	300,50
511	-29.25	11.75	59	300,50
511	-26.75	9.25	59	300,50
511	-26.75	8.75	59	300,50
511	-27.75	8.75	59	300,50
511	-28.25	8.25	59	300,50
511	-28.75	8.25	59	300,50
511	-30.75	10.25	59	300,50
511	-31.25	10.25	59	300,50
511	-31.75	9.75	59	300,50
511	-31.75	9.25	59	300,50
511	-29.25	6.75	59	300,50
511	-29.25	6.25	59	300,50
511	-30.25	5.25	59	300,50
511	-30.75	5.25	59	300,50
511	-30.75	5.75	59	300,50
511	-30.25	6.25	59	300,50
511	-30.25	6.75	59	300,50
511	-31.25	7.75	59	300,50
511	-32.25	7.75	59	300,50
511	-32.25	8.75	59	300,50
511	-33.25	8.75	59	300,50
511	-33.75	9.25	59	300,50
511	-33.75	10.25	59	300,50
511	-34.75	11.25	59	300,50
511	-35.75	11.25	59	300,50
511	-36.25	11.75	59	300,50
511	-36.75	11.75	59	300,50
511	-37.75	10.75	59	300,50
511	-38.25	10.75	59	300,50
511	-38.75	11.25	59	300,50
511	-38.75	11.75	59	300,50
511	-38.25	12.25	59	300,50
511	-38.25	12.75	59	300,50
511	-42.25	16.75	59	300,50
511	-42.75	16.75	59	300,50
511	-43.25	16.25	59	300,50
511	-43.75	16.25	59	300,50
511	-44.25	16.75	59	300,50
511	-45.25	16.75	59	300,50
511	-45.25	18.25	59	300,50
511	-44.75	18.75	59	300,50
511	-43.75	18.75	59	300,50
511	-42.25	20.25	59	300,50
511	-41.25	20.25	59	300,50
511	-40.25	21.25	59	300,50
511	-40.25	21.75	59	300,50
511	-41.75	23.25	59	300,50
511	-42.25	23.25	59	300,50
511	-42.75	22.75	59	300,50
511	-43.25	22.75	59	300,50
511	-44.75	24.25	59	300,50
511	-44.75	24.75	59	300,50
511	-43.75	24.75	59	300,50
511	-43.25	25.25	59	300,50
511	-43.25	25.75	59	300,50
511	-44.25	25.75	59	300,50
511	-45.25	26.75	59	300,50
511	-45.25	27.75	59	300,50
511	-44.75	44.25	59	350,50
511	-44.75	44.75	59	350,50
511	-44.25	44.75	59	350,50
511	-43.25	43.75	59	350,50
511	-41.75	43.75	59	350,50
511	-41.25	44.25	59	350,50
511	-39.75	44.25	59	350,50
511	-39.75	43.75	59	350,50
511	-42.25	41.25	59	350,50
511	-42.25	40.75	59	350,50
511	-41.75	40.25	59	350,50
511	-41.75	39.75	59	350,50
511	-42.25	39.25	59	350,50
511	-42.25	38.25	59	350,50
511	-42.75	37.75	59	350,50
511	-43.25	37.75	59	350,50
511	-44.75	39.25	59	350,50
511	-44.75	40.75	59	350,50
511	-43.75	41.75	59	350,50
511	-43.75	42.25	59	350,50
511	-44.75	43.25	59	350,50
511	-44.75	44.25	59	350,50
512	3.25	17.25	59	250,50
512	3.25	17.75	59	250,50
512	3.75	17.75	59	250,50
512	4.75	16.75	59	250,50
512	4.75	16.25	59	250,50
512	4.25	16.25	59	250,50
512	3.25	17.25	59	250,50
512	-18.25	28.75	59	300,50
512	-18.25	29.25	59	300,50
512	-17.75	29.25	59	300,50
512	-17.25	28.75	59	300,50
512	-16.75	28.75	59	300,50
512	-16.25	29.25	59	300,50
512	-15.75	29.25	59	300,50
512	-14.75	28.25	59	300,50
512	-14.25	28.25	59	300,50
512	-14.25	28.75	59	300,50
512	-15.75	30.25	59	300,50
512	-15.75	30.75	59	300,50
512	-14.75	31.75	59	300,50
512	-14.75	32.75	59	300,50
512	-13.75	32.75	59	300,50
512	-12.75	33.75	59	300,50
512	-12.25	33.75	59	300,50
512	-10.75	32.25	59	300,50
512	-9.75	32.25	59	300,50
512	-9.75	31.25	59	300,50
512	-7.25	28.75	59	300,50
512	-7.25	28.25	59	300,50
512	-7.75	27.75	59	300,50
512	-7.75	26.75	59	300,50
512	-9.75	26.75	59	300,50
512	-9.75	25.75	59	300,50
512	-11.25	25.75	59	300,50
512	-13.25	27.75	59	300,50
512	-13.75	27.75	59	300,50
512	-13.75	27.25	59	300,50
512	-12.25	25.75	59	300,50
512	-12.25	23.75	59	300,50
512	-11.75	23.25	59	300,50
512	-11.75	22.75	59	300,50
512	-12.25	22.75	59	300,50
512	-13.25	23.75	59	300,50
512	-13.75	23.75	59	300,50
512	-13.75	23.25	59	300,50
512	-13.25	22.75	59	300,50
512	-13.25	22.25	59	300,50
512	-14.75	22.25	59	300,50
512	-16.75	24.25	59	300,50
512	-17.75	24.25	59	300,50
512	-17.75	25.25	59	300,50
512	-19.25	26.75	59	300,50
512	-19.25	27.25	59	300,50
512	-18.25	28.25	59	300,50
512	-18.25	28.75	59	300,50
513	4.25	18.25	59	250,50
513	4.25	18.75	59	250,50
513	4.75	18.75	59	250,50
513	4.75	18.25	59	250,50
513	4.25	18.25	59	250,50
513	3.75	44.75	59	300,50
513	3.75	45.25	59	300,50
513	4.25	45.75	59	300,50
513	4.75	45.75	59	300,50
513	5.25	45.25	59	300,50
513	5.25	43.75	59	300,50
513	4.75	43.75	59	300,50
513	3.75	44.75	59	300,50
471	-18.75	6.25	42	250,50
471	-18.75	6.75	42	250,50
471	-18.25	6.75	42	250,50
471	-11.25	-0.25	42	250,50
471	-11.25	-0.75	42	250,50
471	-12.75	-0.75	42	250,50
471	-14.75	1.25	42	250,50
471	-14.75	2.25	42	250,50
471	-18.75	6.25	42	250,50
471	-33.75	33.25	42	250,0
471	-33.75	33.75	42	250,0
471	-32.25	33.75	42	250,0
471	-23.75	25.25	42	250,0
471	-23.75	23.75	42	250,0
471	-24.25	23.75	42	250,0
471	-33.75	33.25	42	250,0
551	-20.75	4.25	74	350,150
551	-20.75	4.75	74	350,150
551	-20.25	4.75	74	350,150
551	-19.75	4.25	74	350,150
551	-19.25	4.25	74	350,150
551	-18.75	4.75	74	350,150
551	-18.25	4.75	74	350,150
551	-18.25	4.25	74	350,150
551	-18.75	3.75	74	350,150
551	-18.75	3.25	74	350,150
551	-17.75	2.25	74	350,150
551	-17.75	1.25	74	350,150
551	-17.25	1.25	74	350,150
551	-16.75	1.75	74	350,150
551	-16.75	2.75	74	350,150
551	-15.75	2.75	74	350,150
551	-15.25	3.25	74	350,150
551	-14.75	3.25	74	350,150
551	-14.75	2.75	74	350,150
551	-17.25	0.25	74	350,150
551	-18.25	0.25	74	350,150
551	-19.25	-0.75	74	350,150
551	-23.75	-0.75	74	350,150
551	-23.75	-0.25	74	350,150
551	-23.25	0.25	74	350,150
551	-23.25	1.25	74	350,150
551	-21.75	2.75	74	350,150
551	-20.75	2.75	74	350,150
551	-20.75	4.25	74	350,150
551	-27.75	45.25	74	350,100
551	-27.75	45.75	74	350,100
551	-26.75	45.75	74	350,100
551	-24.25	48.25	74	350,100
551	-24.25	49.25	74	350,100
551	-19.75	49.25	74	350,100
551	-19.75	48.75	74	350,100
551	-21.25	47.25	74	350,100
551	-21.25	46.25	74	350,100
551	-21.75	45.75	74	350,100
551	-22.25	45.75	74	350,100
551	-22.75	46.25	74	350,100
551	-23.25	46.25	74	350,100
551	-24.75	44.75	74	350,100
551	-24.75	44.25	74	350,100
551	-23.75	43.25	74	350,100
551	-23.25	43.25	74	350,100
551	-21.25	45.25	74	350,100
551	-20.75	45.25	74	350,100
551	-17.75	42.25	74	350,100
551	-17.25	42.25	74	350,100
551	-16.75	42.75	74	350,100
551	-15.75	42.75	74	350,100
551	-15.25	43.25	74	350,100
551	-15.25	44.75	74	350,100
551	-15.75	45.25	74	350,100
551	-15.75	45.75	74	350,100
551	-14.25	47.25	74	350,100
551	-14.25	47.75	74	350,100
551	-14.75	48.25	74	350,100
551	-14.75	48.75	74	350,100
551	-14.25	48.75	74	350,100
551	-12.25	46.75	74	350,100
551	-11.75	46.75	74	350,100
551	-11.75	47.75	74	350,100
551	-11.25	47.75	74	350,100
551	-10.25	46.75	74	350,100
551	-10.25	46.25	74	350,100
551	-10.75	45.75	74	350,100
551	-10.75	45.25	74	350,100
551	-8.75	43.25	74	350,100
551	-8.25	43.25	74	350,100
551	-8.25	44.25	74	350,100
551	-7.75	44.25	74	350,100
551	-7.25	43.75	74	350,100
551	-6.75	43.75	74	350,100
551	-5.75	44.75	74	350,100
551	-4.25	44.75	74	350,100
551	-3.25	43.75	74	350,100
551	-3.25	43.25	74	350,100
551	-4.75	41.75	74	350,100
551	-4.75	40.75	74	350,100
551	-5.75	39.75	74	350,100
551	-5.75	39.25	74	350,100
551	-5.25	39.25	74	350,100
551	-4.25	40.25	74	350,100
551	-3.75	40.25	74	350,100
551	-3.25	39.75	74	350,100
551	-3.25	39.25	74	350,100
551	-7.75	34.75	74	350,100
551	-7.75	34.25	74	350,100
551	-7.25	34.25	74	350,100
551	-6.25	35.25	74	350,100
551	-5.75	35.25	74	350,100
551	-5.25	34.75	74	350,100
551	-4.75	34.75	74	350,100
551	-4.75	35.25	74	350,100
551	-5.25	35.75	74	350,100
551	-5.25	36.25	74	350,100
551	-2.75	38.75	74	350,100
551	-2.25	38.75	74	350,100
551	0.25	36.25	74	350,100
551	0.75	36.25	74	350,100
551	2.25	37.75	74	350,100
551	2.25	38.25	74	350,100
551	1.75	38.75	74	350,100
551	1.75	39.75	74	350,100
551	0.75	40.75	74	350,100
551	-0.25	40.75	74	350,100
551	-0.25	41.25	74	350,100
551	0.75	42.25	74	350,100
551	1.25	42.25	74	350,100
551	4.25	39.25	74	350,100
551	4.25	37.75	74	350,100
551	-1.25	32.25	74	350,100
551	-1.25	31.75	74	350,100
551	-0.75	31.25	74	350,100
551	-0.75	30.75	74	350,100
551	-1.25	30.25	74	350,100
551	-1.75	30.25	74	350,100
551	-1.75	31.25	74	350,100
551	-2.25	31.25	74	350,100
551	-4.25	29.25	74	350,100
551	-4.25	28.75	74	350,100
551	-2.25	26.75	74	350,100
551	-2.25	25.75	74	350,100
551	-1.25	25.75	74	350,100
551	-0.75	25.25	74	350,100
551	0.25	25.25	74	350,100
551	0.25	24.25	74	350,100
551	2.25	22.25	74	350,100
551	2.75	22.25	74	350,100
551	3.75	23.25	74	350,100
551	4.25	23.25	74	350,100
551	4.75	22.75	74	350,100
551	4.75	22.25	74	350,100
551	3.75	21.25	74	350,100
551	3.75	20.75	74	350,100
551	4.75	19.75	74	350,100
551	4.75	14.25	74	350,100
551	-10.75	-1.25	74	350,100
551	-30.25	-1.25	74	350,100
551	-30.75	-0.75	74	350,100
551	-30.75	0.25	74	350,100
551	-31.25	0.75	74	350,100
551	-31.25	1.25	74	350,100
551	-30.75	1.75	74	350,100
551	-30.25	1.75	74	350,100
551	-30.25	0.75	74	350,100
551	-29.25	-0.25	74	350,100
551	-28.75	-0.25	74	350,100
551	-28.25	0.25	74	350,100
551	-28.25	0.75	74	350,100
551	-29.75	2.25	74	350,100
551	-29.75	2.75	74	350,100
551	-28.25	4.25	74	350,100
551	-27.75	4.25	74	350,100
551	-25.25	1.75	74	350,100
551	-23.75	1.75	74	350,100
551	-23.75	2.75	74	350,100
551	-22.25	2.75	74	350,100
551	-22.25	2.25	74	350,100
551	-23.25	1.25	74	350,100
551	-23.25	0.75	74	350,100
551	-22.75	0.75	74	350,100
551	-22.25	1.25	74	350,100
551	-21.75	1.25	74	350,100
551	-21.25	0.75	74	350,100
551	-20.25	0.75	74	350,100
551	-19.75	0.25	74	350,100
551	-19.25	0.25	74	350,100
551	-17.25	2.25	74	350,100
551	-16.25	2.25	74	350,100
551	-16.25	3.25	74	350,100
551	-14.75	4.75	74	350,100
551	-14.75	5.25	74	350,100
551	-19.25	9.75	74	350,100
551	-19.25	10.25	74	350,100
551	-18.75	10.25	74	350,100
551	-17.25	8.75	74	350,100
551	-16.75	8.75	74	350,100
551	-16.75	9.75	74	350,100
551	-16.25	10.25	74	350,100
551	-15.25	10.25	74	350,100
551	-15.25	10.75	74	350,100
551	-15.75	11.25	74	350,100
551	-15.75	12.25	74	350,100
551	-16.75	12.25	74	350,100
551	-18.25	13.75	74	350,100
551	-18.25	14.25	74	350,100
551	-10.25	22.25	74	350,100
551	-10.25	22.75	74	350,100
551	-10.75	22.75	74	350,100
551	-12.25	21.25	74	350,100
551	-12.75	21.25	74	350,100
551	-12.75	21.75	74	350,100
551	-12.25	22.25	74	350,100
551	-12.25	23.25	74	350,100
551	-11.25	23.25	74	350,100
551	-10.75	23.75	74	350,100
551	-10.75	25.75	74	350,100
551	-10.25	25.75	74	350,100
551	-9.75	25.25	74	350,100
551	-9.25	25.25	74	350,100
551	-9.25	26.75	74	350,100
551	-11.75	29.25	74	350,100
551	-11.75	29.75	74	350,100
551	-11.25	29.75	74	350,100
551	-8.75	27.25	74	350,100
551	-7.25	27.25	74	350,100
551	-6.25	28.25	74	350,100
551	-6.25	30.75	74	350,100
551	-9.75	34.25	74	350,100
551	-9.75	35.25	74	350,100
551	-10.25	35.75	74	350,100
551	-10.25	36.25	74	350,100
551	-8.75	37.75	74	350,100
551	-8.75	38.75	74	350,100
551	-7.75	38.75	74	350,100
551	-7.75	41.25	74	350,100
551	-8.25	41.25	74	350,100
551	-8.75	40.75	74	350,100
551	-9.75	40.75	74	350,100
551	-12.75	37.75	74	350,100
551	-13.25	37.75	74	350,100
551	-15.25	39.75	74	350,100
551	-15.75	39.75	74	350,100
551	-16.25	39.25	74	350,100
551	-16.75	39.25	74	350,100
551	-16.75	39.75	74	350,100
551	-16.25	40.25	74	350,100
551	-16.25	40.75	74	350,100
551	-16.75	41.25	74	350,100
551	-18.25	41.25	74	350,100
551	-19.75	39.75	74	350,100
551	-19.75	38.25	74	350,100
551	-19.25	37.75	74	350,100
551	-19.25	37.25	74	350,100
551	-19.75	37.25	74	350,100
551	-20.25	37.75	74	350,100
551	-20.75	37.75	74	350,100
551	-21.25	37.25	74	350,100
551	-22.25	37.25	74	350,100
551	-22.75	36.75	74	350,100
551	-22.75	35.75	74	350,100
551	-23.75	35.75	74	350,100
551	-25.25	34.25	74	350,100
551	-25.75	34.25	74	350,100
551	-26.25	34.75	74	350,100
551	-27.25	34.75	74	350,100
551	-27.25	35.75	74	350,100
551	-27.75	36.25	74	350,100
551	-27.75	36.75	74	350,100
551	-27.25	36.75	74	350,100
551	-26.75	36.25	74	350,100
551	-26.25	36.25	74	350,100
551	-26.25	37.25	74	350,100
551	-25.75	37.75	74	350,100
551	-25.75	39.25	74	350,100
551	-26.75	39.25	74	350,100
551	-26.75	39.75	74	350,100
551	-25.25	41.25	74	350,100
551	-24.75	41.25	74	350,100
551	-24.75	40.75	74	350,100
551	-25.25	40.25	74	350,100
551	-25.25	39.75	74	350,100
551	-24.25	38.75	74	350,100
551	-23.75	38.75	74	350,100
551	-22.25	40.25	74	350,100
551	-22.25	40.75	74	350,100
551	-24.25	42.75	74	350,100
551	-25.25	42.75	74	350,100
551	-25.75	43.25	74	350,100
551	-25.75	44.25	74	350,100
551	-26.25	44.75	74	350,100
551	-26.75	44.75	74	350,100
551	-27.75	43.75	74	350,100
551	-28.25	43.75	74	350,100
551	-28.25	44.25	74	350,100
551	-27.75	44.75	74	350,100
551	-27.75	45.25	74	350,100
551	-40.75	41.25	74	350,50
551	-40.75	41.75	74	350,50
551	-33.75	48.75	74	350,50
551	-11.25	48.75	74	350,50
551	-11.25	48.25	74	350,50
551	-22.25	37.25	74	350,50
551	-22.75	37.25	74	350,50
551	-22.75	37.75	74	350,50
551	-22.25	38.25	74	350,50
551	-22.25	38.75	74	350,50
551	-23.25	39.75	74	350,50
551	-23.75	39.75	74	350,50
551	-29.75	33.75	74	350,50
551	-29.75	33.25	74	350,50
551	-29.25	32.75	74	350,50
551	-28.25	32.75	74	350,50
551	-27.75	32.25	74	350,50
551	-27.75	31.75	74	350,50
551	-29.75	29.75	74	350,50
551	-30.25	29.75	74	350,50
551	-30.75	30.25	74	350,50
551	-31.75	30.25	74	350,50
551	-32.25	30.75	74	350,50
551	-32.25	31.25	74	350,50
551	-31.75	31.75	74	350,50
551	-31.75	32.25	74	350,50
551	-33.25	33.75	74	350,50
551	-34.25	33.75	74	350,50
551	-34.25	34.75	74	350,50
551	-35.75	36.25	74	350,50
551	-35.75	37.25	74	350,50
551	-36.25	37.75	74	350,50
551	-36.75	37.75	74	350,50
551	-37.25	37.25	74	350,50
551	-37.75	37.25	74	350,50
551	-38.25	37.75	74	350,50
551	-38.25	38.75	74	350,50
551	-38.75	38.75	74	350,50
551	-39.25	38.25	74	350,50
551	-39.25	37.75	74	350,50
551	-38.75	37.25	74	350,50
551	-38.75	36.75	74	350,50
551	-39.25	36.75	74	350,50
551	-39.75	37.25	74	350,50
551	-40.25	37.25	74	350,50
551	-41.25	36.25	74	350,50
551	-41.75	36.25	74	350,50
551	-41.75	36.75	74	350,50
551	-39.75	38.75	74	350,50
551	-39.75	40.25	74	350,50
551	-40.75	41.25	74	350,50
551	-44.25	37.75	74	400,100
551	-44.25	38.25	74	400,100
551	-43.75	38.75	74	400,100
551	-43.25	38.75	74	400,100
551	-42.75	38.25	74	400,100
551	-42.75	37.25	74	400,100
551	-40.75	37.25	74	400,100
551	-40.25	36.75	74	400,100
551	-40.25	35.75	74	400,100
551	-38.25	33.75	74	400,100
551	-36.25	33.75	74	400,100
551	-35.25	32.75	74	400,100
551	-35.25	32.25	74	400,100
551	-35.75	31.75	74	400,100
551	-35.75	31.25	74	400,100
551	-35.25	30.75	74	400,100
551	-34.25	30.75	74	400,100
551	-34.25	29.75	74	400,100
551	-33.75	29.75	74	400,100
551	-33.25	30.25	74	400,100
551	-32.75	30.25	74	400,100
551	-31.75	29.25	74	400,100
551	-31.75	28.75	74	400,100
551	-32.25	28.25	74	400,100
551	-32.25	27.25	74	400,100
551	-44.75	14.75	74	400,100
551	-45.25	14.75	74	400,100
551	-45.25	20.25	74	400,100
551	-44.75	20.25	74	400,100
551	-44.25	19.75	74	400,100
551	-43.75	19.75	74	400,100
551	-42.75	20.75	74	400,100
551	-42.75	21.25	74	400,100
551	-43.25	21.75	74	400,100
551	-43.25	22.75	74	400,100
551	-43.75	23.25	74	400,100
551	-44.75	23.25	74	400,100
551	-45.25	23.75	74	400,100
551	-45.25	25.25	74	400,100
551	-44.25	25.25	74	400,100
551	-43.25	26.25	74	400,100
551	-42.25	26.25	74	400,100
551	-42.25	27.25	74	400,100
551	-41.75	27.75	74	400,100
551	-41.75	29.25	74	400,100
551	-42.75	29.25	74	400,100
551	-42.75	29.75	74	400,100
551	-42.25	30.25	74	400,100
551	-42.25	30.75	74	400,100
551	-42.75	30.75	74	400,100
551	-43.25	30.25	74	400,100
551	-43.75	30.25	74	400,100
551	-43.75	32.25	74	400,100
551	-44.25	32.25	74	400,100
551	-44.75	31.75	74	400,100
551	-45.25	31.75	74	400,100
551	-45.25	32.25	74	400,100
551	-44.75	32.75	74	400,100
551	-44.75	33.25	74	400,100
551	-45.25	33.75	74	400,100
551	-45.25	35.25	74	400,100
551	-44.25	35.25	74	400,100
551	-43.75	35.75	74	400,100
551	-43.25	35.75	74	400,100
551	-42.75	35.25	74	400,100
551	-42.75	34.25	74	400,100
551	-42.25	34.25	74	400,100
551	-41.75	34.75	74	400,100
551	-41.75	35.25	74	400,100
551	-44.25	37.75	74	400,100
552	-19.25	49.25	74	350,100
552	-19.25	48.75	74	350,100
552	-18.75	48.75	74	350,100
552	-18.75	49.25	74	350,100
552	-19.25	49.25	74	350,100
553	-33.25	-1.25	74	350,100
553	-33.25	-0.75	74	350,100
553	-32.75	-0.25	74	350,100
553	-32.25	-0.25	74	350,100
553	-31.75	-0.75	74	350,100
553	-31.75	-1.25	74	350,100
553	-33.25	-1.25	74	350,100
554	2.25	34.25	74	350,100
554	2.25	34.75	74	350,100
554	3.75	36.25	74	350,100
554	4.25	36.25	74	350,100
554	4.75	35.75	74	350,100
554	4.75	33.25	74	350,100
554	4.25	32.75	74	350,100
554	3.75	32.75	74	350,100
554	2.25	34.25	74	350,100
555	2.75	25.75	74	350,100
555	2.75	26.25	74	350,100
555	3.25	26.75	74	350,100
555	3.75	26.75	74	350,100
555	4.75	25.75	74	350,100
555	4.75	24.25	74	350,100
555	4.25	24.25	74	350,100
555	4.25	25.25	74	350,100
555	3.75	25.75	74	350,100
555	2.75	25.75	74	350,100
556	-5.75	7.25	74	350,100
556	-5.75	7.75	74	350,100
556	-4.75	8.75	74	350,100
556	-3.75	8.75	74	350,100
556	-3.75	9.75	74	350,100
556	-1.25	12.25	74	350,100
556	-0.25	12.25	74	350,100
556	-0.25	13.25	74	350,100
556	0.25	13.75	74	350,100
556	0.75	13.75	74	350,100
556	1.25	13.25	74	350,100
556	1.25	12.75	74	350,100
556	-0.75	10.75	74	350,100
556	-0.75	9.75	74	350,100
556	-1.25	9.25	74	350,100
556	-2.25	9.25	74	350,100
556	-2.75	8.75	74	350,100
556	-2.75	7.75	74	350,100
556	-4.25	6.25	74	350,100
556	-4.75	6.25	74	350,100
556	-5.75	7.25	74	350,100
67	-10.75	11.25	129	200,0
67	-10.75	11.75	129	200,0
67	-9.75	12.75	129	200,0
67	-9.25	12.75	129	200,0
67	-8.25	11.75	129	200,0
67	-7.75	11.75	129	200,0
67	-6.25	13.25	129	200,0
67	-5.75	13.25	129	200,0
67	-4.75	12.25	129	200,0
67	-4.75	11.75	129	200,0
67	-6.25	10.25	129	200,0
67	-6.25	9.75	129	200,0
67	-3.25	6.75	129	200,0
67	-2.75	6.75	129	200,0
67	-1.25	8.25	129	200,0
67	-0.75	8.25	129	200,0
67	2.25	5.25	129	200,0
67	2.75	5.25	129	200,0
67	2.75	6.25	129	200,0
67	3.75	6.25	129	200,0
67	4.25	6.75	129	200,0
67	4.75	6.75	129	200,0
67	5.25	6.25	129	200,0
67	5.25	5.75	129	200,0
67	4.75	5.25	129	200,0
67	4.75	3.75	129	200,0
67	5.25	3.25	129	200,0
67	5.25	2.75	129	200,0
67	4.25	2.75	129	200,0
67	3.25	1.75	129	200,0
67	2.75	1.75	129	200,0
67	1.25	3.25	129	200,0
67	0.75	3.25	129	200,0
67	-0.75	1.75	129	200,0
67	-1.25	1.75	129	200,0
67	-10.75	11.25	129	200,0
67	-44.75	6.25	129	250,0
67	-44.75	6.75	129	250,0
67	-43.75	7.75	129	250,0
67	-43.25	7.75	129	250,0
67	-43.25	7.25	129	250,0
67	-44.25	6.25	129	250,0
67	-44.75	6.25	129	250,0
61	0.25	22.25	125	300,100
61	0.25	22.75	125	300,100
61	1.75	24.25	125	300,100
61	2.25	24.25	125	300,100
61	2.75	23.75	125	300,100
61	4.25	23.75	125	300,100
61	4.75	24.25	125	300,100
61	5.25	24.25	125	300,100
61	5.25	12.75	125	300,100
61	4.75	12.75	125	300,100
61	4.25	13.25	125	300,100
61	3.75	13.25	125	300,100
61	2.25	11.75	125	300,100
61	1.75	11.75	125	300,100
61	-1.25	14.75	125	300,100
61	-1.25	15.25	125	300,100
61	-0.75	15.75	125	300,100
61	-0.75	18.75	125	300,100
61	-0.25	19.25	125	300,100
61	0.75	19.25	125	300,100
61	1.25	19.75	125	300,100
61	2.25	19.75	125	300,100
61	2.75	20.25	125	300,100
61	2.75	21.75	125	300,100
61	2.25	21.75	125	300,100
61	1.75	21.25	125	300,100
61	1.25	21.25	125	300,100
61	0.25	22.25	125	300,100
61	-44.75	24.25	125	350,100
61	-44.75	24.75	125	350,100
61	-41.75	27.75	125	350,100
61	-41.25	27.75	125	350,100
61	-41.25	26.25	125	350,100
61	-42.25	26.25	125	350,100
61	-42.75	25.75	125	350,100
61	-42.75	24.75	125	350,100
61	-43.25	24.25	125	350,100
61	-43.25	23.75	125	350,100
61	-42.75	23.25	125	350,100
61	-42.75	22.75	125	350,100
61	-43.25	22.25	125	350,100
61	-43.25	19.75	125	350,100
61	-42.75	19.75	125	350,100
61	-42.25	20.25	125	350,100
61	-39.25	20.25	125	350,100
61	-39.25	21.25	125	350,100
61	-38.25	21.25	125	350,100
61	-37.25	22.25	125	350,100
61	-37.25	22.75	125	350,100
61	-37.75	23.25	125	350,100
61	-37.75	23.75	125	350,100
61	-37.25	24.25	125	350,100
61	-36.25	24.25	125	350,100
61	-35.75	24.75	125	350,100
61	-34.75	24.75	125	350,100
61	-34.75	25.25	125	350,100
61	-38.75	29.25	125	350,100
61	-38.75	29.75	125	350,100
61	-38.25	30.25	125	350,100
61	-37.75	30.25	125	350,100
61	-37.75	29.25	125	350,100
61	-35.25	26.75	125	350,100
61	-34.25	26.75	125	350,100
61	-33.75	26.25	125	350,100
61	-33.75	24.25	125	350,100
61	-32.75	23.25	125	350,100
61	-32.25	23.25	125	350,100
61	-31.75	23.75	125	350,100
61	-31.25	23.75	125	350,100
61	-31.25	22.25	125	350,100
61	-32.75	22.25	125	350,100
61	-33.25	22.75	125	350,100
61	-33.75	22.75	125	350,100
61	-35.25	21.25	125	350,100
61	-35.25	20.75	125	350,100
61	-34.75	20.25	125	350,100
61	-34.75	19.75	125	350,100
61	-35.25	19.75	125	350,100
61	-35.75	20.25	125	350,100
61	-37.25	20.25	125	350,100
61	-37.25	19.75	125	350,100
61	-36.75	19.25	125	350,100
61	-36.75	18.75	125	350,100
61	-37.25	18.25	125	350,100
61	-37.25	17.75	125	350,100
61	-35.75	16.25	125	350,100
61	-35.25	16.25	125	350,100
61	-35.25	17.25	125	350,100
61	-34.75	17.75	125	350,100
61	-34.75	18.75	125	350,100
61	-34.25	19.25	125	350,100
61	-33.75	19.25	125	350,100
61	-33.25	18.75	125	350,100
61	-32.25	18.75	125	350,100
61	-32.25	18.25	125	350,100
61	-32.75	17.75	125	350,100
61	-33.75	17.75	125	350,100
61	-33.75	16.75	125	350,100
61	-35.25	15.25	125	350,100
61	-35.25	14.75	125	350,100
61	-34.75	14.25	125	350,100
61	-33.75	14.25	125	350,100
61	-33.25	13.75	125	350,100
61	-32.75	13.75	125	350,100
61	-30.75	15.75	125	350,100
61	-30.75	16.75	125	350,100
61	-29.75	16.75	125	350,100
61	-29.25	17.25	125	350,100
61	-29.25	19.75	125	350,100
61	-30.25	19.75	125	350,100
61	-30.25	20.25	125	350,100
61	-29.25	21.25	125	350,100
61	-28.75	21.25	125	350,100
61	-28.25	20.75	125	350,100
61	-27.75	20.75	125	350,100
61	-27.75	21.75	125	350,100
61	-27.25	21.75	125	350,100
61	-26.25	20.75	125	350,100
61	-26.25	20.25	125	350,100
61	-27.25	20.25	125	350,100
61	-27.75	19.75	125	350,100
61	-27.75	18.25	125	350,100
61	-26.25	16.75	125	350,100
61	-26.25	16.25	125	350,100
61	-27.25	15.25	125	350,100
61	-28.25	15.25	125	350,100
61	-28.25	14.25	125	350,100
61	-31.75	10.75	125	350,100
61	-31.75	10.25	125	350,100
61	-31.25	10.25	125	350,100
61	-25.75	15.75	125	350,100
61	-25.25	15.75	125	350,100
61	-22.75	13.25	125	350,100
61	-22.25	13.25	125	350,100
61	-22.25	14.25	125	350,100
61	-21.75	14.75	125	350,100
61	-20.75	14.75	125	350,100
61	-20.75	15.75	125	350,100
61	-18.75	15.75	125	350,100
61	-17.75	16.75	125	350,100
61	-17.75	17.75	125	350,100
61	-16.75	17.75	125	350,100
61	-16.25	18.25	125	350,100
61	-15.75	18.25	125	350,100
61	-15.75	17.75	125	350,100
61	-22.25	11.25	125	350,100
61	-23.25	11.25	125	350,100
61	-23.25	10.25	125	350,100
61	-33.25	0.25	125	350,100
61	-33.75	0.25	125	350,100
61	-34.25	0.75	125	350,100
61	-34.25	1.75	125	350,100
61	-39.25	6.75	125	350,100
61	-39.25	7.25	125	350,100
61	-38.75	7.75	125	350,100
61	-38.25	7.75	125	350,100
61	-37.25	6.75	125	350,100
61	-36.25	6.75	125	350,100
61	-36.25	6.25	125	350,100
61	-36.75	5.75	125	350,100
61	-36.75	5.25	125	350,100
61	-35.75	5.25	125	350,100
61	-33.25	2.75	125	350,100
61	-32.75	2.75	125	350,100
61	-32.75	4.25	125	350,100
61	-33.75	5.25	125	350,100
61	-33.75	5.75	125	350,100
61	-33.25	5.75	125	350,100
61	-31.75	4.25	125	350,100
61	-31.25	4.25	125	350,100
61	-30.25	5.25	125	350,100
61	-30.25	6.75	125	350,100
61	-32.25	8.75	125	350,100
61	-32.25	9.75	125	350,100
61	-33.25	9.75	125	350,100
61	-34.75	11.25	125	350,100
61	-35.25	11.25	125	350,100
61	-35.75	10.75	125	350,100
61	-35.75	9.25	125	350,100
61	-35.25	8.75	125	350,100
61	-35.25	7.25	125	350,100
61	-35.75	7.25	125	350,100
61	-36.75	8.25	125	350,100
61	-37.75	8.25	125	350,100
61	-37.75	8.75	125	350,100
61	-37.25	9.25	125	350,100
61	-37.25	9.75	125	350,100
61	-38.25	9.75	125	350,100
61	-38.25	10.75	125	350,100
61	-38.75	11.25	125	350,100
61	-38.75	11.75	125	350,100
61	-37.25	13.25	125	350,100
61	-37.25	13.75	125	350,100
61	-37.75	14.25	125	350,100
61	-37.75	15.75	125	350,100
61	-37.25	16.25	125	350,100
61	-37.25	16.75	125	350,100
61	-37.75	17.25	125	350,100
61	-38.25	17.25	125	350,100
61	-38.25	16.25	125	350,100
61	-38.75	16.25	125	350,100
61	-39.25	16.75	125	350,100
61	-39.25	17.25	125	350,100
61	-38.75	17.75	125	350,100
61	-38.75	18.25	125	350,100
61	-39.25	18.25	125	350,100
61	-40.25	17.25	125	350,100
61	-42.25	17.25	125	350,100
61	-42.75	16.75	125	350,100
61	-43.75	16.75	125	350,100
61	-44.25	16.25	125	350,100
61	-44.25	15.75	125	350,100
61	-43.75	15.25	125	350,100
61	-42.75	15.25	125	350,100
61	-42.75	14.75	125	350,100
61	-43.25	14.25	125	350,100
61	-44.25	14.25	125	350,100
61	-44.25	13.75	125	350,100
61	-43.75	13.25	125	350,100
61	-42.75	13.25	125	350,100
61	-41.75	12.25	125	350,100
61	-41.75	10.75	125	350,100
61	-42.25	10.75	125	350,100
61	-44.75	13.25	125	350,100
61	-44.75	24.25	125	350,100
419	-19.25	-0.25	310	200,0
419	-19.25	0.25	310	200,0
419	-18.75	0.75	310	200,0
419	-16.75	0.75	310	200,0
419	-16.25	1.25	310	200,0
419	-15.75	1.25	310	200,0
419	-15.25	0.75	310	200,0
419	-5.75	0.75	310	200,0
419	-4.75	1.75	310	200,0
419	-4.25	1.75	310	200,0
419	-2.75	0.25	310	200,0
419	-2.75	-0.25	310	200,0
419	-19.25	-0.25	310	200,0
472	-12.25	48.75	42	250,0
472	-12.25	49.25	42	250,0
472	-10.75	49.25	42	250,0
472	-6.25	44.75	42	250,0
472	-6.25	43.75	42	250,0
472	-5.25	43.75	42	250,0
472	-2.25	40.75	42	250,0
472	-2.25	40.25	42	250,0
472	-2.75	40.25	42	250,0
472	-4.75	42.25	42	250,0
472	-5.75	42.25	42	250,0
472	-12.25	48.75	42	250,0
158	-5.25	4.75	157	200,0
158	-5.25	5.25	157	200,0
158	-4.75	5.25	157	200,0
158	-1.25	1.75	157	200,0
158	-1.25	1.25	157	200,0
158	-2.25	0.25	157	200,0
158	-2.75	0.25	157	200,0
158	-4.25	1.75	157	200,0
158	-4.75	1.75	157	200,0
158	-5.75	0.75	157	200,0
158	-8.25	0.75	157	200,0
158	-8.25	1.25	157	200,0
158	-5.25	4.25	157	200,0
158	-5.25	4.75	157	200,0
557	-44.25	15.75	75	350,100
557	-44.25	16.25	75	350,100
557	-43.75	16.75	75	350,100
557	-42.75	16.75	75	350,100
557	-42.25	17.25	75	350,100
557	-40.25	17.25	75	350,100
557	-39.25	18.25	75	350,100
557	-38.75	18.25	75	350,100
557	-38.75	17.75	75	350,100
557	-39.25	17.25	75	350,100
557	-39.25	16.75	75	350,100
557	-38.75	16.25	75	350,100
557	-38.25	16.25	75	350,100
557	-38.25	17.25	75	350,100
557	-37.75	17.25	75	350,100
557	-37.25	16.75	75	350,100
557	-37.25	16.25	75	350,100
557	-37.75	15.75	75	350,100
557	-37.75	14.25	75	350,100
557	-37.25	13.75	75	350,100
557	-37.25	13.25	75	350,100
557	-38.75	11.75	75	350,100
557	-38.75	11.25	75	350,100
557	-38.25	10.75	75	350,100
557	-38.25	9.75	75	350,100
557	-37.25	9.75	75	350,100
557	-37.25	9.25	75	350,100
557	-37.75	8.75	75	350,100
557	-37.75	8.25	75	350,100
557	-36.75	8.25	75	350,100
557	-35.75	7.25	75	350,100
557	-35.25	7.25	75	350,100
557	-35.25	8.75	75	350,100
557	-35.75	9.25	75	350,100
557	-35.75	10.75	75	350,100
557	-35.25	11.25	75	350,100
557	-34.75	11.25	75	350,100
557	-33.25	9.75	75	350,100
557	-32.25	9.75	75	350,100
557	-32.25	8.75	75	350,100
557	-30.25	6.75	75	350,100
557	-30.25	5.25	75	350,100
557	-31.25	4.25	75	350,100
557	-31.75	4.25	75	350,100
557	-33.25	5.75	75	350,100
557	-33.75	5.75	75	350,100
557	-33.75	5.25	75	350,100
557	-32.75	4.25	75	350,100
557	-32.75	2.75	75	350,100
557	-33.25	2.75	75	350,100
557	-35.75	5.25	75	350,100
557	-36.75	5.25	75	350,100
557	-36.75	5.75	75	350,100
557	-36.25	6.25	75	350,100
557	-36.25	6.75	75	350,100
557	-37.25	6.75	75	350,100
557	-38.25	7.75	75	350,100
557	-38.75	7.75	75	350,100
557	-39.25	7.25	75	350,100
557	-39.25	6.75	75	350,100
557	-34.25	1.75	75	350,100
557	-34.25	0.75	75	350,100
557	-33.75	0.25	75	350,100
557	-33.25	0.25	75	350,100
557	-23.25	10.25	75	350,100
557	-23.25	11.25	75	350,100
557	-22.25	11.25	75	350,100
557	-15.75	17.75	75	350,100
557	-15.75	18.25	75	350,100
557	-16.25	18.25	75	350,100
557	-16.75	17.75	75	350,100
557	-18.25	17.75	75	350,100
557	-20.75	20.25	75	350,100
557	-20.75	20.75	75	350,100
557	-20.25	21.25	75	350,100
557	-19.75	21.25	75	350,100
557	-17.75	19.25	75	350,100
557	-17.25	19.25	75	350,100
557	-16.75	19.75	75	350,100
557	-16.25	19.75	75	350,100
557	-15.75	19.25	75	350,100
557	-15.25	19.25	75	350,100
557	-15.25	19.75	75	350,100
557	-15.75	20.25	75	350,100
557	-15.75	20.75	75	350,100
557	-14.25	22.25	75	350,100
557	-13.25	22.25	75	350,100
557	-12.75	22.75	75	350,100
557	-12.25	22.75	75	350,100
557	-12.25	22.25	75	350,100
557	-12.75	21.75	75	350,100
557	-12.75	21.25	75	350,100
557	-12.25	21.25	75	350,100
557	-10.75	22.75	75	350,100
557	-10.25	22.75	75	350,100
557	-10.25	22.25	75	350,100
557	-18.25	14.25	75	350,100
557	-18.25	13.75	75	350,100
557	-16.75	12.25	75	350,100
557	-15.75	12.25	75	350,100
557	-15.75	11.25	75	350,100
557	-15.25	10.75	75	350,100
557	-15.25	10.25	75	350,100
557	-16.25	10.25	75	350,100
557	-16.75	9.75	75	350,100
557	-16.75	8.75	75	350,100
557	-17.25	8.75	75	350,100
557	-18.75	10.25	75	350,100
557	-19.25	10.25	75	350,100
557	-19.25	9.75	75	350,100
557	-14.75	5.25	75	350,100
557	-14.75	4.75	75	350,100
557	-16.25	3.25	75	350,100
557	-16.25	2.25	75	350,100
557	-17.25	2.25	75	350,100
557	-19.25	0.25	75	350,100
557	-19.75	0.25	75	350,100
557	-20.25	0.75	75	350,100
557	-21.25	0.75	75	350,100
557	-21.75	1.25	75	350,100
557	-22.25	1.25	75	350,100
557	-22.75	0.75	75	350,100
557	-23.25	0.75	75	350,100
557	-23.25	1.25	75	350,100
557	-22.25	2.25	75	350,100
557	-22.25	2.75	75	350,100
557	-23.75	2.75	75	350,100
557	-23.75	1.75	75	350,100
557	-25.25	1.75	75	350,100
557	-27.75	4.25	75	350,100
557	-28.25	4.25	75	350,100
557	-29.75	2.75	75	350,100
557	-29.75	2.25	75	350,100
557	-28.25	0.75	75	350,100
557	-28.25	0.25	75	350,100
557	-28.75	-0.25	75	350,100
557	-29.25	-0.25	75	350,100
557	-30.25	0.75	75	350,100
557	-30.25	1.75	75	350,100
557	-30.75	1.75	75	350,100
557	-31.25	1.25	75	350,100
557	-31.25	0.75	75	350,100
557	-30.75	0.25	75	350,100
557	-30.75	-1.25	75	350,100
557	-31.25	-1.25	75	350,100
557	-32.25	-0.25	75	350,100
557	-32.75	-0.25	75	350,100
557	-33.75	-1.25	75	350,100
557	-35.25	-1.25	75	350,100
557	-35.25	-0.25	75	350,100
557	-36.75	1.25	75	350,100
557	-36.75	1.75	75	350,100
557	-36.25	1.75	75	350,100
557	-35.75	1.25	75	350,100
557	-35.25	1.25	75	350,100
557	-35.25	1.75	75	350,100
557	-39.25	5.75	75	350,100
557	-39.75	5.75	75	350,100
557	-39.75	4.75	75	350,100
557	-40.25	4.75	75	350,100
557	-40.75	5.25	75	350,100
557	-41.75	5.25	75	350,100
557	-42.75	6.25	75	350,100
557	-42.75	7.75	75	350,100
557	-42.25	8.25	75	350,100
557	-42.25	8.75	75	350,100
557	-43.25	9.75	75	350,100
557	-43.75	9.75	75	350,100
557	-43.75	9.25	75	350,100
557	-43.25	8.75	75	350,100
557	-43.25	8.25	75	350,100
557	-43.75	8.25	75	350,100
557	-44.75	9.25	75	350,100
557	-44.75	12.75	75	350,100
557	-44.25	12.75	75	350,100
557	-42.25	10.75	75	350,100
557	-41.75	10.75	75	350,100
557	-41.75	12.25	75	350,100
557	-42.75	13.25	75	350,100
557	-43.75	13.25	75	350,100
557	-44.25	13.75	75	350,100
557	-44.25	14.25	75	350,100
557	-43.25	14.25	75	350,100
557	-42.75	14.75	75	350,100
557	-42.75	15.25	75	350,100
557	-43.75	15.25	75	350,100
557	-44.25	15.75	75	350,100
557	2.25	11.25	75	300,100
557	2.25	11.75	75	300,100
557	3.75	13.25	75	300,100
557	4.25	13.25	75	300,100
557	5.25	12.25	75	300,100
557	5.25	8.75	75	300,100
557	4.75	8.75	75	300,100
557	4.25	9.25	75	300,100
557	4.25	10.75	75	300,100
557	4.75	11.25	75	300,100
557	4.75	11.75	75	300,100
557	4.25	12.25	75	300,100
557	3.75	12.25	75	300,100
557	2.75	11.25	75	300,100
557	2.25	11.25	75	300,100
557	-34.75	48.25	75	350,50
557	-34.75	48.75	75	350,50
557	-34.25	48.75	75	350,50
557	-34.25	48.25	75	350,50
557	-34.75	48.25	75	350,50
454	-6.25	2.75	339	250,50
454	-6.25	3.25	339	250,50
454	-5.75	3.25	339	250,50
454	-2.25	-0.25	339	250,50
454	-2.25	-0.75	339	250,50
454	-2.75	-0.75	339	250,50
454	-6.25	2.75	339	250,50
454	-2.25	48.75	339	250,0
454	-2.25	49.25	339	250,0
454	-1.75	49.25	339	250,0
454	4.75	42.75	339	250,0
454	4.75	42.25	339	250,0
454	4.25	42.25	339	250,0
454	-2.25	48.75	339	250,0
454	-45.25	41.75	339	300,0
454	-45.25	42.25	339	300,0
454	-44.75	42.25	339	300,0
454	-43.75	41.25	339	300,0
454	-43.75	40.75	339	300,0
454	-44.25	40.75	339	300,0
454	-45.25	41.75	339	300,0
228	0.75	9.75	204	250,50
228	0.75	10.25	204	250,50
228	1.25	10.75	204	250,50
228	2.25	10.75	204	250,50
228	2.75	11.25	204	250,50
228	3.25	11.25	204	250,50
228	3.75	10.75	204	250,50
228	3.75	9.75	204	250,50
228	4.75	8.75	204	250,50
228	4.75	5.25	204	250,50
228	3.75	4.25	204	250,50
228	3.25	4.25	204	250,50
228	-0.25	7.75	204	250,50
228	-0.25	8.25	204	250,50
228	0.75	9.25	204	250,50
228	0.75	9.75	204	250,50
228	-45.25	7.75	204	300,50
228	-45.25	8.25	204	300,50
228	-44.75	8.75	204	300,50
228	-44.25	8.75	204	300,50
228	-43.25	7.75	204	300,50
228	-43.25	7.25	204	300,50
228	-44.25	6.25	204	300,50
228	-44.25	5.25	204	300,50
228	-44.75	5.25	204	300,50
228	-45.25	5.75	204	300,50
228	-45.25	7.75	204	300,50
132	-22.75	36.25	143	350,100
132	-22.75	36.75	143	350,100
132	-22.25	37.25	143	350,100
132	-21.25	37.25	143	350,100
132	-20.75	37.75	143	350,100
132	-20.25	37.75	143	350,100
132	-19.75	37.25	143	350,100
132	-19.25	37.25	143	350,100
132	-19.25	37.75	143	350,100
132	-19.75	38.25	143	350,100
132	-19.75	39.75	143	350,100
132	-18.25	41.25	143	350,100
132	-16.75	41.25	143	350,100
132	-16.25	40.75	143	350,100
132	-16.25	40.25	143	350,100
132	-16.75	39.75	143	350,100
132	-16.75	39.25	143	350,100
132	-16.25	39.25	143	350,100
132	-15.75	39.75	143	350,100
132	-15.25	39.75	143	350,100
132	-13.25	37.75	143	350,100
132	-12.75	37.75	143	350,100
132	-9.75	40.75	143	350,100
132	-8.75	40.75	143	350,100
132	-8.25	41.25	143	350,100
132	-7.75	41.25	143	350,100
132	-7.75	38.75	143	350,100
132	-8.75	38.75	143	350,100
132	-8.75	37.75	143	350,100
132	-10.25	36.25	143	350,100
132	-10.25	35.75	143	350,100
132	-9.75	35.25	143	350,100
132	-9.75	34.25	143	350,100
132	-6.25	30.75	143	350,100
132	-6.25	28.25	143	350,100
132	-7.25	27.25	143	350,100
132	-7.75	27.25	143	350,100
132	-7.75	27.75	143	350,100
132	-7.25	28.25	143	350,100
132	-7.25	28.75	143	350,100
132	-8.25	29.75	143	350,100
132	-8.25	30.75	143	350,100
132	-9.25	30.75	143	350,100
132	-11.25	32.75	143	350,100
132	-12.75	32.75	143	350,100
132	-12.75	32.25	143	350,100
132	-8.25	27.75	143	350,100
132	-8.25	27.25	143	350,100
132	-8.75	27.25	143	350,100
132	-11.25	29.75	143	350,100
132	-11.75	29.75	143	350,100
132	-11.75	29.25	143	350,100
132	-9.25	26.75	143	350,100
132	-9.25	25.25	143	350,100
132	-9.75	25.25	143	350,100
132	-10.25	25.75	143	350,100
132	-10.25	26.75	143	350,100
132	-13.25	29.75	143	350,100
132	-14.25	29.75	143	350,100
132	-14.25	30.75	143	350,100
132	-14.75	30.75	143	350,100
132	-15.25	30.25	143	350,100
132	-16.25	30.25	143	350,100
132	-17.75	28.75	143	350,100
132	-17.75	27.75	143	350,100
132	-20.25	27.75	143	350,100
132	-20.25	28.75	143	350,100
132	-20.75	29.25	143	350,100
132	-20.75	29.75	143	350,100
132	-18.75	31.75	143	350,100
132	-18.75	32.25	143	350,100
132	-23.75	32.25	143	350,100
132	-23.75	33.75	143	350,100
132	-23.25	33.75	143	350,100
132	-22.75	33.25	143	350,100
132	-22.25	33.25	143	350,100
132	-22.25	33.75	143	350,100
132	-22.75	34.25	143	350,100
132	-22.75	34.75	143	350,100
132	-21.75	34.75	143	350,100
132	-21.75	35.25	143	350,100
132	-22.75	36.25	143	350,100
162	-28.25	29.75	160	350,100
162	-28.25	30.25	160	350,100
162	-22.75	35.75	160	350,100
162	-22.25	35.75	160	350,100
162	-21.75	35.25	160	350,100
162	-21.75	34.75	160	350,100
162	-22.75	34.75	160	350,100
162	-22.75	34.25	160	350,100
162	-22.25	33.75	160	350,100
162	-22.25	33.25	160	350,100
162	-22.75	33.25	160	350,100
162	-23.25	33.75	160	350,100
162	-23.75	33.75	160	350,100
162	-23.75	32.25	160	350,100
162	-18.75	32.25	160	350,100
162	-18.75	31.75	160	350,100
162	-20.75	29.75	160	350,100
162	-20.75	29.25	160	350,100
162	-20.25	28.75	160	350,100
162	-20.25	27.75	160	350,100
162	-17.75	27.75	160	350,100
162	-17.75	28.75	160	350,100
162	-16.25	30.25	160	350,100
162	-15.25	30.25	160	350,100
162	-14.75	30.75	160	350,100
162	-14.25	30.75	160	350,100
162	-14.25	29.75	160	350,100
162	-13.25	29.75	160	350,100
162	-10.25	26.75	160	350,100
162	-10.25	26.25	160	350,100
162	-10.75	25.75	160	350,100
162	-10.75	23.75	160	350,100
162	-11.25	23.25	160	350,100
162	-12.25	23.25	160	350,100
162	-13.25	22.25	160	350,100
162	-14.25	22.25	160	350,100
162	-15.75	20.75	160	350,100
162	-15.75	20.25	160	350,100
162	-15.25	19.75	160	350,100
162	-15.25	19.25	160	350,100
162	-15.75	19.25	160	350,100
162	-16.25	19.75	160	350,100
162	-16.75	19.75	160	350,100
162	-17.25	19.25	160	350,100
162	-17.75	19.25	160	350,100
162	-19.75	21.25	160	350,100
162	-20.25	21.25	160	350,100
162	-20.75	20.75	160	350,100
162	-20.75	20.25	160	350,100
162	-18.25	17.75	160	350,100
162	-18.25	17.25	160	350,100
162	-19.75	17.25	160	350,100
162	-21.75	19.25	160	350,100
162	-22.75	19.25	160	350,100
162	-22.75	20.25	160	350,100
162	-24.25	21.75	160	350,100
162	-24.25	22.25	160	350,100
162	-23.75	22.75	160	350,100
162	-23.25	22.75	160	350,100
162	-21.75	21.25	160	350,100
162	-21.25	21.25	160	350,100
162	-20.75	21.75	160	350,100
162	-20.75	22.25	160	350,100
162	-22.25	23.75	160	350,100
162	-22.25	24.25	160	350,100
162	-21.25	25.25	160	350,100
162	-21.25	26.75	160	350,100
162	-22.25	27.75	160	350,100
162	-22.75	27.75	160	350,100
162	-24.25	26.25	160	350,100
162	-24.75	26.25	160	350,100
162	-25.75	27.25	160	350,100
162	-25.75	27.75	160	350,100
162	-25.25	28.25	160	350,100
162	-25.25	28.75	160	350,100
162	-26.25	28.75	160	350,100
162	-26.25	29.25	160	350,100
162	-25.75	29.75	160	350,100
162	-24.75	29.75	160	350,100
162	-24.75	30.25	160	350,100
162	-25.25	30.75	160	350,100
162	-25.75	30.75	160	350,100
162	-27.25	29.25	160	350,100
162	-27.75	29.25	160	350,100
162	-28.25	29.75	160	350,100
543	-5.25	48.75	69	250,0
543	-5.25	49.25	69	250,0
543	-4.75	49.25	69	250,0
543	0.75	43.75	69	250,0
543	0.75	43.25	69	250,0
543	0.25	43.25	69	250,0
543	-2.25	45.75	69	250,0
543	-2.75	45.75	69	250,0
543	-2.75	45.25	69	250,0
543	3.75	38.75	69	250,0
543	4.25	38.75	69	250,0
543	4.25	39.25	69	250,0
543	1.25	42.25	69	250,0
543	1.25	42.75	69	250,0
543	1.75	42.75	69	250,0
543	4.75	39.75	69	250,0
543	4.75	37.25	69	250,0
543	3.25	37.25	69	250,0
543	3.25	38.25	69	250,0
543	-4.25	45.75	69	250,0
543	-4.25	46.25	69	250,0
543	-3.75	46.75	69	250,0
543	-3.75	47.25	69	250,0
543	-5.25	48.75	69	250,0
183	-33.25	19.75	175	250,0
183	-33.25	20.25	175	250,0
183	-32.25	21.25	175	250,0
183	-31.75	21.25	175	250,0
183	-30.75	20.25	175	250,0
183	-29.75	20.25	175	250,0
183	-15.75	6.25	175	250,0
183	-15.75	5.75	175	250,0
183	-17.25	4.25	175	250,0
183	-17.75	4.25	175	250,0
183	-21.25	7.75	175	250,0
183	-21.75	7.75	175	250,0
183	-24.25	5.25	175	250,0
183	-24.75	5.25	175	250,0
183	-25.75	6.25	175	250,0
183	-26.25	6.25	175	250,0
183	-29.75	2.75	175	250,0
183	-30.25	2.75	175	250,0
183	-30.25	3.75	175	250,0
183	-32.25	3.75	175	250,0
183	-34.75	6.25	175	250,0
183	-34.75	6.75	175	250,0
183	-34.25	7.25	175	250,0
183	-33.75	7.25	175	250,0
183	-31.25	4.75	175	250,0
183	-30.75	4.75	175	250,0
183	-28.75	6.75	175	250,0
183	-28.75	7.25	175	250,0
183	-31.25	9.75	175	250,0
183	-31.25	10.25	175	250,0
183	-29.75	11.75	175	250,0
183	-29.25	11.75	175	250,0
183	-28.25	10.75	175	250,0
183	-27.25	10.75	175	250,0
183	-26.75	10.25	175	250,0
183	-26.25	10.25	175	250,0
183	-26.25	10.75	175	250,0
183	-30.25	14.75	175	250,0
183	-30.75	14.75	175	250,0
183	-31.25	14.25	175	250,0
183	-31.25	13.75	175	250,0
183	-30.75	13.25	175	250,0
183	-29.75	13.25	175	250,0
183	-29.75	12.75	175	250,0
183	-31.75	10.75	175	250,0
183	-32.25	10.75	175	250,0
183	-34.75	13.25	175	250,0
183	-35.75	13.25	175	250,0
183	-35.75	14.75	175	250,0
183	-32.25	18.25	175	250,0
183	-32.25	18.75	175	250,0
183	-33.25	18.75	175	250,0
183	-33.25	19.75	175	250,0
157	-2.25	-0.25	156	200,0
157	-2.25	0.25	156	200,0
157	-1.25	1.25	156	200,0
157	-0.75	1.25	156	200,0
157	-0.25	0.75	156	200,0
157	4.25	0.75	156	200,0
157	4.75	1.25	156	200,0
157	5.25	1.25	156	200,0
157	5.25	-0.25	156	200,0
157	-2.25	-0.25	156	200,0
157	-44.75	1.25	156	250,0
157	-44.75	1.75	156	250,0
157	-44.25	1.75	156	250,0
157	-43.25	0.75	156	250,0
157	-42.75	0.75	156	250,0
157	-42.25	1.25	156	250,0
157	-41.75	1.25	156	250,0
157	-41.25	0.75	156	250,0
157	-39.75	0.75	156	250,0
157	-39.25	1.25	156	250,0
157	-38.75	1.25	156	250,0
157	-38.25	0.75	156	250,0
157	-36.75	0.75	156	250,0
157	-35.75	1.75	156	250,0
157	-35.25	1.75	156	250,0
157	-34.25	0.75	156	250,0
157	-33.75	0.75	156	250,0
157	-33.25	1.25	156	250,0
157	-32.75	1.25	156	250,0
157	-32.25	0.75	156	250,0
157	-23.75	0.75	156	250,0
157	-23.25	1.25	156	250,0
157	-22.75	1.25	156	250,0
157	-22.25	0.75	156	250,0
157	-14.25	0.75	156	250,0
157	-13.75	0.25	156	250,0
157	-13.75	-0.25	156	250,0
157	-44.25	-0.25	156	250,0
157	-44.75	0.25	156	250,0
157	-44.75	1.25	156	250,0
329	-0.75	1.25	247	200,0
329	-0.75	1.75	247	200,0
329	0.75	3.25	247	200,0
329	1.25	3.25	247	200,0
329	2.75	1.75	247	200,0
329	3.25	1.75	247	200,0
329	4.25	2.75	247	200,0
329	4.75	2.75	247	200,0
329	5.25	2.25	247	200,0
329	5.25	1.75	247	200,0
329	4.25	0.75	247	200,0
329	-0.25	0.75	247	200,0
329	-0.75	1.25	247	200,0
68	-44.75	3.25	129	250,0
68	-44.75	3.75	129	250,0
68	-43.75	3.75	129	250,0
68	-40.75	6.75	129	250,0
68	-40.25	6.75	129	250,0
68	-37.75	4.25	129	250,0
68	-36.75	4.25	129	250,0
68	-34.75	2.25	129	250,0
68	-32.25	2.25	129	250,0
68	-32.25	3.25	129	250,0
68	-31.75	3.75	129	250,0
68	-30.25	3.75	129	250,0
68	-30.25	2.75	129	250,0
68	-29.75	2.75	129	250,0
68	-26.25	6.25	129	250,0
68	-25.75	6.25	129	250,0
68	-24.75	5.25	129	250,0
68	-24.25	5.25	129	250,0
68	-21.75	7.75	129	250,0
68	-21.25	7.75	129	250,0
68	-17.75	4.25	129	250,0
68	-17.25	4.25	129	250,0
68	-15.75	5.75	129	250,0
68	-15.25	5.75	129	250,0
68	-14.25	4.75	129	250,0
68	-14.25	4.25	129	250,0
68	-15.25	4.25	129	250,0
68	-16.25	3.25	129	250,0
68	-19.75	3.25	129	250,0
68	-19.75	4.25	129	250,0
68	-20.25	4.25	129	250,0
68	-20.75	3.75	129	250,0
68	-21.75	3.75	129	250,0
68	-22.25	3.25	129	250,0
68	-22.75	3.25	129	250,0
68	-23.75	4.25	129	250,0
68	-24.25	4.25	129	250,0
68	-24.75	3.75	129	250,0
68	-24.75	2.75	129	250,0
68	-25.75	1.75	129	250,0
68	-27.75	1.75	129	250,0
68	-28.75	0.75	129	250,0
68	-32.25	0.75	129	250,0
68	-32.75	1.25	129	250,0
68	-33.25	1.25	129	250,0
68	-33.75	0.75	129	250,0
68	-34.25	0.75	129	250,0
68	-35.25	1.75	129	250,0
68	-36.25	1.75	129	250,0
68	-37.25	2.75	129	250,0
68	-37.75	2.75	129	250,0
68	-38.25	2.25	129	250,0
68	-39.75	2.25	129	250,0
68	-40.25	2.75	129	250,0
68	-43.75	2.75	129	250,0
68	-44.25	2.25	129	250,0
68	-44.75	2.25	129	250,0
68	-44.75	3.25	129	250,0
130	-0.25	-0.25	142	250,50
130	-0.25	0.25	142	250,50
130	0.25	0.25	142	250,50
130	0.75	-0.25	142	250,50
130	0.75	-0.75	142	250,50
130	0.25	-0.75	142	250,50
130	-0.25	-0.25	142	250,50
130	0.75	48.75	142	250,0
130	0.75	49.25	142	250,0
130	2.25	49.25	142	250,0
130	2.25	48.75	142	250,0
130	1.75	48.25	142	250,0
130	1.25	48.25	142	250,0
130	0.75	48.75	142	250,0
130	-45.25	48.75	142	300,0
130	-45.25	49.25	142	300,0
130	-44.75	49.25	142	300,0
130	-40.75	45.25	142	300,0
130	-40.75	43.75	142	300,0
130	-41.25	43.25	142	300,0
130	-42.25	43.25	142	300,0
130	-42.25	42.25	142	300,0
130	-42.75	41.75	142	300,0
130	-43.25	41.75	142	300,0
130	-43.25	43.25	142	300,0
130	-41.75	44.75	142	300,0
130	-41.75	45.25	142	300,0
130	-45.25	48.75	142	300,0
131	1.25	-0.25	142	250,50
131	1.25	-0.75	142	250,50
131	2.75	-0.75	142	250,50
131	3.25	-0.25	142	250,50
131	3.75	-0.25	142	250,50
131	4.25	-0.75	142	250,50
131	4.75	-0.75	142	250,50
131	4.75	-0.25	142	250,50
131	3.25	1.25	142	250,50
131	2.75	1.25	142	250,50
131	1.25	-0.25	142	250,50
301	-23.75	24.25	230	250,0
301	-23.75	24.75	230	250,0
301	-23.25	24.75	230	250,0
301	-16.25	17.75	230	250,0
301	-16.25	17.25	230	250,0
301	-16.75	16.75	230	250,0
301	-17.25	16.75	230	250,0
301	-23.75	23.25	230	250,0
301	-23.75	24.25	230	250,0
302	-26.75	20.25	230	250,0
302	-26.75	20.75	230	250,0
302	-26.25	20.75	230	250,0
302	-12.25	6.75	230	250,0
302	-12.25	6.25	230	250,0
302	-12.75	6.25	230	250,0
302	-26.75	20.25	230	250,0
303	-5.25	41.75	230	250,0
303	-5.25	42.25	230	250,0
303	-4.75	42.25	230	250,0
303	0.75	36.75	230	250,0
303	0.75	36.25	230	250,0
303	0.25	36.25	230	250,0
303	-5.25	41.75	230	250,0
350	-2.75	45.25	262	250,0
350	-2.75	45.75	262	250,0
350	-2.25	45.75	262	250,0
350	0.25	43.25	262	250,0
350	1.25	43.25	262	250,0
350	1.25	42.25	262	250,0
350	4.25	39.25	262	250,0
350	4.25	38.75	262	250,0
350	3.75	38.75	262	250,0
350	-2.75	45.25	262	250,0
353	-44.25	3.75	265	300,50
353	-44.25	4.25	265	300,50
353	-42.75	5.75	265	300,50
353	-41.25	5.75	265	300,50
353	-36.25	0.75	265	300,50
353	-36.25	-0.75	265	300,50
353	-36.75	-0.75	265	300,50
353	-36.75	0.25	265	300,50
353	-41.25	4.75	265	300,50
353	-41.75	4.75	265	300,50
353	-42.75	3.75	265	300,50
353	-42.75	2.25	265	300,50
353	-41.75	2.25	265	300,50
353	-41.75	1.25	265	300,50
353	-40.75	1.25	265	300,50
353	-39.25	-0.25	265	300,50
353	-39.25	-0.75	265	300,50
353	-41.75	-0.75	265	300,50
353	-44.25	1.75	265	300,50
353	-44.25	2.25	265	300,50
353	-43.75	2.75	265	300,50
353	-43.75	3.25	265	300,50
353	-44.25	3.75	265	300,50
353	-41.25	48.75	265	300,0
353	-41.25	49.25	265	300,0
353	-38.75	49.25	265	300,0
353	-38.25	48.75	265	300,0
353	-37.75	48.75	265	300,0
353	-37.25	49.25	265	300,0
353	-35.75	49.25	265	300,0
353	-35.75	48.25	265	300,0
353	-34.75	48.25	265	300,0
353	-34.75	47.75	265	300,0
353	-36.25	46.25	265	300,0
353	-36.75	46.25	265	300,0
353	-37.25	46.75	265	300,0
353	-37.75	46.75	265	300,0
353	-38.25	46.25	265	300,0
353	-38.75	46.25	265	300,0
353	-41.25	48.75	265	300,0
354	-29.75	17.25	266	300,50
354	-29.75	17.75	266	300,50
354	-28.75	17.75	266	300,50
354	-28.25	18.25	266	300,50
354	-27.75	18.25	266	300,50
354	-23.25	13.75	266	300,50
354	-23.25	12.25	266	300,50
354	-24.25	12.25	266	300,50
354	-24.25	10.25	266	300,50
354	-25.75	10.25	266	300,50
354	-28.75	13.25	266	300,50
354	-28.75	14.25	266	300,50
354	-29.75	14.25	266	300,50
354	-30.25	14.75	266	300,50
354	-30.25	16.25	266	300,50
354	-29.75	16.75	266	300,50
354	-29.75	17.25	266	300,50
213	-18.25	28.75	199	300,50
213	-18.25	29.25	199	300,50
213	-17.75	29.25	199	300,50
213	-17.25	28.75	199	300,50
213	-16.75	28.75	199	300,50
213	-16.25	29.25	199	300,50
213	-15.75	29.25	199	300,50
213	-14.75	28.25	199	300,50
213	-14.25	28.25	199	300,50
213	-14.25	28.75	199	300,50
213	-15.75	30.25	199	300,50
213	-15.75	30.75	199	300,50
213	-14.75	31.75	199	300,50
213	-14.75	32.75	199	300,50
213	-13.75	32.75	199	300,50
213	-12.75	33.75	199	300,50
213	-12.25	33.75	199	300,50
213	-10.75	32.25	199	300,50
213	-9.75	32.25	199	300,50
213	-9.75	31.25	199	300,50
213	-7.25	28.75	199	300,50
213	-7.25	28.25	199	300,50
213	-7.75	27.75	199	300,50
213	-7.75	26.75	199	300,50
213	-9.75	26.75	199	300,50
213	-9.75	25.75	199	300,50
213	-11.25	25.75	199	300,50
213	-13.25	27.75	199	300,50
213	-13.75	27.75	199	300,50
213	-13.75	27.25	199	300,50
213	-12.25	25.75	199	300,50
213	-12.25	23.75	199	300,50
213	-11.75	23.25	199	300,50
213	-11.75	22.75	199	300,50
213	-12.25	22.75	199	300,50
213	-13.25	23.75	199	300,50
213	-13.75	23.75	199	300,50
213	-13.75	23.25	199	300,50
213	-13.25	22.75	199	300,50
213	-13.25	22.25	199	300,50
213	-14.75	22.25	199	300,50
213	-16.75	24.25	199	300,50
213	-17.75	24.25	199	300,50
213	-17.75	25.25	199	300,50
213	-19.25	26.75	199	300,50
213	-19.25	27.25	199	300,50
213	-18.25	28.25	199	300,50
213	-18.25	28.75	199	300,50
326	-44.25	1.75	245	250,0
326	-44.25	2.25	245	250,0
326	-43.75	2.75	245	250,0
326	-40.25	2.75	245	250,0
326	-39.75	2.25	245	250,0
326	-38.25	2.25	245	250,0
326	-37.75	2.75	245	250,0
326	-37.25	2.75	245	250,0
326	-36.25	1.75	245	250,0
326	-36.25	1.25	245	250,0
326	-36.75	0.75	245	250,0
326	-38.25	0.75	245	250,0
326	-38.75	1.25	245	250,0
326	-39.25	1.25	245	250,0
326	-39.75	0.75	245	250,0
326	-41.25	0.75	245	250,0
326	-41.75	1.25	245	250,0
326	-42.25	1.25	245	250,0
326	-42.75	0.75	245	250,0
326	-43.25	0.75	245	250,0
326	-44.25	1.75	245	250,0
437	-42.75	3.25	325	300,50
437	-42.75	3.75	325	300,50
437	-41.75	4.75	325	300,50
437	-41.25	4.75	325	300,50
437	-36.75	0.25	325	300,50
437	-36.75	-0.25	325	300,50
437	-37.25	-0.75	325	300,50
437	-38.75	-0.75	325	300,50
437	-40.75	1.25	325	300,50
437	-41.75	1.25	325	300,50
437	-41.75	2.25	325	300,50
437	-42.75	2.25	325	300,50
437	-42.75	3.25	325	300,50
437	-38.25	48.75	325	300,0
437	-38.25	49.25	325	300,0
437	-37.75	49.25	325	300,0
437	-37.75	48.75	325	300,0
437	-38.25	48.75	325	300,0
392	4.75	0.75	292	300,100
392	4.75	1.25	292	300,100
392	5.25	1.25	292	300,100
392	5.25	-1.25	292	300,100
392	4.75	-1.25	292	300,100
392	4.75	0.75	292	300,100
392	-44.75	1.25	292	350,100
392	-44.75	1.75	292	350,100
392	-42.75	3.75	292	350,100
392	-41.75	3.75	292	350,100
392	-41.25	4.25	292	350,100
392	-40.75	4.25	292	350,100
392	-40.75	3.25	292	350,100
392	-40.25	2.75	292	350,100
392	-39.75	2.75	292	350,100
392	-39.25	3.25	292	350,100
392	-38.75	3.25	292	350,100
392	-38.75	2.25	292	350,100
392	-36.75	0.25	292	350,100
392	-36.75	-0.25	292	350,100
392	-37.75	-0.25	292	350,100
392	-37.75	-1.25	292	350,100
392	-44.25	-1.25	292	350,100
392	-44.75	-0.75	292	350,100
392	-44.75	1.25	292	350,100
392	-44.75	48.25	292	350,50
392	-44.75	48.75	292	350,50
392	-38.25	48.75	292	350,50
392	-38.25	48.25	292	350,50
392	-38.75	47.75	292	350,50
392	-38.75	46.75	292	350,50
392	-39.75	45.75	292	350,50
392	-40.75	45.75	292	350,50
392	-41.25	45.25	292	350,50
392	-41.75	45.25	292	350,50
392	-42.75	46.25	292	350,50
392	-43.75	46.25	292	350,50
392	-43.75	47.25	292	350,50
392	-44.75	48.25	292	350,50
312	-12.75	32.25	237	350,100
312	-12.75	32.75	237	350,100
312	-11.25	32.75	237	350,100
312	-9.25	30.75	237	350,100
312	-8.25	30.75	237	350,100
312	-8.25	29.75	237	350,100
312	-7.25	28.75	237	350,100
312	-7.25	28.25	237	350,100
312	-7.75	27.75	237	350,100
312	-8.25	27.75	237	350,100
312	-12.75	32.25	237	350,100
140	3.25	37.25	148	300,50
140	3.25	37.75	148	300,50
140	4.75	39.25	148	300,50
140	5.25	39.25	148	300,50
140	5.25	33.75	148	300,50
140	4.75	33.25	148	300,50
140	4.25	33.25	148	300,50
140	2.75	34.75	148	300,50
140	2.25	34.75	148	300,50
140	1.75	34.25	148	300,50
140	1.75	33.75	148	300,50
140	2.75	32.75	148	300,50
140	2.75	31.25	148	300,50
140	1.25	29.75	148	300,50
140	1.25	29.25	148	300,50
140	1.75	28.75	148	300,50
140	2.25	28.75	148	300,50
140	2.25	29.75	148	300,50
140	2.75	30.25	148	300,50
140	3.75	30.25	148	300,50
140	4.25	30.75	148	300,50
140	4.75	30.75	148	300,50
140	4.75	29.75	148	300,50
140	5.25	29.25	148	300,50
140	5.25	26.75	148	300,50
140	4.75	26.25	148	300,50
140	4.75	25.75	148	300,50
140	5.25	25.25	148	300,50
140	5.25	24.75	148	300,50
140	4.25	23.75	148	300,50
140	1.75	23.75	148	300,50
140	0.75	24.75	148	300,50
140	0.75	25.25	148	300,50
140	1.25	25.75	148	300,50
140	1.25	26.25	148	300,50
140	0.75	26.25	148	300,50
140	-0.25	25.25	148	300,50
140	-0.75	25.25	148	300,50
140	-1.25	25.75	148	300,50
140	-1.25	26.75	148	300,50
140	-2.25	26.75	148	300,50
140	-3.75	28.25	148	300,50
140	-3.75	29.75	148	300,50
140	3.25	36.75	148	300,50
140	3.25	37.25	148	300,50
140	-43.25	45.75	148	350,50
140	-43.25	46.25	148	350,50
140	-42.75	46.25	148	350,50
140	-41.75	45.25	148	350,50
140	-41.25	45.25	148	350,50
140	-40.75	45.75	148	350,50
140	-39.75	45.75	148	350,50
140	-38.75	46.75	148	350,50
140	-38.75	47.75	148	350,50
140	-37.75	48.75	148	350,50
140	-35.25	48.75	148	350,50
140	-34.75	48.25	148	350,50
140	-34.75	47.75	148	350,50
140	-40.75	41.75	148	350,50
140	-40.75	41.25	148	350,50
140	-39.75	40.25	148	350,50
140	-39.75	38.75	148	350,50
140	-41.75	36.75	148	350,50
140	-41.75	36.25	148	350,50
140	-39.75	34.25	148	350,50
140	-39.75	33.25	148	350,50
140	-38.75	33.25	148	350,50
140	-38.25	32.75	148	350,50
140	-38.25	32.25	148	350,50
140	-39.25	31.25	148	350,50
140	-40.25	31.25	148	350,50
140	-41.25	30.25	148	350,50
140	-41.75	30.25	148	350,50
140	-44.75	33.25	148	350,50
140	-44.75	38.75	148	350,50
140	-44.25	38.75	148	350,50
140	-43.25	37.75	148	350,50
140	-42.75	37.75	148	350,50
140	-42.25	38.25	148	350,50
140	-42.25	39.25	148	350,50
140	-41.75	39.75	148	350,50
140	-41.75	40.25	148	350,50
140	-42.25	40.75	148	350,50
140	-42.25	41.25	148	350,50
140	-39.75	43.75	148	350,50
140	-39.75	44.25	148	350,50
140	-41.75	44.25	148	350,50
140	-42.25	44.75	148	350,50
140	-43.25	44.75	148	350,50
140	-43.25	45.75	148	350,50
141	-44.75	28.25	148	350,50
141	-44.75	28.75	148	350,50
141	-44.25	28.75	148	350,50
141	-43.75	28.25	148	350,50
141	-43.75	27.75	148	350,50
141	-44.25	27.25	148	350,50
141	-44.75	27.25	148	350,50
141	-44.75	28.25	148	350,50
63	-1.75	39.25	127	250,0
63	-1.75	39.75	127	250,0
63	-1.25	39.75	127	250,0
63	3.75	34.75	127	250,0
63	4.75	34.75	127	250,0
63	4.75	33.25	127	250,0
63	4.25	32.75	127	250,0
63	3.75	32.75	127	250,0
63	0.75	35.75	127	250,0
63	0.75	36.75	127	250,0
63	-1.75	39.25	127	250,0
63	-45.25	35.75	127	300,0
63	-45.25	36.25	127	300,0
63	-44.75	36.25	127	300,0
63	-38.75	30.25	127	300,0
63	-38.75	29.25	127	300,0
63	-35.75	26.25	127	300,0
63	-35.75	24.75	127	300,0
63	-36.25	24.75	127	300,0
63	-45.25	33.75	127	300,0
63	-45.25	35.75	127	300,0
64	-16.75	16.25	127	250,0
64	-16.75	16.75	127	250,0
64	-16.25	17.25	127	250,0
64	-15.75	17.25	127	250,0
64	-13.75	15.25	127	250,0
64	-13.75	14.25	127	250,0
64	-13.25	13.75	127	250,0
64	-12.25	13.75	127	250,0
64	-12.25	12.75	127	250,0
64	-6.75	7.25	127	250,0
64	-6.75	6.75	127	250,0
64	-7.25	6.75	127	250,0
64	-14.75	14.25	127	250,0
64	-14.75	15.25	127	250,0
64	-15.25	15.75	127	250,0
64	-16.25	15.75	127	250,0
64	-16.75	16.25	127	250,0
65	4.25	36.25	127	250,0
65	4.25	36.75	127	250,0
65	4.75	36.75	127	250,0
65	4.75	36.25	127	250,0
65	4.25	36.25	127	250,0
466	-31.75	9.25	4	300,50
466	-31.75	9.75	4	300,50
466	-31.25	10.25	4	300,50
466	-30.75	10.25	4	300,50
466	-28.75	8.25	4	300,50
466	-28.25	8.25	4	300,50
466	-27.75	8.75	4	300,50
466	-26.75	8.75	4	300,50
466	-26.75	9.25	4	300,50
466	-29.25	11.75	4	300,50
466	-29.25	12.25	4	300,50
466	-28.75	12.75	4	300,50
466	-28.25	12.75	4	300,50
466	-25.75	10.25	4	300,50
466	-24.25	10.25	4	300,50
466	-23.75	10.75	4	300,50
466	-23.25	10.75	4	300,50
466	-23.25	10.25	4	300,50
466	-25.25	8.25	4	300,50
466	-25.25	7.75	4	300,50
466	-23.25	5.75	4	300,50
466	-22.75	5.75	4	300,50
466	-22.25	6.25	4	300,50
466	-22.25	6.75	4	300,50
466	-23.75	8.25	4	300,50
466	-23.75	8.75	4	300,50
466	-21.25	11.25	4	300,50
466	-20.75	11.25	4	300,50
466	-19.25	9.75	4	300,50
466	-19.25	9.25	4	300,50
466	-20.25	8.25	4	300,50
466	-20.25	7.75	4	300,50
466	-19.75	7.25	4	300,50
466	-19.25	7.25	4	300,50
466	-18.25	8.25	4	300,50
466	-17.75	8.25	4	300,50
466	-15.25	5.75	4	300,50
466	-14.75	5.75	4	300,50
466	-14.75	7.25	4	300,50
466	-15.75	7.25	4	300,50
466	-15.75	7.75	4	300,50
466	-15.25	8.25	4	300,50
466	-15.25	9.25	4	300,50
466	-12.75	9.25	4	300,50
466	-12.75	8.75	4	300,50
466	-13.25	8.25	4	300,50
466	-13.25	7.75	4	300,50
466	-12.25	7.75	4	300,50
466	-12.25	7.25	4	300,50
466	-12.75	6.75	4	300,50
466	-12.75	6.25	4	300,50
466	-12.25	5.75	4	300,50
466	-10.75	5.75	4	300,50
466	-10.75	6.75	4	300,50
466	-9.75	6.75	4	300,50
466	-9.25	7.25	4	300,50
466	-9.25	8.25	4	300,50
466	-8.75	8.75	4	300,50
466	-8.75	9.25	4	300,50
466	-9.25	9.75	4	300,50
466	-9.25	11.25	4	300,50
466	-8.75	11.75	4	300,50
466	-7.75	11.75	4	300,50
466	-6.75	12.75	4	300,50
466	-6.25	12.75	4	300,50
466	-5.75	12.25	4	300,50
466	-5.75	11.75	4	300,50
466	-6.75	10.75	4	300,50
466	-6.75	9.25	4	300,50
466	-4.25	9.25	4	300,50
466	-3.75	9.75	4	300,50
466	-3.75	10.25	4	300,50
466	-4.25	10.75	4	300,50
466	-4.25	11.25	4	300,50
466	-3.75	11.75	4	300,50
466	-3.75	12.25	4	300,50
466	-4.25	12.75	4	300,50
466	-4.25	13.75	4	300,50
466	-6.25	13.75	4	300,50
466	-6.25	14.75	4	300,50
466	-6.75	15.25	4	300,50
466	-7.75	15.25	4	300,50
466	-8.25	15.75	4	300,50
466	-9.25	15.75	4	300,50
466	-9.25	16.75	4	300,50
466	-9.75	17.25	4	300,50
466	-9.75	18.25	4	300,50
466	-10.75	18.25	4	300,50
466	-12.25	19.75	4	300,50
466	-12.25	20.25	4	300,50
466	-9.75	22.75	4	300,50
466	-9.25	22.75	4	300,50
466	-8.25	21.75	4	300,50
466	-7.75	21.75	4	300,50
466	-7.75	22.25	4	300,50
466	-8.75	23.25	4	300,50
466	-8.75	23.75	4	300,50
466	-4.75	27.75	4	300,50
466	-4.25	27.75	4	300,50
466	-4.25	27.25	4	300,50
466	-4.75	26.75	4	300,50
466	-4.75	26.25	4	300,50
466	-3.75	25.25	4	300,50
466	-3.75	24.75	4	300,50
466	-4.75	23.75	4	300,50
466	-4.75	23.25	4	300,50
466	-4.25	23.25	4	300,50
466	-3.25	24.25	4	300,50
466	-2.75	24.25	4	300,50
466	-2.75	23.25	4	300,50
466	-2.25	22.75	4	300,50
466	-1.75	22.75	4	300,50
466	-1.25	23.25	4	300,50
466	-0.25	23.25	4	300,50
466	0.25	23.75	4	300,50
466	0.75	23.75	4	300,50
466	0.75	22.75	4	300,50
466	1.75	21.75	4	300,50
466	2.75	21.75	4	300,50
466	5.25	19.25	4	300,50
466	5.25	14.75	4	300,50
466	-10.25	-0.75	4	300,50
466	-29.75	-0.75	4	300,50
466	-31.25	0.75	4	300,50
466	-31.25	1.25	4	300,50
466	-28.25	4.25	4	300,50
466	-27.75	4.25	4	300,50
466	-26.75	3.25	4	300,50
466	-25.75	3.25	4	300,50
466	-25.75	2.25	4	300,50
466	-24.75	2.25	4	300,50
466	-24.25	1.75	4	300,50
466	-23.75	1.75	4	300,50
466	-23.25	2.25	4	300,50
466	-23.25	3.25	4	300,50
466	-22.75	3.75	4	300,50
466	-22.75	4.25	4	300,50
466	-23.75	4.25	4	300,50
466	-23.75	5.25	4	300,50
466	-25.75	7.25	4	300,50
466	-26.25	7.25	4	300,50
466	-26.75	6.75	4	300,50
466	-27.75	6.75	4	300,50
466	-28.25	6.25	4	300,50
466	-28.25	5.25	4	300,50
466	-29.25	4.25	4	300,50
466	-29.75	4.25	4	300,50
466	-30.25	4.75	4	300,50
466	-30.25	5.25	4	300,50
466	-29.25	6.25	4	300,50
466	-29.25	6.75	4	300,50
466	-31.75	9.25	4	300,50
466	-41.25	40.75	4	300,0
466	-41.25	41.25	4	300,0
466	-38.75	43.75	4	300,0
466	-38.25	43.75	4	300,0
466	-36.75	42.25	4	300,0
466	-36.25	42.25	4	300,0
466	-36.25	43.75	4	300,0
466	-37.25	43.75	4	300,0
466	-37.75	44.25	4	300,0
466	-37.75	44.75	4	300,0
466	-33.75	48.75	4	300,0
466	-33.25	48.75	4	300,0
466	-32.25	47.75	4	300,0
466	-31.75	47.75	4	300,0
466	-30.25	49.25	4	300,0
466	-10.75	49.25	4	300,0
466	-10.75	48.75	4	300,0
466	-22.75	36.75	4	300,0
466	-23.25	36.75	4	300,0
466	-23.25	37.75	4	300,0
466	-24.25	38.75	4	300,0
466	-24.75	38.75	4	300,0
466	-27.75	35.75	4	300,0
466	-27.75	35.25	4	300,0
466	-27.25	34.75	4	300,0
466	-26.25	34.75	4	300,0
466	-25.75	34.25	4	300,0
466	-25.75	33.75	4	300,0
466	-27.75	31.75	4	300,0
466	-28.25	31.75	4	300,0
466	-28.75	32.25	4	300,0
466	-28.75	33.25	4	300,0
466	-29.25	33.75	4	300,0
466	-29.75	33.75	4	300,0
466	-31.75	31.75	4	300,0
466	-32.25	31.75	4	300,0
466	-32.25	32.75	4	300,0
466	-33.75	34.25	4	300,0
466	-33.75	34.75	4	300,0
466	-32.75	34.75	4	300,0
466	-31.75	35.75	4	300,0
466	-31.75	36.25	4	300,0
466	-32.25	36.75	4	300,0
466	-32.75	36.75	4	300,0
466	-34.25	35.25	4	300,0
466	-34.75	35.25	4	300,0
466	-37.25	37.75	4	300,0
466	-38.25	37.75	4	300,0
466	-41.25	40.75	4	300,0
466	-44.75	18.25	4	350,50
466	-44.75	18.75	4	350,50
466	-40.25	23.25	4	350,50
466	-38.75	23.25	4	350,50
466	-38.75	22.75	4	350,50
466	-43.25	18.25	4	350,50
466	-43.25	17.75	4	350,50
466	-42.75	17.25	4	350,50
466	-42.75	16.75	4	350,50
466	-44.25	15.25	4	350,50
466	-44.75	15.25	4	350,50
466	-44.75	18.25	4	350,50
77	-4.75	29.25	132	300,50
77	-4.75	29.75	132	300,50
77	-2.25	32.25	132	300,50
77	-1.75	32.25	132	300,50
77	-1.75	31.75	132	300,50
77	-3.75	29.75	132	300,50
77	-3.75	28.25	132	300,50
77	-2.25	26.75	132	300,50
77	-1.25	26.75	132	300,50
77	-1.25	25.75	132	300,50
77	-0.75	25.25	132	300,50
77	-0.25	25.25	132	300,50
77	0.75	26.25	132	300,50
77	1.25	26.25	132	300,50
77	1.25	25.75	132	300,50
77	0.75	25.25	132	300,50
77	0.75	24.75	132	300,50
77	1.75	23.75	132	300,50
77	4.25	23.75	132	300,50
77	4.75	24.25	132	300,50
77	5.25	24.25	132	300,50
77	5.25	19.75	132	300,50
77	4.75	19.75	132	300,50
77	2.75	21.75	132	300,50
77	1.75	21.75	132	300,50
77	0.75	22.75	132	300,50
77	0.75	23.75	132	300,50
77	0.25	23.75	132	300,50
77	-0.25	23.25	132	300,50
77	-1.25	23.25	132	300,50
77	-1.75	22.75	132	300,50
77	-2.25	22.75	132	300,50
77	-2.75	23.25	132	300,50
77	-2.75	24.25	132	300,50
77	-3.25	24.25	132	300,50
77	-4.25	23.25	132	300,50
77	-4.75	23.25	132	300,50
77	-4.75	23.75	132	300,50
77	-3.75	24.75	132	300,50
77	-3.75	25.25	132	300,50
77	-4.75	26.25	132	300,50
77	-4.75	26.75	132	300,50
77	-4.25	27.25	132	300,50
77	-4.25	27.75	132	300,50
77	-4.75	27.75	132	300,50
77	-8.75	23.75	132	300,50
77	-8.75	23.25	132	300,50
77	-7.75	22.25	132	300,50
77	-7.75	21.75	132	300,50
77	-8.25	21.75	132	300,50
77	-9.25	22.75	132	300,50
77	-9.75	22.75	132	300,50
77	-12.25	20.25	132	300,50
77	-12.25	19.75	132	300,50
77	-10.75	18.25	132	300,50
77	-9.75	18.25	132	300,50
77	-9.75	17.25	132	300,50
77	-9.25	16.75	132	300,50
77	-9.25	16.25	132	300,50
77	-10.75	14.75	132	300,50
77	-11.25	14.75	132	300,50
77	-12.75	16.25	132	300,50
77	-13.25	16.25	132	300,50
77	-13.75	15.75	132	300,50
77	-14.25	15.75	132	300,50
77	-14.75	16.25	132	300,50
77	-14.75	16.75	132	300,50
77	-14.25	17.25	132	300,50
77	-14.25	17.75	132	300,50
77	-14.75	18.25	132	300,50
77	-14.75	18.75	132	300,50
77	-4.75	28.75	132	300,50
77	-4.75	29.25	132	300,50
77	-44.75	32.25	132	350,50
77	-44.75	32.75	132	350,50
77	-44.25	32.75	132	350,50
77	-41.75	30.25	132	350,50
77	-41.25	30.25	132	350,50
77	-40.25	31.25	132	350,50
77	-39.25	31.25	132	350,50
77	-38.25	32.25	132	350,50
77	-38.25	32.75	132	350,50
77	-38.75	33.25	132	350,50
77	-39.75	33.25	132	350,50
77	-39.75	34.25	132	350,50
77	-41.25	35.75	132	350,50
77	-41.25	36.25	132	350,50
77	-40.25	37.25	132	350,50
77	-39.75	37.25	132	350,50
77	-39.25	36.75	132	350,50
77	-38.75	36.75	132	350,50
77	-38.75	37.25	132	350,50
77	-39.25	37.75	132	350,50
77	-39.25	38.25	132	350,50
77	-38.75	38.75	132	350,50
77	-38.25	38.75	132	350,50
77	-38.25	37.75	132	350,50
77	-37.75	37.25	132	350,50
77	-37.25	37.25	132	350,50
77	-36.75	37.75	132	350,50
77	-36.25	37.75	132	350,50
77	-35.75	37.25	132	350,50
77	-35.75	36.25	132	350,50
77	-34.25	34.75	132	350,50
77	-34.25	33.75	132	350,50
77	-33.25	33.75	132	350,50
77	-31.75	32.25	132	350,50
77	-31.75	31.75	132	350,50
77	-32.25	31.25	132	350,50
77	-32.25	30.75	132	350,50
77	-31.75	30.25	132	350,50
77	-30.75	30.25	132	350,50
77	-30.25	29.75	132	350,50
77	-30.25	29.25	132	350,50
77	-42.25	17.25	132	350,50
77	-42.75	17.25	132	350,50
77	-43.25	17.75	132	350,50
77	-43.25	18.25	132	350,50
77	-38.75	22.75	132	350,50
77	-38.75	23.25	132	350,50
77	-40.25	23.25	132	350,50
77	-44.25	19.25	132	350,50
77	-44.75	19.25	132	350,50
77	-44.75	26.75	132	350,50
77	-43.75	27.75	132	350,50
77	-43.75	28.25	132	350,50
77	-44.75	29.25	132	350,50
77	-44.75	32.25	132	350,50
78	1.75	33.75	132	300,50
78	1.75	34.25	132	300,50
78	2.25	34.75	132	300,50
78	2.75	34.75	132	300,50
78	4.25	33.25	132	300,50
78	5.25	33.25	132	300,50
78	5.25	29.75	132	300,50
78	4.75	29.75	132	300,50
78	4.75	30.75	132	300,50
78	4.25	30.75	132	300,50
78	3.75	30.25	132	300,50
78	2.75	30.25	132	300,50
78	2.25	29.75	132	300,50
78	2.25	28.75	132	300,50
78	1.75	28.75	132	300,50
78	1.25	29.25	132	300,50
78	1.25	29.75	132	300,50
78	2.75	31.25	132	300,50
78	2.75	32.75	132	300,50
78	1.75	33.75	132	300,50
79	4.75	25.75	132	300,50
79	4.75	26.25	132	300,50
79	5.25	26.25	132	300,50
79	5.25	25.75	132	300,50
79	4.75	25.75	132	300,50
377	-45.25	36.75	280	300,0
377	-45.25	37.25	280	300,0
377	-44.75	37.25	280	300,0
377	-32.25	24.75	280	300,0
377	-32.25	24.25	280	300,0
377	-32.75	24.25	280	300,0
377	-45.25	36.75	280	300,0
443	-43.75	38.25	330	300,0
443	-43.75	38.75	330	300,0
443	-42.75	39.75	330	300,0
443	-42.25	39.75	330	300,0
443	-39.25	36.75	330	300,0
443	-39.25	35.75	330	300,0
443	-31.75	28.25	330	300,0
443	-31.75	27.75	330	300,0
443	-32.25	27.25	330	300,0
443	-32.75	27.25	330	300,0
443	-43.75	38.25	330	300,0
477	-42.25	39.75	46	300,0
477	-42.25	40.25	46	300,0
477	-41.75	40.75	46	300,0
477	-41.25	40.75	46	300,0
477	-38.25	37.75	46	300,0
477	-37.25	37.75	46	300,0
477	-34.75	35.25	46	300,0
477	-34.25	35.25	46	300,0
477	-32.75	36.75	46	300,0
477	-32.25	36.75	46	300,0
477	-31.75	36.25	46	300,0
477	-31.75	35.75	46	300,0
477	-32.75	34.75	46	300,0
477	-33.75	34.75	46	300,0
477	-33.75	34.25	46	300,0
477	-32.25	32.75	46	300,0
477	-32.25	31.75	46	300,0
477	-31.75	31.75	46	300,0
477	-29.75	33.75	46	300,0
477	-29.25	33.75	46	300,0
477	-28.75	33.25	46	300,0
477	-28.75	32.25	46	300,0
477	-28.25	31.75	46	300,0
477	-27.75	31.75	46	300,0
477	-25.75	33.75	46	300,0
477	-25.75	34.25	46	300,0
477	-26.25	34.75	46	300,0
477	-27.25	34.75	46	300,0
477	-27.75	35.25	46	300,0
477	-27.75	35.75	46	300,0
477	-24.75	38.75	46	300,0
477	-24.25	38.75	46	300,0
477	-23.25	37.75	46	300,0
477	-23.25	36.75	46	300,0
477	-22.75	36.75	46	300,0
477	-16.75	42.75	46	300,0
477	-16.25	42.75	46	300,0
477	-16.25	42.25	46	300,0
477	-17.25	41.25	46	300,0
477	-17.25	40.75	46	300,0
477	-16.75	40.75	46	300,0
477	-15.25	42.25	46	300,0
477	-14.75	42.25	46	300,0
477	-14.75	41.75	46	300,0
477	-21.75	34.75	46	300,0
477	-22.25	34.75	46	300,0
477	-22.75	35.25	46	300,0
477	-23.25	35.25	46	300,0
477	-23.75	34.75	46	300,0
477	-23.75	34.25	46	300,0
477	-22.75	34.25	46	300,0
477	-22.75	33.75	46	300,0
477	-24.25	32.25	46	300,0
477	-24.25	31.25	46	300,0
477	-25.25	30.25	46	300,0
477	-26.75	30.25	46	300,0
477	-27.25	30.75	46	300,0
477	-27.75	30.75	46	300,0
477	-28.25	30.25	46	300,0
477	-28.25	28.25	46	300,0
477	-29.25	28.25	46	300,0
477	-29.75	27.75	46	300,0
477	-29.75	25.75	46	300,0
477	-30.25	25.25	46	300,0
477	-30.75	25.25	46	300,0
477	-32.25	26.75	46	300,0
477	-32.25	27.25	46	300,0
477	-31.75	27.75	46	300,0
477	-31.75	28.25	46	300,0
477	-39.25	35.75	46	300,0
477	-39.25	36.75	46	300,0
477	-42.25	39.75	46	300,0
304	-28.25	0.75	231	250,0
304	-28.25	1.25	231	250,0
304	-27.75	1.75	231	250,0
304	-25.75	1.75	231	250,0
304	-24.75	2.75	231	250,0
304	-24.75	3.75	231	250,0
304	-24.25	4.25	231	250,0
304	-23.75	4.25	231	250,0
304	-22.75	3.25	231	250,0
304	-22.25	3.25	231	250,0
304	-21.75	3.75	231	250,0
304	-20.75	3.75	231	250,0
304	-20.25	4.25	231	250,0
304	-19.75	4.25	231	250,0
304	-19.75	3.25	231	250,0
304	-16.25	3.25	231	250,0
304	-15.25	4.25	231	250,0
304	-13.75	4.25	231	250,0
304	-10.75	1.25	231	250,0
304	-10.75	0.75	231	250,0
304	-11.25	0.75	231	250,0
304	-11.75	1.25	231	250,0
304	-12.25	1.25	231	250,0
304	-13.25	0.25	231	250,0
304	-13.75	0.25	231	250,0
304	-14.25	0.75	231	250,0
304	-22.25	0.75	231	250,0
304	-22.75	1.25	231	250,0
304	-23.25	1.25	231	250,0
304	-23.75	0.75	231	250,0
304	-28.25	0.75	231	250,0
628	-13.75	14.25	98	250,0
628	-13.75	14.75	98	250,0
628	-13.25	14.75	98	250,0
628	-12.75	14.25	98	250,0
628	-12.75	13.75	98	250,0
628	-13.25	13.75	98	250,0
628	-13.75	14.25	98	250,0
628	-45.25	32.75	98	300,0
628	-45.25	33.25	98	300,0
628	-44.75	33.25	98	300,0
628	-36.25	24.75	98	300,0
628	-35.75	24.75	98	300,0
628	-35.75	26.25	98	300,0
628	-38.75	29.25	98	300,0
628	-38.75	29.75	98	300,0
628	-38.25	29.75	98	300,0
628	-34.25	25.75	98	300,0
628	-34.25	25.25	98	300,0
628	-36.25	23.25	98	300,0
628	-36.75	23.25	98	300,0
628	-45.25	31.75	98	300,0
628	-45.25	32.75	98	300,0
629	4.25	32.25	98	250,0
629	4.25	32.75	98	250,0
629	4.75	32.75	98	250,0
629	4.75	32.25	98	250,0
629	4.25	32.25	98	250,0
630	-12.25	12.75	98	250,0
630	-12.25	13.25	98	250,0
630	-11.75	13.25	98	250,0
630	-4.25	5.75	98	250,0
630	-4.25	5.25	98	250,0
630	-4.75	4.75	98	250,0
630	-5.25	4.75	98	250,0
630	-6.75	6.25	98	250,0
630	-6.75	7.25	98	250,0
630	-12.25	12.75	98	250,0
459	-13.25	-0.25	342	250,0
459	-13.25	0.25	342	250,0
459	-12.25	1.25	342	250,0
459	-11.75	1.25	342	250,0
459	-11.25	0.75	342	250,0
459	-10.25	0.75	342	250,0
459	-9.75	0.25	342	250,0
459	-9.75	-0.25	342	250,0
459	-13.25	-0.25	342	250,0
481	-29.75	33.25	5	350,50
481	-29.75	33.75	5	350,50
481	-23.75	39.75	5	350,50
481	-23.25	39.75	5	350,50
481	-22.25	38.75	5	350,50
481	-22.25	38.25	5	350,50
481	-22.75	37.75	5	350,50
481	-22.75	37.25	5	350,50
481	-22.25	37.25	5	350,50
481	-10.75	48.75	5	350,50
481	-7.25	48.75	5	350,50
481	-7.25	48.25	5	350,50
481	-19.75	35.75	5	350,50
481	-20.75	35.75	5	350,50
481	-25.75	30.75	5	350,50
481	-25.75	29.75	5	350,50
481	-44.25	11.25	5	350,50
481	-44.75	11.25	5	350,50
481	-44.75	11.75	5	350,50
481	-44.25	12.25	5	350,50
481	-44.25	12.75	5	350,50
481	-44.75	13.25	5	350,50
481	-44.75	14.75	5	350,50
481	-27.75	31.75	5	350,50
481	-27.75	32.25	5	350,50
481	-28.25	32.75	5	350,50
481	-29.25	32.75	5	350,50
481	-29.75	33.25	5	350,50
481	-16.25	42.75	5	300,0
481	-16.25	43.25	5	300,0
481	-13.25	46.25	5	300,0
481	-11.75	46.25	5	300,0
481	-11.75	45.75	5	300,0
481	-13.75	43.75	5	300,0
481	-13.75	43.25	5	300,0
481	-13.25	43.25	5	300,0
481	-7.25	49.25	5	300,0
481	-6.75	49.25	5	300,0
481	-6.75	48.75	5	300,0
481	-20.25	35.25	5	300,0
481	-20.75	35.25	5	300,0
481	-20.75	35.75	5	300,0
481	-14.75	41.75	5	300,0
481	-14.75	42.25	5	300,0
481	-15.25	42.25	5	300,0
481	-16.75	40.75	5	300,0
481	-17.25	40.75	5	300,0
481	-17.25	41.25	5	300,0
481	-16.25	42.25	5	300,0
481	-16.25	42.75	5	300,0
481	-2.75	6.25	5	300,50
481	-2.75	6.75	5	300,50
481	4.75	14.25	5	300,50
481	5.25	14.25	5	300,50
481	5.25	12.75	5	300,50
481	-2.75	4.75	5	300,50
481	-3.25	4.75	5	300,50
481	-3.25	5.25	5	300,50
481	-2.75	5.75	5	300,50
481	-2.75	6.25	5	300,50
481	-10.25	-1.25	5	350,100
481	-10.25	-0.75	5	350,100
481	4.25	13.75	5	350,100
481	4.75	13.75	5	350,100
481	4.75	10.25	5	350,100
481	-6.75	-1.25	5	350,100
481	-10.25	-1.25	5	350,100
481	-45.25	13.75	5	400,100
481	-45.25	14.25	5	400,100
481	-30.75	28.75	5	400,100
481	-30.25	28.75	5	400,100
481	-28.75	27.25	5	400,100
481	-28.75	26.75	5	400,100
481	-44.75	10.75	5	400,100
481	-45.25	10.75	5	400,100
481	-45.25	13.75	5	400,100
481	-44.75	18.25	5	400,50
481	-44.75	18.75	5	400,50
481	-43.75	19.75	5	400,50
481	-43.25	19.75	5	400,50
481	-42.75	19.25	5	400,50
481	-42.25	19.25	5	400,50
481	-34.25	27.25	5	400,50
481	-34.25	28.25	5	400,50
481	-33.25	28.25	5	400,50
481	-32.25	29.25	5	400,50
481	-32.25	29.75	5	400,50
481	-32.75	30.25	5	400,50
481	-32.75	30.75	5	400,50
481	-32.25	31.25	5	400,50
481	-31.75	31.25	5	400,50
481	-31.25	30.75	5	400,50
481	-30.75	30.75	5	400,50
481	-21.25	40.25	5	400,50
481	-21.25	40.75	5	400,50
481	-21.75	41.25	5	400,50
481	-21.75	41.75	5	400,50
481	-20.75	42.75	5	400,50
481	-20.25	42.75	5	400,50
481	-20.25	41.75	5	400,50
481	-19.75	41.75	5	400,50
481	-12.75	48.75	5	400,50
481	-10.25	48.75	5	400,50
481	-10.25	48.25	5	400,50
481	-44.75	13.75	5	400,50
481	-45.25	13.75	5	400,50
481	-45.25	16.25	5	400,50
481	-43.75	17.75	5	400,50
481	-43.75	18.25	5	400,50
481	-44.75	18.25	5	400,50
481	-18.25	42.75	5	350,0
481	-18.25	43.25	5	350,0
481	-12.25	49.25	5	350,0
481	-9.75	49.25	5	350,0
481	-9.75	48.75	5	350,0
481	-16.75	41.75	5	350,0
481	-17.25	41.75	5	350,0
481	-18.25	42.75	5	350,0
482	-44.75	5.25	5	350,50
482	-44.75	5.75	5	350,50
482	-27.25	23.25	5	350,50
482	-26.75	23.25	5	350,50
482	-26.75	22.75	5	350,50
482	-30.25	19.25	5	350,50
482	-30.25	18.25	5	350,50
482	-31.25	17.25	5	350,50
482	-32.25	17.25	5	350,50
482	-39.25	10.25	5	350,50
482	-39.25	9.25	5	350,50
482	-41.25	7.25	5	350,50
482	-42.25	7.25	5	350,50
482	-44.25	5.25	5	350,50
482	-44.75	5.25	5	350,50
482	-17.75	32.25	5	300,0
482	-17.75	32.75	5	300,0
482	-1.25	49.25	5	300,0
482	-0.75	49.25	5	300,0
482	-0.75	48.75	5	300,0
482	-4.25	45.25	5	300,0
482	-4.25	44.25	5	300,0
482	-6.75	41.75	5	300,0
482	-7.75	41.75	5	300,0
482	-12.25	37.25	5	300,0
482	-12.25	36.25	5	300,0
482	-12.75	35.75	5	300,0
482	-13.75	35.75	5	300,0
482	-13.75	34.75	5	300,0
482	-14.75	34.75	5	300,0
482	-17.25	32.25	5	300,0
482	-17.75	32.25	5	300,0
482	-6.25	-0.25	5	300,50
482	-6.25	0.25	5	300,50
482	4.75	11.25	5	300,50
482	5.25	11.25	5	300,50
482	5.25	10.75	5	300,50
482	-5.75	-0.25	5	300,50
482	-6.25	-0.25	5	300,50
482	-1.25	-1.25	5	350,100
482	-1.25	-0.75	5	350,100
482	0.25	0.75	5	350,100
482	0.75	0.75	5	350,100
482	0.75	0.25	5	350,100
482	0.25	-0.25	5	350,100
482	0.25	-1.25	5	350,100
482	-1.25	-1.25	5	350,100
482	-45.25	4.75	5	400,100
482	-45.25	5.25	5	400,100
482	-43.25	7.25	5	400,100
482	-42.75	7.25	5	400,100
482	-42.75	6.75	5	400,100
482	-44.25	5.25	5	400,100
482	-44.25	4.25	5	400,100
482	-44.75	3.75	5	400,100
482	-45.25	3.75	5	400,100
482	-45.25	4.75	5	400,100
482	-30.75	32.25	5	400,50
482	-30.75	32.75	5	400,50
482	-30.25	32.75	5	400,50
482	-30.25	32.25	5	400,50
482	-30.75	32.25	5	400,50
483	-26.25	23.75	5	350,50
483	-26.25	24.25	5	350,50
483	-23.75	26.75	5	350,50
483	-22.25	26.75	5	350,50
483	-22.25	26.25	5	350,50
483	-22.75	25.75	5	350,50
483	-23.75	25.75	5	350,50
483	-25.75	23.75	5	350,50
483	-26.25	23.75	5	350,50
483	-0.75	-0.75	5	300,50
483	-0.75	-0.25	5	300,50
483	4.75	5.25	5	300,50
483	5.25	5.25	5	300,50
483	5.25	4.75	5	300,50
483	-0.25	-0.75	5	300,50
483	-0.75	-0.75	5	300,50
483	4.25	4.25	5	350,100
483	4.25	4.75	5	350,100
483	4.75	4.75	5	350,100
483	4.75	3.25	5	350,100
483	4.25	3.25	5	350,100
483	4.25	4.25	5	350,100
483	-42.25	7.75	5	400,100
483	-42.25	8.25	5	400,100
483	-41.75	8.25	5	400,100
483	-41.75	7.75	5	400,100
483	-42.25	7.75	5	400,100
483	-29.75	33.25	5	400,50
483	-29.75	33.75	5	400,50
483	-29.25	33.75	5	400,50
483	-29.25	33.25	5	400,50
483	-29.75	33.25	5	400,50
484	-17.25	32.75	5	350,50
484	-17.25	33.25	5	350,50
484	-13.75	36.75	5	350,50
484	-12.75	36.75	5	350,50
484	-12.25	37.25	5	350,50
484	-12.25	38.25	5	350,50
484	-2.75	47.75	5	350,50
484	-2.25	47.75	5	350,50
484	-2.25	46.25	5	350,50
484	-2.75	45.75	5	350,50
484	-3.75	45.75	5	350,50
484	-11.25	38.25	5	350,50
484	-11.25	37.25	5	350,50
484	-12.75	35.75	5	350,50
484	-13.75	35.75	5	350,50
484	-14.25	35.25	5	350,50
484	-14.25	34.25	5	350,50
484	-15.25	34.25	5	350,50
484	-16.25	33.25	5	350,50
484	-16.25	32.25	5	350,50
484	-16.75	31.75	5	350,50
484	-17.25	31.75	5	350,50
484	-17.25	32.75	5	350,50
484	1.25	0.75	5	350,100
484	1.25	0.25	5	350,100
484	1.75	0.25	5	350,100
484	3.25	1.75	5	350,100
484	3.25	2.25	5	350,100
484	2.75	2.25	5	350,100
484	1.25	0.75	5	350,100
484	-41.25	8.75	5	400,100
484	-41.25	9.25	5	400,100
484	-40.75	9.75	5	400,100
484	-40.25	9.75	5	400,100
484	-40.25	9.25	5	400,100
484	-40.75	8.75	5	400,100
484	-41.25	8.75	5	400,100
485	-1.75	48.25	5	350,50
485	-1.75	48.75	5	350,50
485	-0.25	48.75	5	350,50
485	-0.25	48.25	5	350,50
485	-1.25	47.25	5	350,50
485	-1.75	47.25	5	350,50
485	-1.75	48.25	5	350,50
485	-37.75	12.25	5	400,100
485	-37.75	12.75	5	400,100
485	-29.25	21.25	5	400,100
485	-28.75	21.25	5	400,100
485	-28.75	20.75	5	400,100
485	-32.25	17.25	5	400,100
485	-32.25	16.25	5	400,100
485	-33.25	16.25	5	400,100
485	-37.25	12.25	5	400,100
485	-37.25	11.25	5	400,100
485	-39.25	9.25	5	400,100
485	-39.75	9.25	5	400,100
485	-39.75	9.75	5	400,100
485	-37.75	11.75	5	400,100
485	-37.75	12.25	5	400,100
486	-4.75	8.25	5	350,50
486	-4.75	8.75	5	350,50
486	-4.25	9.25	5	350,50
486	-3.75	9.25	5	350,50
486	-3.25	8.75	5	350,50
486	-3.25	6.75	5	350,50
486	-2.75	6.75	5	350,50
486	1.25	10.75	5	350,50
486	1.25	11.75	5	350,50
486	1.75	12.25	5	350,50
486	2.75	12.25	5	350,50
486	2.75	12.75	5	350,50
486	2.25	13.25	5	350,50
486	2.25	13.75	5	350,50
486	4.25	15.75	5	350,50
486	4.75	15.75	5	350,50
486	4.75	13.25	5	350,50
486	-9.25	-0.75	5	350,50
486	-11.75	-0.75	5	350,50
486	-11.75	-0.25	5	350,50
486	-4.25	7.25	5	350,50
486	-4.25	7.75	5	350,50
486	-4.75	8.25	5	350,50
486	-27.25	22.75	5	400,100
486	-27.25	23.25	5	400,100
486	-26.25	24.25	5	400,100
486	-25.75	24.25	5	400,100
486	-25.25	23.75	5	400,100
486	-25.25	23.25	5	400,100
486	-26.25	23.25	5	400,100
486	-26.75	22.75	5	400,100
486	-27.25	22.75	5	400,100
487	-1.75	11.25	5	350,50
487	-1.75	11.75	5	350,50
487	-0.75	12.75	5	350,50
487	0.25	12.75	5	350,50
487	0.25	13.75	5	350,50
487	0.75	14.25	5	350,50
487	1.25	14.25	5	350,50
487	1.25	12.75	5	350,50
487	-2.25	9.25	5	350,50
487	-2.75	9.25	5	350,50
487	-2.75	9.75	5	350,50
487	-1.75	10.75	5	350,50
487	-1.75	11.25	5	350,50
487	-7.75	5.25	5	400,100
487	-7.75	5.75	5	400,100
487	-7.25	5.75	5	400,100
487	-5.25	3.75	5	400,100
487	-5.25	3.25	5	400,100
487	-9.75	-1.25	5	400,100
487	-12.25	-1.25	5	400,100
487	-12.25	-0.75	5	400,100
487	-7.25	4.25	5	400,100
487	-7.25	4.75	5	400,100
487	-7.75	5.25	5	400,100
438	-5.75	7.25	326	350,100
438	-5.75	7.75	326	350,100
438	-4.75	8.75	326	350,100
438	-3.75	8.75	326	350,100
438	-3.75	9.75	326	350,100
438	-1.25	12.25	326	350,100
438	-0.25	12.25	326	350,100
438	-0.25	13.25	326	350,100
438	0.25	13.75	326	350,100
438	0.75	13.75	326	350,100
438	1.25	13.25	326	350,100
438	1.25	12.75	326	350,100
438	-0.75	10.75	326	350,100
438	-0.75	9.75	326	350,100
438	-1.25	9.25	326	350,100
438	-2.25	9.25	326	350,100
438	-2.75	8.75	326	350,100
438	-2.75	7.75	326	350,100
438	-4.25	6.25	326	350,100
438	-4.75	6.25	326	350,100
438	-5.75	7.25	326	350,100
325	-10.25	0.75	244	250,0
325	-10.25	1.25	244	250,0
325	-9.25	2.25	244	250,0
325	-8.75	2.25	244	250,0
325	-7.25	0.75	244	250,0
325	-6.25	0.75	244	250,0
325	-5.75	0.25	244	250,0
325	-5.75	-0.25	244	250,0
325	-9.25	-0.25	244	250,0
325	-10.25	0.75	244	250,0
220	-4.25	4.75	202	250,0
220	-4.25	5.25	202	250,0
220	-3.75	5.25	202	250,0
220	-3.25	4.75	202	250,0
220	-3.25	4.25	202	250,0
220	-3.75	4.25	202	250,0
220	-4.25	4.75	202	250,0
220	-36.25	22.75	202	300,0
220	-36.25	23.25	202	300,0
220	-34.25	25.25	202	300,0
220	-33.75	25.25	202	300,0
220	-32.75	24.25	202	300,0
220	-32.25	24.25	202	300,0
220	-32.25	24.75	202	300,0
220	-32.75	25.25	202	300,0
220	-32.75	26.75	202	300,0
220	-32.25	26.75	202	300,0
220	-30.75	25.25	202	300,0
220	-30.75	24.75	202	300,0
220	-32.25	23.25	202	300,0
220	-33.25	23.25	202	300,0
220	-33.75	22.75	202	300,0
220	-34.75	22.75	202	300,0
220	-35.25	22.25	202	300,0
220	-35.75	22.25	202	300,0
220	-36.25	22.75	202	300,0
221	-28.25	29.75	202	300,0
221	-28.25	30.25	202	300,0
221	-27.75	30.75	202	300,0
221	-27.25	30.75	202	300,0
221	-26.75	30.25	202	300,0
221	-25.75	30.25	202	300,0
221	-25.75	29.75	202	300,0
221	-29.25	26.25	202	300,0
221	-29.75	26.25	202	300,0
221	-29.75	27.75	202	300,0
221	-29.25	28.25	202	300,0
221	-28.25	28.25	202	300,0
221	-28.25	29.75	202	300,0
222	-23.75	34.25	202	300,0
222	-23.75	34.75	202	300,0
222	-23.25	35.25	202	300,0
222	-22.75	35.25	202	300,0
222	-22.25	34.75	202	300,0
222	-21.75	34.75	202	300,0
222	-21.25	35.25	202	300,0
222	-20.75	35.25	202	300,0
222	-20.75	34.75	202	300,0
222	-23.75	31.75	202	300,0
222	-24.25	31.75	202	300,0
222	-24.25	32.25	202	300,0
222	-22.75	33.75	202	300,0
222	-22.75	34.25	202	300,0
222	-23.75	34.25	202	300,0
223	-29.25	20.75	202	300,0
223	-29.25	21.25	202	300,0
223	-26.75	23.75	202	300,0
223	-25.75	23.75	202	300,0
223	-24.25	25.25	202	300,0
223	-23.75	25.25	202	300,0
223	-23.75	24.75	202	300,0
223	-25.75	22.75	202	300,0
223	-26.75	22.75	202	300,0
223	-27.25	22.25	202	300,0
223	-27.25	21.25	202	300,0
223	-27.75	20.75	202	300,0
223	-29.25	20.75	202	300,0
224	-23.25	26.75	202	300,0
224	-23.25	27.25	202	300,0
224	-18.25	32.25	202	300,0
224	-17.75	32.25	202	300,0
224	-17.75	30.75	202	300,0
224	-20.25	28.25	202	300,0
224	-21.25	28.25	202	300,0
224	-22.25	27.25	202	300,0
224	-22.25	26.25	202	300,0
224	-22.75	25.75	202	300,0
224	-23.25	25.75	202	300,0
224	-23.25	26.75	202	300,0
225	-7.75	5.25	202	300,0
225	-7.75	5.75	202	300,0
225	-5.25	8.25	202	300,0
225	-4.75	8.25	202	300,0
225	-4.75	7.25	202	300,0
225	-4.25	6.75	202	300,0
225	-3.25	6.75	202	300,0
225	-3.25	6.25	202	300,0
225	-4.25	5.25	202	300,0
225	-5.25	5.25	202	300,0
225	-5.25	4.25	202	300,0
225	-5.75	3.75	202	300,0
225	-6.25	3.75	202	300,0
225	-7.75	5.25	202	300,0
226	-2.75	10.25	202	300,0
226	-2.75	10.75	202	300,0
226	-0.25	13.25	202	300,0
226	0.25	13.25	202	300,0
226	1.75	11.75	202	300,0
226	1.75	11.25	202	300,0
226	0.75	10.25	202	300,0
226	-0.75	10.25	202	300,0
226	-1.25	10.75	202	300,0
226	-1.75	10.75	202	300,0
226	-2.25	10.25	202	300,0
226	-2.75	10.25	202	300,0
197	-12.75	46.25	186	300,0
197	-12.75	46.75	186	300,0
197	-10.25	49.25	186	300,0
197	-7.75	49.25	186	300,0
197	-7.75	48.75	186	300,0
197	-13.25	43.25	186	300,0
197	-13.75	43.25	186	300,0
197	-13.75	43.75	186	300,0
197	-11.75	45.75	186	300,0
197	-11.75	46.25	186	300,0
197	-12.75	46.25	186	300,0
197	-9.75	-0.75	186	300,50
197	-9.75	-0.25	186	300,50
197	-3.25	6.25	186	300,50
197	-2.75	6.25	186	300,50
197	-2.75	5.75	186	300,50
197	-3.25	5.25	186	300,50
197	-3.25	4.75	186	300,50
197	-2.75	4.75	186	300,50
197	4.75	12.25	186	300,50
197	5.25	12.25	186	300,50
197	5.25	11.75	186	300,50
197	-6.25	0.25	186	300,50
197	-6.25	-0.75	186	300,50
197	-9.75	-0.75	186	300,50
197	-44.75	12.25	186	350,50
197	-44.75	12.75	186	350,50
197	-44.25	12.75	186	350,50
197	-44.25	12.25	186	350,50
197	-44.75	12.25	186	350,50
6	-3.75	3.25	101	250,0
6	-3.75	3.75	101	250,0
6	-3.25	4.25	101	250,0
6	-2.75	4.25	101	250,0
6	-2.25	3.75	101	250,0
6	-2.25	3.25	101	250,0
6	-2.75	2.75	101	250,0
6	-3.25	2.75	101	250,0
6	-3.75	3.25	101	250,0
6	-35.25	21.75	101	300,0
6	-35.25	22.25	101	300,0
6	-34.75	22.75	101	300,0
6	-34.25	22.75	101	300,0
6	-33.75	22.25	101	300,0
6	-33.75	21.75	101	300,0
6	-34.25	21.25	101	300,0
6	-34.75	21.25	101	300,0
6	-35.25	21.75	101	300,0
7	-31.75	18.25	101	300,0
7	-31.75	18.75	101	300,0
7	-31.25	19.25	101	300,0
7	-30.25	19.25	101	300,0
7	-28.75	20.75	101	300,0
7	-28.25	20.75	101	300,0
7	-28.25	20.25	101	300,0
7	-30.25	18.25	101	300,0
7	-31.75	18.25	101	300,0
8	-27.25	21.75	101	300,0
8	-27.25	22.25	101	300,0
8	-26.75	22.75	101	300,0
8	-26.25	22.75	101	300,0
8	-26.25	22.25	101	300,0
8	-26.75	21.75	101	300,0
8	-27.25	21.75	101	300,0
9	-12.25	0.75	101	300,0
9	-12.25	1.25	101	300,0
9	-8.25	5.25	101	300,0
9	-7.75	5.25	101	300,0
9	-6.25	3.75	101	300,0
9	-6.25	3.25	101	300,0
9	-7.25	2.25	101	300,0
9	-7.25	1.25	101	300,0
9	-7.75	0.75	101	300,0
9	-8.75	0.75	101	300,0
9	-9.75	-0.25	101	300,0
9	-11.25	-0.25	101	300,0
9	-12.25	0.75	101	300,0
89	-33.75	22.25	138	300,0
89	-33.75	22.75	138	300,0
89	-33.25	23.25	138	300,0
89	-31.75	23.25	138	300,0
89	-31.75	22.75	138	300,0
89	-32.25	22.25	138	300,0
89	-33.75	22.25	138	300,0
89	-2.75	2.25	138	250,0
89	-2.75	2.75	138	250,0
89	-2.25	3.25	138	250,0
89	-1.75	3.25	138	250,0
89	-1.75	2.75	138	250,0
89	-2.25	2.25	138	250,0
89	-2.75	2.25	138	250,0
89	-4.75	0.25	138	300,50
89	-4.75	0.75	138	300,50
89	-4.25	0.75	138	300,50
89	-4.25	0.25	138	300,50
89	-4.75	0.25	138	300,50
89	-44.25	10.75	138	350,50
89	-44.25	11.25	138	350,50
89	-43.75	11.25	138	350,50
89	-43.75	10.75	138	350,50
89	-44.25	10.75	138	350,50
89	-4.75	0.25	138	350,100
89	-4.75	0.75	138	350,100
89	-4.25	0.75	138	350,100
89	-4.25	0.25	138	350,100
89	-4.75	0.25	138	350,100
89	-45.25	9.75	138	400,100
89	-45.25	10.25	138	400,100
89	-44.75	10.25	138	400,100
89	-44.75	9.75	138	400,100
89	-45.25	9.75	138	400,100
100	-34.25	20.75	138	300,0
100	-34.25	21.25	138	300,0
100	-33.75	21.25	138	300,0
100	-33.75	20.75	138	300,0
100	-34.25	20.75	138	300,0
100	-0.75	1.25	138	250,0
100	-0.75	1.75	138	250,0
100	-0.25	1.75	138	250,0
100	-0.25	0.25	138	250,0
100	-0.75	0.25	138	250,0
100	-0.75	1.25	138	250,0
100	-3.75	1.25	138	300,50
100	-3.75	1.75	138	300,50
100	-3.25	1.75	138	300,50
100	-3.25	1.25	138	300,50
100	-3.75	1.25	138	300,50
100	-43.25	11.75	138	350,50
100	-43.25	12.25	138	350,50
100	-42.75	12.25	138	350,50
100	-42.75	11.75	138	350,50
100	-43.25	11.75	138	350,50
100	-0.25	4.75	138	350,100
100	-0.25	5.25	138	350,100
100	1.25	6.75	138	350,100
100	1.75	6.75	138	350,100
100	1.75	6.25	138	350,100
100	0.25	4.75	138	350,100
100	-0.25	4.75	138	350,100
100	-44.25	10.75	138	400,100
100	-44.25	11.25	138	400,100
100	-43.75	11.25	138	400,100
100	-43.75	10.75	138	400,100
100	-44.25	10.75	138	400,100
111	-27.25	27.75	138	300,0
111	-27.25	28.25	138	300,0
111	-26.75	28.75	138	300,0
111	-26.25	28.75	138	300,0
111	-26.25	28.25	138	300,0
111	-26.75	27.75	138	300,0
111	-27.25	27.75	138	300,0
111	-2.25	2.75	138	300,50
111	-2.25	3.25	138	300,50
111	-0.75	4.75	138	300,50
111	-0.25	4.75	138	300,50
111	-0.25	4.25	138	300,50
111	-1.75	2.75	138	300,50
111	-2.25	2.75	138	300,50
111	-40.25	14.75	138	350,50
111	-40.25	15.25	138	350,50
111	-38.75	16.75	138	350,50
111	-38.25	16.75	138	350,50
111	-38.25	16.25	138	350,50
111	-38.75	15.75	138	350,50
111	-38.75	15.25	138	350,50
111	-38.25	14.75	138	350,50
111	-38.25	14.25	138	350,50
111	-38.75	14.25	138	350,50
111	-39.25	14.75	138	350,50
111	-40.25	14.75	138	350,50
111	2.25	7.25	138	350,100
111	2.25	7.75	138	350,100
111	2.75	7.75	138	350,100
111	2.75	7.25	138	350,100
111	2.25	7.25	138	350,100
111	-39.75	15.25	138	400,100
111	-39.75	15.75	138	400,100
111	-39.25	16.25	138	400,100
111	-38.75	16.25	138	400,100
111	-38.75	15.75	138	400,100
111	-39.25	15.25	138	400,100
111	-39.75	15.25	138	400,100
114	-24.75	30.25	138	300,0
114	-24.75	30.75	138	300,0
114	-24.25	30.75	138	300,0
114	-23.75	30.25	138	300,0
114	-23.75	29.75	138	300,0
114	-24.25	29.75	138	300,0
114	-24.75	30.25	138	300,0
114	0.25	5.25	138	300,50
114	0.25	5.75	138	300,50
114	0.75	6.25	138	300,50
114	1.25	6.25	138	300,50
114	1.25	5.75	138	300,50
114	0.75	5.25	138	300,50
114	0.75	4.25	138	300,50
114	0.25	4.25	138	300,50
114	0.25	5.25	138	300,50
114	-37.75	17.25	138	350,50
114	-37.75	17.75	138	350,50
114	-37.25	17.75	138	350,50
114	-36.75	17.25	138	350,50
114	-36.75	16.75	138	350,50
114	-37.25	16.75	138	350,50
114	-37.75	17.25	138	350,50
114	3.75	8.75	138	350,100
114	3.75	9.25	138	350,100
114	4.25	9.75	138	350,100
114	4.75	9.75	138	350,100
114	4.75	9.25	138	350,100
114	4.25	8.75	138	350,100
114	3.75	8.75	138	350,100
114	-37.75	17.25	138	400,100
114	-37.75	17.75	138	400,100
114	-37.25	17.75	138	400,100
114	-37.25	17.25	138	400,100
114	-37.75	17.25	138	400,100
115	-19.75	35.25	138	300,0
115	-19.75	35.75	138	300,0
115	-18.75	36.75	138	300,0
115	-18.25	36.75	138	300,0
115	-18.25	36.25	138	300,0
115	-19.25	35.25	138	300,0
115	-19.75	35.25	138	300,0
115	1.75	6.75	138	300,50
115	1.75	7.25	138	300,50
115	2.25	7.25	138	300,50
115	2.25	6.75	138	300,50
115	1.75	6.75	138	300,50
115	-36.75	18.25	138	350,50
115	-36.75	18.75	138	350,50
115	-36.25	18.75	138	350,50
115	-36.25	18.25	138	350,50
115	-36.75	18.25	138	350,50
115	-0.75	0.25	138	350,100
115	-0.75	0.75	138	350,100
115	-0.25	0.75	138	350,100
115	-0.25	0.25	138	350,100
115	-0.75	0.25	138	350,100
115	-35.75	19.25	138	400,100
115	-35.75	19.75	138	400,100
115	-35.25	19.75	138	400,100
115	-35.25	19.25	138	400,100
115	-35.75	19.25	138	400,100
116	-17.75	37.25	138	300,0
116	-17.75	37.75	138	300,0
116	-17.25	37.75	138	300,0
116	-17.25	37.25	138	300,0
116	-17.75	37.25	138	300,0
116	3.25	8.25	138	300,50
116	3.25	8.75	138	300,50
116	3.75	9.25	138	300,50
116	4.25	9.25	138	300,50
116	4.25	8.75	138	300,50
116	3.75	8.25	138	300,50
116	3.25	8.25	138	300,50
116	-35.25	19.75	138	350,50
116	-35.25	20.25	138	350,50
116	-34.75	20.25	138	350,50
116	-34.75	19.75	138	350,50
116	-35.25	19.75	138	350,50
116	0.75	0.75	138	350,100
116	0.75	1.25	138	350,100
116	1.25	1.75	138	350,100
116	1.75	1.75	138	350,100
116	1.75	1.25	138	350,100
116	1.25	0.75	138	350,100
116	0.75	0.75	138	350,100
116	-34.75	20.25	138	400,100
116	-34.75	20.75	138	400,100
116	-34.25	20.75	138	400,100
116	-34.25	20.25	138	400,100
116	-34.75	20.25	138	400,100
117	-16.75	38.25	138	300,0
117	-16.75	38.75	138	300,0
117	-10.75	44.75	138	300,0
117	-10.25	44.75	138	300,0
117	-10.25	44.25	138	300,0
117	-16.25	38.25	138	300,0
117	-16.75	38.25	138	300,0
117	2.75	7.25	138	300,50
117	2.75	6.75	138	300,50
117	3.25	6.75	138	300,50
117	3.25	7.25	138	300,50
117	2.75	7.25	138	300,50
117	-32.25	22.75	138	350,50
117	-32.25	23.25	138	350,50
117	-31.75	23.75	138	350,50
117	-31.25	23.75	138	350,50
117	-31.25	23.25	138	350,50
117	-31.75	22.75	138	350,50
117	-32.25	22.75	138	350,50
117	2.25	2.25	138	350,100
117	2.25	2.75	138	350,100
117	3.75	4.25	138	350,100
117	4.25	4.25	138	350,100
117	4.25	3.75	138	350,100
117	2.75	2.25	138	350,100
117	2.25	2.25	138	350,100
117	-32.25	22.75	138	400,100
117	-32.25	23.25	138	400,100
117	-31.25	24.25	138	400,100
117	-30.75	24.25	138	400,100
117	-30.75	22.75	138	400,100
117	-32.25	22.75	138	400,100
118	-9.75	45.25	138	300,0
118	-9.75	45.75	138	300,0
118	-9.25	45.75	138	300,0
118	-9.25	45.25	138	300,0
118	-9.75	45.25	138	300,0
118	1.75	4.75	138	300,50
118	1.75	5.25	138	300,50
118	2.25	5.25	138	300,50
118	2.25	4.75	138	300,50
118	1.75	4.75	138	300,50
118	-29.75	25.25	138	350,50
118	-29.75	25.75	138	350,50
118	-28.75	26.75	138	350,50
118	-28.25	26.75	138	350,50
118	-28.25	26.25	138	350,50
118	-29.25	25.25	138	350,50
118	-29.75	25.25	138	350,50
118	-30.25	24.75	138	400,100
118	-30.25	25.25	138	400,100
118	-29.25	26.25	138	400,100
118	-28.75	26.25	138	400,100
118	-28.75	25.75	138	400,100
118	-29.75	24.75	138	400,100
118	-30.25	24.75	138	400,100
119	-8.75	46.25	138	300,0
119	-8.75	46.75	138	300,0
119	-8.25	46.75	138	300,0
119	-7.75	46.25	138	300,0
119	-7.75	45.75	138	300,0
119	-8.25	45.75	138	300,0
119	-8.75	46.25	138	300,0
119	2.75	5.25	138	300,50
119	2.75	3.75	138	300,50
119	3.25	3.75	138	300,50
119	3.25	5.25	138	300,50
119	2.75	5.25	138	300,50
119	-23.75	31.25	138	350,50
119	-23.75	31.75	138	350,50
119	-23.25	31.75	138	350,50
119	-23.25	31.25	138	350,50
119	-23.75	31.25	138	350,50
119	-42.25	11.75	138	400,100
119	-42.25	12.25	138	400,100
119	-41.75	12.25	138	400,100
119	-41.25	11.75	138	400,100
119	-41.25	11.25	138	400,100
119	-41.75	11.25	138	400,100
119	-42.25	11.75	138	400,100
90	-6.25	48.75	138	300,0
90	-6.25	49.25	138	300,0
90	-5.75	49.25	138	300,0
90	-5.75	48.75	138	300,0
90	-6.25	48.75	138	300,0
90	-0.25	0.75	138	300,50
90	-0.25	1.25	138	300,50
90	0.25	1.25	138	300,50
90	0.25	0.75	138	300,50
90	-0.25	0.75	138	300,50
90	-21.75	33.25	138	350,50
90	-21.75	33.75	138	350,50
90	-21.25	33.75	138	350,50
90	-21.25	33.25	138	350,50
90	-21.75	33.25	138	350,50
90	-40.25	13.75	138	400,100
90	-40.25	14.25	138	400,100
90	-39.75	14.25	138	400,100
90	-39.75	13.75	138	400,100
90	-40.25	13.75	138	400,100
91	-29.25	24.75	138	300,0
91	-29.25	25.25	138	300,0
91	-28.75	25.25	138	300,0
91	-28.75	24.75	138	300,0
91	-29.25	24.75	138	300,0
91	-17.75	37.25	138	350,50
91	-17.75	37.75	138	350,50
91	-16.75	38.75	138	350,50
91	-16.25	38.75	138	350,50
91	-16.25	38.25	138	350,50
91	-17.25	37.25	138	350,50
91	-17.75	37.25	138	350,50
91	-43.25	9.75	138	400,100
91	-43.25	10.25	138	400,100
91	-42.75	10.25	138	400,100
91	-42.75	9.75	138	400,100
91	-43.25	9.75	138	400,100
92	-31.25	20.75	138	300,0
92	-31.25	21.25	138	300,0
92	-30.75	21.25	138	300,0
92	-30.75	20.75	138	300,0
92	-31.25	20.75	138	300,0
92	-15.25	39.75	138	350,50
92	-15.25	40.25	138	350,50
92	-14.75	40.25	138	350,50
92	-14.75	39.75	138	350,50
92	-15.25	39.75	138	350,50
92	-37.75	15.25	138	400,100
92	-37.75	15.75	138	400,100
92	-37.25	15.75	138	400,100
92	-37.25	15.25	138	400,100
92	-37.75	15.25	138	400,100
93	-14.25	36.75	138	300,0
93	-14.25	37.25	138	300,0
93	-13.75	37.25	138	300,0
93	-13.75	36.75	138	300,0
93	-14.25	36.75	138	300,0
93	-13.75	41.25	138	350,50
93	-13.75	41.75	138	350,50
93	-13.25	42.25	138	350,50
93	-12.75	42.25	138	350,50
93	-12.75	41.75	138	350,50
93	-13.25	41.25	138	350,50
93	-13.75	41.25	138	350,50
93	-33.25	18.75	138	400,100
93	-33.25	19.25	138	400,100
93	-32.75	19.25	138	400,100
93	-32.75	18.75	138	400,100
93	-33.25	18.75	138	400,100
94	-30.75	19.25	138	300,0
94	-30.75	19.75	138	300,0
94	-29.75	20.75	138	300,0
94	-29.25	20.75	138	300,0
94	-29.25	20.25	138	300,0
94	-30.25	19.25	138	300,0
94	-30.75	19.25	138	300,0
94	-12.25	42.75	138	350,50
94	-12.25	43.25	138	350,50
94	-11.75	43.25	138	350,50
94	-11.75	42.75	138	350,50
94	-12.25	42.75	138	350,50
94	-39.25	11.75	138	400,100
94	-39.25	12.25	138	400,100
94	-37.75	12.25	138	400,100
94	-37.75	11.75	138	400,100
94	-39.75	9.75	138	400,100
94	-40.25	9.75	138	400,100
94	-40.25	10.25	138	400,100
94	-39.25	11.25	138	400,100
94	-39.25	11.75	138	400,100
95	-26.25	23.75	138	300,0
95	-26.25	24.25	138	300,0
95	-23.75	26.75	138	300,0
95	-23.25	26.75	138	300,0
95	-23.25	25.25	138	300,0
95	-24.25	25.25	138	300,0
95	-25.75	23.75	138	300,0
95	-26.25	23.75	138	300,0
95	-10.25	44.75	138	350,50
95	-10.25	45.25	138	350,50
95	-9.75	45.25	138	350,50
95	-9.75	43.75	138	350,50
95	-10.25	43.75	138	350,50
95	-10.25	44.75	138	350,50
95	-35.75	15.25	138	400,100
95	-35.75	15.75	138	400,100
95	-35.25	15.75	138	400,100
95	-35.25	15.25	138	400,100
95	-35.75	15.25	138	400,100
355	-25.75	30.25	267	350,50
355	-25.75	30.75	267	350,50
355	-20.75	35.75	267	350,50
355	-20.25	35.75	267	350,50
355	-20.25	35.25	267	350,50
355	-25.25	30.25	267	350,50
355	-25.75	30.25	267	350,50
356	-23.25	26.75	267	350,50
356	-23.25	27.25	267	350,50
356	-22.25	28.25	267	350,50
356	-21.25	28.25	267	350,50
356	-20.75	28.75	267	350,50
356	-20.75	29.75	267	350,50
356	-18.75	31.75	267	350,50
356	-17.75	31.75	267	350,50
356	-17.75	32.75	267	350,50
356	-17.25	32.75	267	350,50
356	-17.25	31.25	267	350,50
356	-21.75	26.75	267	350,50
356	-23.25	26.75	267	350,50
357	-3.75	9.25	267	350,50
357	-3.75	9.75	267	350,50
357	-2.25	11.25	267	350,50
357	-1.75	11.25	267	350,50
357	-1.75	10.75	267	350,50
357	-2.75	9.75	267	350,50
357	-2.75	9.25	267	350,50
357	-2.25	9.25	267	350,50
357	1.75	13.25	267	350,50
357	2.25	13.25	267	350,50
357	2.75	12.75	267	350,50
357	2.75	12.25	267	350,50
357	1.75	12.25	267	350,50
357	1.25	11.75	267	350,50
357	1.25	10.75	267	350,50
357	-2.75	6.75	267	350,50
357	-3.25	6.75	267	350,50
357	-3.25	8.75	267	350,50
357	-3.75	9.25	267	350,50
358	-0.25	12.75	267	350,50
358	-0.25	13.25	267	350,50
358	0.25	13.25	267	350,50
358	0.25	12.75	267	350,50
358	-0.25	12.75	267	350,50
96	-9.25	45.75	138	350,50
96	-9.25	46.25	138	350,50
96	-8.25	47.25	138	350,50
96	-7.75	47.25	138	350,50
96	-7.75	46.75	138	350,50
96	-8.75	45.75	138	350,50
96	-9.25	45.75	138	350,50
96	-28.25	21.75	138	400,100
96	-28.25	22.25	138	400,100
96	-27.75	22.75	138	400,100
96	-27.25	22.75	138	400,100
96	-27.25	22.25	138	400,100
96	-27.75	21.75	138	400,100
96	-28.25	21.75	138	400,100
97	-30.75	23.75	138	350,50
97	-30.75	23.25	138	350,50
97	-30.25	23.25	138	350,50
97	-30.25	23.75	138	350,50
97	-30.75	23.75	138	350,50
98	-26.25	27.75	138	350,50
98	-26.25	28.25	138	350,50
98	-25.75	28.75	138	350,50
98	-25.25	28.75	138	350,50
98	-25.25	28.25	138	350,50
98	-25.75	27.75	138	350,50
98	-26.25	27.75	138	350,50
99	-5.75	48.25	138	350,50
99	-5.75	48.75	138	350,50
99	-5.25	48.75	138	350,50
99	-5.25	48.25	138	350,50
99	-5.75	48.25	138	350,50
101	-44.25	7.75	138	350,50
101	-44.25	8.25	138	350,50
101	-43.75	8.25	138	350,50
101	-43.75	7.75	138	350,50
101	-44.25	7.75	138	350,50
102	-43.25	8.25	138	350,50
102	-43.25	7.75	138	350,50
102	-42.75	7.75	138	350,50
102	-42.75	8.25	138	350,50
102	-43.25	8.25	138	350,50
103	-37.25	13.75	138	350,50
103	-37.25	14.25	138	350,50
103	-36.75	14.25	138	350,50
103	-36.75	13.75	138	350,50
103	-37.25	13.75	138	350,50
104	-18.75	32.25	138	350,50
104	-18.75	32.75	138	350,50
104	-18.25	32.75	138	350,50
104	-17.75	32.25	138	350,50
104	-17.75	31.75	138	350,50
104	-18.25	31.75	138	350,50
104	-18.75	32.25	138	350,50
105	-11.75	39.25	138	350,50
105	-11.75	39.75	138	350,50
105	-11.25	39.75	138	350,50
105	-11.25	39.25	138	350,50
105	-11.75	39.25	138	350,50
106	-8.75	42.25	138	350,50
106	-8.75	42.75	138	350,50
106	-8.25	42.75	138	350,50
106	-8.25	42.25	138	350,50
106	-8.75	42.25	138	350,50
107	-7.75	43.25	138	350,50
107	-7.75	43.75	138	350,50
107	-7.25	43.75	138	350,50
107	-7.25	43.25	138	350,50
107	-7.75	43.25	138	350,50
108	-6.75	44.25	138	350,50
108	-6.75	44.75	138	350,50
108	-6.25	44.75	138	350,50
108	-6.25	44.25	138	350,50
108	-6.75	44.25	138	350,50
109	-26.75	23.25	138	350,50
109	-26.75	23.75	138	350,50
109	-26.25	23.75	138	350,50
109	-26.25	23.25	138	350,50
109	-26.75	23.25	138	350,50
110	-21.75	28.25	138	350,50
110	-21.75	28.75	138	350,50
110	-21.25	29.25	138	350,50
110	-20.75	29.25	138	350,50
110	-20.75	28.75	138	350,50
110	-21.25	28.25	138	350,50
110	-21.75	28.25	138	350,50
112	-13.25	36.75	138	350,50
112	-13.25	37.25	138	350,50
112	-12.75	37.75	138	350,50
112	-12.25	37.75	138	350,50
112	-12.25	37.25	138	350,50
112	-12.75	36.75	138	350,50
112	-13.25	36.75	138	350,50
113	-2.25	47.75	138	350,50
113	-2.25	48.25	138	350,50
113	-1.75	48.25	138	350,50
113	-1.75	47.75	138	350,50
113	-2.25	47.75	138	350,50
327	-0.25	-0.25	246	250,0
327	-0.25	0.25	246	250,0
327	0.25	0.75	246	250,0
327	0.75	0.75	246	250,0
327	1.25	0.25	246	250,0
327	1.25	-0.25	246	250,0
327	-0.25	-0.25	246	250,0
327	-31.25	17.75	246	300,0
327	-31.25	18.25	246	300,0
327	-30.75	18.25	246	300,0
327	-30.75	17.75	246	300,0
327	-31.25	17.75	246	300,0
178	-42.75	7.25	171	400,100
178	-42.75	7.75	171	400,100
178	-41.75	7.75	171	400,100
178	-41.75	8.75	171	400,100
178	-40.75	8.75	171	400,100
178	-40.25	9.25	171	400,100
178	-39.75	9.25	171	400,100
178	-39.75	8.75	171	400,100
178	-43.75	4.75	171	400,100
178	-44.25	4.75	171	400,100
178	-44.25	5.25	171	400,100
178	-42.75	6.75	171	400,100
178	-42.75	7.25	171	400,100
178	0.25	-0.75	171	350,100
178	0.25	-0.25	171	350,100
178	0.75	0.25	171	350,100
178	1.25	0.25	171	350,100
178	1.25	-0.25	171	350,100
178	0.75	-0.75	171	350,100
178	0.25	-0.75	171	350,100
178	-31.75	31.25	171	400,50
178	-31.75	31.75	171	400,50
178	-31.25	32.25	171	400,50
178	-30.25	32.25	171	400,50
178	-30.25	33.25	171	400,50
178	-29.25	33.25	171	400,50
178	-29.25	34.25	171	400,50
178	-22.25	41.25	171	400,50
178	-21.75	41.25	171	400,50
178	-21.25	40.75	171	400,50
178	-21.25	40.25	171	400,50
178	-30.75	30.75	171	400,50
178	-31.25	30.75	171	400,50
178	-31.75	31.25	171	400,50
85	-28.75	21.25	136	400,100
85	-28.75	21.75	136	400,100
85	-27.75	21.75	136	400,100
85	-26.25	23.25	136	400,100
85	-25.75	23.25	136	400,100
85	-25.75	22.75	136	400,100
85	-31.75	16.75	136	400,100
85	-32.25	16.75	136	400,100
85	-32.25	17.25	136	400,100
85	-28.75	20.75	136	400,100
85	-28.75	21.25	136	400,100
85	-20.25	42.75	136	400,50
85	-20.25	43.25	136	400,50
85	-14.75	48.75	136	400,50
85	-13.25	48.75	136	400,50
85	-13.25	48.25	136	400,50
85	-19.75	41.75	136	400,50
85	-20.25	41.75	136	400,50
85	-20.25	42.75	136	400,50
86	-37.25	11.75	136	400,100
86	-37.25	12.25	136	400,100
86	-33.25	16.25	136	400,100
86	-32.75	16.25	136	400,100
86	-32.75	15.75	136	400,100
86	-36.75	11.75	136	400,100
86	-37.25	11.75	136	400,100
87	-14.25	-1.25	136	400,100
87	-14.25	-0.75	136	400,100
87	-8.25	5.25	136	400,100
87	-7.75	5.25	136	400,100
87	-7.25	4.75	136	400,100
87	-7.25	4.25	136	400,100
87	-12.75	-1.25	136	400,100
87	-14.25	-1.25	136	400,100
328	-13.25	-0.25	246	300,0
328	-13.25	0.25	246	300,0
328	-12.75	0.75	246	300,0
328	-12.25	0.75	246	300,0
328	-11.75	0.25	246	300,0
328	-11.75	-0.25	246	300,0
328	-13.25	-0.25	246	300,0
426	-22.25	26.75	317	300,0
426	-22.25	27.25	317	300,0
426	-21.25	28.25	317	300,0
426	-20.75	28.25	317	300,0
426	-20.75	27.75	317	300,0
426	-21.75	26.75	317	300,0
426	-22.25	26.75	317	300,0
426	-44.75	14.25	317	350,0
426	-44.75	14.75	317	350,0
426	-41.25	18.25	317	350,0
426	-40.75	18.25	317	350,0
426	-40.75	17.75	317	350,0
426	-44.25	14.25	317	350,0
426	-44.75	14.25	317	350,0
427	-4.75	8.25	317	300,0
427	-4.75	8.75	317	300,0
427	-3.25	10.25	317	300,0
427	-2.25	10.25	317	300,0
427	-1.75	10.75	317	300,0
427	-1.25	10.75	317	300,0
427	-0.75	10.25	317	300,0
427	0.75	10.25	317	300,0
427	4.75	14.25	317	300,0
427	5.25	14.25	317	300,0
427	5.25	13.75	317	300,0
427	-5.25	3.25	317	300,0
427	-5.75	3.25	317	300,0
427	-5.75	3.75	317	300,0
427	-5.25	4.25	317	300,0
427	-5.25	5.25	317	300,0
427	-4.25	5.25	317	300,0
427	-3.25	6.25	317	300,0
427	-3.25	6.75	317	300,0
427	-4.25	6.75	317	300,0
427	-4.75	7.25	317	300,0
427	-4.75	8.25	317	300,0
208	-17.75	31.25	195	300,0
208	-17.75	31.75	195	300,0
208	-17.25	31.75	195	300,0
208	-17.25	31.25	195	300,0
208	-17.75	31.25	195	300,0
208	-44.75	16.25	195	350,0
208	-44.75	16.75	195	350,0
208	-18.75	42.75	195	350,0
208	-18.25	42.75	195	350,0
208	-17.25	41.75	195	350,0
208	-17.25	41.25	195	350,0
208	-37.75	20.75	195	350,0
208	-38.75	20.75	195	350,0
208	-38.75	19.75	195	350,0
208	-40.25	18.25	195	350,0
208	-41.25	18.25	195	350,0
208	-44.25	15.25	195	350,0
208	-44.75	15.25	195	350,0
208	-44.75	16.25	195	350,0
209	0.25	13.25	195	300,0
209	0.25	13.75	195	300,0
209	0.75	13.75	195	300,0
209	1.25	13.25	195	300,0
209	1.75	13.25	195	300,0
209	4.75	16.25	195	300,0
209	5.25	16.25	195	300,0
209	5.25	14.75	195	300,0
209	2.25	11.75	195	300,0
209	1.75	11.75	195	300,0
209	0.25	13.25	195	300,0
506	-17.25	31.75	58	300,0
506	-17.25	32.25	58	300,0
506	-14.75	34.75	58	300,0
506	-14.25	34.75	58	300,0
506	-14.25	34.25	58	300,0
506	-16.75	31.75	58	300,0
506	-17.25	31.75	58	300,0
506	0.25	-0.75	58	300,50
506	0.25	-0.25	58	300,50
506	4.75	4.25	58	300,50
506	5.25	4.25	58	300,50
506	5.25	3.75	58	300,50
506	0.75	-0.75	58	300,50
506	0.25	-0.75	58	300,50
506	-44.75	4.25	58	350,50
506	-44.75	4.75	58	350,50
506	-42.25	7.25	58	350,50
506	-41.75	7.25	58	350,50
506	-41.75	6.75	58	350,50
506	-44.25	4.25	58	350,50
506	-44.75	4.25	58	350,50
506	-44.75	18.25	58	350,0
506	-44.75	18.75	58	350,0
506	-14.25	49.25	58	350,0
506	-12.75	49.25	58	350,0
506	-12.75	48.75	58	350,0
506	-44.25	17.25	58	350,0
506	-44.75	17.25	58	350,0
506	-44.75	18.25	58	350,0
507	-13.75	35.25	58	300,0
507	-13.75	35.75	58	300,0
507	-13.25	35.75	58	300,0
507	-13.25	35.25	58	300,0
507	-13.75	35.25	58	300,0
507	-39.25	9.75	58	350,50
507	-39.25	10.25	58	350,50
507	-32.25	17.25	58	350,50
507	-31.75	17.25	58	350,50
507	-31.75	16.75	58	350,50
507	-38.75	9.75	58	350,50
507	-39.25	9.75	58	350,50
508	-12.25	36.75	58	300,0
508	-12.25	37.25	58	300,0
508	-7.75	41.75	58	300,0
508	-7.25	41.75	58	300,0
508	-7.25	41.25	58	300,0
508	-11.75	36.75	58	300,0
508	-12.25	36.75	58	300,0
508	-30.25	18.75	58	350,50
508	-30.25	19.25	58	350,50
508	-23.75	25.75	58	350,50
508	-23.25	25.75	58	350,50
508	-23.25	25.25	58	350,50
508	-29.75	18.75	58	350,50
508	-30.25	18.75	58	350,50
509	-4.25	44.75	58	300,0
509	-4.25	45.25	58	300,0
509	-0.25	49.25	58	300,0
509	0.25	49.25	58	300,0
509	0.25	48.75	58	300,0
509	-3.75	44.75	58	300,0
509	-4.25	44.75	58	300,0
509	-13.75	-0.75	58	350,50
509	-13.75	-0.25	58	350,50
509	-5.25	8.25	58	350,50
509	-4.75	8.25	58	350,50
509	-4.25	7.75	58	350,50
509	-4.25	7.25	58	350,50
509	-12.25	-0.75	58	350,50
509	-13.75	-0.75	58	350,50
510	0.75	13.75	58	300,0
510	0.75	14.25	58	300,0
510	4.75	18.25	58	300,0
510	5.25	18.25	58	300,0
510	5.25	16.75	58	300,0
510	1.75	13.25	58	300,0
510	1.25	13.25	58	300,0
510	0.75	13.75	58	300,0
216	-16.25	32.75	200	350,50
216	-16.25	33.25	200	350,50
216	-15.25	34.25	200	350,50
216	-14.75	34.25	200	350,50
216	-14.75	33.75	200	350,50
216	-15.75	32.75	200	350,50
216	-16.25	32.75	200	350,50
216	-45.25	17.75	200	400,50
216	-45.25	18.25	200	400,50
216	-43.75	18.25	200	400,50
216	-43.75	17.75	200	400,50
216	-44.75	16.75	200	400,50
216	-45.25	16.75	200	400,50
216	-45.25	17.75	200	400,50
217	-14.25	34.75	200	350,50
217	-14.25	35.25	200	350,50
217	-13.75	35.75	200	350,50
217	-13.25	35.75	200	350,50
217	-13.25	35.25	200	350,50
217	-13.75	34.75	200	350,50
217	-14.25	34.75	200	350,50
218	1.25	14.25	200	350,50
218	1.25	14.75	200	350,50
218	4.25	17.75	200	350,50
218	4.75	17.75	200	350,50
218	4.75	16.25	200	350,50
218	1.75	13.25	200	350,50
218	1.25	13.25	200	350,50
218	1.25	14.25	200	350,50
133	-11.25	37.75	144	350,50
133	-11.25	38.25	144	350,50
133	-3.75	45.75	144	350,50
133	-3.25	45.75	144	350,50
133	-3.25	45.25	144	350,50
133	-10.75	37.75	144	350,50
133	-11.25	37.75	144	350,50
133	-43.25	19.75	144	400,50
133	-43.25	20.25	144	400,50
133	-33.25	30.25	144	400,50
133	-32.75	30.25	144	400,50
133	-32.25	29.75	144	400,50
133	-32.25	29.25	144	400,50
133	-33.25	28.25	144	400,50
133	-34.25	28.25	144	400,50
133	-34.25	27.25	144	400,50
133	-42.25	19.25	144	400,50
133	-42.75	19.25	144	400,50
133	-43.25	19.75	144	400,50
134	-2.25	46.75	144	350,50
134	-2.25	47.25	144	350,50
134	-1.75	47.25	144	350,50
134	-1.75	46.75	144	350,50
134	-2.25	46.75	144	350,50
179	3.25	2.25	171	350,100
179	3.25	2.75	171	350,100
179	3.75	3.25	171	350,100
179	4.25	3.25	171	350,100
179	4.25	2.75	171	350,100
179	3.75	2.25	171	350,100
179	3.25	2.25	171	350,100
420	-9.25	-0.25	311	300,0
420	-9.25	0.25	311	300,0
420	-8.75	0.75	311	300,0
420	-7.25	0.75	311	300,0
420	-6.75	0.25	311	300,0
420	-6.75	-0.25	311	300,0
420	-9.25	-0.25	311	300,0
330	-7.25	1.75	248	300,0
330	-7.25	2.25	248	300,0
330	-6.25	3.25	248	300,0
330	-5.25	3.25	248	300,0
330	4.75	13.25	248	300,0
330	5.25	13.25	248	300,0
330	5.25	12.75	248	300,0
330	-0.75	6.75	248	300,0
330	-0.75	6.25	248	300,0
330	-0.25	6.25	248	300,0
330	0.25	6.75	248	300,0
330	1.25	6.75	248	300,0
330	2.25	7.75	248	300,0
330	2.75	7.75	248	300,0
330	3.25	7.25	248	300,0
330	3.25	5.75	248	300,0
330	-1.25	1.25	248	300,0
330	-1.25	0.75	248	300,0
330	-0.75	0.75	248	300,0
330	1.25	2.75	248	300,0
330	1.75	2.75	248	300,0
330	1.75	2.25	248	300,0
330	-0.75	-0.25	248	300,0
330	-2.25	-0.25	248	300,0
330	-3.75	1.25	248	300,0
330	-5.25	1.25	248	300,0
330	-6.25	0.25	248	300,0
330	-6.75	0.25	248	300,0
330	-7.25	0.75	248	300,0
330	-7.25	1.75	248	300,0
330	-44.75	13.25	248	350,0
330	-44.75	13.75	248	350,0
330	-41.25	17.25	248	350,0
330	-40.75	17.25	248	350,0
330	-40.75	16.75	248	350,0
330	-44.25	13.25	248	350,0
330	-44.75	13.25	248	350,0
467	-38.75	20.25	40	350,0
467	-38.75	20.75	40	350,0
467	-37.75	20.75	40	350,0
467	-9.25	49.25	40	350,0
467	-8.75	49.25	40	350,0
467	-8.75	48.75	40	350,0
467	-33.25	24.25	40	350,0
467	-33.25	23.75	40	350,0
467	-32.75	23.75	40	350,0
467	-20.25	36.25	40	350,0
467	-19.75	36.25	40	350,0
467	-19.75	35.75	40	350,0
467	-44.25	11.25	40	350,0
467	-44.75	11.25	40	350,0
467	-44.75	12.75	40	350,0
467	-40.75	16.75	40	350,0
467	-40.75	17.75	40	350,0
467	-38.75	19.75	40	350,0
467	-38.75	20.25	40	350,0
467	-8.75	-0.75	40	350,50
467	-8.75	-0.25	40	350,50
467	4.25	12.75	40	350,50
467	4.75	12.75	40	350,50
467	4.75	12.25	40	350,50
467	-8.25	-0.75	40	350,50
467	-8.75	-0.75	40	350,50
467	-45.25	12.75	40	400,50
467	-45.25	13.25	40	400,50
467	-17.25	41.25	40	400,50
467	-16.75	41.25	40	400,50
467	-16.75	40.75	40	400,50
467	-44.75	12.75	40	400,50
467	-45.25	12.75	40	400,50
467	-0.75	6.25	40	300,0
467	-0.75	6.75	40	300,0
467	4.75	12.25	40	300,0
467	5.25	12.25	40	300,0
467	5.25	10.75	40	300,0
467	4.25	9.75	40	300,0
467	4.25	9.25	40	300,0
467	5.25	8.25	40	300,0
467	5.25	7.75	40	300,0
467	3.75	6.25	40	300,0
467	3.25	6.25	40	300,0
467	3.25	7.25	40	300,0
467	2.75	7.75	40	300,0
467	2.25	7.75	40	300,0
467	1.25	6.75	40	300,0
467	0.25	6.75	40	300,0
467	-0.25	6.25	40	300,0
467	-0.75	6.25	40	300,0
479	-16.75	41.25	48	400,50
479	-16.75	41.75	48	400,50
479	-9.75	48.75	48	400,50
479	-7.25	48.75	48	400,50
479	-7.25	48.25	48	400,50
479	-44.75	10.75	48	400,50
479	-45.25	10.75	48	400,50
479	-45.25	12.25	48	400,50
479	-16.75	40.75	48	400,50
479	-16.75	41.25	48	400,50
479	-9.25	-1.25	48	400,100
479	-9.25	-0.75	48	400,100
479	-5.25	3.25	48	400,100
479	-4.75	3.25	48	400,100
479	-3.75	2.25	48	400,100
479	-3.75	1.75	48	400,100
479	-6.75	-1.25	48	400,100
479	-9.25	-1.25	48	400,100
479	-33.25	23.75	48	350,0
479	-33.25	24.25	48	350,0
479	-16.75	40.75	48	350,0
479	-15.75	40.75	48	350,0
479	-7.25	49.25	48	350,0
479	-6.75	49.25	48	350,0
479	-6.75	48.75	48	350,0
479	-19.25	36.25	48	350,0
479	-20.25	36.25	48	350,0
479	-32.75	23.75	48	350,0
479	-33.25	23.75	48	350,0
479	-3.25	3.75	48	350,50
479	-3.25	4.25	48	350,50
479	4.25	11.75	48	350,50
479	4.75	11.75	48	350,50
479	4.75	10.25	48	350,50
479	-0.75	4.75	48	350,50
479	-1.75	4.75	48	350,50
479	-1.75	3.75	48	350,50
479	-6.25	-0.75	48	350,50
479	-6.75	-0.75	48	350,50
479	-6.75	-0.25	48	350,50
479	-3.25	3.25	48	350,50
479	-3.25	3.75	48	350,50
371	-16.25	40.75	276	350,0
371	-16.25	41.25	276	350,0
371	-8.25	49.25	276	350,0
371	-7.75	49.25	276	350,0
371	-7.75	48.75	276	350,0
371	-15.75	40.75	276	350,0
371	-16.25	40.75	276	350,0
371	-7.75	-0.75	276	350,50
371	-7.75	-0.25	276	350,50
371	-3.75	3.75	276	350,50
371	-3.25	3.75	276	350,50
371	-3.25	3.25	276	350,50
371	-7.25	-0.75	276	350,50
371	-7.75	-0.75	276	350,50
294	-6.25	-0.25	225	300,0
294	-6.25	0.25	225	300,0
294	-5.25	1.25	225	300,0
294	-3.75	1.25	225	300,0
294	-2.75	0.25	225	300,0
294	-2.75	-0.25	225	300,0
294	-6.25	-0.25	225	300,0
425	-1.75	4.25	316	350,50
425	-1.75	4.75	316	350,50
425	-0.75	4.75	316	350,50
425	3.25	8.75	316	350,50
425	3.75	8.75	316	350,50
425	4.25	8.25	316	350,50
425	4.25	7.75	316	350,50
425	-4.25	-0.75	316	350,50
425	-5.75	-0.75	316	350,50
425	-5.75	-0.25	316	350,50
425	-1.75	3.75	316	350,50
425	-1.75	4.25	316	350,50
425	-7.75	47.25	316	350,0
425	-7.75	47.75	316	350,0
425	-6.25	49.25	316	350,0
425	-4.75	49.25	316	350,0
425	-4.75	48.75	316	350,0
425	-5.75	47.75	316	350,0
425	-6.75	47.75	316	350,0
425	-7.25	47.25	316	350,0
425	-7.75	47.25	316	350,0
441	4.25	9.25	329	300,0
441	4.25	9.75	329	300,0
441	4.75	10.25	329	300,0
441	5.25	10.25	329	300,0
441	5.25	8.75	329	300,0
441	4.75	8.75	329	300,0
441	4.25	9.25	329	300,0
441	-44.75	10.25	329	350,0
441	-44.75	10.75	329	350,0
441	-39.25	16.25	329	350,0
441	-38.75	16.25	329	350,0
441	-38.25	15.75	329	350,0
441	-38.25	15.25	329	350,0
441	-44.25	9.25	329	350,0
441	-44.25	8.25	329	350,0
441	-44.75	8.25	329	350,0
441	-44.75	10.25	329	350,0
82	-38.75	16.25	134	350,0
82	-38.75	16.75	134	350,0
82	-8.75	46.75	134	350,0
82	-8.25	46.75	134	350,0
82	-7.75	46.25	134	350,0
82	-7.75	45.75	134	350,0
82	-14.25	39.25	134	350,0
82	-14.25	38.25	134	350,0
82	-43.75	8.75	134	350,0
82	-44.25	8.75	134	350,0
82	-44.25	9.25	134	350,0
82	-38.25	15.25	134	350,0
82	-38.25	15.75	134	350,0
82	-38.75	16.25	134	350,0
562	-8.25	46.75	77	350,0
562	-8.25	47.25	77	350,0
562	-7.25	47.25	77	350,0
562	-6.75	47.75	77	350,0
562	-5.75	47.75	77	350,0
562	-4.25	49.25	77	350,0
562	-3.75	49.25	77	350,0
562	-3.75	48.75	77	350,0
562	-13.75	38.75	77	350,0
562	-14.25	38.75	77	350,0
562	-14.25	39.25	77	350,0
562	-7.75	45.75	77	350,0
562	-7.75	46.25	77	350,0
562	-8.25	46.75	77	350,0
562	3.75	8.75	77	350,50
562	3.75	9.25	77	350,50
562	4.25	9.25	77	350,50
562	4.75	8.75	77	350,50
562	4.75	7.25	77	350,50
562	-3.25	-0.75	77	350,50
562	-3.75	-0.75	77	350,50
562	-3.75	-0.25	77	350,50
562	4.25	7.75	77	350,50
562	4.25	8.25	77	350,50
562	3.75	8.75	77	350,50
562	-17.75	37.25	77	400,50
562	-17.75	37.75	77	400,50
562	-6.75	48.75	77	400,50
562	-4.25	48.75	77	400,50
562	-4.25	48.25	77	400,50
562	-26.25	26.25	77	400,50
562	-26.25	25.75	77	400,50
562	-25.75	25.25	77	400,50
562	-25.25	25.25	77	400,50
562	-17.25	33.25	77	400,50
562	-15.75	33.25	77	400,50
562	-14.75	32.25	77	400,50
562	-14.25	32.25	77	400,50
562	-14.25	32.75	77	400,50
562	-15.25	33.75	77	400,50
562	-15.25	34.25	77	400,50
562	-14.75	34.25	77	400,50
562	-13.25	32.75	77	400,50
562	-13.25	32.25	77	400,50
562	-14.25	31.25	77	400,50
562	-15.25	31.25	77	400,50
562	-15.75	30.75	77	400,50
562	-16.25	30.75	77	400,50
562	-17.25	31.75	77	400,50
562	-17.75	31.75	77	400,50
562	-24.25	25.25	77	400,50
562	-24.25	24.75	77	400,50
562	-23.25	23.75	77	400,50
562	-23.25	23.25	77	400,50
562	-23.75	23.25	77	400,50
562	-24.75	24.25	77	400,50
562	-25.25	24.25	77	400,50
562	-25.75	23.75	77	400,50
562	-25.75	23.25	77	400,50
562	-25.25	22.75	77	400,50
562	-25.25	22.25	77	400,50
562	-25.75	22.25	77	400,50
562	-26.25	22.75	77	400,50
562	-27.25	22.75	77	400,50
562	-27.25	23.25	77	400,50
562	-26.25	24.25	77	400,50
562	-26.25	24.75	77	400,50
562	-26.75	25.25	77	400,50
562	-27.25	25.25	77	400,50
562	-44.75	7.75	77	400,50
562	-45.25	7.75	77	400,50
562	-45.25	8.25	77	400,50
562	-17.25	36.25	77	400,50
562	-17.25	36.75	77	400,50
562	-17.75	37.25	77	400,50
562	-6.25	-1.25	77	400,100
562	-6.25	-0.75	77	400,100
562	-3.75	1.75	77	400,100
562	-3.25	1.75	77	400,100
562	-2.25	0.75	77	400,100
562	-2.25	0.25	77	400,100
562	-3.75	-1.25	77	400,100
562	-6.25	-1.25	77	400,100
399	4.25	9.25	297	350,50
399	4.25	9.75	297	350,50
399	4.75	9.75	297	350,50
399	4.75	9.25	297	350,50
399	4.25	9.25	297	350,50
399	-45.25	9.75	297	400,50
399	-45.25	10.25	297	400,50
399	-18.25	37.25	297	400,50
399	-17.75	37.25	297	400,50
399	-17.25	36.75	297	400,50
399	-17.25	36.25	297	400,50
399	-44.75	8.75	297	400,50
399	-45.25	8.75	297	400,50
399	-45.25	9.75	297	400,50
235	-1.25	0.75	21	300,0
235	-1.25	1.25	21	300,0
235	1.25	3.75	21	300,0
235	2.25	3.75	21	300,0
235	4.75	6.25	21	300,0
235	5.25	6.25	21	300,0
235	5.25	5.75	21	300,0
235	3.25	3.75	21	300,0
235	3.25	3.25	21	300,0
235	4.25	2.25	21	300,0
235	4.25	1.75	21	300,0
235	3.75	1.75	21	300,0
235	2.75	2.75	21	300,0
235	1.25	2.75	21	300,0
235	-0.75	0.75	21	300,0
235	-1.25	0.75	21	300,0
235	-44.75	6.25	21	350,0
235	-44.75	6.75	21	350,0
235	-19.25	32.25	21	350,0
235	-18.75	32.25	21	350,0
235	-18.75	31.75	21	350,0
235	-21.25	29.25	21	350,0
235	-21.25	27.75	21	350,0
235	-20.25	26.75	21	350,0
235	-20.25	26.25	21	350,0
235	-25.25	21.25	21	350,0
235	-26.25	21.25	21	350,0
235	-26.75	20.75	21	350,0
235	-26.75	19.75	21	350,0
235	-27.75	18.75	21	350,0
235	-28.25	18.75	21	350,0
235	-29.75	20.25	21	350,0
235	-30.25	20.25	21	350,0
235	-32.75	17.75	21	350,0
235	-32.75	17.25	21	350,0
235	-31.25	15.75	21	350,0
235	-31.25	15.25	21	350,0
235	-32.75	13.75	21	350,0
235	-33.75	13.75	21	350,0
235	-33.75	12.75	21	350,0
235	-34.25	12.25	21	350,0
235	-35.75	12.25	21	350,0
235	-36.75	13.25	21	350,0
235	-37.25	13.25	21	350,0
235	-40.25	10.25	21	350,0
235	-40.25	8.75	21	350,0
235	-39.75	8.25	21	350,0
235	-39.75	7.75	21	350,0
235	-40.25	7.75	21	350,0
235	-40.75	8.25	21	350,0
235	-41.25	8.25	21	350,0
235	-41.75	7.75	21	350,0
235	-42.75	7.75	21	350,0
235	-44.25	6.25	21	350,0
235	-44.75	6.25	21	350,0
464	1.75	3.75	39	300,0
464	1.75	4.25	39	300,0
464	4.75	7.25	39	300,0
464	5.25	7.25	39	300,0
464	5.25	6.75	39	300,0
464	2.25	3.75	39	300,0
464	1.75	3.75	39	300,0
464	-44.75	7.25	39	350,0
464	-44.75	7.75	39	350,0
464	-3.25	49.25	39	350,0
464	-0.75	49.25	39	350,0
464	-0.75	48.75	39	350,0
464	-1.75	47.75	39	350,0
464	-1.75	47.25	39	350,0
464	-0.75	46.25	39	350,0
464	-0.75	45.75	39	350,0
464	-3.25	43.25	39	350,0
464	-4.75	43.25	39	350,0
464	-4.75	44.25	39	350,0
464	-7.25	44.25	39	350,0
464	-7.75	43.75	39	350,0
464	-7.75	43.25	39	350,0
464	-5.25	40.75	39	350,0
464	-5.25	40.25	39	350,0
464	-10.25	35.25	39	350,0
464	-10.75	35.25	39	350,0
464	-13.25	37.75	39	350,0
464	-13.75	37.75	39	350,0
464	-18.25	33.25	39	350,0
464	-18.25	32.25	39	350,0
464	-19.25	32.25	39	350,0
464	-44.25	7.25	39	350,0
464	-44.75	7.25	39	350,0
464	-2.75	-0.75	39	350,50
464	-2.75	-0.25	39	350,50
464	4.25	6.75	39	350,50
464	4.75	6.75	39	350,50
464	4.75	5.25	39	350,50
464	0.25	0.75	39	350,50
464	0.25	0.25	39	350,50
464	0.75	-0.25	39	350,50
464	0.75	-0.75	39	350,50
464	-2.75	-0.75	39	350,50
464	-45.25	6.75	39	400,50
464	-45.25	7.25	39	400,50
464	-27.25	25.25	39	400,50
464	-26.75	25.25	39	400,50
464	-26.25	24.75	39	400,50
464	-26.25	24.25	39	400,50
464	-27.25	23.25	39	400,50
464	-27.25	22.75	39	400,50
464	-25.75	21.25	39	400,50
464	-25.75	20.75	39	400,50
464	-26.25	20.75	39	400,50
464	-27.25	21.75	39	400,50
464	-27.75	21.75	39	400,50
464	-29.25	20.25	39	400,50
464	-29.25	19.75	39	400,50
464	-28.25	18.75	39	400,50
464	-28.25	18.25	39	400,50
464	-32.75	13.75	39	400,50
464	-33.25	13.75	39	400,50
464	-34.25	14.75	39	400,50
464	-34.75	14.75	39	400,50
464	-35.25	14.25	39	400,50
464	-35.25	13.75	39	400,50
464	-34.25	12.75	39	400,50
464	-34.25	12.25	39	400,50
464	-34.75	12.25	39	400,50
464	-36.25	13.75	39	400,50
464	-36.75	13.75	39	400,50
464	-40.25	10.25	39	400,50
464	-40.25	9.75	39	400,50
464	-38.75	8.25	39	400,50
464	-38.75	7.75	39	400,50
464	-39.25	7.25	39	400,50
464	-39.75	7.25	39	400,50
464	-41.25	8.75	39	400,50
464	-41.75	8.75	39	400,50
464	-44.75	5.75	39	400,50
464	-45.25	5.75	39	400,50
464	-45.25	6.75	39	400,50
465	-0.25	49.25	39	350,0
465	-0.25	48.75	39	350,0
465	0.75	47.75	39	350,0
465	2.25	47.75	39	350,0
465	2.25	48.25	39	350,0
465	1.25	49.25	39	350,0
465	-0.25	49.25	39	350,0
422	-26.25	25.75	313	400,50
422	-26.25	26.25	313	400,50
422	-14.25	38.25	313	400,50
422	-13.75	38.25	313	400,50
422	-13.25	37.75	313	400,50
422	-12.75	37.75	313	400,50
422	-12.25	38.25	313	400,50
422	-11.75	38.25	313	400,50
422	-11.25	37.75	313	400,50
422	-10.75	37.75	313	400,50
422	-10.75	38.25	313	400,50
422	-11.25	38.75	313	400,50
422	-11.25	39.25	313	400,50
422	-9.25	41.25	313	400,50
422	-8.25	41.25	313	400,50
422	-8.25	42.25	313	400,50
422	-7.75	42.25	313	400,50
422	-6.75	41.25	313	400,50
422	-4.75	41.25	313	400,50
422	-4.75	40.75	313	400,50
422	-5.25	40.25	313	400,50
422	-6.25	40.25	313	400,50
422	-7.25	39.25	313	400,50
422	-8.25	39.25	313	400,50
422	-8.25	37.25	313	400,50
422	-10.25	35.25	313	400,50
422	-10.75	35.25	313	400,50
422	-12.25	36.75	313	400,50
422	-13.75	36.75	313	400,50
422	-15.25	35.25	313	400,50
422	-15.25	33.75	313	400,50
422	-14.25	32.75	313	400,50
422	-14.25	32.25	313	400,50
422	-14.75	32.25	313	400,50
422	-15.75	33.25	313	400,50
422	-17.25	33.25	313	400,50
422	-25.25	25.25	313	400,50
422	-25.75	25.25	313	400,50
422	-26.25	25.75	313	400,50
175	-13.75	38.25	169	400,50
175	-13.75	38.75	169	400,50
175	-3.75	48.75	169	400,50
175	-1.25	48.75	169	400,50
175	0.75	46.75	169	400,50
175	0.75	46.25	169	400,50
175	0.25	45.75	169	400,50
175	-0.25	45.75	169	400,50
175	-1.75	47.25	169	400,50
175	-3.25	47.25	169	400,50
175	-6.75	43.75	169	400,50
175	-6.75	43.25	169	400,50
175	-5.25	41.75	169	400,50
175	-5.25	41.25	169	400,50
175	-6.75	41.25	169	400,50
175	-7.75	42.25	169	400,50
175	-8.25	42.25	169	400,50
175	-8.25	41.25	169	400,50
175	-9.25	41.25	169	400,50
175	-11.25	39.25	169	400,50
175	-11.25	38.75	169	400,50
175	-10.75	38.25	169	400,50
175	-10.75	37.75	169	400,50
175	-11.25	37.75	169	400,50
175	-11.75	38.25	169	400,50
175	-12.25	38.25	169	400,50
175	-12.75	37.75	169	400,50
175	-13.25	37.75	169	400,50
175	-13.75	38.25	169	400,50
175	-3.25	-1.25	169	400,100
175	-3.25	-0.75	169	400,100
175	-2.25	0.25	169	400,100
175	-1.75	0.25	169	400,100
175	-1.25	-0.25	169	400,100
175	-1.25	-0.75	169	400,100
175	-1.75	-1.25	169	400,100
175	-3.25	-1.25	169	400,100
432	-18.25	32.75	320	350,0
432	-18.25	33.25	320	350,0
432	-13.75	37.75	320	350,0
432	-13.25	37.75	320	350,0
432	-11.25	35.75	320	350,0
432	-11.25	35.25	320	350,0
432	-11.75	34.75	320	350,0
432	-13.25	34.75	320	350,0
432	-13.75	35.25	320	350,0
432	-14.25	35.25	320	350,0
432	-17.25	32.25	320	350,0
432	-17.25	31.75	320	350,0
432	-16.25	30.75	320	350,0
432	-16.25	30.25	320	350,0
432	-16.75	30.25	320	350,0
432	-18.25	31.75	320	350,0
432	-18.25	32.75	320	350,0
160	-7.75	43.25	159	350,0
160	-7.75	43.75	159	350,0
160	-7.25	44.25	159	350,0
160	-4.75	44.25	159	350,0
160	-4.75	43.25	159	350,0
160	-3.25	43.25	159	350,0
160	-0.75	45.75	159	350,0
160	-0.75	46.25	159	350,0
160	-1.75	47.25	159	350,0
160	-1.75	47.75	159	350,0
160	-0.75	48.75	159	350,0
160	-0.25	48.75	159	350,0
160	0.75	47.75	159	350,0
160	1.75	47.75	159	350,0
160	1.75	47.25	159	350,0
160	-3.75	41.75	159	350,0
160	-4.75	41.75	159	350,0
160	-5.25	41.25	159	350,0
160	-5.75	41.25	159	350,0
160	-7.75	43.25	159	350,0
243	-0.25	-0.25	216	300,0
243	-0.25	0.25	216	300,0
243	0.25	0.75	216	300,0
243	1.25	0.75	216	300,0
243	1.75	1.25	216	300,0
243	2.25	1.25	216	300,0
243	2.75	0.75	216	300,0
243	4.75	0.75	216	300,0
243	5.25	0.25	216	300,0
243	5.25	-0.25	216	300,0
243	-0.25	-0.25	216	300,0
243	-44.75	0.25	216	350,0
243	-44.75	0.75	216	350,0
243	-44.25	1.25	216	350,0
243	-43.75	1.25	216	350,0
243	-42.75	0.25	216	350,0
243	-42.75	-0.25	216	350,0
243	-44.25	-0.25	216	350,0
243	-44.75	0.25	216	350,0
445	0.75	0.75	332	300,0
445	0.75	1.25	332	300,0
445	1.75	2.25	332	300,0
445	2.25	2.25	332	300,0
445	3.25	1.25	332	300,0
445	3.25	0.75	332	300,0
445	2.75	0.75	332	300,0
445	2.25	1.25	332	300,0
445	1.75	1.25	332	300,0
445	1.25	0.75	332	300,0
445	0.75	0.75	332	300,0
168	2.25	2.25	165	300,0
168	2.25	2.75	165	300,0
168	2.75	2.75	165	300,0
168	3.75	1.75	165	300,0
168	4.25	1.75	165	300,0
168	4.25	2.25	165	300,0
168	3.25	3.25	165	300,0
168	3.25	3.75	165	300,0
168	4.75	5.25	165	300,0
168	5.25	5.25	165	300,0
168	5.25	4.75	165	300,0
168	4.25	3.75	165	300,0
168	4.25	3.25	165	300,0
168	5.25	2.25	165	300,0
168	5.25	1.75	165	300,0
168	4.25	0.75	165	300,0
168	3.75	0.75	165	300,0
168	2.25	2.25	165	300,0
168	-44.75	5.25	165	350,0
168	-44.75	5.75	165	350,0
168	-42.75	7.75	165	350,0
168	-41.75	7.75	165	350,0
168	-41.25	8.25	165	350,0
168	-40.75	8.25	165	350,0
168	-40.25	7.75	165	350,0
168	-39.75	7.75	165	350,0
168	-39.75	8.25	165	350,0
168	-40.25	8.75	165	350,0
168	-40.25	10.25	165	350,0
168	-37.25	13.25	165	350,0
168	-36.75	13.25	165	350,0
168	-35.75	12.25	165	350,0
168	-34.25	12.25	165	350,0
168	-33.75	12.75	165	350,0
168	-33.75	13.75	165	350,0
168	-32.75	13.75	165	350,0
168	-31.25	15.25	165	350,0
168	-30.75	15.25	165	350,0
168	-30.75	14.75	165	350,0
168	-32.25	13.25	165	350,0
168	-32.25	12.25	165	350,0
168	-33.25	11.25	165	350,0
168	-35.25	11.25	165	350,0
168	-36.25	10.25	165	350,0
168	-36.75	10.25	165	350,0
168	-37.75	11.25	165	350,0
168	-38.25	11.25	165	350,0
168	-38.25	10.75	165	350,0
168	-36.75	9.25	165	350,0
168	-36.75	8.75	165	350,0
168	-37.25	8.75	165	350,0
168	-38.75	10.25	165	350,0
168	-39.25	10.25	165	350,0
168	-39.25	9.75	165	350,0
168	-38.25	8.75	165	350,0
168	-38.25	8.25	165	350,0
168	-40.25	6.25	165	350,0
168	-41.75	6.25	165	350,0
168	-42.25	6.75	165	350,0
168	-42.75	6.75	165	350,0
168	-44.25	5.25	165	350,0
168	-44.75	5.25	165	350,0
550	-32.75	17.25	73	350,0
550	-32.75	17.75	73	350,0
550	-30.25	20.25	73	350,0
550	-29.75	20.25	73	350,0
550	-28.25	18.75	73	350,0
550	-27.75	18.75	73	350,0
550	-26.75	19.75	73	350,0
550	-26.75	20.75	73	350,0
550	-26.25	21.25	73	350,0
550	-25.25	21.25	73	350,0
550	-20.25	26.25	73	350,0
550	-20.25	26.75	73	350,0
550	-21.25	27.75	73	350,0
550	-21.25	29.25	73	350,0
550	-18.75	31.75	73	350,0
550	-18.25	31.75	73	350,0
550	-16.75	30.25	73	350,0
550	-16.25	30.25	73	350,0
550	-16.25	30.75	73	350,0
550	-17.25	31.75	73	350,0
550	-17.25	32.25	73	350,0
550	-14.25	35.25	73	350,0
550	-13.75	35.25	73	350,0
550	-13.25	34.75	73	350,0
550	-11.75	34.75	73	350,0
550	-11.25	35.25	73	350,0
550	-10.25	35.25	73	350,0
550	-5.25	40.25	73	350,0
550	-5.25	41.25	73	350,0
550	-4.75	41.75	73	350,0
550	-3.75	41.75	73	350,0
550	1.75	47.25	73	350,0
550	2.25	47.25	73	350,0
550	3.25	46.25	73	350,0
550	3.25	45.75	73	350,0
550	-2.25	40.25	73	350,0
550	-2.25	39.75	73	350,0
550	-1.75	39.25	73	350,0
550	-1.75	38.75	73	350,0
550	-2.25	38.25	73	350,0
550	-2.75	38.25	73	350,0
550	-3.25	38.75	73	350,0
550	-3.75	38.75	73	350,0
550	-9.75	32.75	73	350,0
550	-9.75	31.75	73	350,0
550	-10.25	31.25	73	350,0
550	-10.25	28.75	73	350,0
550	-8.75	28.75	73	350,0
550	-8.25	29.25	73	350,0
550	-7.75	29.25	73	350,0
550	-7.75	28.75	73	350,0
550	-9.75	26.75	73	350,0
550	-10.25	26.75	73	350,0
550	-11.25	27.75	73	350,0
550	-13.25	27.75	73	350,0
550	-13.75	28.25	73	350,0
550	-14.25	28.25	73	350,0
550	-14.25	27.25	73	350,0
550	-14.75	26.75	73	350,0
550	-14.75	25.75	73	350,0
550	-15.75	25.75	73	350,0
550	-17.25	24.25	73	350,0
550	-18.25	24.25	73	350,0
550	-20.25	22.25	73	350,0
550	-20.25	21.25	73	350,0
550	-21.25	20.25	73	350,0
550	-21.25	19.25	73	350,0
550	-21.75	19.25	73	350,0
550	-22.25	19.75	73	350,0
550	-22.75	19.75	73	350,0
550	-23.75	18.75	73	350,0
550	-23.75	17.75	73	350,0
550	-24.75	17.75	73	350,0
550	-25.75	16.75	73	350,0
550	-25.75	14.75	73	350,0
550	-26.25	14.25	73	350,0
550	-26.25	13.75	73	350,0
550	-24.75	12.25	73	350,0
550	-24.75	11.75	73	350,0
550	-25.25	11.25	73	350,0
550	-25.75	11.25	73	350,0
550	-27.25	12.75	73	350,0
550	-29.25	12.75	73	350,0
550	-29.25	13.75	73	350,0
550	-29.75	14.25	73	350,0
550	-29.75	15.75	73	350,0
550	-29.25	16.25	73	350,0
550	-29.25	16.75	73	350,0
550	-29.75	16.75	73	350,0
550	-30.75	15.75	73	350,0
550	-31.25	15.75	73	350,0
550	-32.75	17.25	73	350,0
533	0.25	0.25	65	350,50
533	0.25	0.75	65	350,50
533	4.25	4.75	65	350,50
533	4.75	4.75	65	350,50
533	4.75	-0.75	65	350,50
533	1.25	-0.75	65	350,50
533	0.25	0.25	65	350,50
533	-45.25	4.75	65	400,50
533	-45.25	5.25	65	400,50
533	-41.75	8.75	65	400,50
533	-41.25	8.75	65	400,50
533	-39.25	6.75	65	400,50
533	-38.75	6.75	65	400,50
533	-36.75	8.75	65	400,50
533	-36.75	10.25	65	400,50
533	-37.75	11.25	65	400,50
533	-37.75	11.75	65	400,50
533	-36.75	12.75	65	400,50
533	-36.25	12.75	65	400,50
533	-34.75	11.25	65	400,50
533	-34.25	11.25	65	400,50
533	-27.75	17.75	65	400,50
533	-27.75	18.25	65	400,50
533	-29.25	19.75	65	400,50
533	-29.25	20.25	65	400,50
533	-27.75	21.75	65	400,50
533	-27.25	21.75	65	400,50
533	-26.25	20.75	65	400,50
533	-25.75	20.75	65	400,50
533	-25.75	21.25	65	400,50
533	-26.75	22.25	65	400,50
533	-26.75	22.75	65	400,50
533	-26.25	22.75	65	400,50
533	-25.75	22.25	65	400,50
533	-25.25	22.25	65	400,50
533	-25.25	22.75	65	400,50
533	-25.75	23.25	65	400,50
533	-25.75	23.75	65	400,50
533	-25.25	24.25	65	400,50
533	-24.75	24.25	65	400,50
533	-23.75	23.25	65	400,50
533	-23.25	23.25	65	400,50
533	-23.25	23.75	65	400,50
533	-24.25	24.75	65	400,50
533	-24.25	25.25	65	400,50
533	-17.75	31.75	65	400,50
533	-17.25	31.75	65	400,50
533	-16.25	30.75	65	400,50
533	-15.75	30.75	65	400,50
533	-15.25	31.25	65	400,50
533	-14.25	31.25	65	400,50
533	-13.25	32.25	65	400,50
533	-13.25	32.75	65	400,50
533	-15.25	34.75	65	400,50
533	-15.25	35.25	65	400,50
533	-13.75	36.75	65	400,50
533	-12.25	36.75	65	400,50
533	-10.75	35.25	65	400,50
533	-10.25	35.25	65	400,50
533	-8.25	37.25	65	400,50
533	-8.25	39.25	65	400,50
533	-7.25	39.25	65	400,50
533	-6.25	40.25	65	400,50
533	-5.25	40.25	65	400,50
533	-4.75	40.75	65	400,50
533	-4.75	41.75	65	400,50
533	-3.25	43.25	65	400,50
533	-2.25	43.25	65	400,50
533	-1.25	44.25	65	400,50
533	-1.25	44.75	65	400,50
533	-1.75	45.25	65	400,50
533	-1.75	45.75	65	400,50
533	0.25	45.75	65	400,50
533	0.75	46.25	65	400,50
533	0.75	46.75	65	400,50
533	-0.75	48.25	65	400,50
533	-0.75	48.75	65	400,50
533	-0.25	48.75	65	400,50
533	3.25	45.25	65	400,50
533	3.25	44.75	65	400,50
533	2.25	44.75	65	400,50
533	1.25	43.75	65	400,50
533	1.25	42.75	65	400,50
533	0.25	42.75	65	400,50
533	-0.75	41.75	65	400,50
533	-0.75	41.25	65	400,50
533	-0.25	40.75	65	400,50
533	-0.25	40.25	65	400,50
533	-1.25	40.25	65	400,50
533	-2.25	39.25	65	400,50
533	-3.25	39.25	65	400,50
533	-8.75	33.75	65	400,50
533	-8.75	33.25	65	400,50
533	-8.25	32.75	65	400,50
533	-8.25	30.75	65	400,50
533	-7.25	29.75	65	400,50
533	-6.75	29.75	65	400,50
533	-6.25	30.25	65	400,50
533	-5.25	30.25	65	400,50
533	0.75	36.25	65	400,50
533	0.75	37.25	65	400,50
533	3.25	39.75	65	400,50
533	3.75	39.75	65	400,50
533	3.75	39.25	65	400,50
533	1.75	37.25	65	400,50
533	1.75	36.75	65	400,50
533	2.25	36.75	65	400,50
533	3.25	37.75	65	400,50
533	3.75	37.75	65	400,50
533	3.75	37.25	65	400,50
533	1.75	35.25	65	400,50
533	0.75	35.25	65	400,50
533	-0.75	33.75	65	400,50
533	-0.75	31.75	65	400,50
533	-1.25	31.25	65	400,50
533	-1.25	30.75	65	400,50
533	-0.75	30.25	65	400,50
533	0.75	30.25	65	400,50
533	3.25	32.75	65	400,50
533	4.25	32.75	65	400,50
533	4.75	33.25	65	400,50
533	5.25	33.25	65	400,50
533	5.25	32.75	65	400,50
533	4.75	32.25	65	400,50
533	4.75	31.75	65	400,50
533	5.25	31.25	65	400,50
533	5.25	30.75	65	400,50
533	-0.75	24.75	65	400,50
533	-0.75	24.25	65	400,50
533	-0.25	23.75	65	400,50
533	0.75	23.75	65	400,50
533	1.75	22.75	65	400,50
533	1.75	22.25	65	400,50
533	1.25	21.75	65	400,50
533	1.25	21.25	65	400,50
533	1.75	20.75	65	400,50
533	1.75	20.25	65	400,50
533	1.25	19.75	65	400,50
533	1.25	19.25	65	400,50
533	1.75	19.25	65	400,50
533	2.25	19.75	65	400,50
533	2.75	19.75	65	400,50
533	3.25	19.25	65	400,50
533	3.25	18.75	65	400,50
533	2.25	17.75	65	400,50
533	1.75	17.75	65	400,50
533	0.75	18.75	65	400,50
533	0.25	18.75	65	400,50
533	0.25	17.25	65	400,50
533	0.75	16.75	65	400,50
533	1.75	16.75	65	400,50
533	2.25	16.25	65	400,50
533	3.75	16.25	65	400,50
533	4.75	17.25	65	400,50
533	5.25	17.25	65	400,50
533	5.25	-0.25	65	400,50
533	4.75	-0.75	65	400,50
533	2.25	-0.75	65	400,50
533	1.75	-0.25	65	400,50
533	0.25	-0.25	65	400,50
533	-0.25	-0.75	65	400,50
533	-6.75	-0.75	65	400,50
533	-7.75	0.25	65	400,50
533	-8.75	0.25	65	400,50
533	-11.75	3.25	65	400,50
533	-11.75	4.75	65	400,50
533	-10.75	5.75	65	400,50
533	-10.75	7.25	65	400,50
533	-11.25	7.25	65	400,50
533	-11.75	6.75	65	400,50
533	-12.25	6.75	65	400,50
533	-12.75	7.25	65	400,50
533	-13.75	7.25	65	400,50
533	-14.25	7.75	65	400,50
533	-14.25	8.25	65	400,50
533	-13.25	8.25	65	400,50
533	-13.25	8.75	65	400,50
533	-13.75	9.25	65	400,50
533	-15.25	9.25	65	400,50
533	-15.75	8.75	65	400,50
533	-16.75	8.75	65	400,50
533	-17.25	8.25	65	400,50
533	-17.25	7.75	65	400,50
533	-16.75	7.25	65	400,50
533	-16.75	6.75	65	400,50
533	-21.25	2.25	65	400,50
533	-23.25	2.25	65	400,50
533	-23.75	1.75	65	400,50
533	-24.25	1.75	65	400,50
533	-24.75	2.25	65	400,50
533	-24.75	3.25	65	400,50
533	-25.75	3.25	65	400,50
533	-25.75	3.75	65	400,50
533	-23.75	5.75	65	400,50
533	-23.75	6.75	65	400,50
533	-23.25	7.25	65	400,50
533	-23.25	7.75	65	400,50
533	-26.75	7.75	65	400,50
533	-28.25	6.25	65	400,50
533	-28.75	6.25	65	400,50
533	-28.75	6.75	65	400,50
533	-22.75	12.75	65	400,50
533	-22.75	13.75	65	400,50
533	-22.25	14.25	65	400,50
533	-21.25	14.25	65	400,50
533	-20.25	15.25	65	400,50
533	-20.25	16.25	65	400,50
533	-19.25	17.25	65	400,50
533	-19.25	17.75	65	400,50
533	-20.75	19.25	65	400,50
533	-21.75	19.25	65	400,50
533	-22.25	19.75	65	400,50
533	-22.75	19.75	65	400,50
533	-22.75	19.25	65	400,50
533	-22.25	18.75	65	400,50
533	-22.25	18.25	65	400,50
533	-22.75	18.25	65	400,50
533	-23.25	18.75	65	400,50
533	-23.75	18.75	65	400,50
533	-25.25	17.25	65	400,50
533	-25.25	16.25	65	400,50
533	-26.25	16.25	65	400,50
533	-32.75	9.75	65	400,50
533	-32.75	9.25	65	400,50
533	-30.25	6.75	65	400,50
533	-30.25	6.25	65	400,50
533	-31.25	5.25	65	400,50
533	-31.75	5.25	65	400,50
533	-32.75	6.25	65	400,50
533	-33.75	6.25	65	400,50
533	-34.75	7.25	65	400,50
533	-35.25	7.25	65	400,50
533	-35.75	6.75	65	400,50
533	-35.75	5.75	65	400,50
533	-36.75	5.75	65	400,50
533	-37.25	5.25	65	400,50
533	-37.25	4.75	65	400,50
533	-36.25	3.75	65	400,50
533	-36.25	2.75	65	400,50
533	-35.25	1.75	65	400,50
533	-35.25	1.25	65	400,50
533	-35.75	0.75	65	400,50
533	-36.25	0.75	65	400,50
533	-38.75	3.25	65	400,50
533	-39.25	3.25	65	400,50
533	-39.25	2.75	65	400,50
533	-36.25	-0.25	65	400,50
533	-36.25	-0.75	65	400,50
533	-36.75	-0.75	65	400,50
533	-39.75	2.25	65	400,50
533	-40.25	2.25	65	400,50
533	-43.25	-0.75	65	400,50
533	-44.75	-0.75	65	400,50
533	-45.25	-0.25	65	400,50
533	-45.25	4.75	65	400,50
533	-1.25	-1.25	65	400,100
533	-1.25	-0.75	65	400,100
533	-0.75	-0.75	65	400,100
533	-0.75	-1.25	65	400,100
533	-1.25	-1.25	65	400,100
533	1.75	48.75	65	350,0
533	1.75	49.25	65	350,0
533	4.25	49.25	65	350,0
533	4.75	48.75	65	350,0
533	4.75	46.25	65	350,0
533	3.25	46.25	65	350,0
533	2.25	47.25	65	350,0
533	2.25	48.25	65	350,0
533	1.75	48.75	65	350,0
533	-45.25	48.75	65	400,0
533	-45.25	49.25	65	400,0
533	-43.75	49.25	65	400,0
533	-43.25	48.75	65	400,0
533	-43.25	48.25	65	400,0
533	-44.25	48.25	65	400,0
533	-44.25	47.75	65	400,0
533	-42.25	45.75	65	400,0
533	-42.25	45.25	65	400,0
533	-42.75	45.25	65	400,0
533	-43.25	45.75	65	400,0
533	-44.25	45.75	65	400,0
533	-45.25	46.75	65	400,0
533	-45.25	48.75	65	400,0
533	-44.75	15.25	65	450,50
533	-44.75	15.75	65	450,50
533	-43.25	15.75	65	450,50
533	-42.75	15.25	65	450,50
533	-42.75	13.25	65	450,50
533	-42.25	13.25	65	450,50
533	-40.75	14.75	65	450,50
533	-40.75	15.75	65	450,50
533	-36.75	19.75	65	450,50
533	-36.25	19.75	65	450,50
533	-32.75	16.25	65	450,50
533	-32.75	15.75	65	450,50
533	-33.75	15.75	65	450,50
533	-34.25	15.25	65	450,50
533	-35.25	15.25	65	450,50
533	-35.25	14.75	65	450,50
533	-34.75	14.25	65	450,50
533	-34.75	13.75	65	450,50
533	-36.75	11.75	65	450,50
533	-37.25	11.75	65	450,50
533	-38.75	13.25	65	450,50
533	-39.25	13.25	65	450,50
533	-40.75	11.75	65	450,50
533	-40.75	11.25	65	450,50
533	-40.25	11.25	65	450,50
533	-39.25	12.25	65	450,50
533	-38.75	12.25	65	450,50
533	-38.25	11.75	65	450,50
533	-38.25	10.75	65	450,50
533	-37.25	9.75	65	450,50
533	-36.25	9.75	65	450,50
533	-35.25	8.75	65	450,50
533	-35.25	8.25	65	450,50
533	-36.75	6.75	65	450,50
533	-37.25	6.75	65	450,50
533	-40.75	10.25	65	450,50
533	-41.25	10.25	65	450,50
533	-41.25	9.75	65	450,50
533	-40.25	8.75	65	450,50
533	-40.25	8.25	65	450,50
533	-41.25	8.25	65	450,50
533	-41.75	7.75	65	450,50
533	-41.75	6.25	65	450,50
533	-41.25	6.25	65	450,50
533	-40.75	6.75	65	450,50
533	-40.25	6.75	65	450,50
533	-38.75	5.25	65	450,50
533	-38.75	4.75	65	450,50
533	-39.25	4.75	65	450,50
533	-40.25	5.75	65	450,50
533	-40.75	5.75	65	450,50
533	-40.75	5.25	65	450,50
533	-39.75	4.25	65	450,50
533	-39.75	3.75	65	450,50
533	-40.25	3.25	65	450,50
533	-40.25	2.25	65	450,50
533	-40.75	1.75	65	450,50
533	-40.75	0.75	65	450,50
533	-41.25	0.25	65	450,50
533	-41.25	-0.75	65	450,50
533	-44.75	-0.75	65	450,50
533	-44.75	15.25	65	450,50
533	-44.75	48.25	65	450,0
533	-44.75	48.75	65	450,0
533	-44.25	49.25	65	450,0
533	-43.75	49.25	65	450,0
533	-43.75	48.75	65	450,0
533	-44.25	48.25	65	450,0
533	-44.75	48.25	65	450,0
534	-12.75	29.25	65	400,50
534	-12.75	29.75	65	400,50
534	-12.25	30.25	65	400,50
534	-11.75	30.25	65	400,50
534	-8.75	27.25	65	400,50
534	-8.75	26.75	65	400,50
534	-10.25	25.25	65	400,50
534	-11.25	25.25	65	400,50
534	-12.25	24.25	65	400,50
534	-13.25	24.25	65	400,50
534	-13.75	23.75	65	400,50
534	-14.75	23.75	65	400,50
534	-14.75	22.75	65	400,50
534	-15.25	22.75	65	400,50
534	-15.75	23.25	65	400,50
534	-15.75	23.75	65	400,50
534	-13.25	26.25	65	400,50
534	-13.25	28.25	65	400,50
534	-12.25	28.25	65	400,50
534	-12.25	28.75	65	400,50
534	-12.75	29.25	65	400,50
534	-36.25	48.75	65	400,0
534	-36.25	49.25	65	400,0
534	-34.75	49.25	65	400,0
534	-33.25	47.75	65	400,0
534	-33.25	46.75	65	400,0
534	-32.25	45.75	65	400,0
534	-32.25	45.25	65	400,0
534	-32.75	45.25	65	400,0
534	-33.25	45.75	65	400,0
534	-33.75	45.75	65	400,0
534	-36.25	43.25	65	400,0
534	-38.25	43.25	65	400,0
534	-39.25	42.25	65	400,0
534	-39.75	42.25	65	400,0
534	-39.75	44.75	65	400,0
534	-36.25	48.25	65	400,0
534	-36.25	48.75	65	400,0
534	-43.25	49.25	65	450,0
534	-43.25	48.75	65	450,0
534	-42.75	48.25	65	450,0
534	-41.75	48.25	65	450,0
534	-41.25	47.75	65	450,0
534	-40.25	47.75	65	450,0
534	-39.25	46.75	65	450,0
534	-38.75	46.75	65	450,0
534	-37.75	47.75	65	450,0
534	-37.75	48.25	65	450,0
534	-38.25	48.25	65	450,0
534	-38.75	47.75	65	450,0
534	-39.25	47.75	65	450,0
534	-40.75	49.25	65	450,0
534	-43.25	49.25	65	450,0
535	-35.75	-0.25	65	400,50
535	-35.75	-0.75	65	400,50
535	-35.25	-0.75	65	400,50
535	-35.25	-0.25	65	400,50
535	-35.75	-0.25	65	400,50
535	-32.75	34.25	65	400,0
535	-32.75	34.75	65	400,0
535	-32.25	35.25	65	400,0
535	-31.25	35.25	65	400,0
535	-30.25	36.25	65	400,0
535	-29.25	36.25	65	400,0
535	-26.25	39.25	65	400,0
535	-25.75	39.25	65	400,0
535	-23.75	37.25	65	400,0
535	-22.25	37.25	65	400,0
535	-21.75	37.75	65	400,0
535	-21.25	37.75	65	400,0
535	-19.75	36.25	65	400,0
535	-19.25	36.25	65	400,0
535	-19.25	37.25	65	400,0
535	-18.75	37.75	65	400,0
535	-17.75	37.75	65	400,0
535	-17.25	38.25	65	400,0
535	-17.25	39.25	65	400,0
535	-16.25	39.25	65	400,0
535	-14.25	41.25	65	400,0
535	-14.25	42.25	65	400,0
535	-13.75	42.25	65	400,0
535	-13.25	41.75	65	400,0
535	-12.75	41.75	65	400,0
535	-12.75	42.25	65	400,0
535	-13.25	42.75	65	400,0
535	-13.25	43.25	65	400,0
535	-9.25	47.25	65	400,0
535	-8.25	47.25	65	400,0
535	-8.25	48.25	65	400,0
535	-7.25	48.25	65	400,0
535	-7.25	49.25	65	400,0
535	0.25	49.25	65	400,0
535	0.75	48.75	65	400,0
535	0.75	47.75	65	400,0
535	1.75	47.75	65	400,0
535	3.25	46.25	65	400,0
535	3.25	45.75	65	400,0
535	2.75	45.25	65	400,0
535	2.25	45.25	65	400,0
535	-0.75	48.25	65	400,0
535	-1.25	48.25	65	400,0
535	-3.75	45.75	65	400,0
535	-4.25	45.75	65	400,0
535	-5.25	46.75	65	400,0
535	-5.75	46.75	65	400,0
535	-5.75	46.25	65	400,0
535	-4.25	44.75	65	400,0
535	-4.25	44.25	65	400,0
535	-4.75	43.75	65	400,0
535	-5.75	43.75	65	400,0
535	-6.25	43.25	65	400,0
535	-6.25	42.25	65	400,0
535	-7.25	41.25	65	400,0
535	-8.25	41.25	65	400,0
535	-9.25	40.25	65	400,0
535	-9.75	40.25	65	400,0
535	-10.25	40.75	65	400,0
535	-11.25	40.75	65	400,0
535	-11.75	41.25	65	400,0
535	-12.25	41.25	65	400,0
535	-12.25	40.75	65	400,0
535	-11.25	39.75	65	400,0
535	-11.25	39.25	65	400,0
535	-13.25	39.25	65	400,0
535	-14.75	37.75	65	400,0
535	-14.75	37.25	65	400,0
535	-13.75	36.25	65	400,0
535	-13.75	35.75	65	400,0
535	-14.25	35.25	65	400,0
535	-15.25	35.25	65	400,0
535	-15.25	34.25	65	400,0
535	-16.25	33.25	65	400,0
535	-16.25	32.75	65	400,0
535	-15.25	31.75	65	400,0
535	-15.25	31.25	65	400,0
535	-15.75	30.75	65	400,0
535	-16.25	30.75	65	400,0
535	-16.75	31.25	65	400,0
535	-17.75	31.25	65	400,0
535	-22.75	36.25	65	400,0
535	-23.25	36.25	65	400,0
535	-24.25	35.25	65	400,0
535	-25.25	35.25	65	400,0
535	-26.75	33.75	65	400,0
535	-26.75	32.75	65	400,0
535	-27.25	32.25	65	400,0
535	-27.25	31.75	65	400,0
535	-26.25	30.75	65	400,0
535	-25.75	30.75	65	400,0
535	-25.25	31.25	65	400,0
535	-24.75	31.25	65	400,0
535	-24.75	29.25	65	400,0
535	-24.25	28.75	65	400,0
535	-23.75	28.75	65	400,0
535	-23.25	29.25	65	400,0
535	-22.75	29.25	65	400,0
535	-22.75	27.25	65	400,0
535	-21.75	27.25	65	400,0
535	-21.75	25.75	65	400,0
535	-22.25	25.75	65	400,0
535	-22.75	26.25	65	400,0
535	-24.75	26.25	65	400,0
535	-24.75	27.25	65	400,0
535	-25.75	27.25	65	400,0
535	-25.75	28.25	65	400,0
535	-26.25	28.75	65	400,0
535	-26.25	29.75	65	400,0
535	-27.25	29.75	65	400,0
535	-28.75	31.25	65	400,0
535	-28.75	31.75	65	400,0
535	-28.25	32.25	65	400,0
535	-28.25	32.75	65	400,0
535	-28.75	33.25	65	400,0
535	-28.75	33.75	65	400,0
535	-25.25	37.25	65	400,0
535	-25.25	37.75	65	400,0
535	-25.75	38.25	65	400,0
535	-26.25	38.25	65	400,0
535	-30.25	34.25	65	400,0
535	-32.75	34.25	65	400,0
203	-40.25	9.75	190	400,50
203	-40.25	10.25	190	400,50
203	-36.75	13.75	190	400,50
203	-36.25	13.75	190	400,50
203	-34.75	12.25	190	400,50
203	-34.25	12.25	190	400,50
203	-34.25	12.75	190	400,50
203	-35.25	13.75	190	400,50
203	-35.25	14.25	190	400,50
203	-34.75	14.75	190	400,50
203	-34.25	14.75	190	400,50
203	-33.25	13.75	190	400,50
203	-32.75	13.75	190	400,50
203	-28.25	18.25	190	400,50
203	-27.75	18.25	190	400,50
203	-27.75	17.75	190	400,50
203	-34.25	11.25	190	400,50
203	-34.75	11.25	190	400,50
203	-36.25	12.75	190	400,50
203	-36.75	12.75	190	400,50
203	-37.75	11.75	190	400,50
203	-37.75	11.25	190	400,50
203	-36.75	10.25	190	400,50
203	-36.75	8.75	190	400,50
203	-38.75	6.75	190	400,50
203	-39.25	6.75	190	400,50
203	-39.25	7.25	190	400,50
203	-38.75	7.75	190	400,50
203	-38.75	8.25	190	400,50
203	-40.25	9.75	190	400,50
339	-6.75	43.25	256	400,50
339	-6.75	43.75	256	400,50
339	-3.25	47.25	256	400,50
339	-1.75	47.25	256	400,50
339	-0.75	46.25	256	400,50
339	-0.75	45.75	256	400,50
339	-1.75	45.75	256	400,50
339	-1.75	45.25	256	400,50
339	-1.25	44.75	256	400,50
339	-1.25	44.25	256	400,50
339	-2.25	43.25	256	400,50
339	-3.25	43.25	256	400,50
339	-4.75	41.75	256	400,50
339	-5.25	41.75	256	400,50
339	-6.75	43.25	256	400,50
296	4.25	3.25	227	300,0
296	4.25	3.75	227	300,0
296	4.75	4.25	227	300,0
296	5.25	4.25	227	300,0
296	5.25	2.75	227	300,0
296	4.75	2.75	227	300,0
296	4.25	3.25	227	300,0
296	-44.75	4.25	227	350,0
296	-44.75	4.75	227	350,0
296	-42.75	6.75	227	350,0
296	-42.25	6.75	227	350,0
296	-40.75	5.25	227	350,0
296	-40.25	5.25	227	350,0
296	-37.75	7.75	227	350,0
296	-37.25	7.75	227	350,0
296	-36.25	6.75	227	350,0
296	-36.25	6.25	227	350,0
296	-38.25	4.25	227	350,0
296	-38.25	3.75	227	350,0
296	-35.75	1.25	227	350,0
296	-35.75	0.75	227	350,0
296	-37.25	0.75	227	350,0
296	-37.75	1.25	227	350,0
296	-38.25	1.25	227	350,0
296	-38.75	0.75	227	350,0
296	-41.75	0.75	227	350,0
296	-42.25	0.25	227	350,0
296	-42.75	0.25	227	350,0
296	-43.75	1.25	227	350,0
296	-44.75	1.25	227	350,0
296	-44.75	4.25	227	350,0
297	4.75	0.75	227	300,0
297	4.75	1.25	227	300,0
297	5.25	1.25	227	300,0
297	5.25	0.75	227	300,0
297	4.75	0.75	227	300,0
297	-42.25	2.75	227	350,0
297	-42.25	3.25	227	350,0
297	-41.25	4.25	227	350,0
297	-39.75	4.25	227	350,0
297	-39.75	2.75	227	350,0
297	-40.75	1.75	227	350,0
297	-41.25	1.75	227	350,0
297	-42.25	2.75	227	350,0
516	-39.25	9.75	61	350,0
516	-39.25	10.25	61	350,0
516	-38.75	10.25	61	350,0
516	-37.25	8.75	61	350,0
516	-36.75	8.75	61	350,0
516	-36.75	9.25	61	350,0
516	-38.25	10.75	61	350,0
516	-38.25	11.25	61	350,0
516	-37.75	11.25	61	350,0
516	-36.75	10.25	61	350,0
516	-36.25	10.25	61	350,0
516	-35.25	11.25	61	350,0
516	-33.25	11.25	61	350,0
516	-32.25	12.25	61	350,0
516	-32.25	13.25	61	350,0
516	-30.75	14.75	61	350,0
516	-30.75	15.75	61	350,0
516	-29.75	16.75	61	350,0
516	-29.25	16.75	61	350,0
516	-29.25	16.25	61	350,0
516	-29.75	15.75	61	350,0
516	-29.75	14.25	61	350,0
516	-29.25	13.75	61	350,0
516	-29.25	13.25	61	350,0
516	-29.75	12.75	61	350,0
516	-29.75	11.75	61	350,0
516	-30.75	11.75	61	350,0
516	-30.75	10.75	61	350,0
516	-31.75	10.75	61	350,0
516	-33.75	8.75	61	350,0
516	-33.75	7.25	61	350,0
516	-31.75	5.25	61	350,0
516	-31.25	5.25	61	350,0
516	-30.75	5.75	61	350,0
516	-29.75	5.75	61	350,0
516	-25.75	9.75	61	350,0
516	-25.75	10.75	61	350,0
516	-24.75	11.75	61	350,0
516	-24.25	11.75	61	350,0
516	-23.75	11.25	61	350,0
516	-23.75	10.25	61	350,0
516	-23.25	9.75	61	350,0
516	-23.25	8.75	61	350,0
516	-22.25	8.75	61	350,0
516	-21.75	8.25	61	350,0
516	-20.75	8.25	61	350,0
516	-20.75	7.25	61	350,0
516	-19.75	7.25	61	350,0
516	-19.25	6.75	61	350,0
516	-18.75	6.75	61	350,0
516	-17.75	7.75	61	350,0
516	-16.75	7.75	61	350,0
516	-15.25	9.25	61	350,0
516	-14.75	9.25	61	350,0
516	-14.25	8.75	61	350,0
516	-14.25	7.75	61	350,0
516	-12.75	6.25	61	350,0
516	-12.25	6.25	61	350,0
516	-9.25	9.25	61	350,0
516	-9.25	10.25	61	350,0
516	-8.75	10.75	61	350,0
516	-6.75	10.75	61	350,0
516	-5.75	11.75	61	350,0
516	-4.25	11.75	61	350,0
516	-4.25	11.25	61	350,0
516	-5.75	9.75	61	350,0
516	-5.75	9.25	61	350,0
516	-4.75	8.25	61	350,0
516	-3.75	8.25	61	350,0
516	-3.25	7.75	61	350,0
516	-2.75	7.75	61	350,0
516	-1.75	8.75	61	350,0
516	-1.75	9.75	61	350,0
516	-0.25	11.25	61	350,0
516	1.25	11.25	61	350,0
516	1.25	10.75	61	350,0
516	0.75	10.25	61	350,0
516	0.75	9.75	61	350,0
516	1.25	9.25	61	350,0
516	1.75	9.25	61	350,0
516	2.75	10.25	61	350,0
516	2.75	10.75	61	350,0
516	2.25	11.25	61	350,0
516	2.25	11.75	61	350,0
516	2.75	11.75	61	350,0
516	3.25	11.25	61	350,0
516	3.75	11.25	61	350,0
516	4.25	11.75	61	350,0
516	4.75	11.75	61	350,0
516	4.75	10.25	61	350,0
516	4.25	9.75	61	350,0
516	4.25	9.25	61	350,0
516	4.75	8.75	61	350,0
516	4.75	5.25	61	350,0
516	3.75	4.25	61	350,0
516	2.75	4.25	61	350,0
516	0.25	1.75	61	350,0
516	-0.25	1.75	61	350,0
516	-2.25	3.75	61	350,0
516	-3.75	3.75	61	350,0
516	-5.25	2.25	61	350,0
516	-6.75	2.25	61	350,0
516	-7.25	2.75	61	350,0
516	-8.25	2.75	61	350,0
516	-9.25	3.75	61	350,0
516	-9.75	3.75	61	350,0
516	-11.25	2.25	61	350,0
516	-11.75	2.25	61	350,0
516	-12.25	2.75	61	350,0
516	-12.25	3.25	61	350,0
516	-11.75	3.75	61	350,0
516	-11.75	4.25	61	350,0
516	-12.25	4.25	61	350,0
516	-14.75	1.75	61	350,0
516	-15.25	1.75	61	350,0
516	-15.25	2.75	61	350,0
516	-15.75	2.75	61	350,0
516	-16.75	1.75	61	350,0
516	-18.25	1.75	61	350,0
516	-19.75	3.25	61	350,0
516	-20.75	3.25	61	350,0
516	-21.25	3.75	61	350,0
516	-21.75	3.75	61	350,0
516	-23.75	1.75	61	350,0
516	-26.25	1.75	61	350,0
516	-27.25	2.75	61	350,0
516	-27.75	2.75	61	350,0
516	-28.75	1.75	61	350,0
516	-29.25	1.75	61	350,0
516	-31.25	3.75	61	350,0
516	-32.75	3.75	61	350,0
516	-32.75	2.75	61	350,0
516	-33.75	1.75	61	350,0
516	-34.25	1.75	61	350,0
516	-34.25	2.25	61	350,0
516	-33.75	2.75	61	350,0
516	-33.75	4.25	61	350,0
516	-35.25	5.75	61	350,0
516	-36.25	5.75	61	350,0
516	-36.25	6.75	61	350,0
516	-37.25	7.75	61	350,0
516	-37.75	7.75	61	350,0
516	-40.25	5.25	61	350,0
516	-40.75	5.25	61	350,0
516	-41.25	5.75	61	350,0
516	-41.25	6.25	61	350,0
516	-40.25	6.25	61	350,0
516	-38.25	8.25	61	350,0
516	-38.25	8.75	61	350,0
516	-39.25	9.75	61	350,0
516	-45.25	10.75	61	400,0
516	-45.25	11.25	61	400,0
516	-44.75	11.25	61	400,0
516	-44.75	10.75	61	400,0
516	-45.25	10.75	61	400,0
295	-42.25	2.75	226	350,0
295	-42.25	3.25	226	350,0
295	-41.25	4.25	226	350,0
295	-39.75	4.25	226	350,0
295	-39.75	2.75	226	350,0
295	-40.75	1.75	226	350,0
295	-41.25	1.75	226	350,0
295	-42.25	2.75	226	350,0
536	2.75	48.75	65	400,0
536	2.75	49.25	65	400,0
536	5.25	49.25	65	400,0
536	5.25	47.75	65	400,0
536	4.75	47.25	65	400,0
536	4.25	47.25	65	400,0
536	2.75	48.75	65	400,0
199	-42.25	-0.25	188	350,0
199	-42.25	0.25	188	350,0
199	-41.75	0.75	188	350,0
199	-38.75	0.75	188	350,0
199	-38.25	1.25	188	350,0
199	-37.75	1.25	188	350,0
199	-37.25	0.75	188	350,0
199	-33.75	0.75	188	350,0
199	-32.75	1.75	188	350,0
199	-32.25	1.75	188	350,0
199	-31.25	0.75	188	350,0
199	-28.75	0.75	188	350,0
199	-28.25	1.25	188	350,0
199	-27.75	1.25	188	350,0
199	-27.25	0.75	188	350,0
199	-22.75	0.75	188	350,0
199	-21.25	2.25	188	350,0
199	-20.75	2.25	188	350,0
199	-19.25	0.75	188	350,0
199	-12.75	0.75	188	350,0
199	-11.75	1.75	188	350,0
199	-11.25	1.75	188	350,0
199	-10.25	0.75	188	350,0
199	-9.75	0.75	188	350,0
199	-8.75	1.75	188	350,0
199	-8.25	1.75	188	350,0
199	-7.25	0.75	188	350,0
199	-0.25	0.75	188	350,0
199	0.25	0.25	188	350,0
199	0.25	-0.25	188	350,0
199	-42.25	-0.25	188	350,0
187	-38.25	3.75	179	350,0
187	-38.25	4.25	179	350,0
187	-36.75	5.75	179	350,0
187	-35.25	5.75	179	350,0
187	-33.75	4.25	179	350,0
187	-33.75	2.75	179	350,0
187	-35.25	1.25	179	350,0
187	-35.75	1.25	179	350,0
187	-38.25	3.75	179	350,0
448	-33.75	8.25	335	350,0
448	-33.75	8.75	335	350,0
448	-33.25	9.25	335	350,0
448	-32.75	9.25	335	350,0
448	-30.25	6.75	335	350,0
448	-29.75	6.75	335	350,0
448	-26.25	10.25	335	350,0
448	-25.75	10.25	335	350,0
448	-25.75	9.75	335	350,0
448	-29.75	5.75	335	350,0
448	-30.75	5.75	335	350,0
448	-31.25	5.25	335	350,0
448	-31.75	5.25	335	350,0
448	-33.75	7.25	335	350,0
448	-33.75	8.25	335	350,0
30	-32.75	9.25	110	350,0
30	-32.75	9.75	110	350,0
30	-31.75	10.75	110	350,0
30	-30.75	10.75	110	350,0
30	-30.75	11.75	110	350,0
30	-29.75	11.75	110	350,0
30	-29.75	12.75	110	350,0
30	-27.25	12.75	110	350,0
30	-25.75	11.25	110	350,0
30	-25.75	10.75	110	350,0
30	-29.75	6.75	110	350,0
30	-30.25	6.75	110	350,0
30	-32.75	9.25	110	350,0
390	-25.75	16.25	291	350,0
390	-25.75	16.75	291	350,0
390	-24.75	17.75	291	350,0
390	-23.75	17.75	291	350,0
390	-23.75	18.75	291	350,0
390	-22.75	19.75	291	350,0
390	-22.25	19.75	291	350,0
390	-21.75	19.25	291	350,0
390	-21.25	19.25	291	350,0
390	-21.25	20.25	291	350,0
390	-20.25	21.25	291	350,0
390	-20.25	22.25	291	350,0
390	-18.25	24.25	291	350,0
390	-17.25	24.25	291	350,0
390	-15.75	25.75	291	350,0
390	-14.75	25.75	291	350,0
390	-14.75	26.75	291	350,0
390	-14.25	27.25	291	350,0
390	-14.25	28.25	291	350,0
390	-13.75	28.25	291	350,0
390	-13.25	27.75	291	350,0
390	-11.25	27.75	291	350,0
390	-10.25	26.75	291	350,0
390	-10.25	26.25	291	350,0
390	-10.75	25.75	291	350,0
390	-10.75	24.75	291	350,0
390	-11.75	24.75	291	350,0
390	-14.75	21.75	291	350,0
390	-14.75	20.75	291	350,0
390	-18.25	17.25	291	350,0
390	-19.25	17.25	291	350,0
390	-19.25	16.25	291	350,0
390	-20.25	15.25	291	350,0
390	-21.25	15.25	291	350,0
390	-21.25	14.25	291	350,0
390	-22.25	13.25	291	350,0
390	-23.25	13.25	291	350,0
390	-24.25	12.25	291	350,0
390	-24.75	12.25	291	350,0
390	-26.25	13.75	291	350,0
390	-26.25	14.25	291	350,0
390	-25.75	14.75	291	350,0
390	-25.75	16.25	291	350,0
391	-18.25	21.75	291	350,0
391	-18.25	22.25	291	350,0
391	-17.25	23.25	291	350,0
391	-16.75	23.25	291	350,0
391	-15.25	21.75	291	350,0
391	-15.25	21.25	291	350,0
391	-17.25	19.25	291	350,0
391	-17.75	19.25	291	350,0
391	-18.75	20.25	291	350,0
391	-18.75	20.75	291	350,0
391	-18.25	21.25	291	350,0
391	-18.25	21.75	291	350,0
128	-9.75	32.25	140	350,0
128	-9.75	32.75	140	350,0
128	-3.75	38.75	140	350,0
128	-3.25	38.75	140	350,0
128	-2.75	38.25	140	350,0
128	-2.75	37.75	140	350,0
128	-7.75	32.75	140	350,0
128	-7.75	31.25	140	350,0
128	-6.75	31.25	140	350,0
128	-6.25	30.75	140	350,0
128	-6.25	30.25	140	350,0
128	-7.25	29.25	140	350,0
128	-8.25	29.25	140	350,0
128	-8.75	28.75	140	350,0
128	-10.25	28.75	140	350,0
128	-10.25	31.25	140	350,0
128	-9.75	31.75	140	350,0
128	-9.75	32.25	140	350,0
385	-2.25	39.75	287	350,0
385	-2.25	40.25	287	350,0
385	3.75	46.25	287	350,0
385	4.25	46.25	287	350,0
385	4.75	45.75	287	350,0
385	4.75	44.25	287	350,0
385	4.25	43.75	287	350,0
385	4.25	42.75	287	350,0
385	3.75	42.25	287	350,0
385	2.75	42.25	287	350,0
385	1.75	41.25	287	350,0
385	-0.25	41.25	287	350,0
385	-0.25	40.25	287	350,0
385	-1.25	39.25	287	350,0
385	-1.25	38.75	287	350,0
385	0.25	37.25	287	350,0
385	0.75	37.25	287	350,0
385	4.25	40.75	287	350,0
385	4.25	41.75	287	350,0
385	4.75	41.75	287	350,0
385	4.75	40.25	287	350,0
385	-5.25	30.25	287	350,0
385	-5.75	30.25	287	350,0
385	-5.75	30.75	287	350,0
385	-0.75	35.75	287	350,0
385	-0.75	36.25	287	350,0
385	-2.25	37.75	287	350,0
385	-2.25	38.25	287	350,0
385	-1.75	38.75	287	350,0
385	-1.75	39.25	287	350,0
385	-2.25	39.75	287	350,0
385	-45.25	45.75	287	400,0
385	-45.25	46.25	287	400,0
385	-44.75	46.25	287	400,0
385	-44.25	45.75	287	400,0
385	-43.25	45.75	287	400,0
385	-42.25	44.75	287	400,0
385	-42.25	43.25	287	400,0
385	-44.75	40.75	287	400,0
385	-45.25	40.75	287	400,0
385	-45.25	42.25	287	400,0
385	-44.75	42.75	287	400,0
385	-43.75	42.75	287	400,0
385	-43.25	43.25	287	400,0
385	-43.25	44.75	287	400,0
385	-45.25	44.75	287	400,0
385	-45.25	45.75	287	400,0
362	-44.25	47.75	27	400,0
362	-44.25	48.25	27	400,0
362	-43.25	48.25	27	400,0
362	-43.25	49.25	27	400,0
362	-36.75	49.25	27	400,0
362	-36.25	48.75	27	400,0
362	-36.25	48.25	27	400,0
362	-39.75	44.75	27	400,0
362	-39.75	42.25	27	400,0
362	-39.25	42.25	27	400,0
362	-38.25	43.25	27	400,0
362	-36.25	43.25	27	400,0
362	-33.75	45.75	27	400,0
362	-33.25	45.75	27	400,0
362	-32.75	45.25	27	400,0
362	-32.25	45.25	27	400,0
362	-32.25	45.75	27	400,0
362	-33.25	46.75	27	400,0
362	-33.25	47.75	27	400,0
362	-34.25	48.75	27	400,0
362	-34.25	49.25	27	400,0
362	-7.75	49.25	27	400,0
362	-7.25	48.75	27	400,0
362	-7.25	48.25	27	400,0
362	-8.25	48.25	27	400,0
362	-8.25	47.25	27	400,0
362	-9.25	47.25	27	400,0
362	-13.25	43.25	27	400,0
362	-13.25	42.75	27	400,0
362	-12.75	42.25	27	400,0
362	-12.75	41.75	27	400,0
362	-13.25	41.75	27	400,0
362	-13.75	42.25	27	400,0
362	-14.25	42.25	27	400,0
362	-14.25	41.25	27	400,0
362	-16.25	39.25	27	400,0
362	-17.25	39.25	27	400,0
362	-17.25	38.25	27	400,0
362	-17.75	37.75	27	400,0
362	-18.75	37.75	27	400,0
362	-19.25	37.25	27	400,0
362	-19.25	36.25	27	400,0
362	-19.75	36.25	27	400,0
362	-21.25	37.75	27	400,0
362	-21.75	37.75	27	400,0
362	-22.25	37.25	27	400,0
362	-23.75	37.25	27	400,0
362	-25.75	39.25	27	400,0
362	-25.75	40.25	27	400,0
362	-26.25	40.75	27	400,0
362	-27.25	40.75	27	400,0
362	-28.25	41.75	27	400,0
362	-28.25	42.25	27	400,0
362	-27.25	43.25	27	400,0
362	-27.25	43.75	27	400,0
362	-27.75	44.25	27	400,0
362	-28.25	44.25	27	400,0
362	-28.75	43.75	27	400,0
362	-29.75	43.75	27	400,0
362	-34.25	39.25	27	400,0
362	-34.25	37.75	27	400,0
362	-33.75	37.25	27	400,0
362	-32.75	37.25	27	400,0
362	-32.75	36.25	27	400,0
362	-31.75	36.25	27	400,0
362	-31.75	35.75	27	400,0
362	-32.75	34.75	27	400,0
362	-32.75	34.25	27	400,0
362	-30.25	34.25	27	400,0
362	-26.25	38.25	27	400,0
362	-25.75	38.25	27	400,0
362	-25.25	37.75	27	400,0
362	-25.25	37.25	27	400,0
362	-28.75	33.75	27	400,0
362	-28.75	33.25	27	400,0
362	-28.25	32.75	27	400,0
362	-28.25	32.25	27	400,0
362	-28.75	31.75	27	400,0
362	-28.75	31.25	27	400,0
362	-27.25	29.75	27	400,0
362	-26.25	29.75	27	400,0
362	-26.25	28.75	27	400,0
362	-25.75	28.25	27	400,0
362	-25.75	27.25	27	400,0
362	-24.75	27.25	27	400,0
362	-24.75	26.25	27	400,0
362	-22.75	26.25	27	400,0
362	-19.75	23.25	27	400,0
362	-19.25	23.25	27	400,0
362	-15.25	27.25	27	400,0
362	-14.75	27.25	27	400,0
362	-12.25	24.75	27	400,0
362	-12.25	24.25	27	400,0
362	-14.75	21.75	27	400,0
362	-14.75	21.25	27	400,0
362	-14.25	21.25	27	400,0
362	-11.25	24.25	27	400,0
362	-11.25	24.75	27	400,0
362	-14.25	27.75	27	400,0
362	-14.25	29.25	27	400,0
362	-13.75	29.75	27	400,0
362	-12.75	29.75	27	400,0
362	-11.75	30.75	27	400,0
362	-11.25	30.75	27	400,0
362	-10.75	30.25	27	400,0
362	-10.75	29.75	27	400,0
362	-11.25	29.25	27	400,0
362	-12.25	29.25	27	400,0
362	-12.25	27.75	27	400,0
362	-10.75	26.25	27	400,0
362	-9.75	26.25	27	400,0
362	-8.25	24.75	27	400,0
362	-8.25	23.75	27	400,0
362	-7.25	23.75	27	400,0
362	-7.25	21.75	27	400,0
362	-6.25	20.75	27	400,0
362	-5.75	20.75	27	400,0
362	-5.25	21.25	27	400,0
362	-4.75	21.25	27	400,0
362	-4.75	19.75	27	400,0
362	-6.25	19.75	27	400,0
362	-7.25	20.75	27	400,0
362	-7.75	20.75	27	400,0
362	-8.25	20.25	27	400,0
362	-9.25	20.25	27	400,0
362	-12.25	17.25	27	400,0
362	-12.25	16.75	27	400,0
362	-10.75	15.25	27	400,0
362	-10.75	14.25	27	400,0
362	-6.25	9.75	27	400,0
362	-5.25	9.75	27	400,0
362	-4.25	8.75	27	400,0
362	-4.25	7.75	27	400,0
362	-1.25	4.75	27	400,0
362	-1.25	4.25	27	400,0
362	-1.75	4.25	27	400,0
362	-2.75	5.25	27	400,0
362	-3.75	5.25	27	400,0
362	-5.25	6.75	27	400,0
362	-5.25	7.75	27	400,0
362	-6.25	8.75	27	400,0
362	-7.25	8.75	27	400,0
362	-8.75	10.25	27	400,0
362	-9.25	10.25	27	400,0
362	-9.75	9.75	27	400,0
362	-10.25	9.75	27	400,0
362	-30.25	29.75	27	400,0
362	-32.25	29.75	27	400,0
362	-32.75	30.25	27	400,0
362	-32.75	31.25	27	400,0
362	-33.25	31.75	27	400,0
362	-33.25	32.75	27	400,0
362	-37.75	37.25	27	400,0
362	-38.75	37.25	27	400,0
362	-39.25	37.75	27	400,0
362	-39.25	38.75	27	400,0
362	-42.75	42.25	27	400,0
362	-42.75	42.75	27	400,0
362	-42.25	43.25	27	400,0
362	-42.25	45.75	27	400,0
362	-44.25	47.75	27	400,0
362	-42.75	-0.75	27	400,50
362	-42.75	-0.25	27	400,50
362	-40.25	2.25	27	400,50
362	-39.75	2.25	27	400,50
362	-37.25	-0.25	27	400,50
362	-37.25	-0.75	27	400,50
362	-42.75	-0.75	27	400,50
363	-39.25	2.75	27	400,50
363	-39.25	3.25	27	400,50
363	-38.75	3.25	27	400,50
363	-36.25	0.75	27	400,50
363	-35.75	0.75	27	400,50
363	-34.75	1.75	27	400,50
363	-33.75	1.75	27	400,50
363	-31.75	3.75	27	400,50
363	-31.75	4.75	27	400,50
363	-30.25	6.25	27	400,50
363	-28.25	6.25	27	400,50
363	-26.75	7.75	27	400,50
363	-23.25	7.75	27	400,50
363	-23.25	7.25	27	400,50
363	-23.75	6.75	27	400,50
363	-23.75	5.75	27	400,50
363	-25.75	3.75	27	400,50
363	-25.75	3.25	27	400,50
363	-24.75	3.25	27	400,50
363	-24.75	2.25	27	400,50
363	-24.25	1.75	27	400,50
363	-23.75	1.75	27	400,50
363	-23.25	2.25	27	400,50
363	-21.25	2.25	27	400,50
363	-16.75	6.75	27	400,50
363	-16.75	7.25	27	400,50
363	-17.25	7.75	27	400,50
363	-17.25	8.25	27	400,50
363	-16.75	8.75	27	400,50
363	-15.75	8.75	27	400,50
363	-15.25	9.25	27	400,50
363	-13.75	9.25	27	400,50
363	-13.25	8.75	27	400,50
363	-13.25	8.25	27	400,50
363	-14.25	8.25	27	400,50
363	-14.25	7.75	27	400,50
363	-13.75	7.25	27	400,50
363	-12.75	7.25	27	400,50
363	-12.25	6.75	27	400,50
363	-11.75	6.75	27	400,50
363	-11.25	7.25	27	400,50
363	-10.75	7.25	27	400,50
363	-10.75	5.75	27	400,50
363	-11.75	4.75	27	400,50
363	-11.75	3.25	27	400,50
363	-8.75	0.25	27	400,50
363	-7.75	0.25	27	400,50
363	-7.25	-0.25	27	400,50
363	-7.25	-0.75	27	400,50
363	-34.75	-0.75	27	400,50
363	-35.25	-0.25	27	400,50
363	-36.25	-0.25	27	400,50
363	-39.25	2.75	27	400,50
206	-37.25	4.75	193	400,50
206	-37.25	5.25	193	400,50
206	-36.75	5.75	193	400,50
206	-35.75	5.75	193	400,50
206	-35.75	6.75	193	400,50
206	-35.25	7.25	193	400,50
206	-34.75	7.25	193	400,50
206	-33.75	6.25	193	400,50
206	-32.75	6.25	193	400,50
206	-31.75	5.25	193	400,50
206	-31.75	3.75	193	400,50
206	-33.75	1.75	193	400,50
206	-35.25	1.75	193	400,50
206	-36.25	2.75	193	400,50
206	-36.25	3.75	193	400,50
206	-37.25	4.75	193	400,50
232	-32.75	9.25	208	400,50
232	-32.75	9.75	208	400,50
232	-26.25	16.25	208	400,50
232	-25.25	16.25	208	400,50
232	-25.25	17.25	208	400,50
232	-23.75	18.75	208	400,50
232	-23.25	18.75	208	400,50
232	-22.75	18.25	208	400,50
232	-22.25	18.25	208	400,50
232	-22.25	18.75	208	400,50
232	-22.75	19.25	208	400,50
232	-22.75	19.75	208	400,50
232	-22.25	19.75	208	400,50
232	-21.75	19.25	208	400,50
232	-20.75	19.25	208	400,50
232	-19.25	17.75	208	400,50
232	-19.25	17.25	208	400,50
232	-20.25	16.25	208	400,50
232	-20.25	15.25	208	400,50
232	-21.25	14.25	208	400,50
232	-22.25	14.25	208	400,50
232	-22.75	13.75	208	400,50
232	-22.75	12.75	208	400,50
232	-29.25	6.25	208	400,50
232	-29.75	6.25	208	400,50
232	-32.75	9.25	208	400,50
233	-28.75	11.25	208	400,50
233	-28.75	11.75	208	400,50
233	-27.25	13.25	208	400,50
233	-26.25	13.25	208	400,50
233	-26.25	14.25	208	400,50
233	-25.25	15.25	208	400,50
233	-24.75	15.25	208	400,50
233	-23.25	13.75	208	400,50
233	-23.25	13.25	208	400,50
233	-27.75	8.75	208	400,50
233	-29.25	8.75	208	400,50
233	-29.75	9.25	208	400,50
233	-29.75	9.75	208	400,50
233	-28.75	10.75	208	400,50
233	-28.75	11.25	208	400,50
163	-12.75	29.25	161	400,50
163	-12.75	29.75	161	400,50
163	-12.25	30.25	161	400,50
163	-11.75	30.25	161	400,50
163	-8.75	27.25	161	400,50
163	-8.75	26.75	161	400,50
163	-10.25	25.25	161	400,50
163	-11.25	25.25	161	400,50
163	-12.25	24.25	161	400,50
163	-13.25	24.25	161	400,50
163	-13.75	23.75	161	400,50
163	-14.75	23.75	161	400,50
163	-14.75	22.75	161	400,50
163	-15.25	22.75	161	400,50
163	-15.75	23.25	161	400,50
163	-15.75	23.75	161	400,50
163	-13.25	26.25	161	400,50
163	-13.25	28.25	161	400,50
163	-12.25	28.25	161	400,50
163	-12.25	28.75	161	400,50
163	-12.75	29.25	161	400,50
164	-8.75	33.25	162	400,50
164	-8.75	33.75	162	400,50
164	-8.25	33.75	162	400,50
164	-7.25	32.75	162	400,50
164	-7.25	31.75	162	400,50
164	-6.75	31.25	162	400,50
164	-5.25	31.25	162	400,50
164	-3.75	32.75	162	400,50
164	-3.75	34.25	162	400,50
164	-4.25	34.75	162	400,50
164	-6.25	34.75	162	400,50
164	-6.75	35.25	162	400,50
164	-6.75	35.75	162	400,50
164	-3.25	39.25	162	400,50
164	-2.25	39.25	162	400,50
164	-1.25	40.25	162	400,50
164	-0.25	40.25	162	400,50
164	-0.25	40.75	162	400,50
164	-0.75	41.25	162	400,50
164	-0.75	41.75	162	400,50
164	0.25	42.75	162	400,50
164	1.25	42.75	162	400,50
164	1.25	43.75	162	400,50
164	2.25	44.75	162	400,50
164	3.75	44.75	162	400,50
164	5.25	43.25	162	400,50
164	5.25	40.75	162	400,50
164	4.25	40.75	162	400,50
164	0.75	37.25	162	400,50
164	0.75	36.25	162	400,50
164	-5.25	30.25	162	400,50
164	-6.25	30.25	162	400,50
164	-6.75	29.75	162	400,50
164	-7.25	29.75	162	400,50
164	-8.25	30.75	162	400,50
164	-8.25	32.75	162	400,50
164	-8.75	33.25	162	400,50
164	-44.75	42.25	162	450,50
164	-44.75	42.75	162	450,50
164	-44.25	42.75	162	450,50
164	-44.25	41.25	162	450,50
164	-44.75	41.25	162	450,50
164	-44.75	42.25	162	450,50
165	-2.75	37.25	162	400,50
165	-2.75	37.75	162	400,50
165	-2.25	38.25	162	400,50
165	-1.75	38.25	162	400,50
165	-0.25	36.75	162	400,50
165	-0.25	36.25	162	400,50
165	-0.75	35.75	162	400,50
165	-1.25	35.75	162	400,50
165	-1.75	36.25	162	400,50
165	-2.25	36.25	162	400,50
165	-2.25	35.25	162	400,50
165	-2.75	35.25	162	400,50
165	-3.25	35.75	162	400,50
165	-3.25	36.25	162	400,50
165	-2.75	36.75	162	400,50
165	-2.75	37.25	162	400,50
153	-8.25	33.75	152	400,50
153	-8.25	34.25	152	400,50
153	-7.25	35.25	152	400,50
153	-6.75	35.25	152	400,50
153	-6.25	34.75	152	400,50
153	-4.25	34.75	152	400,50
153	-3.75	34.25	152	400,50
153	-3.75	32.75	152	400,50
153	-5.25	31.25	152	400,50
153	-6.75	31.25	152	400,50
153	-7.25	31.75	152	400,50
153	-7.25	32.75	152	400,50
153	-8.25	33.75	152	400,50
229	-0.25	40.75	205	350,0
229	-0.25	41.25	205	350,0
229	1.75	41.25	205	350,0
229	2.75	42.25	205	350,0
229	3.75	42.25	205	350,0
229	4.25	42.75	205	350,0
229	4.25	43.75	205	350,0
229	4.75	43.75	205	350,0
229	4.75	42.25	205	350,0
229	4.25	41.75	205	350,0
229	4.25	40.75	205	350,0
229	0.75	37.25	205	350,0
229	0.25	37.25	205	350,0
229	-1.25	38.75	205	350,0
229	-1.25	39.25	205	350,0
229	-0.25	40.25	205	350,0
229	-0.25	40.75	205	350,0
229	-45.25	43.75	205	400,0
229	-45.25	44.25	205	400,0
229	-44.75	44.75	205	400,0
229	-43.25	44.75	205	400,0
229	-43.25	43.25	205	400,0
229	-43.75	42.75	205	400,0
229	-45.25	42.75	205	400,0
229	-45.25	43.75	205	400,0
444	-18.25	21.75	331	350,0
444	-18.25	22.25	331	350,0
444	-17.25	23.25	331	350,0
444	-16.75	23.25	331	350,0
444	-15.25	21.75	331	350,0
444	-15.25	21.25	331	350,0
444	-17.25	19.25	331	350,0
444	-17.75	19.25	331	350,0
444	-18.75	20.25	331	350,0
444	-18.75	20.75	331	350,0
444	-18.25	21.25	331	350,0
444	-18.25	21.75	331	350,0
380	-7.75	32.25	283	350,0
380	-7.75	32.75	283	350,0
380	-2.75	37.75	283	350,0
380	-2.25	37.75	283	350,0
380	-0.75	36.25	283	350,0
380	-0.75	35.75	283	350,0
380	-5.75	30.75	283	350,0
380	-6.25	30.75	283	350,0
380	-6.75	31.25	283	350,0
380	-7.75	31.25	283	350,0
380	-7.75	32.25	283	350,0
305	-28.75	11.25	232	400,50
305	-28.75	11.75	232	400,50
305	-27.25	13.25	232	400,50
305	-26.25	13.25	232	400,50
305	-26.25	14.25	232	400,50
305	-25.25	15.25	232	400,50
305	-24.75	15.25	232	400,50
305	-23.25	13.75	232	400,50
305	-23.25	13.25	232	400,50
305	-27.75	8.75	232	400,50
305	-29.25	8.75	232	400,50
305	-29.75	9.25	232	400,50
305	-29.75	9.75	232	400,50
305	-28.75	10.75	232	400,50
305	-28.75	11.25	232	400,50
411	-2.75	37.25	303	400,50
411	-2.75	37.75	303	400,50
411	-2.25	38.25	303	400,50
411	-1.75	38.25	303	400,50
411	-0.25	36.75	303	400,50
411	-0.25	36.25	303	400,50
411	-0.75	35.75	303	400,50
411	-1.25	35.75	303	400,50
411	-1.75	36.25	303	400,50
411	-2.25	36.25	303	400,50
411	-2.25	35.25	303	400,50
411	-2.75	35.25	303	400,50
411	-3.25	35.75	303	400,50
411	-3.25	36.25	303	400,50
411	-2.75	36.75	303	400,50
411	-2.75	37.25	303	400,50
185	-35.25	0.75	177	350,0
185	-35.25	1.25	177	350,0
185	-34.75	1.75	177	350,0
185	-33.75	1.75	177	350,0
185	-32.75	2.75	177	350,0
185	-32.75	3.75	177	350,0
185	-31.25	3.75	177	350,0
185	-29.25	1.75	177	350,0
185	-28.75	1.75	177	350,0
185	-27.75	2.75	177	350,0
185	-27.25	2.75	177	350,0
185	-26.25	1.75	177	350,0
185	-23.75	1.75	177	350,0
185	-21.75	3.75	177	350,0
185	-21.25	3.75	177	350,0
185	-20.75	3.25	177	350,0
185	-19.75	3.25	177	350,0
185	-18.25	1.75	177	350,0
185	-16.75	1.75	177	350,0
185	-15.75	2.75	177	350,0
185	-15.25	2.75	177	350,0
185	-15.25	1.75	177	350,0
185	-14.75	1.75	177	350,0
185	-12.25	4.25	177	350,0
185	-11.75	4.25	177	350,0
185	-11.75	3.75	177	350,0
185	-12.25	3.25	177	350,0
185	-12.25	2.75	177	350,0
185	-11.75	2.25	177	350,0
185	-11.75	1.75	177	350,0
185	-12.75	0.75	177	350,0
185	-19.25	0.75	177	350,0
185	-20.75	2.25	177	350,0
185	-21.25	2.25	177	350,0
185	-22.75	0.75	177	350,0
185	-27.25	0.75	177	350,0
185	-27.75	1.25	177	350,0
185	-28.25	1.25	177	350,0
185	-28.75	0.75	177	350,0
185	-31.25	0.75	177	350,0
185	-32.25	1.75	177	350,0
185	-32.75	1.75	177	350,0
185	-33.75	0.75	177	350,0
185	-35.25	0.75	177	350,0
200	-24.25	11.75	189	350,0
200	-24.25	12.25	189	350,0
200	-23.25	13.25	189	350,0
200	-22.25	13.25	189	350,0
200	-21.25	14.25	189	350,0
200	-21.25	15.25	189	350,0
200	-20.25	15.25	189	350,0
200	-19.25	16.25	189	350,0
200	-19.25	17.25	189	350,0
200	-18.25	17.25	189	350,0
200	-14.75	20.75	189	350,0
200	-14.75	21.75	189	350,0
200	-11.75	24.75	189	350,0
200	-10.75	24.75	189	350,0
200	-10.75	25.75	189	350,0
200	-6.25	30.25	189	350,0
200	-4.25	30.25	189	350,0
200	-3.75	30.75	189	350,0
200	-3.25	30.75	189	350,0
200	-2.75	30.25	189	350,0
200	-2.25	30.25	189	350,0
200	-1.25	31.25	189	350,0
200	-0.75	31.25	189	350,0
200	-0.25	30.75	189	350,0
200	-0.25	30.25	189	350,0
200	-2.25	28.25	189	350,0
200	-2.25	26.25	189	350,0
200	-2.75	25.75	189	350,0
200	-3.75	25.75	189	350,0
200	-3.75	25.25	189	350,0
200	-2.25	23.75	189	350,0
200	-1.75	23.75	189	350,0
200	-0.75	24.75	189	350,0
200	-0.25	24.75	189	350,0
200	0.25	24.25	189	350,0
200	0.25	23.25	189	350,0
200	1.75	21.75	189	350,0
200	1.75	21.25	189	350,0
200	1.25	20.75	189	350,0
200	1.25	19.75	189	350,0
200	0.75	19.25	189	350,0
200	0.25	19.25	189	350,0
200	0.25	20.25	189	350,0
200	-0.25	20.25	189	350,0
200	-2.75	17.75	189	350,0
200	-3.25	17.75	189	350,0
200	-3.75	18.25	189	350,0
200	-3.75	18.75	189	350,0
200	-2.75	19.75	189	350,0
200	-2.75	20.25	189	350,0
200	-3.75	21.25	189	350,0
200	-4.25	21.25	189	350,0
200	-4.25	20.25	189	350,0
200	-5.25	20.25	189	350,0
200	-6.75	18.75	189	350,0
200	-7.25	18.75	189	350,0
200	-7.75	19.25	189	350,0
200	-8.25	19.25	189	350,0
200	-9.75	17.75	189	350,0
200	-9.75	17.25	189	350,0
200	-8.75	17.25	189	350,0
200	-8.75	16.75	189	350,0
200	-18.75	6.75	189	350,0
200	-19.25	6.75	189	350,0
200	-19.75	7.25	189	350,0
200	-20.75	7.25	189	350,0
200	-20.75	8.25	189	350,0
200	-21.75	8.25	189	350,0
200	-22.25	8.75	189	350,0
200	-23.25	8.75	189	350,0
200	-23.25	9.75	189	350,0
200	-23.75	10.25	189	350,0
200	-23.75	11.25	189	350,0
200	-24.25	11.75	189	350,0
601	3.75	39.75	93	400,50
601	3.75	40.25	93	400,50
601	4.25	40.75	93	400,50
601	4.75	40.75	93	400,50
601	5.25	40.25	93	400,50
601	5.25	33.75	93	400,50
601	4.25	32.75	93	400,50
601	3.25	32.75	93	400,50
601	0.75	30.25	93	400,50
601	-0.75	30.25	93	400,50
601	-1.25	30.75	93	400,50
601	-1.25	31.25	93	400,50
601	-0.75	31.75	93	400,50
601	-0.75	33.75	93	400,50
601	0.75	35.25	93	400,50
601	1.75	35.25	93	400,50
601	3.75	37.25	93	400,50
601	3.75	37.75	93	400,50
601	3.25	37.75	93	400,50
601	2.25	36.75	93	400,50
601	1.75	36.75	93	400,50
601	1.75	37.25	93	400,50
601	3.75	39.25	93	400,50
601	3.75	39.75	93	400,50
601	-44.25	41.75	93	450,50
601	-44.25	42.25	93	450,50
601	-43.75	42.25	93	450,50
601	-3.75	2.25	93	450,50
601	-3.75	1.75	93	450,50
601	-4.25	1.75	93	450,50
601	-6.25	3.75	93	450,50
601	-6.75	3.75	93	450,50
601	-7.25	3.25	93	450,50
601	-7.25	2.75	93	450,50
601	-5.25	0.75	93	450,50
601	-5.25	0.25	93	450,50
601	-6.25	-0.75	93	450,50
601	-14.75	-0.75	93	450,50
601	-14.75	-0.25	93	450,50
601	-14.25	0.25	93	450,50
601	-14.25	0.75	93	450,50
601	-19.25	5.75	93	450,50
601	-19.25	6.25	93	450,50
601	-17.25	8.25	93	450,50
601	-16.25	8.25	93	450,50
601	-15.75	8.75	93	450,50
601	-15.75	9.75	93	450,50
601	-15.25	10.25	93	450,50
601	-14.75	10.25	93	450,50
601	-9.75	5.25	93	450,50
601	-9.25	5.25	93	450,50
601	-8.75	5.75	93	450,50
601	-8.75	6.25	93	450,50
601	-15.25	12.75	93	450,50
601	-15.75	12.75	93	450,50
601	-16.25	12.25	93	450,50
601	-17.75	12.25	93	450,50
601	-19.25	13.75	93	450,50
601	-19.25	14.75	93	450,50
601	-19.75	15.25	93	450,50
601	-20.25	15.25	93	450,50
601	-20.75	14.75	93	450,50
601	-20.75	14.25	93	450,50
601	-18.25	11.75	93	450,50
601	-18.25	10.25	93	450,50
601	-18.75	9.75	93	450,50
601	-20.25	9.75	93	450,50
601	-20.75	10.25	93	450,50
601	-21.25	10.25	93	450,50
601	-21.25	9.75	93	450,50
601	-20.75	9.25	93	450,50
601	-20.75	8.75	93	450,50
601	-21.25	8.25	93	450,50
601	-21.25	7.25	93	450,50
601	-21.75	6.75	93	450,50
601	-22.75	6.75	93	450,50
601	-22.75	6.25	93	450,50
601	-21.75	5.25	93	450,50
601	-21.75	4.75	93	450,50
601	-24.75	1.75	93	450,50
601	-27.25	1.75	93	450,50
601	-27.75	2.25	93	450,50
601	-28.75	2.25	93	450,50
601	-28.75	3.25	93	450,50
601	-30.25	4.75	93	450,50
601	-30.25	5.25	93	450,50
601	-29.75	5.75	93	450,50
601	-29.75	6.25	93	450,50
601	-30.25	6.75	93	450,50
601	-30.75	6.75	93	450,50
601	-31.25	6.25	93	450,50
601	-31.75	6.25	93	450,50
601	-33.75	8.25	93	450,50
601	-33.75	8.75	93	450,50
601	-33.25	9.25	93	450,50
601	-33.25	10.25	93	450,50
601	-31.75	11.75	93	450,50
601	-30.75	11.75	93	450,50
601	-29.75	12.75	93	450,50
601	-29.25	12.75	93	450,50
601	-26.75	10.25	93	450,50
601	-26.75	9.75	93	450,50
601	-27.75	8.75	93	450,50
601	-27.75	8.25	93	450,50
601	-27.25	8.25	93	450,50
601	-26.25	9.25	93	450,50
601	-25.75	9.25	93	450,50
601	-25.25	8.75	93	450,50
601	-24.75	8.75	93	450,50
601	-24.75	9.25	93	450,50
601	-25.25	9.75	93	450,50
601	-25.25	10.25	93	450,50
601	-24.75	10.75	93	450,50
601	-24.75	11.25	93	450,50
601	-25.25	11.25	93	450,50
601	-25.75	10.75	93	450,50
601	-26.25	10.75	93	450,50
601	-29.25	13.75	93	450,50
601	-29.25	14.25	93	450,50
601	-28.75	14.75	93	450,50
601	-28.75	15.25	93	450,50
601	-29.75	16.25	93	450,50
601	-30.25	16.25	93	450,50
601	-30.75	15.75	93	450,50
601	-31.25	15.75	93	450,50
601	-37.75	22.25	93	450,50
601	-38.25	22.25	93	450,50
601	-38.25	21.25	93	450,50
601	-42.25	17.25	93	450,50
601	-42.75	17.25	93	450,50
601	-44.75	19.25	93	450,50
601	-44.75	20.75	93	450,50
601	-41.25	24.25	93	450,50
601	-40.25	24.25	93	450,50
601	-40.25	25.25	93	450,50
601	-39.75	25.75	93	450,50
601	-39.75	26.25	93	450,50
601	-40.25	26.75	93	450,50
601	-40.75	26.75	93	450,50
601	-41.25	26.25	93	450,50
601	-42.75	26.25	93	450,50
601	-44.75	28.25	93	450,50
601	-44.75	40.75	93	450,50
601	-44.25	41.25	93	450,50
601	-44.25	41.75	93	450,50
601	-14.25	48.75	93	450,0
601	-14.25	49.25	93	450,0
601	-12.75	49.25	93	450,0
601	-12.75	48.75	93	450,0
601	-13.25	48.25	93	450,0
601	-13.75	48.25	93	450,0
601	-14.25	48.75	93	450,0
602	4.75	31.75	93	400,50
602	4.75	32.25	93	400,50
602	5.25	32.25	93	400,50
602	5.25	31.75	93	400,50
602	4.75	31.75	93	400,50
602	-12.25	49.25	93	450,0
602	-12.25	48.75	93	450,0
602	-9.75	46.25	93	450,0
602	-9.25	46.25	93	450,0
602	-9.25	46.75	93	450,0
602	-9.75	47.25	93	450,0
602	-9.75	47.75	93	450,0
602	-9.25	47.75	93	450,0
602	-8.75	47.25	93	450,0
602	-8.25	47.25	93	450,0
602	-6.75	48.75	93	450,0
602	-6.75	49.25	93	450,0
602	-12.25	49.25	93	450,0
603	0.25	25.25	93	400,50
603	0.25	25.75	93	400,50
603	4.75	30.25	93	400,50
603	5.25	30.25	93	400,50
603	5.25	27.75	93	400,50
603	4.25	27.75	93	400,50
603	3.25	26.75	93	400,50
603	3.25	25.75	93	400,50
603	2.25	24.75	93	400,50
603	0.75	24.75	93	400,50
603	0.25	25.25	93	400,50
604	4.75	19.75	93	400,50
604	4.75	20.25	93	400,50
604	5.25	20.25	93	400,50
604	5.25	19.75	93	400,50
604	4.75	19.75	93	400,50
83	-4.75	30.25	135	350,0
83	-4.75	30.75	135	350,0
83	4.25	39.75	135	350,0
83	4.75	39.75	135	350,0
83	4.75	32.25	135	350,0
83	4.25	31.75	135	350,0
83	4.25	31.25	135	350,0
83	4.75	30.75	135	350,0
83	4.75	28.25	135	350,0
83	0.75	24.25	135	350,0
83	0.25	24.25	135	350,0
83	-0.25	24.75	135	350,0
83	-0.75	24.75	135	350,0
83	-1.75	23.75	135	350,0
83	-2.25	23.75	135	350,0
83	-3.75	25.25	135	350,0
83	-3.75	25.75	135	350,0
83	-2.75	25.75	135	350,0
83	-2.25	26.25	135	350,0
83	-2.25	28.25	135	350,0
83	-0.25	30.25	135	350,0
83	-0.25	30.75	135	350,0
83	-0.75	31.25	135	350,0
83	-1.25	31.25	135	350,0
83	-2.25	30.25	135	350,0
83	-2.75	30.25	135	350,0
83	-3.25	30.75	135	350,0
83	-3.75	30.75	135	350,0
83	-4.25	30.25	135	350,0
83	-4.75	30.25	135	350,0
83	-45.25	39.75	135	400,0
83	-45.25	40.25	135	400,0
83	-43.25	42.25	135	400,0
83	-42.75	42.25	135	400,0
83	-39.25	38.75	135	400,0
83	-39.25	37.75	135	400,0
83	-38.75	37.25	135	400,0
83	-37.75	37.25	135	400,0
83	-35.25	34.75	135	400,0
83	-35.25	34.25	135	400,0
83	-35.75	33.75	135	400,0
83	-36.75	33.75	135	400,0
83	-37.25	33.25	135	400,0
83	-37.75	33.25	135	400,0
83	-38.75	34.25	135	400,0
83	-39.25	34.25	135	400,0
83	-42.75	30.75	135	400,0
83	-43.25	30.75	135	400,0
83	-43.25	31.75	135	400,0
83	-45.25	31.75	135	400,0
83	-45.25	39.75	135	400,0
84	-45.25	29.75	135	400,0
84	-45.25	30.25	135	400,0
84	-44.75	30.25	135	400,0
84	-44.25	29.75	135	400,0
84	-44.25	29.25	135	400,0
84	-44.75	28.75	135	400,0
84	-45.25	28.75	135	400,0
84	-45.25	29.75	135	400,0
149	-9.75	17.25	150	350,0
149	-9.75	17.75	150	350,0
149	-8.25	19.25	150	350,0
149	-7.75	19.25	150	350,0
149	-7.25	18.75	150	350,0
149	-6.75	18.75	150	350,0
149	-5.25	20.25	150	350,0
149	-4.25	20.25	150	350,0
149	-4.25	21.25	150	350,0
149	-3.75	21.25	150	350,0
149	-2.75	20.25	150	350,0
149	-2.75	19.75	150	350,0
149	-3.75	18.75	150	350,0
149	-3.75	18.25	150	350,0
149	-3.25	17.75	150	350,0
149	-2.75	17.75	150	350,0
149	-0.25	20.25	150	350,0
149	0.25	20.25	150	350,0
149	0.25	19.25	150	350,0
149	0.75	19.25	150	350,0
149	1.25	19.75	150	350,0
149	1.25	20.75	150	350,0
149	1.75	21.25	150	350,0
149	1.75	21.75	150	350,0
149	0.25	23.25	150	350,0
149	0.25	23.75	150	350,0
149	4.25	27.75	150	350,0
149	4.75	27.75	150	350,0
149	4.75	25.25	150	350,0
149	3.25	23.75	150	350,0
149	3.25	23.25	150	350,0
149	3.75	23.25	150	350,0
149	4.25	23.75	150	350,0
149	4.75	23.75	150	350,0
149	4.75	23.25	150	350,0
149	3.75	22.25	150	350,0
149	3.75	21.75	150	350,0
149	4.75	21.75	150	350,0
149	4.75	12.25	150	350,0
149	3.75	11.25	150	350,0
149	3.25	11.25	150	350,0
149	2.75	11.75	150	350,0
149	2.25	11.75	150	350,0
149	2.25	11.25	150	350,0
149	2.75	10.75	150	350,0
149	2.75	10.25	150	350,0
149	1.75	9.25	150	350,0
149	1.25	9.25	150	350,0
149	0.75	9.75	150	350,0
149	0.75	10.25	150	350,0
149	1.25	10.75	150	350,0
149	1.25	11.25	150	350,0
149	-0.25	11.25	150	350,0
149	-1.75	9.75	150	350,0
149	-1.75	8.75	150	350,0
149	-2.75	7.75	150	350,0
149	-3.25	7.75	150	350,0
149	-3.75	8.25	150	350,0
149	-4.75	8.25	150	350,0
149	-5.75	9.25	150	350,0
149	-5.75	9.75	150	350,0
149	-4.25	11.25	150	350,0
149	-4.25	11.75	150	350,0
149	-5.75	11.75	150	350,0
149	-6.75	10.75	150	350,0
149	-8.75	10.75	150	350,0
149	-9.25	10.25	150	350,0
149	-9.25	9.25	150	350,0
149	-12.25	6.25	150	350,0
149	-12.75	6.25	150	350,0
149	-14.25	7.75	150	350,0
149	-14.25	8.75	150	350,0
149	-14.75	9.25	150	350,0
149	-15.25	9.25	150	350,0
149	-16.75	7.75	150	350,0
149	-17.25	7.75	150	350,0
149	-17.25	8.25	150	350,0
149	-8.75	16.75	150	350,0
149	-8.75	17.25	150	350,0
149	-9.75	17.25	150	350,0
149	-44.25	29.75	150	400,0
149	-44.25	30.25	150	400,0
149	-43.75	30.25	150	400,0
149	-43.25	29.75	150	400,0
149	-43.25	27.25	150	400,0
149	-44.75	25.75	150	400,0
149	-45.25	25.75	150	400,0
149	-45.25	28.25	150	400,0
149	-44.25	29.25	150	400,0
149	-44.25	29.75	150	400,0
150	4.25	9.25	150	350,0
150	4.25	9.75	150	350,0
150	4.75	9.75	150	350,0
150	4.75	9.25	150	350,0
150	4.25	9.25	150	350,0
150	-45.25	23.75	150	400,0
150	-45.25	24.25	150	400,0
150	-42.25	27.25	150	400,0
150	-41.75	27.25	150	400,0
150	-41.75	26.75	150	400,0
150	-44.75	23.75	150	400,0
150	-45.25	23.75	150	400,0
39	4.25	31.25	118	350,0
39	4.25	31.75	118	350,0
39	4.75	31.75	118	350,0
39	4.75	31.25	118	350,0
39	4.25	31.25	118	350,0
39	-45.25	30.75	118	400,0
39	-45.25	31.25	118	400,0
39	-44.75	31.75	118	400,0
39	-43.25	31.75	118	400,0
39	-43.25	30.75	118	400,0
39	-42.75	30.75	118	400,0
39	-39.25	34.25	118	400,0
39	-38.75	34.25	118	400,0
39	-37.75	33.25	118	400,0
39	-37.25	33.25	118	400,0
39	-36.75	33.75	118	400,0
39	-35.75	33.75	118	400,0
39	-35.25	34.25	118	400,0
39	-34.75	34.25	118	400,0
39	-33.25	32.75	118	400,0
39	-33.25	31.75	118	400,0
39	-32.75	31.25	118	400,0
39	-32.75	30.25	118	400,0
39	-32.25	29.75	118	400,0
39	-30.25	29.75	118	400,0
39	-14.75	14.25	118	400,0
39	-14.75	13.75	118	400,0
39	-15.75	13.75	118	400,0
39	-17.25	12.25	118	400,0
39	-17.25	11.25	118	400,0
39	-19.25	9.25	118	400,0
39	-21.75	9.25	118	400,0
39	-23.75	11.25	118	400,0
39	-24.75	11.25	118	400,0
39	-24.75	12.25	118	400,0
39	-27.75	15.25	118	400,0
39	-28.25	15.25	118	400,0
39	-28.75	14.75	118	400,0
39	-29.25	14.75	118	400,0
39	-30.25	15.75	118	400,0
39	-30.25	16.25	118	400,0
39	-29.75	16.75	118	400,0
39	-29.75	17.25	118	400,0
39	-34.75	22.25	118	400,0
39	-35.25	22.25	118	400,0
39	-35.75	21.75	118	400,0
39	-36.25	21.75	118	400,0
39	-36.75	22.25	118	400,0
39	-36.75	22.75	118	400,0
39	-36.25	23.25	118	400,0
39	-36.25	23.75	118	400,0
39	-36.75	24.25	118	400,0
39	-37.75	24.25	118	400,0
39	-37.75	25.25	118	400,0
39	-38.75	26.25	118	400,0
39	-41.25	26.25	118	400,0
39	-44.75	22.75	118	400,0
39	-45.25	22.75	118	400,0
39	-45.25	23.25	118	400,0
39	-41.75	26.75	118	400,0
39	-41.75	27.25	118	400,0
39	-42.25	27.25	118	400,0
39	-44.75	24.75	118	400,0
39	-45.25	24.75	118	400,0
39	-45.25	25.25	118	400,0
39	-43.25	27.25	118	400,0
39	-43.25	29.75	118	400,0
39	-43.75	30.25	118	400,0
39	-44.75	30.25	118	400,0
39	-45.25	30.75	118	400,0
40	3.25	23.25	118	350,0
40	3.25	23.75	118	350,0
40	4.25	24.75	118	350,0
40	4.75	24.75	118	350,0
40	4.75	24.25	118	350,0
40	3.75	23.25	118	350,0
40	3.25	23.25	118	350,0
41	3.75	21.75	118	350,0
41	3.75	22.25	118	350,0
41	4.25	22.75	118	350,0
41	4.75	22.75	118	350,0
41	4.75	22.25	118	350,0
41	4.25	21.75	118	350,0
41	3.75	21.75	118	350,0
71	-0.75	24.25	130	400,50
71	-0.75	24.75	130	400,50
71	-0.25	25.25	130	400,50
71	0.25	25.25	130	400,50
71	0.75	24.75	130	400,50
71	2.25	24.75	130	400,50
71	3.25	25.75	130	400,50
71	3.25	26.75	130	400,50
71	4.25	27.75	130	400,50
71	4.75	27.75	130	400,50
71	5.25	27.25	130	400,50
71	5.25	20.75	130	400,50
71	4.75	20.25	130	400,50
71	4.75	19.75	130	400,50
71	5.25	19.25	130	400,50
71	5.25	17.75	130	400,50
71	3.75	16.25	130	400,50
71	2.25	16.25	130	400,50
71	1.75	16.75	130	400,50
71	0.75	16.75	130	400,50
71	0.25	17.25	130	400,50
71	0.25	18.75	130	400,50
71	0.75	18.75	130	400,50
71	1.75	17.75	130	400,50
71	2.25	17.75	130	400,50
71	3.25	18.75	130	400,50
71	3.25	19.25	130	400,50
71	2.75	19.75	130	400,50
71	2.25	19.75	130	400,50
71	1.75	19.25	130	400,50
71	1.25	19.25	130	400,50
71	1.25	19.75	130	400,50
71	1.75	20.25	130	400,50
71	1.75	20.75	130	400,50
71	1.25	21.25	130	400,50
71	1.25	21.75	130	400,50
71	1.75	22.25	130	400,50
71	1.75	22.75	130	400,50
71	0.75	23.75	130	400,50
71	-0.25	23.75	130	400,50
71	-0.75	24.25	130	400,50
71	-44.75	27.25	130	450,50
71	-44.75	27.75	130	450,50
71	-44.25	27.75	130	450,50
71	-42.75	26.25	130	450,50
71	-41.25	26.25	130	450,50
71	-40.75	26.75	130	450,50
71	-40.25	26.75	130	450,50
71	-39.75	26.25	130	450,50
71	-39.75	25.75	130	450,50
71	-40.25	25.25	130	450,50
71	-40.25	24.25	130	450,50
71	-41.25	24.25	130	450,50
71	-44.25	21.25	130	450,50
71	-44.75	21.25	130	450,50
71	-44.75	27.25	130	450,50
71	-24.25	48.75	130	450,0
71	-24.25	49.25	130	450,0
71	-14.75	49.25	130	450,0
71	-13.75	48.25	130	450,0
71	-13.25	48.25	130	450,0
71	-12.75	48.75	130	450,0
71	-12.25	48.75	130	450,0
71	-9.75	46.25	130	450,0
71	-9.25	46.25	130	450,0
71	-9.25	46.75	130	450,0
71	-9.75	47.25	130	450,0
71	-9.75	47.75	130	450,0
71	-9.25	47.75	130	450,0
71	-8.75	47.25	130	450,0
71	-8.25	47.25	130	450,0
71	-6.25	49.25	130	450,0
71	-0.75	49.25	130	450,0
71	0.25	48.25	130	450,0
71	0.25	47.75	130	450,0
71	-0.75	46.75	130	450,0
71	-0.75	46.25	130	450,0
71	-0.25	45.75	130	450,0
71	-0.25	45.25	130	450,0
71	-0.75	44.75	130	450,0
71	-1.75	44.75	130	450,0
71	-2.75	43.75	130	450,0
71	-2.75	42.75	130	450,0
71	-3.75	42.75	130	450,0
71	-10.75	35.75	130	450,0
71	-10.75	34.75	130	450,0
71	-11.25	34.25	130	450,0
71	-11.25	33.75	130	450,0
71	-10.75	33.25	130	450,0
71	-10.75	32.25	130	450,0
71	-10.25	31.75	130	450,0
71	-10.25	30.25	130	450,0
71	-10.75	30.25	130	450,0
71	-13.25	32.75	130	450,0
71	-13.75	32.75	130	450,0
71	-14.75	31.75	130	450,0
71	-14.75	30.75	130	450,0
71	-15.25	30.25	130	450,0
71	-15.25	29.75	130	450,0
71	-13.25	27.75	130	450,0
71	-12.25	27.75	130	450,0
71	-12.25	26.75	130	450,0
71	-11.25	25.75	130	450,0
71	-10.75	25.75	130	450,0
71	-9.75	26.75	130	450,0
71	-8.75	26.75	130	450,0
71	-8.75	27.75	130	450,0
71	-7.25	29.25	130	450,0
71	-4.25	29.25	130	450,0
71	-2.25	31.25	130	450,0
71	-1.75	31.25	130	450,0
71	-1.75	30.75	130	450,0
71	-3.75	28.75	130	450,0
71	-3.75	28.25	130	450,0
71	-3.25	27.75	130	450,0
71	-3.25	27.25	130	450,0
71	-3.75	26.75	130	450,0
71	-3.75	26.25	130	450,0
71	-2.75	26.25	130	450,0
71	-2.25	25.75	130	450,0
71	-2.25	25.25	130	450,0
71	-3.75	23.75	130	450,0
71	-4.25	23.75	130	450,0
71	-6.75	26.25	130	450,0
71	-7.25	26.25	130	450,0
71	-8.75	24.75	130	450,0
71	-8.75	24.25	130	450,0
71	-7.75	24.25	130	450,0
71	-6.25	22.75	130	450,0
71	-4.25	22.75	130	450,0
71	-2.75	21.25	130	450,0
71	-2.75	20.75	130	450,0
71	-3.25	20.75	130	450,0
71	-4.25	21.75	130	450,0
71	-4.75	21.75	130	450,0
71	-5.25	21.25	130	450,0
71	-5.25	20.25	130	450,0
71	-6.25	20.25	130	450,0
71	-6.75	19.75	130	450,0
71	-6.75	18.25	130	450,0
71	-4.75	18.25	130	450,0
71	-4.75	17.75	130	450,0
71	-5.25	17.25	130	450,0
71	-6.25	17.25	130	450,0
71	-7.25	16.25	130	450,0
71	-7.75	16.25	130	450,0
71	-8.75	17.25	130	450,0
71	-8.75	17.75	130	450,0
71	-8.25	18.25	130	450,0
71	-8.25	19.75	130	450,0
71	-8.75	20.25	130	450,0
71	-9.25	20.25	130	450,0
71	-9.75	19.75	130	450,0
71	-10.25	19.75	130	450,0
71	-10.25	20.25	130	450,0
71	-9.75	20.75	130	450,0
71	-9.75	21.75	130	450,0
71	-8.75	21.75	130	450,0
71	-8.75	23.25	130	450,0
71	-9.25	23.25	130	450,0
71	-15.25	17.25	130	450,0
71	-15.25	16.75	130	450,0
71	-13.75	15.25	130	450,0
71	-13.75	14.75	130	450,0
71	-14.25	14.75	130	450,0
71	-16.25	16.75	130	450,0
71	-16.75	16.75	130	450,0
71	-16.75	16.25	130	450,0
71	-15.75	15.25	130	450,0
71	-15.75	14.25	130	450,0
71	-14.75	14.25	130	450,0
71	-14.25	13.75	130	450,0
71	-14.25	12.25	130	450,0
71	-14.75	12.25	130	450,0
71	-17.75	15.25	130	450,0
71	-18.25	15.25	130	450,0
71	-18.25	14.75	130	450,0
71	-17.25	13.75	130	450,0
71	-17.25	13.25	130	450,0
71	-18.25	13.25	130	450,0
71	-18.75	12.75	130	450,0
71	-19.25	12.75	130	450,0
71	-19.75	13.25	130	450,0
71	-20.25	13.25	130	450,0
71	-20.75	12.75	130	450,0
71	-21.75	12.75	130	450,0
71	-21.75	11.75	130	450,0
71	-28.25	5.25	130	450,0
71	-28.75	5.25	130	450,0
71	-29.75	6.25	130	450,0
71	-30.25	6.25	130	450,0
71	-32.75	3.75	130	450,0
71	-33.25	3.75	130	450,0
71	-35.25	5.75	130	450,0
71	-35.75	5.75	130	450,0
71	-35.75	4.75	130	450,0
71	-36.25	4.25	130	450,0
71	-36.75	4.25	130	450,0
71	-39.25	6.75	130	450,0
71	-39.25	7.25	130	450,0
71	-38.75	7.75	130	450,0
71	-37.75	7.75	130	450,0
71	-37.25	8.25	130	450,0
71	-37.25	9.25	130	450,0
71	-36.75	9.75	130	450,0
71	-35.75	9.75	130	450,0
71	-34.25	11.25	130	450,0
71	-34.25	12.25	130	450,0
71	-33.25	13.25	130	450,0
71	-32.75	13.25	130	450,0
71	-32.75	12.25	130	450,0
71	-31.25	10.75	130	450,0
71	-30.25	10.75	130	450,0
71	-28.25	8.75	130	450,0
71	-27.75	8.75	130	450,0
71	-22.25	14.25	130	450,0
71	-21.75	14.25	130	450,0
71	-21.25	13.75	130	450,0
71	-20.75	13.75	130	450,0
71	-20.75	14.25	130	450,0
71	-21.25	14.75	130	450,0
71	-21.25	15.25	130	450,0
71	-20.25	15.25	130	450,0
71	-20.25	16.25	130	450,0
71	-14.25	22.25	130	450,0
71	-14.25	22.75	130	450,0
71	-18.25	26.75	130	450,0
71	-18.75	26.75	130	450,0
71	-19.25	26.25	130	450,0
71	-19.75	26.25	130	450,0
71	-20.25	26.75	130	450,0
71	-20.25	27.25	130	450,0
71	-18.25	29.25	130	450,0
71	-18.25	30.25	130	450,0
71	-16.25	32.25	130	450,0
71	-16.25	32.75	130	450,0
71	-19.25	35.75	130	450,0
71	-19.25	36.75	130	450,0
71	-21.25	38.75	130	450,0
71	-21.25	39.25	130	450,0
71	-20.75	39.25	130	450,0
71	-18.75	37.25	130	450,0
71	-17.75	37.25	130	450,0
71	-14.25	33.75	130	450,0
71	-13.75	33.75	130	450,0
71	-13.75	36.25	130	450,0
71	-14.25	36.75	130	450,0
71	-15.25	36.75	130	450,0
71	-16.75	38.25	130	450,0
71	-16.75	38.75	130	450,0
71	-15.75	39.75	130	450,0
71	-15.75	40.25	130	450,0
71	-17.75	42.25	130	450,0
71	-17.75	43.75	130	450,0
71	-17.25	44.25	130	450,0
71	-17.25	45.75	130	450,0
71	-17.75	46.25	130	450,0
71	-18.25	46.25	130	450,0
71	-19.75	44.75	130	450,0
71	-20.25	44.75	130	450,0
71	-24.25	48.75	130	450,0
151	-45.25	21.75	150	400,0
151	-45.25	22.25	150	400,0
151	-41.25	26.25	150	400,0
151	-38.75	26.25	150	400,0
151	-37.75	25.25	150	400,0
151	-37.75	24.25	150	400,0
151	-36.75	24.25	150	400,0
151	-36.25	23.75	150	400,0
151	-36.25	23.25	150	400,0
151	-36.75	22.75	150	400,0
151	-36.75	22.25	150	400,0
151	-36.25	21.75	150	400,0
151	-35.75	21.75	150	400,0
151	-35.25	22.25	150	400,0
151	-34.75	22.25	150	400,0
151	-29.75	17.25	150	400,0
151	-29.75	16.75	150	400,0
151	-30.25	16.25	150	400,0
151	-30.25	15.75	150	400,0
151	-29.25	14.75	150	400,0
151	-28.75	14.75	150	400,0
151	-28.25	15.25	150	400,0
151	-27.75	15.25	150	400,0
151	-24.75	12.25	150	400,0
151	-24.75	10.25	150	400,0
151	-22.25	7.75	150	400,0
151	-22.25	6.25	150	400,0
151	-22.75	5.75	150	400,0
151	-23.75	5.75	150	400,0
151	-26.75	2.75	150	400,0
151	-27.25	2.75	150	400,0
151	-29.25	4.75	150	400,0
151	-30.25	4.75	150	400,0
151	-30.25	5.25	150	400,0
151	-28.25	7.25	150	400,0
151	-28.25	7.75	150	400,0
151	-28.75	7.75	150	400,0
151	-30.25	6.25	150	400,0
151	-31.75	6.25	150	400,0
151	-32.25	6.75	150	400,0
151	-32.25	7.75	150	400,0
151	-33.25	7.75	150	400,0
151	-34.25	8.75	150	400,0
151	-34.25	9.25	150	400,0
151	-31.25	12.25	150	400,0
151	-31.25	12.75	150	400,0
151	-32.25	12.75	150	400,0
151	-32.75	13.25	150	400,0
151	-33.25	13.25	150	400,0
151	-35.75	10.75	150	400,0
151	-36.25	10.75	150	400,0
151	-36.75	11.25	150	400,0
151	-37.25	11.25	150	400,0
151	-37.25	9.75	150	400,0
151	-36.25	9.75	150	400,0
151	-35.75	9.25	150	400,0
151	-35.75	7.75	150	400,0
151	-36.75	6.75	150	400,0
151	-37.75	6.75	150	400,0
151	-37.75	5.75	150	400,0
151	-38.25	5.75	150	400,0
151	-40.25	7.75	150	400,0
151	-40.25	8.75	150	400,0
151	-40.75	8.75	150	400,0
151	-41.25	8.25	150	400,0
151	-41.75	8.25	150	400,0
151	-42.75	9.25	150	400,0
151	-43.25	9.25	150	400,0
151	-43.25	8.75	150	400,0
151	-42.75	8.25	150	400,0
151	-42.75	7.75	150	400,0
151	-44.25	7.75	150	400,0
151	-45.25	8.75	150	400,0
151	-45.25	10.25	150	400,0
151	-44.75	10.75	150	400,0
151	-44.75	11.25	150	400,0
151	-45.25	11.75	150	400,0
151	-45.25	19.25	150	400,0
151	-44.75	19.25	150	400,0
151	-42.75	17.25	150	400,0
151	-42.25	17.25	150	400,0
151	-37.25	22.25	150	400,0
151	-37.25	22.75	150	400,0
151	-39.75	25.25	150	400,0
151	-40.25	25.25	150	400,0
151	-44.75	20.75	150	400,0
151	-45.25	20.75	150	400,0
151	-45.25	21.75	150	400,0
245	-34.25	38.75	218	400,0
245	-34.25	39.25	218	400,0
245	-29.75	43.75	218	400,0
245	-28.75	43.75	218	400,0
245	-28.25	44.25	218	400,0
245	-27.75	44.25	218	400,0
245	-27.25	43.75	218	400,0
245	-27.25	43.25	218	400,0
245	-28.25	42.25	218	400,0
245	-28.25	41.75	218	400,0
245	-27.25	40.75	218	400,0
245	-26.25	40.75	218	400,0
245	-25.75	40.25	218	400,0
245	-25.75	39.75	218	400,0
245	-29.25	36.25	218	400,0
245	-30.25	36.25	218	400,0
245	-31.25	35.25	218	400,0
245	-31.75	35.25	218	400,0
245	-31.75	36.25	218	400,0
245	-32.75	36.25	218	400,0
245	-32.75	37.25	218	400,0
245	-33.75	37.25	218	400,0
245	-34.25	37.75	218	400,0
245	-34.25	38.75	218	400,0
72	-44.75	18.25	130	450,50
72	-44.75	18.75	130	450,50
72	-44.25	18.75	130	450,50
72	-42.75	17.25	130	450,50
72	-42.25	17.25	130	450,50
72	-38.25	21.25	130	450,50
72	-38.25	22.25	130	450,50
72	-37.75	22.25	130	450,50
72	-31.25	15.75	130	450,50
72	-30.75	15.75	130	450,50
72	-30.25	16.25	130	450,50
72	-29.75	16.25	130	450,50
72	-28.75	15.25	130	450,50
72	-28.75	14.75	130	450,50
72	-29.25	14.25	130	450,50
72	-29.25	13.75	130	450,50
72	-26.25	10.75	130	450,50
72	-25.75	10.75	130	450,50
72	-25.25	11.25	130	450,50
72	-24.75	11.25	130	450,50
72	-24.75	10.75	130	450,50
72	-25.25	10.25	130	450,50
72	-25.25	9.75	130	450,50
72	-24.75	9.25	130	450,50
72	-24.75	8.75	130	450,50
72	-25.25	8.75	130	450,50
72	-25.75	9.25	130	450,50
72	-26.25	9.25	130	450,50
72	-27.25	8.25	130	450,50
72	-27.75	8.25	130	450,50
72	-27.75	8.75	130	450,50
72	-26.75	9.75	130	450,50
72	-26.75	10.25	130	450,50
72	-29.25	12.75	130	450,50
72	-29.75	12.75	130	450,50
72	-30.75	11.75	130	450,50
72	-31.75	11.75	130	450,50
72	-33.25	10.25	130	450,50
72	-33.25	9.25	130	450,50
72	-33.75	8.75	130	450,50
72	-33.75	8.25	130	450,50
72	-31.75	6.25	130	450,50
72	-31.25	6.25	130	450,50
72	-30.75	6.75	130	450,50
72	-30.25	6.75	130	450,50
72	-29.75	6.25	130	450,50
72	-29.75	5.75	130	450,50
72	-30.25	5.25	130	450,50
72	-30.25	4.75	130	450,50
72	-28.75	3.25	130	450,50
72	-28.75	2.25	130	450,50
72	-27.75	2.25	130	450,50
72	-27.25	1.75	130	450,50
72	-24.75	1.75	130	450,50
72	-21.75	4.75	130	450,50
72	-21.75	5.25	130	450,50
72	-22.75	6.25	130	450,50
72	-22.75	6.75	130	450,50
72	-21.75	6.75	130	450,50
72	-21.25	7.25	130	450,50
72	-21.25	8.25	130	450,50
72	-20.75	8.75	130	450,50
72	-20.75	9.25	130	450,50
72	-21.25	9.75	130	450,50
72	-21.25	10.25	130	450,50
72	-20.75	10.25	130	450,50
72	-20.25	9.75	130	450,50
72	-18.75	9.75	130	450,50
72	-18.25	10.25	130	450,50
72	-18.25	11.75	130	450,50
72	-20.75	14.25	130	450,50
72	-20.75	14.75	130	450,50
72	-20.25	15.25	130	450,50
72	-19.75	15.25	130	450,50
72	-19.25	14.75	130	450,50
72	-19.25	13.75	130	450,50
72	-17.75	12.25	130	450,50
72	-16.25	12.25	130	450,50
72	-15.75	12.75	130	450,50
72	-15.25	12.75	130	450,50
72	-8.75	6.25	130	450,50
72	-8.75	5.75	130	450,50
72	-9.25	5.25	130	450,50
72	-9.75	5.25	130	450,50
72	-14.75	10.25	130	450,50
72	-15.25	10.25	130	450,50
72	-15.75	9.75	130	450,50
72	-15.75	8.75	130	450,50
72	-16.25	8.25	130	450,50
72	-17.25	8.25	130	450,50
72	-19.25	6.25	130	450,50
72	-19.25	5.75	130	450,50
72	-14.25	0.75	130	450,50
72	-14.25	0.25	130	450,50
72	-15.25	-0.75	130	450,50
72	-24.75	-0.75	130	450,50
72	-25.25	-0.25	130	450,50
72	-25.75	-0.25	130	450,50
72	-26.25	-0.75	130	450,50
72	-27.75	-0.75	130	450,50
72	-27.75	0.25	130	450,50
72	-28.25	0.25	130	450,50
72	-28.75	-0.25	130	450,50
72	-30.25	-0.25	130	450,50
72	-31.75	1.25	130	450,50
72	-32.75	1.25	130	450,50
72	-33.25	1.75	130	450,50
72	-34.25	1.75	130	450,50
72	-34.25	2.75	130	450,50
72	-35.75	4.25	130	450,50
72	-35.75	4.75	130	450,50
72	-35.25	4.75	130	450,50
72	-33.25	2.75	130	450,50
72	-32.75	2.75	130	450,50
72	-31.25	4.25	130	450,50
72	-31.25	4.75	130	450,50
72	-31.75	4.75	130	450,50
72	-32.25	4.25	130	450,50
72	-33.75	4.25	130	450,50
72	-35.75	6.25	130	450,50
72	-35.75	7.75	130	450,50
72	-35.25	8.25	130	450,50
72	-35.25	8.75	130	450,50
72	-36.25	9.75	130	450,50
72	-37.25	9.75	130	450,50
72	-38.25	10.75	130	450,50
72	-38.25	11.75	130	450,50
72	-38.75	12.25	130	450,50
72	-39.25	12.25	130	450,50
72	-40.25	11.25	130	450,50
72	-40.75	11.25	130	450,50
72	-40.75	11.75	130	450,50
72	-39.25	13.25	130	450,50
72	-38.75	13.25	130	450,50
72	-37.25	11.75	130	450,50
72	-36.75	11.75	130	450,50
72	-34.75	13.75	130	450,50
72	-34.75	14.25	130	450,50
72	-35.25	14.75	130	450,50
72	-35.25	15.25	130	450,50
72	-34.25	15.25	130	450,50
72	-33.75	15.75	130	450,50
72	-32.75	15.75	130	450,50
72	-32.75	16.25	130	450,50
72	-36.25	19.75	130	450,50
72	-36.75	19.75	130	450,50
72	-40.75	15.75	130	450,50
72	-40.75	14.75	130	450,50
72	-42.25	13.25	130	450,50
72	-42.75	13.25	130	450,50
72	-42.75	15.25	130	450,50
72	-43.25	15.75	130	450,50
72	-44.25	15.75	130	450,50
72	-44.75	16.25	130	450,50
72	-44.75	18.25	130	450,50
73	-7.25	2.75	130	450,50
73	-7.25	3.25	130	450,50
73	-6.75	3.75	130	450,50
73	-6.25	3.75	130	450,50
73	-4.25	1.75	130	450,50
73	-3.25	1.75	130	450,50
73	-1.25	-0.25	130	450,50
73	-1.25	-0.75	130	450,50
73	-5.75	-0.75	130	450,50
73	-5.75	-0.25	130	450,50
73	-5.25	0.25	130	450,50
73	-5.25	0.75	130	450,50
73	-7.25	2.75	130	450,50
344	-45.25	19.75	259	400,0
344	-45.25	20.25	259	400,0
344	-40.25	25.25	259	400,0
344	-39.75	25.25	259	400,0
344	-37.25	22.75	259	400,0
344	-37.25	22.25	259	400,0
344	-42.25	17.25	259	400,0
344	-42.75	17.25	259	400,0
344	-45.25	19.75	259	400,0
461	-11.25	1.75	36	350,0
461	-11.25	2.25	36	350,0
461	-9.75	3.75	36	350,0
461	-9.25	3.75	36	350,0
461	-8.25	2.75	36	350,0
461	-7.25	2.75	36	350,0
461	-6.75	2.25	36	350,0
461	-5.25	2.25	36	350,0
461	-3.75	3.75	36	350,0
461	-2.25	3.75	36	350,0
461	-0.25	1.75	36	350,0
461	0.25	1.75	36	350,0
461	2.75	4.25	36	350,0
461	3.75	4.25	36	350,0
461	4.25	4.75	36	350,0
461	4.75	4.75	36	350,0
461	4.75	1.25	36	350,0
461	4.25	0.75	36	350,0
461	2.75	0.75	36	350,0
461	2.25	1.25	36	350,0
461	1.75	1.25	36	350,0
461	0.75	0.25	36	350,0
461	0.25	0.25	36	350,0
461	-0.25	0.75	36	350,0
461	-7.25	0.75	36	350,0
461	-8.25	1.75	36	350,0
461	-8.75	1.75	36	350,0
461	-9.75	0.75	36	350,0
461	-10.25	0.75	36	350,0
461	-11.25	1.75	36	350,0
461	-45.25	4.75	36	400,0
461	-45.25	5.25	36	400,0
461	-44.75	5.25	36	400,0
461	-41.75	2.25	36	400,0
461	-41.25	2.25	36	400,0
461	-40.75	2.75	36	400,0
461	-39.25	2.75	36	400,0
461	-38.25	1.75	36	400,0
461	-37.75	1.75	36	400,0
461	-36.75	2.75	36	400,0
461	-36.25	2.75	36	400,0
461	-35.75	2.25	36	400,0
461	-34.75	2.25	36	400,0
461	-34.25	1.75	36	400,0
461	-33.75	1.75	36	400,0
461	-32.25	3.25	36	400,0
461	-31.25	3.25	36	400,0
461	-30.75	3.75	36	400,0
461	-30.25	3.75	36	400,0
461	-29.25	2.75	36	400,0
461	-28.25	2.75	36	400,0
461	-27.25	1.75	36	400,0
461	-26.75	1.75	36	400,0
461	-25.75	2.75	36	400,0
461	-24.75	2.75	36	400,0
461	-23.25	4.25	36	400,0
461	-22.25	4.25	36	400,0
461	-20.25	6.25	36	400,0
461	-19.75	6.25	36	400,0
461	-19.75	5.25	36	400,0
461	-18.25	3.75	36	400,0
461	-17.25	3.75	36	400,0
461	-16.75	3.25	36	400,0
461	-16.25	3.25	36	400,0
461	-15.75	3.75	36	400,0
461	-15.75	5.75	36	400,0
461	-14.75	5.75	36	400,0
461	-14.25	6.25	36	400,0
461	-13.75	6.25	36	400,0
461	-13.25	5.75	36	400,0
461	-12.25	5.75	36	400,0
461	-11.25	4.75	36	400,0
461	-9.25	4.75	36	400,0
461	-6.25	1.75	36	400,0
461	-6.25	1.25	36	400,0
461	-6.75	0.75	36	400,0
461	-7.25	0.75	36	400,0
461	-8.25	1.75	36	400,0
461	-8.75	1.75	36	400,0
461	-9.75	0.75	36	400,0
461	-11.25	0.75	36	400,0
461	-11.75	1.25	36	400,0
461	-12.25	1.25	36	400,0
461	-12.75	0.75	36	400,0
461	-22.25	0.75	36	400,0
461	-23.25	1.75	36	400,0
461	-23.75	1.75	36	400,0
461	-24.75	0.75	36	400,0
461	-42.75	0.75	36	400,0
461	-43.25	0.25	36	400,0
461	-43.75	0.25	36	400,0
461	-45.25	1.75	36	400,0
461	-45.25	4.75	36	400,0
478	-26.75	33.25	47	400,0
478	-26.75	33.75	47	400,0
478	-25.25	35.25	47	400,0
478	-24.25	35.25	47	400,0
478	-23.25	36.25	47	400,0
478	-22.75	36.25	47	400,0
478	-17.75	31.25	47	400,0
478	-16.75	31.25	47	400,0
478	-16.25	30.75	47	400,0
478	-15.75	30.75	47	400,0
478	-15.25	31.25	47	400,0
478	-14.75	31.25	47	400,0
478	-13.75	30.25	47	400,0
478	-13.75	29.75	47	400,0
478	-14.25	29.25	47	400,0
478	-14.25	27.75	47	400,0
478	-11.25	24.75	47	400,0
478	-11.25	24.25	47	400,0
478	-14.25	21.25	47	400,0
478	-14.75	21.25	47	400,0
478	-14.75	21.75	47	400,0
478	-12.25	24.25	47	400,0
478	-12.25	24.75	47	400,0
478	-14.75	27.25	47	400,0
478	-15.25	27.25	47	400,0
478	-19.25	23.25	47	400,0
478	-19.75	23.25	47	400,0
478	-21.75	25.25	47	400,0
478	-21.75	27.25	47	400,0
478	-22.75	27.25	47	400,0
478	-22.75	29.25	47	400,0
478	-23.25	29.25	47	400,0
478	-23.75	28.75	47	400,0
478	-24.25	28.75	47	400,0
478	-24.75	29.25	47	400,0
478	-24.75	31.25	47	400,0
478	-25.25	31.25	47	400,0
478	-25.75	30.75	47	400,0
478	-26.25	30.75	47	400,0
478	-27.25	31.75	47	400,0
478	-27.25	32.25	47	400,0
478	-26.75	32.75	47	400,0
478	-26.75	33.25	47	400,0
517	-45.25	7.75	61	400,0
517	-45.25	8.25	61	400,0
517	-44.75	8.25	61	400,0
517	-44.25	7.75	61	400,0
517	-42.75	7.75	61	400,0
517	-42.75	8.25	61	400,0
517	-43.25	8.75	61	400,0
517	-43.25	9.25	61	400,0
517	-42.75	9.25	61	400,0
517	-41.75	8.25	61	400,0
517	-41.25	8.25	61	400,0
517	-40.75	8.75	61	400,0
517	-40.25	8.75	61	400,0
517	-40.25	7.75	61	400,0
517	-38.25	5.75	61	400,0
517	-37.75	5.75	61	400,0
517	-37.75	6.75	61	400,0
517	-36.75	6.75	61	400,0
517	-35.75	7.75	61	400,0
517	-35.75	9.25	61	400,0
517	-36.25	9.75	61	400,0
517	-37.25	9.75	61	400,0
517	-37.25	11.25	61	400,0
517	-36.75	11.25	61	400,0
517	-36.25	10.75	61	400,0
517	-35.75	10.75	61	400,0
517	-33.25	13.25	61	400,0
517	-32.75	13.25	61	400,0
517	-32.25	12.75	61	400,0
517	-31.25	12.75	61	400,0
517	-31.25	12.25	61	400,0
517	-34.25	9.25	61	400,0
517	-34.25	8.75	61	400,0
517	-33.25	7.75	61	400,0
517	-32.25	7.75	61	400,0
517	-32.25	6.75	61	400,0
517	-31.75	6.25	61	400,0
517	-30.25	6.25	61	400,0
517	-28.75	7.75	61	400,0
517	-28.25	7.75	61	400,0
517	-28.25	7.25	61	400,0
517	-30.25	5.25	61	400,0
517	-30.25	4.75	61	400,0
517	-29.25	4.75	61	400,0
517	-27.25	2.75	61	400,0
517	-26.75	2.75	61	400,0
517	-23.75	5.75	61	400,0
517	-22.75	5.75	61	400,0
517	-22.25	6.25	61	400,0
517	-22.25	7.75	61	400,0
517	-24.75	10.25	61	400,0
517	-24.75	10.75	61	400,0
517	-24.25	11.25	61	400,0
517	-23.75	11.25	61	400,0
517	-19.75	7.25	61	400,0
517	-19.25	7.25	61	400,0
517	-16.25	10.25	61	400,0
517	-16.25	11.25	61	400,0
517	-15.75	11.25	61	400,0
517	-10.25	5.75	61	400,0
517	-9.75	5.75	61	400,0
517	-8.75	6.75	61	400,0
517	-8.75	7.75	61	400,0
517	-8.25	7.75	61	400,0
517	-4.75	4.25	61	400,0
517	-3.75	4.25	61	400,0
517	-2.75	3.25	61	400,0
517	-2.75	2.75	61	400,0
517	-3.25	2.75	61	400,0
517	-3.75	3.25	61	400,0
517	-4.25	3.25	61	400,0
517	-5.75	1.75	61	400,0
517	-6.25	1.75	61	400,0
517	-9.25	4.75	61	400,0
517	-11.25	4.75	61	400,0
517	-12.25	5.75	61	400,0
517	-13.25	5.75	61	400,0
517	-13.75	6.25	61	400,0
517	-14.25	6.25	61	400,0
517	-14.75	5.75	61	400,0
517	-15.75	5.75	61	400,0
517	-15.75	3.75	61	400,0
517	-16.25	3.25	61	400,0
517	-16.75	3.25	61	400,0
517	-17.25	3.75	61	400,0
517	-18.25	3.75	61	400,0
517	-19.75	5.25	61	400,0
517	-19.75	6.25	61	400,0
517	-20.25	6.25	61	400,0
517	-22.25	4.25	61	400,0
517	-23.25	4.25	61	400,0
517	-24.75	2.75	61	400,0
517	-25.75	2.75	61	400,0
517	-26.75	1.75	61	400,0
517	-27.25	1.75	61	400,0
517	-28.25	2.75	61	400,0
517	-29.25	2.75	61	400,0
517	-30.25	3.75	61	400,0
517	-30.75	3.75	61	400,0
517	-31.25	3.25	61	400,0
517	-32.25	3.25	61	400,0
517	-33.75	1.75	61	400,0
517	-34.25	1.75	61	400,0
517	-34.75	2.25	61	400,0
517	-35.75	2.25	61	400,0
517	-36.25	2.75	61	400,0
517	-36.75	2.75	61	400,0
517	-37.75	1.75	61	400,0
517	-38.25	1.75	61	400,0
517	-39.25	2.75	61	400,0
517	-40.75	2.75	61	400,0
517	-41.25	2.25	61	400,0
517	-41.75	2.25	61	400,0
517	-45.25	5.75	61	400,0
517	-45.25	7.75	61	400,0
143	-12.25	40.75	15	400,0
143	-12.25	41.25	15	400,0
143	-11.75	41.25	15	400,0
143	-11.25	40.75	15	400,0
143	-10.25	40.75	15	400,0
143	-9.75	40.25	15	400,0
143	-9.25	40.25	15	400,0
143	-8.25	41.25	15	400,0
143	-7.25	41.25	15	400,0
143	-6.25	42.25	15	400,0
143	-6.25	43.25	15	400,0
143	-5.75	43.75	15	400,0
143	-4.75	43.75	15	400,0
143	-4.25	44.25	15	400,0
143	-4.25	44.75	15	400,0
143	-5.75	46.25	15	400,0
143	-5.75	46.75	15	400,0
143	-5.25	46.75	15	400,0
143	-2.75	44.25	15	400,0
143	-2.25	44.25	15	400,0
143	-1.75	44.75	15	400,0
143	-1.25	44.75	15	400,0
143	-1.25	43.75	15	400,0
143	-0.25	42.75	15	400,0
143	-0.25	41.75	15	400,0
143	1.75	39.75	15	400,0
143	3.25	39.75	15	400,0
143	3.25	40.75	15	400,0
143	3.75	41.25	15	400,0
143	3.75	41.75	15	400,0
143	1.75	43.75	15	400,0
143	1.75	44.25	15	400,0
143	2.25	44.25	15	400,0
143	2.75	43.75	15	400,0
143	3.75	43.75	15	400,0
143	5.25	42.25	15	400,0
143	5.25	32.75	15	400,0
143	4.25	31.75	15	400,0
143	4.25	30.75	15	400,0
143	2.25	28.75	15	400,0
143	1.25	28.75	15	400,0
143	1.25	28.25	15	400,0
143	3.75	25.75	15	400,0
143	3.75	25.25	15	400,0
143	3.25	25.25	15	400,0
143	2.75	25.75	15	400,0
143	2.25	25.75	15	400,0
143	2.25	25.25	15	400,0
143	5.25	22.25	15	400,0
143	5.25	19.75	15	400,0
143	4.25	18.75	15	400,0
143	3.75	18.75	15	400,0
143	2.25	20.25	15	400,0
143	1.75	20.25	15	400,0
143	1.75	18.75	15	400,0
143	2.25	18.25	15	400,0
143	2.25	17.75	15	400,0
143	1.75	17.75	15	400,0
143	-0.25	19.75	15	400,0
143	-0.75	19.75	15	400,0
143	-0.75	18.25	15	400,0
143	1.25	16.25	15	400,0
143	3.75	16.25	15	400,0
143	4.25	16.75	15	400,0
143	4.25	17.75	15	400,0
143	4.75	17.75	15	400,0
143	5.25	17.25	15	400,0
143	5.25	14.75	15	400,0
143	4.75	14.75	15	400,0
143	4.25	15.25	15	400,0
143	3.75	15.25	15	400,0
143	3.25	14.75	15	400,0
143	3.25	14.25	15	400,0
143	5.25	12.25	15	400,0
143	5.25	10.75	15	400,0
143	4.75	10.25	15	400,0
143	4.25	10.25	15	400,0
143	1.25	13.25	15	400,0
143	0.25	13.25	15	400,0
143	-0.25	13.75	15	400,0
143	-0.25	14.75	15	400,0
143	-2.75	17.25	15	400,0
143	-2.75	17.75	15	400,0
143	-2.25	17.75	15	400,0
143	-0.75	16.25	15	400,0
143	-0.25	16.25	15	400,0
143	-0.25	16.75	15	400,0
143	-4.75	21.25	15	400,0
143	-5.25	21.25	15	400,0
143	-5.75	20.75	15	400,0
143	-6.25	20.75	15	400,0
143	-7.25	21.75	15	400,0
143	-7.25	23.75	15	400,0
143	-8.25	23.75	15	400,0
143	-8.25	24.75	15	400,0
143	-9.75	26.25	15	400,0
143	-10.75	26.25	15	400,0
143	-12.25	27.75	15	400,0
143	-12.25	29.25	15	400,0
143	-11.25	29.25	15	400,0
143	-10.75	29.75	15	400,0
143	-10.75	30.25	15	400,0
143	-11.25	30.75	15	400,0
143	-11.75	30.75	15	400,0
143	-12.75	29.75	15	400,0
143	-13.25	29.75	15	400,0
143	-16.25	32.75	15	400,0
143	-16.25	33.25	15	400,0
143	-15.25	34.25	15	400,0
143	-15.25	35.25	15	400,0
143	-14.25	35.25	15	400,0
143	-13.75	35.75	15	400,0
143	-13.75	36.25	15	400,0
143	-14.75	37.25	15	400,0
143	-14.75	37.75	15	400,0
143	-13.25	39.25	15	400,0
143	-11.25	39.25	15	400,0
143	-11.25	39.75	15	400,0
143	-12.25	40.75	15	400,0
143	-44.75	41.25	15	450,0
143	-44.75	41.75	15	450,0
143	-44.25	41.75	15	450,0
143	-42.75	40.25	15	450,0
143	-42.75	39.25	15	450,0
143	-41.75	38.25	15	450,0
143	-41.25	38.25	15	450,0
143	-41.25	39.25	15	450,0
143	-40.75	39.75	15	450,0
143	-39.75	39.75	15	450,0
143	-39.25	40.25	15	450,0
143	-38.75	40.25	15	450,0
143	-31.75	33.25	15	450,0
143	-31.25	33.25	15	450,0
143	-30.75	33.75	15	450,0
143	-30.25	33.75	15	450,0
143	-29.75	33.25	15	450,0
143	-29.75	32.75	15	450,0
143	-30.25	32.25	15	450,0
143	-30.25	31.75	15	450,0
143	-28.25	29.75	15	450,0
143	-28.25	29.25	15	450,0
143	-29.25	29.25	15	450,0
143	-29.25	28.75	15	450,0
143	-27.75	27.25	15	450,0
143	-27.75	26.25	15	450,0
143	-27.25	25.75	15	450,0
143	-26.25	25.75	15	450,0
143	-25.25	24.75	15	450,0
143	-25.25	24.25	15	450,0
143	-25.75	23.75	15	450,0
143	-26.25	23.75	15	450,0
143	-28.75	26.25	15	450,0
143	-29.25	26.25	15	450,0
143	-29.75	25.75	15	450,0
143	-30.25	25.75	15	450,0
143	-32.75	28.25	15	450,0
143	-33.25	28.25	15	450,0
143	-34.25	27.25	15	450,0
143	-34.25	26.25	15	450,0
143	-34.75	26.25	15	450,0
143	-35.25	26.75	15	450,0
143	-35.25	27.25	15	450,0
143	-34.25	28.25	15	450,0
143	-34.25	29.25	15	450,0
143	-33.25	29.25	15	450,0
143	-33.25	29.75	15	450,0
143	-33.75	30.25	15	450,0
143	-34.25	30.25	15	450,0
143	-36.75	27.75	15	450,0
143	-37.25	27.75	15	450,0
143	-42.25	32.75	15	450,0
143	-42.25	33.25	15	450,0
143	-41.75	33.75	15	450,0
143	-40.75	33.75	15	450,0
143	-40.75	34.25	15	450,0
143	-41.25	34.75	15	450,0
143	-43.25	34.75	15	450,0
143	-44.75	36.25	15	450,0
143	-44.75	41.25	15	450,0
56	-41.25	9.75	123	450,50
56	-41.25	10.25	123	450,50
56	-40.75	10.25	123	450,50
56	-37.25	6.75	123	450,50
56	-36.75	6.75	123	450,50
56	-36.25	7.25	123	450,50
56	-35.75	7.25	123	450,50
56	-35.75	6.25	123	450,50
56	-33.75	4.25	123	450,50
56	-32.25	4.25	123	450,50
56	-31.75	4.75	123	450,50
56	-31.25	4.75	123	450,50
56	-31.25	4.25	123	450,50
56	-32.75	2.75	123	450,50
56	-33.25	2.75	123	450,50
56	-35.25	4.75	123	450,50
56	-35.75	4.75	123	450,50
56	-35.75	4.25	123	450,50
56	-34.25	2.75	123	450,50
56	-34.25	1.75	123	450,50
56	-33.25	1.75	123	450,50
56	-32.75	1.25	123	450,50
56	-31.75	1.25	123	450,50
56	-30.25	-0.25	123	450,50
56	-30.25	-0.75	123	450,50
56	-40.75	-0.75	123	450,50
56	-41.25	-0.25	123	450,50
56	-41.25	0.25	123	450,50
56	-40.75	0.75	123	450,50
56	-40.75	1.75	123	450,50
56	-40.25	2.25	123	450,50
56	-40.25	3.25	123	450,50
56	-39.75	3.75	123	450,50
56	-39.75	4.25	123	450,50
56	-40.75	5.25	123	450,50
56	-40.75	5.75	123	450,50
56	-40.25	5.75	123	450,50
56	-39.25	4.75	123	450,50
56	-38.75	4.75	123	450,50
56	-38.75	5.25	123	450,50
56	-40.25	6.75	123	450,50
56	-40.75	6.75	123	450,50
56	-41.25	6.25	123	450,50
56	-41.75	6.25	123	450,50
56	-41.75	7.75	123	450,50
56	-41.25	8.25	123	450,50
56	-40.25	8.25	123	450,50
56	-40.25	8.75	123	450,50
56	-41.25	9.75	123	450,50
56	-3.75	45.25	123	400,0
56	-3.75	45.75	123	400,0
56	-1.25	48.25	123	400,0
56	-0.75	48.25	123	400,0
56	2.25	45.25	123	400,0
56	2.75	45.25	123	400,0
56	3.25	45.75	123	400,0
56	3.25	46.25	123	400,0
56	1.75	47.75	123	400,0
56	0.75	47.75	123	400,0
56	0.75	49.25	123	400,0
56	2.25	49.25	123	400,0
56	4.25	47.25	123	400,0
56	5.25	47.25	123	400,0
56	5.25	42.75	123	400,0
56	4.75	42.75	123	400,0
56	3.75	43.75	123	400,0
56	2.75	43.75	123	400,0
56	2.25	44.25	123	400,0
56	1.75	44.25	123	400,0
56	1.75	43.75	123	400,0
56	3.75	41.75	123	400,0
56	3.75	41.25	123	400,0
56	3.25	40.75	123	400,0
56	3.25	39.75	123	400,0
56	1.75	39.75	123	400,0
56	-0.25	41.75	123	400,0
56	-0.25	42.75	123	400,0
56	-1.25	43.75	123	400,0
56	-1.25	44.75	123	400,0
56	-1.75	44.75	123	400,0
56	-2.25	44.25	123	400,0
56	-2.75	44.25	123	400,0
56	-3.75	45.25	123	400,0
56	0.25	-0.75	123	400,50
56	0.25	-0.25	123	400,50
56	0.75	-0.25	123	400,50
56	0.75	-0.75	123	400,50
56	0.25	-0.75	123	400,50
56	-44.75	47.25	123	450,0
56	-44.75	47.75	123	450,0
56	-43.75	48.75	123	450,0
56	-43.25	48.75	123	450,0
56	-42.75	48.25	123	450,0
56	-41.75	48.25	123	450,0
56	-41.25	47.75	123	450,0
56	-40.25	47.75	123	450,0
56	-39.25	46.75	123	450,0
56	-38.75	46.75	123	450,0
56	-37.75	47.75	123	450,0
56	-37.75	48.25	123	450,0
56	-38.25	48.25	123	450,0
56	-38.75	47.75	123	450,0
56	-39.25	47.75	123	450,0
56	-40.25	48.75	123	450,0
56	-40.25	49.25	123	450,0
56	-26.75	49.25	123	450,0
56	-26.75	48.75	123	450,0
56	-27.75	47.75	123	450,0
56	-27.75	47.25	123	450,0
56	-22.75	42.25	123	450,0
56	-22.25	42.25	123	450,0
56	-21.75	42.75	123	450,0
56	-21.75	43.25	123	450,0
56	-23.75	45.25	123	450,0
56	-23.75	46.25	123	450,0
56	-26.25	48.75	123	450,0
56	-26.25	49.25	123	450,0
56	-24.75	49.25	123	450,0
56	-20.25	44.75	123	450,0
56	-19.75	44.75	123	450,0
56	-18.25	46.25	123	450,0
56	-17.75	46.25	123	450,0
56	-17.25	45.75	123	450,0
56	-17.25	44.25	123	450,0
56	-17.75	43.75	123	450,0
56	-17.75	42.25	123	450,0
56	-15.75	40.25	123	450,0
56	-15.75	39.75	123	450,0
56	-16.75	38.75	123	450,0
56	-16.75	38.25	123	450,0
56	-15.25	36.75	123	450,0
56	-14.25	36.75	123	450,0
56	-13.75	36.25	123	450,0
56	-13.75	33.75	123	450,0
56	-14.25	33.75	123	450,0
56	-17.75	37.25	123	450,0
56	-18.75	37.25	123	450,0
56	-20.75	39.25	123	450,0
56	-21.25	39.25	123	450,0
56	-21.25	38.75	123	450,0
56	-19.25	36.75	123	450,0
56	-19.25	35.75	123	450,0
56	-16.25	32.75	123	450,0
56	-16.25	32.25	123	450,0
56	-18.25	30.25	123	450,0
56	-18.25	29.25	123	450,0
56	-20.25	27.25	123	450,0
56	-20.25	26.75	123	450,0
56	-19.75	26.25	123	450,0
56	-19.25	26.25	123	450,0
56	-18.75	26.75	123	450,0
56	-18.25	26.75	123	450,0
56	-14.25	22.75	123	450,0
56	-14.25	22.25	123	450,0
56	-20.25	16.25	123	450,0
56	-20.25	15.25	123	450,0
56	-21.25	15.25	123	450,0
56	-21.25	14.75	123	450,0
56	-20.75	14.25	123	450,0
56	-20.75	13.75	123	450,0
56	-21.25	13.75	123	450,0
56	-21.75	14.25	123	450,0
56	-22.25	14.25	123	450,0
56	-22.75	13.75	123	450,0
56	-23.25	13.75	123	450,0
56	-27.25	17.75	123	450,0
56	-27.75	17.75	123	450,0
56	-29.25	16.25	123	450,0
56	-30.25	16.25	123	450,0
56	-32.75	13.75	123	450,0
56	-33.25	13.75	123	450,0
56	-33.75	14.25	123	450,0
56	-33.75	14.75	123	450,0
56	-32.75	14.75	123	450,0
56	-32.75	15.75	123	450,0
56	-31.75	15.75	123	450,0
56	-28.75	18.75	123	450,0
56	-27.75	18.75	123	450,0
56	-25.75	20.75	123	450,0
56	-24.75	20.75	123	450,0
56	-24.75	21.75	123	450,0
56	-24.25	22.25	123	450,0
56	-23.75	22.25	123	450,0
56	-19.75	18.25	123	450,0
56	-19.25	18.25	123	450,0
56	-19.25	18.75	123	450,0
56	-22.75	22.25	123	450,0
56	-22.75	22.75	123	450,0
56	-22.25	23.25	123	450,0
56	-21.75	23.25	123	450,0
56	-18.25	19.75	123	450,0
56	-17.75	19.75	123	450,0
56	-16.75	20.75	123	450,0
56	-16.75	21.25	123	450,0
56	-17.25	21.75	123	450,0
56	-17.25	22.75	123	450,0
56	-18.25	22.75	123	450,0
56	-20.25	24.75	123	450,0
56	-20.25	25.75	123	450,0
56	-22.75	25.75	123	450,0
56	-23.25	25.25	123	450,0
56	-23.75	25.25	123	450,0
56	-23.75	25.75	123	450,0
56	-22.75	26.75	123	450,0
56	-22.75	27.75	123	450,0
56	-22.25	28.25	123	450,0
56	-20.25	28.25	123	450,0
56	-19.25	29.25	123	450,0
56	-19.25	29.75	123	450,0
56	-19.75	30.25	123	450,0
56	-19.75	30.75	123	450,0
56	-19.25	31.25	123	450,0
56	-19.25	31.75	123	450,0
56	-19.75	32.25	123	450,0
56	-20.75	32.25	123	450,0
56	-21.75	33.25	123	450,0
56	-21.75	33.75	123	450,0
56	-20.75	34.75	123	450,0
56	-20.75	35.25	123	450,0
56	-21.75	36.25	123	450,0
56	-21.75	36.75	123	450,0
56	-21.25	37.25	123	450,0
56	-21.25	37.75	123	450,0
56	-22.25	38.75	123	450,0
56	-22.75	38.75	123	450,0
56	-22.75	37.75	123	450,0
56	-23.25	37.25	123	450,0
56	-24.75	37.25	123	450,0
56	-25.75	38.25	123	450,0
56	-25.75	39.75	123	450,0
56	-24.75	40.75	123	450,0
56	-24.75	41.25	123	450,0
56	-29.25	45.75	123	450,0
56	-29.75	45.75	123	450,0
56	-31.25	44.25	123	450,0
56	-31.25	43.25	123	450,0
56	-32.25	43.25	123	450,0
56	-36.75	38.75	123	450,0
56	-37.25	38.75	123	450,0
56	-38.75	40.25	123	450,0
56	-39.25	40.25	123	450,0
56	-39.75	39.75	123	450,0
56	-40.75	39.75	123	450,0
56	-41.25	39.25	123	450,0
56	-41.25	38.25	123	450,0
56	-41.75	38.25	123	450,0
56	-42.75	39.25	123	450,0
56	-42.75	40.25	123	450,0
56	-44.75	42.25	123	450,0
56	-44.75	47.25	123	450,0
57	-29.75	-0.25	123	450,50
57	-29.75	-0.75	123	450,50
57	-29.25	-0.75	123	450,50
57	-29.25	-0.25	123	450,50
57	-29.75	-0.25	123	450,50
57	1.25	-0.25	123	400,50
57	1.25	-0.75	123	400,50
57	1.75	-0.75	123	400,50
57	1.75	-0.25	123	400,50
57	1.25	-0.25	123	400,50
58	-28.75	-0.25	123	450,50
58	-28.75	-0.75	123	450,50
58	-28.25	-0.75	123	450,50
58	-27.75	-0.25	123	450,50
58	-27.75	0.25	123	450,50
58	-28.25	0.25	123	450,50
58	-28.75	-0.25	123	450,50
59	-25.75	-0.75	123	450,50
59	-25.75	-0.25	123	450,50
59	-25.25	-0.25	123	450,50
59	-25.25	-0.75	123	450,50
59	-25.75	-0.75	123	450,50
313	0.75	-0.25	238	350,0
313	0.75	0.25	238	350,0
313	1.75	1.25	238	350,0
313	2.25	1.25	238	350,0
313	2.75	0.75	238	350,0
313	4.75	0.75	238	350,0
313	4.75	0.25	238	350,0
313	4.25	-0.25	238	350,0
313	0.75	-0.25	238	350,0
313	-45.25	0.75	238	400,0
313	-45.25	1.25	238	400,0
313	-44.75	1.25	238	400,0
313	-43.75	0.25	238	400,0
313	-43.75	-0.25	238	400,0
313	-45.25	-0.25	238	400,0
313	-45.25	0.75	238	400,0
11	-43.25	-0.25	103	400,0
11	-43.25	0.25	103	400,0
11	-42.75	0.75	103	400,0
11	-24.75	0.75	103	400,0
11	-23.75	1.75	103	400,0
11	-23.25	1.75	103	400,0
11	-22.25	0.75	103	400,0
11	-12.75	0.75	103	400,0
11	-12.25	1.25	103	400,0
11	-11.75	1.25	103	400,0
11	-11.25	0.75	103	400,0
11	-9.75	0.75	103	400,0
11	-8.75	1.75	103	400,0
11	-8.25	1.75	103	400,0
11	-7.25	0.75	103	400,0
11	-6.75	0.75	103	400,0
11	-6.25	1.25	103	400,0
11	-5.75	1.25	103	400,0
11	-5.25	0.75	103	400,0
11	-4.75	0.75	103	400,0
11	-4.25	1.25	103	400,0
11	-3.75	1.25	103	400,0
11	-3.25	0.75	103	400,0
11	-1.75	0.75	103	400,0
11	-0.75	1.75	103	400,0
11	-0.25	1.75	103	400,0
11	0.25	1.25	103	400,0
11	1.25	1.25	103	400,0
11	1.75	0.75	103	400,0
11	3.75	0.75	103	400,0
11	4.25	0.25	103	400,0
11	4.25	-0.25	103	400,0
11	-43.25	-0.25	103	400,0
144	-44.75	34.25	15	450,0
144	-44.75	34.75	15	450,0
144	-44.25	34.75	15	450,0
144	-44.25	34.25	15	450,0
144	-44.75	34.25	15	450,0
145	-44.75	21.25	15	450,0
145	-44.75	21.75	15	450,0
145	-44.25	21.75	15	450,0
145	-44.25	20.25	15	450,0
145	-44.75	20.25	15	450,0
145	-44.75	21.25	15	450,0
146	-44.75	17.25	15	450,0
146	-44.75	17.75	15	450,0
146	-43.25	19.25	15	450,0
146	-42.75	19.25	15	450,0
146	-39.75	16.25	15	450,0
146	-39.75	15.75	15	450,0
146	-41.25	14.25	15	450,0
146	-41.75	14.25	15	450,0
146	-43.75	16.25	15	450,0
146	-44.75	16.25	15	450,0
146	-44.75	17.25	15	450,0
147	-44.75	14.25	15	450,0
147	-44.75	14.75	15	450,0
147	-44.25	14.75	15	450,0
147	-44.25	14.25	15	450,0
147	-44.75	14.25	15	450,0
148	-44.75	11.25	15	450,0
148	-44.75	11.75	15	450,0
148	-44.25	11.75	15	450,0
148	-44.25	11.25	15	450,0
148	-44.75	11.25	15	450,0
436	-21.25	8.75	324	400,0
436	-21.25	9.25	324	400,0
436	-19.25	9.25	324	400,0
436	-17.25	11.25	324	400,0
436	-17.25	12.25	324	400,0
436	-15.75	13.75	324	400,0
436	-14.25	13.75	324	400,0
436	-10.25	9.75	324	400,0
436	-9.75	9.75	324	400,0
436	-9.25	10.25	324	400,0
436	-8.75	10.25	324	400,0
436	-7.25	8.75	324	400,0
436	-6.25	8.75	324	400,0
436	-5.25	7.75	324	400,0
436	-5.25	6.75	324	400,0
436	-3.75	5.25	324	400,0
436	-2.75	5.25	324	400,0
436	-1.75	4.25	324	400,0
436	-1.75	3.75	324	400,0
436	-2.25	3.25	324	400,0
436	-2.75	3.25	324	400,0
436	-3.75	4.25	324	400,0
436	-4.75	4.25	324	400,0
436	-8.25	7.75	324	400,0
436	-8.75	7.75	324	400,0
436	-8.75	6.75	324	400,0
436	-9.75	5.75	324	400,0
436	-10.25	5.75	324	400,0
436	-15.75	11.25	324	400,0
436	-16.25	11.25	324	400,0
436	-16.25	10.25	324	400,0
436	-19.25	7.25	324	400,0
436	-19.75	7.25	324	400,0
436	-21.25	8.75	324	400,0
588	-44.75	35.25	89	450,0
588	-44.75	35.75	89	450,0
588	-44.25	35.75	89	450,0
588	-43.25	34.75	89	450,0
588	-41.25	34.75	89	450,0
588	-40.75	34.25	89	450,0
588	-40.75	33.75	89	450,0
588	-41.75	33.75	89	450,0
588	-42.25	33.25	89	450,0
588	-42.25	32.75	89	450,0
588	-37.25	27.75	89	450,0
588	-36.75	27.75	89	450,0
588	-34.25	30.25	89	450,0
588	-33.75	30.25	89	450,0
588	-33.25	29.75	89	450,0
588	-33.25	29.25	89	450,0
588	-34.25	29.25	89	450,0
588	-34.25	28.25	89	450,0
588	-35.25	27.25	89	450,0
588	-35.25	26.75	89	450,0
588	-34.75	26.25	89	450,0
588	-34.25	26.25	89	450,0
588	-34.25	27.25	89	450,0
588	-33.25	28.25	89	450,0
588	-32.75	28.25	89	450,0
588	-30.25	25.75	89	450,0
588	-29.75	25.75	89	450,0
588	-29.25	26.25	89	450,0
588	-28.75	26.25	89	450,0
588	-26.25	23.75	89	450,0
588	-25.75	23.75	89	450,0
588	-25.25	24.25	89	450,0
588	-25.25	24.75	89	450,0
588	-26.25	25.75	89	450,0
588	-27.25	25.75	89	450,0
588	-27.75	26.25	89	450,0
588	-27.75	27.25	89	450,0
588	-29.25	28.75	89	450,0
588	-29.25	29.25	89	450,0
588	-27.75	29.25	89	450,0
588	-23.75	25.25	89	450,0
588	-23.25	25.25	89	450,0
588	-22.75	25.75	89	450,0
588	-20.25	25.75	89	450,0
588	-20.25	24.75	89	450,0
588	-18.25	22.75	89	450,0
588	-17.25	22.75	89	450,0
588	-17.25	21.75	89	450,0
588	-16.75	21.25	89	450,0
588	-16.75	20.75	89	450,0
588	-17.75	19.75	89	450,0
588	-18.25	19.75	89	450,0
588	-21.75	23.25	89	450,0
588	-22.25	23.25	89	450,0
588	-22.75	22.75	89	450,0
588	-22.75	22.25	89	450,0
588	-19.25	18.75	89	450,0
588	-19.25	18.25	89	450,0
588	-19.75	18.25	89	450,0
588	-23.75	22.25	89	450,0
588	-24.25	22.25	89	450,0
588	-24.75	21.75	89	450,0
588	-24.75	20.75	89	450,0
588	-25.75	20.75	89	450,0
588	-27.75	18.75	89	450,0
588	-28.75	18.75	89	450,0
588	-31.75	15.75	89	450,0
588	-32.25	15.75	89	450,0
588	-32.25	16.25	89	450,0
588	-30.75	17.75	89	450,0
588	-30.75	18.75	89	450,0
588	-29.75	18.75	89	450,0
588	-29.75	20.25	89	450,0
588	-30.75	21.25	89	450,0
588	-32.25	21.25	89	450,0
588	-32.75	20.75	89	450,0
588	-33.25	20.75	89	450,0
588	-33.25	21.25	89	450,0
588	-32.25	22.25	89	450,0
588	-31.25	22.25	89	450,0
588	-31.25	22.75	89	450,0
588	-31.75	23.25	89	450,0
588	-32.75	23.25	89	450,0
588	-34.75	25.25	89	450,0
588	-35.25	25.25	89	450,0
588	-40.25	20.25	89	450,0
588	-40.25	19.75	89	450,0
588	-39.25	18.75	89	450,0
588	-39.25	18.25	89	450,0
588	-39.75	18.25	89	450,0
588	-40.75	19.25	89	450,0
588	-41.25	19.25	89	450,0
588	-41.25	18.75	89	450,0
588	-40.75	18.25	89	450,0
588	-40.75	17.75	89	450,0
588	-41.25	17.75	89	450,0
588	-42.75	19.25	89	450,0
588	-43.25	19.25	89	450,0
588	-44.25	18.25	89	450,0
588	-44.75	18.25	89	450,0
588	-44.75	19.75	89	450,0
588	-44.25	20.25	89	450,0
588	-44.25	21.75	89	450,0
588	-44.75	22.25	89	450,0
588	-44.75	33.75	89	450,0
588	-44.25	34.25	89	450,0
588	-44.25	34.75	89	450,0
588	-44.75	35.25	89	450,0
588	1.25	28.25	89	400,0
588	1.25	28.75	89	400,0
588	2.25	28.75	89	400,0
588	4.25	30.75	89	400,0
588	4.25	31.75	89	400,0
588	4.75	32.25	89	400,0
588	5.25	32.25	89	400,0
588	5.25	22.75	89	400,0
588	4.75	22.75	89	400,0
588	2.25	25.25	89	400,0
588	2.25	25.75	89	400,0
588	2.75	25.75	89	400,0
588	3.25	25.25	89	400,0
588	3.75	25.25	89	400,0
588	3.75	25.75	89	400,0
588	1.25	28.25	89	400,0
417	-12.25	16.75	309	400,0
417	-12.25	17.25	309	400,0
417	-9.25	20.25	309	400,0
417	-8.25	20.25	309	400,0
417	-7.75	20.75	309	400,0
417	-7.25	20.75	309	400,0
417	-6.25	19.75	309	400,0
417	-6.25	19.25	309	400,0
417	-10.25	15.25	309	400,0
417	-10.75	15.25	309	400,0
417	-12.25	16.75	309	400,0
589	-0.75	19.25	89	400,0
589	-0.75	19.75	89	400,0
589	-0.25	19.75	89	400,0
589	1.75	17.75	89	400,0
589	2.25	17.75	89	400,0
589	2.25	18.25	89	400,0
589	1.75	18.75	89	400,0
589	1.75	20.25	89	400,0
589	2.25	20.25	89	400,0
589	3.75	18.75	89	400,0
589	4.25	18.75	89	400,0
589	4.75	19.25	89	400,0
589	5.25	19.25	89	400,0
589	5.25	17.75	89	400,0
589	4.25	17.75	89	400,0
589	4.25	16.75	89	400,0
589	3.75	16.25	89	400,0
589	1.25	16.25	89	400,0
589	-0.75	18.25	89	400,0
589	-0.75	19.25	89	400,0
337	-10.75	14.25	254	400,0
337	-10.75	14.75	254	400,0
337	-6.25	19.25	254	400,0
337	-5.75	19.25	254	400,0
337	-1.25	14.75	254	400,0
337	-1.25	14.25	254	400,0
337	-1.75	13.75	254	400,0
337	-1.75	12.75	254	400,0
337	-4.75	9.75	254	400,0
337	-6.25	9.75	254	400,0
337	-10.75	14.25	254	400,0
190	-5.75	19.25	180	400,0
190	-5.75	19.75	180	400,0
190	-4.75	19.75	180	400,0
190	-4.75	20.75	180	400,0
190	-4.25	20.75	180	400,0
190	-0.25	16.75	180	400,0
190	-0.25	16.25	180	400,0
190	-0.75	16.25	180	400,0
190	-2.25	17.75	180	400,0
190	-2.75	17.75	180	400,0
190	-2.75	17.25	180	400,0
190	-0.25	14.75	180	400,0
190	-0.25	13.75	180	400,0
190	0.25	13.25	180	400,0
190	1.25	13.25	180	400,0
190	4.25	10.25	180	400,0
190	4.25	9.25	180	400,0
190	5.25	8.25	180	400,0
190	5.25	4.75	180	400,0
190	3.25	2.75	180	400,0
190	1.75	2.75	180	400,0
190	0.25	4.25	180	400,0
190	-0.75	4.25	180	400,0
190	-4.25	7.75	180	400,0
190	-4.25	8.75	180	400,0
190	-4.75	9.25	180	400,0
190	-4.75	9.75	180	400,0
190	-1.75	12.75	180	400,0
190	-1.75	13.75	180	400,0
190	-1.25	14.25	180	400,0
190	-1.25	14.75	180	400,0
190	-5.75	19.25	180	400,0
190	-44.75	7.25	180	450,0
190	-44.75	7.75	180	450,0
190	-44.25	7.75	180	450,0
190	-43.25	6.75	180	450,0
190	-43.25	6.25	180	450,0
190	-44.25	5.25	180	450,0
190	-44.75	5.25	180	450,0
190	-44.75	7.25	180	450,0
191	-0.75	11.25	180	400,0
191	-0.75	11.75	180	400,0
191	0.75	11.75	180	400,0
191	1.75	10.75	180	400,0
191	1.75	10.25	180	400,0
191	1.25	9.75	180	400,0
191	1.25	8.25	180	400,0
191	1.75	7.75	180	400,0
191	1.75	7.25	180	400,0
191	0.25	5.75	180	400,0
191	-0.25	5.75	180	400,0
191	-0.25	6.75	180	400,0
191	-2.25	6.75	180	400,0
191	-3.25	7.75	180	400,0
191	-3.25	8.25	180	400,0
191	-0.75	10.75	180	400,0
191	-0.75	11.25	180	400,0
376	-36.75	38.25	28	450,0
376	-36.75	38.75	28	450,0
376	-32.25	43.25	28	450,0
376	-31.25	43.25	28	450,0
376	-31.25	44.25	28	450,0
376	-29.75	45.75	28	450,0
376	-29.25	45.75	28	450,0
376	-24.75	41.25	28	450,0
376	-24.75	40.75	28	450,0
376	-25.75	39.75	28	450,0
376	-25.75	38.25	28	450,0
376	-24.75	37.25	28	450,0
376	-23.25	37.25	28	450,0
376	-22.75	37.75	28	450,0
376	-22.75	38.75	28	450,0
376	-22.25	38.75	28	450,0
376	-21.25	37.75	28	450,0
376	-21.25	37.25	28	450,0
376	-21.75	36.75	28	450,0
376	-21.75	36.25	28	450,0
376	-20.75	35.25	28	450,0
376	-20.75	34.75	28	450,0
376	-21.75	33.75	28	450,0
376	-21.75	33.25	28	450,0
376	-20.75	32.25	28	450,0
376	-19.75	32.25	28	450,0
376	-19.25	31.75	28	450,0
376	-19.25	31.25	28	450,0
376	-19.75	30.75	28	450,0
376	-19.75	30.25	28	450,0
376	-19.25	29.75	28	450,0
376	-19.25	29.25	28	450,0
376	-20.25	28.25	28	450,0
376	-22.25	28.25	28	450,0
376	-22.75	27.75	28	450,0
376	-22.75	26.75	28	450,0
376	-23.75	25.75	28	450,0
376	-24.25	25.75	28	450,0
376	-30.25	31.75	28	450,0
376	-30.25	32.25	28	450,0
376	-29.75	32.75	28	450,0
376	-29.75	33.25	28	450,0
376	-30.25	33.75	28	450,0
376	-30.75	33.75	28	450,0
376	-31.25	33.25	28	450,0
376	-31.75	33.25	28	450,0
376	-36.75	38.25	28	450,0
307	-27.75	47.25	234	450,0
307	-27.75	47.75	234	450,0
307	-26.75	48.75	234	450,0
307	-26.25	48.75	234	450,0
307	-23.75	46.25	234	450,0
307	-23.75	45.25	234	450,0
307	-21.75	43.25	234	450,0
307	-21.75	42.75	234	450,0
307	-22.25	42.25	234	450,0
307	-22.75	42.25	234	450,0
307	-27.75	47.25	234	450,0
424	-0.75	11.25	315	400,0
424	-0.75	11.75	315	400,0
424	0.75	11.75	315	400,0
424	1.75	10.75	315	400,0
424	1.75	10.25	315	400,0
424	1.25	9.75	315	400,0
424	1.25	8.25	315	400,0
424	1.75	7.75	315	400,0
424	1.75	7.25	315	400,0
424	0.25	5.75	315	400,0
424	-0.25	5.75	315	400,0
424	-0.25	6.75	315	400,0
424	-2.25	6.75	315	400,0
424	-3.25	7.75	315	400,0
424	-3.25	8.25	315	400,0
424	-0.75	10.75	315	400,0
424	-0.75	11.25	315	400,0
15	3.25	14.25	105	400,0
15	3.25	14.75	105	400,0
15	3.75	15.25	105	400,0
15	4.25	15.25	105	400,0
15	5.25	14.25	105	400,0
15	5.25	12.75	105	400,0
15	4.75	12.75	105	400,0
15	3.25	14.25	105	400,0
15	-44.75	15.25	105	450,0
15	-44.75	15.75	105	450,0
15	-44.25	16.25	105	450,0
15	-43.75	16.25	105	450,0
15	-41.75	14.25	105	450,0
15	-41.25	14.25	105	450,0
15	-39.75	15.75	105	450,0
15	-39.75	16.25	105	450,0
15	-40.75	17.25	105	450,0
15	-40.75	18.25	105	450,0
15	-41.25	18.75	105	450,0
15	-41.25	19.25	105	450,0
15	-40.75	19.25	105	450,0
15	-39.75	18.25	105	450,0
15	-39.25	18.25	105	450,0
15	-39.25	18.75	105	450,0
15	-40.25	19.75	105	450,0
15	-40.25	20.25	105	450,0
15	-35.25	25.25	105	450,0
15	-34.75	25.25	105	450,0
15	-32.75	23.25	105	450,0
15	-31.75	23.25	105	450,0
15	-31.25	22.75	105	450,0
15	-31.25	22.25	105	450,0
15	-32.25	22.25	105	450,0
15	-33.25	21.25	105	450,0
15	-33.25	20.75	105	450,0
15	-32.75	20.75	105	450,0
15	-32.25	21.25	105	450,0
15	-30.75	21.25	105	450,0
15	-29.75	20.25	105	450,0
15	-29.75	18.75	105	450,0
15	-30.75	18.75	105	450,0
15	-30.75	17.75	105	450,0
15	-32.75	15.75	105	450,0
15	-32.75	14.75	105	450,0
15	-33.75	14.75	105	450,0
15	-33.75	14.25	105	450,0
15	-33.25	13.75	105	450,0
15	-33.25	13.25	105	450,0
15	-34.25	12.25	105	450,0
15	-34.25	11.25	105	450,0
15	-35.75	9.75	105	450,0
15	-36.75	9.75	105	450,0
15	-37.25	9.25	105	450,0
15	-37.25	8.25	105	450,0
15	-37.75	7.75	105	450,0
15	-38.75	7.75	105	450,0
15	-39.25	7.25	105	450,0
15	-39.25	6.75	105	450,0
15	-36.75	4.25	105	450,0
15	-36.25	4.25	105	450,0
15	-35.75	4.75	105	450,0
15	-35.75	5.75	105	450,0
15	-35.25	5.75	105	450,0
15	-33.25	3.75	105	450,0
15	-32.75	3.75	105	450,0
15	-30.25	6.25	105	450,0
15	-29.75	6.25	105	450,0
15	-28.75	5.25	105	450,0
15	-28.25	5.25	105	450,0
15	-26.75	6.75	105	450,0
15	-25.75	6.75	105	450,0
15	-22.25	10.25	105	450,0
15	-21.25	10.25	105	450,0
15	-21.25	11.25	105	450,0
15	-20.75	11.25	105	450,0
15	-20.25	10.75	105	450,0
15	-19.75	10.75	105	450,0
15	-19.25	11.25	105	450,0
15	-18.75	11.25	105	450,0
15	-18.25	10.75	105	450,0
15	-18.25	10.25	105	450,0
15	-18.75	9.75	105	450,0
15	-18.75	9.25	105	450,0
15	-17.75	9.25	105	450,0
15	-16.25	7.75	105	450,0
15	-15.75	7.75	105	450,0
15	-15.25	8.25	105	450,0
15	-14.75	8.25	105	450,0
15	-14.75	7.25	105	450,0
15	-14.25	7.25	105	450,0
15	-13.75	7.75	105	450,0
15	-12.25	7.75	105	450,0
15	-9.75	5.25	105	450,0
15	-9.25	5.25	105	450,0
15	-9.25	5.75	105	450,0
15	-9.75	6.25	105	450,0
15	-9.75	6.75	105	450,0
15	-9.25	6.75	105	450,0
15	-6.75	4.25	105	450,0
15	-6.75	3.75	105	450,0
15	-7.25	3.25	105	450,0
15	-7.75	3.25	105	450,0
15	-8.75	4.25	105	450,0
15	-9.25	4.25	105	450,0
15	-9.75	3.75	105	450,0
15	-10.25	3.75	105	450,0
15	-10.75	4.25	105	450,0
15	-11.75	4.25	105	450,0
15	-12.75	5.25	105	450,0
15	-13.25	5.25	105	450,0
15	-13.75	4.75	105	450,0
15	-14.25	4.75	105	450,0
15	-14.25	5.75	105	450,0
15	-14.75	6.25	105	450,0
15	-15.75	6.25	105	450,0
15	-16.25	6.75	105	450,0
15	-16.75	6.75	105	450,0
15	-21.25	2.25	105	450,0
15	-21.75	2.25	105	450,0
15	-25.25	5.75	105	450,0
15	-25.75	5.75	105	450,0
15	-26.25	5.25	105	450,0
15	-27.25	5.25	105	450,0
15	-27.25	3.25	105	450,0
15	-28.25	2.25	105	450,0
15	-31.75	2.25	105	450,0
15	-32.25	2.75	105	450,0
15	-32.75	2.75	105	450,0
15	-33.75	1.75	105	450,0
15	-35.25	1.75	105	450,0
15	-36.25	2.75	105	450,0
15	-36.75	2.75	105	450,0
15	-37.25	2.25	105	450,0
15	-38.25	2.25	105	450,0
15	-38.75	1.75	105	450,0
15	-39.25	1.75	105	450,0
15	-40.25	2.75	105	450,0
15	-41.25	2.75	105	450,0
15	-42.25	3.75	105	450,0
15	-42.75	3.75	105	450,0
15	-44.25	2.25	105	450,0
15	-44.75	2.25	105	450,0
15	-44.75	4.75	105	450,0
15	-43.25	6.25	105	450,0
15	-43.25	6.75	105	450,0
15	-44.75	8.25	105	450,0
15	-44.75	10.75	105	450,0
15	-44.25	11.25	105	450,0
15	-44.25	11.75	105	450,0
15	-44.75	12.25	105	450,0
15	-44.75	13.75	105	450,0
15	-44.25	14.25	105	450,0
15	-44.25	14.75	105	450,0
15	-44.75	15.25	105	450,0
16	-1.25	3.75	105	400,0
16	-1.25	4.25	105	400,0
16	0.25	4.25	105	400,0
16	1.75	2.75	105	400,0
16	3.25	2.75	105	400,0
16	4.75	4.25	105	400,0
16	5.25	4.25	105	400,0
16	5.25	1.75	105	400,0
16	4.25	1.75	105	400,0
16	3.25	0.75	105	400,0
16	1.75	0.75	105	400,0
16	-1.25	3.75	105	400,0
17	4.25	9.25	105	400,0
17	4.25	9.75	105	400,0
17	4.75	10.25	105	400,0
17	5.25	10.25	105	400,0
17	5.25	8.75	105	400,0
17	4.75	8.75	105	400,0
17	4.25	9.25	105	400,0
26	-5.75	1.25	109	400,0
26	-5.75	1.75	109	400,0
26	-4.25	3.25	109	400,0
26	-3.75	3.25	109	400,0
26	-3.25	2.75	109	400,0
26	-2.75	2.75	109	400,0
26	-1.75	3.75	109	400,0
26	-1.25	3.75	109	400,0
26	0.75	1.75	109	400,0
26	0.75	1.25	109	400,0
26	0.25	1.25	109	400,0
26	-0.25	1.75	109	400,0
26	-0.75	1.75	109	400,0
26	-1.75	0.75	109	400,0
26	-3.25	0.75	109	400,0
26	-3.75	1.25	109	400,0
26	-4.25	1.25	109	400,0
26	-4.75	0.75	109	400,0
26	-5.25	0.75	109	400,0
26	-5.75	1.25	109	400,0
161	3.75	0.75	16	400,0
161	3.75	1.25	16	400,0
161	4.25	1.75	16	400,0
161	4.75	1.75	16	400,0
161	5.25	1.25	16	400,0
161	5.25	-0.25	16	400,0
161	4.75	-0.25	16	400,0
161	3.75	0.75	16	400,0
161	-44.75	1.25	16	450,0
161	-44.75	1.75	16	450,0
161	-42.75	3.75	16	450,0
161	-42.25	3.75	16	450,0
161	-41.25	2.75	16	450,0
161	-40.25	2.75	16	450,0
161	-39.25	1.75	16	450,0
161	-38.75	1.75	16	450,0
161	-38.25	2.25	16	450,0
161	-37.25	2.25	16	450,0
161	-36.75	2.75	16	450,0
161	-36.25	2.75	16	450,0
161	-35.25	1.75	16	450,0
161	-35.25	1.25	16	450,0
161	-35.75	0.75	16	450,0
161	-36.25	0.75	16	450,0
161	-36.75	1.25	16	450,0
161	-37.25	1.25	16	450,0
161	-37.75	0.75	16	450,0
161	-39.75	0.75	16	450,0
161	-40.25	0.25	16	450,0
161	-40.75	0.25	16	450,0
161	-41.25	0.75	16	450,0
161	-42.75	0.75	16	450,0
161	-43.75	-0.25	16	450,0
161	-44.25	-0.25	16	450,0
161	-44.75	0.25	16	450,0
161	-44.75	1.25	16	450,0
442	-0.75	46.25	33	450,0
442	-0.75	46.75	33	450,0
442	0.25	47.75	33	450,0
442	0.75	47.75	33	450,0
442	4.75	43.75	33	450,0
442	4.75	41.25	33	450,0
442	0.25	36.75	33	450,0
442	-0.25	36.75	33	450,0
442	-4.75	41.25	33	450,0
442	-4.75	41.75	33	450,0
442	-3.75	42.75	33	450,0
442	-2.75	42.75	33	450,0
442	-2.75	43.75	33	450,0
442	-1.75	44.75	33	450,0
442	-0.75	44.75	33	450,0
442	-0.25	45.25	33	450,0
442	-0.25	45.75	33	450,0
442	-0.75	46.25	33	450,0
442	-45.25	42.75	33	500,0
442	-45.25	43.25	33	500,0
442	-44.75	43.25	33	500,0
442	-42.75	41.25	33	500,0
442	-42.75	40.75	33	500,0
442	-43.75	39.75	33	500,0
442	-44.25	39.75	33	500,0
442	-45.25	40.75	33	500,0
442	-45.25	42.75	33	500,0
352	-32.75	13.25	264	450,0
352	-32.75	13.75	264	450,0
352	-30.25	16.25	264	450,0
352	-29.25	16.25	264	450,0
352	-27.75	17.75	264	450,0
352	-27.25	17.75	264	450,0
352	-23.25	13.75	264	450,0
352	-23.25	13.25	264	450,0
352	-27.75	8.75	264	450,0
352	-28.25	8.75	264	450,0
352	-30.25	10.75	264	450,0
352	-31.25	10.75	264	450,0
352	-32.75	12.25	264	450,0
352	-32.75	13.25	264	450,0
214	-14.75	31.25	2	450,0
214	-14.75	31.75	2	450,0
214	-13.75	32.75	2	450,0
214	-13.25	32.75	2	450,0
214	-10.75	30.25	2	450,0
214	-10.25	30.25	2	450,0
214	-10.25	31.75	2	450,0
214	-10.75	32.25	2	450,0
214	-10.75	33.25	2	450,0
214	-11.25	33.75	2	450,0
214	-11.25	34.25	2	450,0
214	-10.75	34.75	2	450,0
214	-10.25	34.75	2	450,0
214	-6.25	30.75	2	450,0
214	-5.75	30.75	2	450,0
214	-5.25	31.25	2	450,0
214	-4.25	31.25	2	450,0
214	-3.75	31.75	2	450,0
214	-3.75	32.75	2	450,0
214	-2.25	34.25	2	450,0
214	-1.25	34.25	2	450,0
214	-1.25	35.25	2	450,0
214	-0.25	35.25	2	450,0
214	0.25	35.75	2	450,0
214	0.25	36.75	2	450,0
214	4.25	40.75	2	450,0
214	4.75	40.75	2	450,0
214	4.75	38.25	2	450,0
214	3.75	37.25	2	450,0
214	2.75	37.25	2	450,0
214	2.25	36.75	2	450,0
214	2.25	35.25	2	450,0
214	2.75	35.25	2	450,0
214	3.75	36.25	2	450,0
214	4.25	36.25	2	450,0
214	4.25	35.75	2	450,0
214	2.75	34.25	2	450,0
214	1.75	34.25	2	450,0
214	1.25	33.75	2	450,0
214	0.25	33.75	2	450,0
214	-4.25	29.25	2	450,0
214	-7.25	29.25	2	450,0
214	-8.75	27.75	2	450,0
214	-8.75	26.75	2	450,0
214	-9.75	26.75	2	450,0
214	-10.75	25.75	2	450,0
214	-11.25	25.75	2	450,0
214	-12.25	26.75	2	450,0
214	-12.25	27.75	2	450,0
214	-13.25	27.75	2	450,0
214	-15.25	29.75	2	450,0
214	-15.25	30.25	2	450,0
214	-14.75	30.75	2	450,0
214	-14.75	31.25	2	450,0
214	-45.25	39.75	2	500,0
214	-45.25	40.25	2	500,0
214	-44.75	40.25	2	500,0
214	-44.25	39.75	2	500,0
214	-43.75	39.75	2	500,0
214	-42.75	40.75	2	500,0
214	-42.25	40.75	2	500,0
214	-9.25	7.75	2	500,0
214	-9.25	7.25	2	500,0
214	-9.75	7.25	2	500,0
214	-13.75	11.25	2	500,0
214	-15.75	11.25	2	500,0
214	-16.25	11.75	2	500,0
214	-17.25	11.75	2	500,0
214	-17.75	12.25	2	500,0
214	-17.75	12.75	2	500,0
214	-17.25	13.25	2	500,0
214	-17.25	14.75	2	500,0
214	-17.75	14.75	2	500,0
214	-18.25	14.25	2	500,0
214	-18.25	13.25	2	500,0
214	-18.75	12.75	2	500,0
214	-19.75	12.75	2	500,0
214	-20.75	11.75	2	500,0
214	-20.75	10.75	2	500,0
214	-22.25	9.25	2	500,0
214	-23.25	9.25	2	500,0
214	-23.75	8.75	2	500,0
214	-24.25	8.75	2	500,0
214	-26.75	11.25	2	500,0
214	-27.25	11.25	2	500,0
214	-27.25	10.75	2	500,0
214	-26.75	10.25	2	500,0
214	-26.75	9.75	2	500,0
214	-29.75	6.75	2	500,0
214	-30.25	6.75	2	500,0
214	-31.75	8.25	2	500,0
214	-32.25	8.25	2	500,0
214	-32.75	7.75	2	500,0
214	-33.25	7.75	2	500,0
214	-36.75	11.25	2	500,0
214	-36.75	11.75	2	500,0
214	-34.75	13.75	2	500,0
214	-34.25	13.75	2	500,0
214	-33.75	13.25	2	500,0
214	-33.25	13.25	2	500,0
214	-33.25	14.25	2	500,0
214	-32.75	14.75	2	500,0
214	-32.75	15.75	2	500,0
214	-31.25	17.25	2	500,0
214	-30.75	17.25	2	500,0
214	-30.25	16.75	2	500,0
214	-29.75	16.75	2	500,0
214	-29.25	17.25	2	500,0
214	-28.25	17.25	2	500,0
214	-27.75	17.75	2	500,0
214	-27.75	18.25	2	500,0
214	-28.75	19.25	2	500,0
214	-28.75	19.75	2	500,0
214	-27.75	20.75	2	500,0
214	-27.25	20.75	2	500,0
214	-24.75	18.25	2	500,0
214	-24.25	18.25	2	500,0
214	-23.75	18.75	2	500,0
214	-23.75	19.25	2	500,0
214	-24.25	19.75	2	500,0
214	-25.25	19.75	2	500,0
214	-25.75	20.25	2	500,0
214	-25.75	21.25	2	500,0
214	-26.25	21.75	2	500,0
214	-26.25	22.25	2	500,0
214	-25.75	22.75	2	500,0
214	-25.75	23.25	2	500,0
214	-26.25	23.75	2	500,0
214	-26.75	23.75	2	500,0
214	-27.25	23.25	2	500,0
214	-27.75	23.25	2	500,0
214	-28.25	23.75	2	500,0
214	-28.25	24.25	2	500,0
214	-27.75	24.75	2	500,0
214	-27.75	25.25	2	500,0
214	-28.25	25.25	2	500,0
214	-28.75	24.75	2	500,0
214	-29.25	24.75	2	500,0
214	-29.25	25.25	2	500,0
214	-28.75	25.75	2	500,0
214	-28.75	26.25	2	500,0
214	-29.75	27.25	2	500,0
214	-30.75	27.25	2	500,0
214	-31.25	27.75	2	500,0
214	-31.25	28.75	2	500,0
214	-36.25	33.75	2	500,0
214	-37.25	33.75	2	500,0
214	-37.25	34.75	2	500,0
214	-37.75	35.25	2	500,0
214	-38.25	35.25	2	500,0
214	-38.75	34.75	2	500,0
214	-39.25	34.75	2	500,0
214	-40.75	36.25	2	500,0
214	-40.75	36.75	2	500,0
214	-40.25	37.25	2	500,0
214	-40.25	37.75	2	500,0
214	-40.75	38.25	2	500,0
214	-41.75	38.25	2	500,0
214	-41.75	39.25	2	500,0
214	-42.25	39.75	2	500,0
214	-42.75	39.75	2	500,0
214	-43.25	39.25	2	500,0
214	-43.25	38.75	2	500,0
214	-42.75	38.25	2	500,0
214	-42.75	37.75	2	500,0
214	-43.25	37.25	2	500,0
214	-43.75	37.25	2	500,0
214	-44.25	37.75	2	500,0
214	-44.25	38.75	2	500,0
214	-45.25	39.75	2	500,0
129	-10.75	35.25	141	450,0
129	-10.75	35.75	141	450,0
129	-5.25	41.25	141	450,0
129	-4.75	41.25	141	450,0
129	0.25	36.25	141	450,0
129	0.25	35.75	141	450,0
129	-0.25	35.25	141	450,0
129	-1.25	35.25	141	450,0
129	-1.25	34.25	141	450,0
129	-2.25	34.25	141	450,0
129	-3.75	32.75	141	450,0
129	-3.75	31.75	141	450,0
129	-4.25	31.25	141	450,0
129	-5.25	31.25	141	450,0
129	-5.75	30.75	141	450,0
129	-6.25	30.75	141	450,0
129	-10.75	35.25	141	450,0
386	-43.25	-0.25	288	450,0
386	-43.25	0.25	288	450,0
386	-42.75	0.75	288	450,0
386	-41.25	0.75	288	450,0
386	-40.75	0.25	288	450,0
386	-40.75	-0.25	288	450,0
386	-43.25	-0.25	288	450,0
88	-40.25	-0.25	137	450,0
88	-40.25	0.25	137	450,0
88	-39.75	0.75	137	450,0
88	-37.75	0.75	137	450,0
88	-37.25	1.25	137	450,0
88	-36.75	1.25	137	450,0
88	-36.25	0.75	137	450,0
88	-35.75	0.75	137	450,0
88	-35.25	1.25	137	450,0
88	-34.75	1.25	137	450,0
88	-34.25	0.75	137	450,0
88	-32.75	0.75	137	450,0
88	-32.25	1.25	137	450,0
88	-31.75	1.25	137	450,0
88	-31.25	0.75	137	450,0
88	-28.75	0.75	137	450,0
88	-28.25	1.25	137	450,0
88	-27.75	1.25	137	450,0
88	-27.25	0.75	137	450,0
88	-24.25	0.75	137	450,0
88	-23.75	0.25	137	450,0
88	-23.75	-0.25	137	450,0
88	-40.25	-0.25	137	450,0
514	-34.75	1.25	6	450,0
514	-34.75	1.75	6	450,0
514	-33.75	1.75	6	450,0
514	-32.75	2.75	6	450,0
514	-32.25	2.75	6	450,0
514	-31.75	2.25	6	450,0
514	-28.25	2.25	6	450,0
514	-27.25	3.25	6	450,0
514	-27.25	5.25	6	450,0
514	-26.25	5.25	6	450,0
514	-25.75	5.75	6	450,0
514	-25.25	5.75	6	450,0
514	-21.75	2.25	6	450,0
514	-21.25	2.25	6	450,0
514	-16.75	6.75	6	450,0
514	-16.25	6.75	6	450,0
514	-15.75	6.25	6	450,0
514	-14.75	6.25	6	450,0
514	-14.25	5.75	6	450,0
514	-14.25	4.75	6	450,0
514	-13.75	4.75	6	450,0
514	-13.25	5.25	6	450,0
514	-12.75	5.25	6	450,0
514	-11.75	4.25	6	450,0
514	-10.75	4.25	6	450,0
514	-10.25	3.75	6	450,0
514	-9.75	3.75	6	450,0
514	-9.25	4.25	6	450,0
514	-8.75	4.25	6	450,0
514	-7.75	3.25	6	450,0
514	-7.25	3.25	6	450,0
514	-6.75	3.75	6	450,0
514	-5.75	3.75	6	450,0
514	-4.75	4.75	6	450,0
514	-4.25	4.75	6	450,0
514	-2.75	3.25	6	450,0
514	-1.25	3.25	6	450,0
514	-0.75	3.75	6	450,0
514	-0.25	3.75	6	450,0
514	1.75	1.75	6	450,0
514	2.25	1.75	6	450,0
514	2.75	2.25	6	450,0
514	3.25	2.25	6	450,0
514	3.75	1.75	6	450,0
514	4.75	1.75	6	450,0
514	4.75	1.25	6	450,0
514	4.25	0.75	6	450,0
514	0.25	0.75	6	450,0
514	-0.25	0.25	6	450,0
514	-0.75	0.25	6	450,0
514	-1.25	0.75	6	450,0
514	-3.75	0.75	6	450,0
514	-4.25	0.25	6	450,0
514	-4.75	0.25	6	450,0
514	-6.25	1.75	6	450,0
514	-6.75	1.75	6	450,0
514	-7.75	0.75	6	450,0
514	-8.25	0.75	6	450,0
514	-8.75	1.25	6	450,0
514	-9.25	1.25	6	450,0
514	-9.75	0.75	6	450,0
514	-10.25	0.75	6	450,0
514	-11.25	1.75	6	450,0
514	-11.75	1.75	6	450,0
514	-12.75	0.75	6	450,0
514	-15.75	0.75	6	450,0
514	-16.25	0.25	6	450,0
514	-16.75	0.25	6	450,0
514	-17.25	0.75	6	450,0
514	-18.25	0.75	6	450,0
514	-18.75	1.25	6	450,0
514	-19.25	1.25	6	450,0
514	-19.75	0.75	6	450,0
514	-21.25	0.75	6	450,0
514	-21.75	1.25	6	450,0
514	-22.25	1.25	6	450,0
514	-23.25	0.25	6	450,0
514	-23.75	0.25	6	450,0
514	-24.25	0.75	6	450,0
514	-27.25	0.75	6	450,0
514	-27.75	1.25	6	450,0
514	-28.25	1.25	6	450,0
514	-28.75	0.75	6	450,0
514	-31.25	0.75	6	450,0
514	-31.75	1.25	6	450,0
514	-32.25	1.25	6	450,0
514	-32.75	0.75	6	450,0
514	-34.25	0.75	6	450,0
514	-34.75	1.25	6	450,0
514	-45.25	1.75	6	500,0
514	-45.25	2.25	6	500,0
514	-44.75	2.25	6	500,0
514	-43.75	1.25	6	500,0
514	-43.75	0.75	6	500,0
514	-45.25	0.75	6	500,0
514	-45.25	1.75	6	500,0
74	-21.75	12.25	131	450,0
74	-21.75	12.75	131	450,0
74	-20.75	12.75	131	450,0
74	-20.25	13.25	131	450,0
74	-19.75	13.25	131	450,0
74	-19.25	12.75	131	450,0
74	-18.75	12.75	131	450,0
74	-18.25	13.25	131	450,0
74	-17.25	13.25	131	450,0
74	-17.25	13.75	131	450,0
74	-18.25	14.75	131	450,0
74	-18.25	15.25	131	450,0
74	-17.75	15.25	131	450,0
74	-14.75	12.25	131	450,0
74	-14.25	12.25	131	450,0
74	-14.25	13.75	131	450,0
74	-14.75	14.25	131	450,0
74	-15.75	14.25	131	450,0
74	-15.75	15.25	131	450,0
74	-16.75	16.25	131	450,0
74	-16.75	16.75	131	450,0
74	-16.25	16.75	131	450,0
74	-14.25	14.75	131	450,0
74	-12.75	14.75	131	450,0
74	-12.25	15.25	131	450,0
74	-10.75	15.25	131	450,0
74	-9.75	14.25	131	450,0
74	-9.75	13.75	131	450,0
74	-10.75	12.75	131	450,0
74	-10.75	12.25	131	450,0
74	-4.25	5.75	131	450,0
74	-3.75	5.75	131	450,0
74	-1.25	8.25	131	450,0
74	-0.75	8.25	131	450,0
74	-0.75	6.25	131	450,0
74	0.25	6.25	131	450,0
74	0.75	5.75	131	450,0
74	1.25	5.75	131	450,0
74	2.25	6.75	131	450,0
74	2.25	7.25	131	450,0
74	1.75	7.75	131	450,0
74	1.75	8.75	131	450,0
74	1.25	8.75	131	450,0
74	0.75	8.25	131	450,0
74	0.25	8.25	131	450,0
74	-0.25	8.75	131	450,0
74	-0.25	9.25	131	450,0
74	0.75	10.25	131	450,0
74	0.75	10.75	131	450,0
74	-1.75	13.25	131	450,0
74	-1.75	13.75	131	450,0
74	-0.75	13.75	131	450,0
74	-0.75	14.25	131	450,0
74	-1.75	15.25	131	450,0
74	-2.25	15.25	131	450,0
74	-2.25	14.25	131	450,0
74	-2.75	14.25	131	450,0
74	-3.25	14.75	131	450,0
74	-3.25	15.25	131	450,0
74	-2.25	16.25	131	450,0
74	-2.25	16.75	131	450,0
74	-3.75	18.25	131	450,0
74	-6.75	18.25	131	450,0
74	-6.75	19.75	131	450,0
74	-6.25	20.25	131	450,0
74	-5.25	20.25	131	450,0
74	-5.25	21.25	131	450,0
74	-4.75	21.75	131	450,0
74	-4.25	21.75	131	450,0
74	-3.25	20.75	131	450,0
74	-2.75	20.75	131	450,0
74	-2.75	21.25	131	450,0
74	-4.25	22.75	131	450,0
74	-6.25	22.75	131	450,0
74	-7.75	24.25	131	450,0
74	-8.75	24.25	131	450,0
74	-8.75	24.75	131	450,0
74	-7.25	26.25	131	450,0
74	-6.75	26.25	131	450,0
74	-4.25	23.75	131	450,0
74	-3.75	23.75	131	450,0
74	-2.25	25.25	131	450,0
74	-2.25	25.75	131	450,0
74	-2.75	26.25	131	450,0
74	-3.75	26.25	131	450,0
74	-3.75	26.75	131	450,0
74	-3.25	27.25	131	450,0
74	-3.25	27.75	131	450,0
74	-3.75	28.25	131	450,0
74	-3.75	28.75	131	450,0
74	-1.75	30.75	131	450,0
74	-1.75	31.75	131	450,0
74	0.25	33.75	131	450,0
74	1.25	33.75	131	450,0
74	1.75	34.25	131	450,0
74	2.75	34.25	131	450,0
74	4.25	35.75	131	450,0
74	4.25	36.25	131	450,0
74	3.75	36.25	131	450,0
74	2.75	35.25	131	450,0
74	2.25	35.25	131	450,0
74	2.25	36.75	131	450,0
74	2.75	37.25	131	450,0
74	3.75	37.25	131	450,0
74	4.25	37.75	131	450,0
74	4.75	37.75	131	450,0
74	4.75	28.25	131	450,0
74	0.25	23.75	131	450,0
74	0.25	23.25	131	450,0
74	1.25	23.25	131	450,0
74	1.25	22.25	131	450,0
74	1.75	21.75	131	450,0
74	2.75	21.75	131	450,0
74	4.75	19.75	131	450,0
74	4.75	17.25	131	450,0
74	4.25	17.25	131	450,0
74	3.25	18.25	131	450,0
74	3.25	19.25	131	450,0
74	1.75	20.75	131	450,0
74	-0.25	20.75	131	450,0
74	-0.25	21.75	131	450,0
74	-1.75	21.75	131	450,0
74	-1.75	21.25	131	450,0
74	4.75	14.75	131	450,0
74	4.75	6.25	131	450,0
74	3.75	5.25	131	450,0
74	3.75	4.75	131	450,0
74	4.75	3.75	131	450,0
74	4.75	3.25	131	450,0
74	4.25	3.25	131	450,0
74	3.25	4.25	131	450,0
74	2.75	4.25	131	450,0
74	1.25	2.75	131	450,0
74	0.75	2.75	131	450,0
74	-0.25	3.75	131	450,0
74	-0.75	3.75	131	450,0
74	-1.25	3.25	131	450,0
74	-2.75	3.25	131	450,0
74	-4.25	4.75	131	450,0
74	-4.75	4.75	131	450,0
74	-5.75	3.75	131	450,0
74	-6.25	3.75	131	450,0
74	-9.25	6.75	131	450,0
74	-9.75	6.75	131	450,0
74	-9.75	6.25	131	450,0
74	-9.25	5.75	131	450,0
74	-9.25	5.25	131	450,0
74	-9.75	5.25	131	450,0
74	-12.25	7.75	131	450,0
74	-13.75	7.75	131	450,0
74	-14.25	7.25	131	450,0
74	-14.75	7.25	131	450,0
74	-14.75	8.25	131	450,0
74	-15.25	8.25	131	450,0
74	-15.75	7.75	131	450,0
74	-16.25	7.75	131	450,0
74	-17.75	9.25	131	450,0
74	-18.75	9.25	131	450,0
74	-18.75	9.75	131	450,0
74	-18.25	10.25	131	450,0
74	-18.25	10.75	131	450,0
74	-18.75	11.25	131	450,0
74	-19.25	11.25	131	450,0
74	-19.75	10.75	131	450,0
74	-20.25	10.75	131	450,0
74	-20.75	11.25	131	450,0
74	-21.25	11.25	131	450,0
74	-21.25	10.25	131	450,0
74	-22.25	10.25	131	450,0
74	-25.75	6.75	131	450,0
74	-26.25	6.75	131	450,0
74	-26.25	7.25	131	450,0
74	-21.75	11.75	131	450,0
74	-21.75	12.25	131	450,0
74	-45.25	38.75	131	500,0
74	-45.25	39.25	131	500,0
74	-44.75	39.25	131	500,0
74	-44.25	38.75	131	500,0
74	-44.25	37.75	131	500,0
74	-43.75	37.25	131	500,0
74	-43.25	37.25	131	500,0
74	-42.75	37.75	131	500,0
74	-42.75	38.25	131	500,0
74	-43.25	38.75	131	500,0
74	-43.25	39.25	131	500,0
74	-42.75	39.75	131	500,0
74	-42.25	39.75	131	500,0
74	-41.75	39.25	131	500,0
74	-41.75	38.25	131	500,0
74	-40.75	38.25	131	500,0
74	-40.25	37.75	131	500,0
74	-40.25	37.25	131	500,0
74	-40.75	36.75	131	500,0
74	-40.75	36.25	131	500,0
74	-39.25	34.75	131	500,0
74	-38.75	34.75	131	500,0
74	-38.25	35.25	131	500,0
74	-37.75	35.25	131	500,0
74	-37.25	34.75	131	500,0
74	-37.25	33.75	131	500,0
74	-36.25	33.75	131	500,0
74	-31.25	28.75	131	500,0
74	-31.25	27.75	131	500,0
74	-30.75	27.25	131	500,0
74	-29.75	27.25	131	500,0
74	-28.75	26.25	131	500,0
74	-28.75	25.75	131	500,0
74	-29.25	25.25	131	500,0
74	-29.25	24.75	131	500,0
74	-28.75	24.75	131	500,0
74	-28.25	25.25	131	500,0
74	-27.75	25.25	131	500,0
74	-27.75	24.75	131	500,0
74	-28.25	24.25	131	500,0
74	-28.25	23.75	131	500,0
74	-27.75	23.25	131	500,0
74	-27.25	23.25	131	500,0
74	-26.75	23.75	131	500,0
74	-26.25	23.75	131	500,0
74	-25.75	23.25	131	500,0
74	-25.75	22.75	131	500,0
74	-26.25	22.25	131	500,0
74	-26.25	21.75	131	500,0
74	-25.75	21.25	131	500,0
74	-25.75	20.25	131	500,0
74	-25.25	19.75	131	500,0
74	-24.25	19.75	131	500,0
74	-23.75	19.25	131	500,0
74	-23.75	18.75	131	500,0
74	-24.25	18.25	131	500,0
74	-24.75	18.25	131	500,0
74	-27.25	20.75	131	500,0
74	-27.75	20.75	131	500,0
74	-28.75	19.75	131	500,0
74	-28.75	19.25	131	500,0
74	-27.75	18.25	131	500,0
74	-27.75	17.75	131	500,0
74	-28.25	17.25	131	500,0
74	-29.25	17.25	131	500,0
74	-29.75	16.75	131	500,0
74	-30.25	16.75	131	500,0
74	-31.75	18.25	131	500,0
74	-32.25	18.25	131	500,0
74	-32.75	17.75	131	500,0
74	-33.25	17.75	131	500,0
74	-34.75	19.25	131	500,0
74	-34.75	19.75	131	500,0
74	-34.25	20.25	131	500,0
74	-34.25	20.75	131	500,0
74	-35.25	20.75	131	500,0
74	-35.75	21.25	131	500,0
74	-36.75	21.25	131	500,0
74	-37.25	21.75	131	500,0
74	-37.25	22.25	131	500,0
74	-36.75	22.75	131	500,0
74	-36.75	23.25	131	500,0
74	-41.75	28.25	131	500,0
74	-42.25	28.25	131	500,0
74	-42.75	27.75	131	500,0
74	-43.25	27.75	131	500,0
74	-43.25	28.25	131	500,0
74	-42.75	28.75	131	500,0
74	-42.75	29.25	131	500,0
74	-43.25	29.25	131	500,0
74	-43.75	28.75	131	500,0
74	-45.25	28.75	131	500,0
74	-45.25	38.75	131	500,0
75	-45.25	18.75	131	500,0
75	-45.25	19.25	131	500,0
75	-44.75	19.25	131	500,0
75	-44.75	18.25	131	500,0
75	-42.75	18.25	131	500,0
75	-42.75	17.75	131	500,0
75	-43.25	17.25	131	500,0
75	-43.25	16.25	131	500,0
75	-43.75	15.75	131	500,0
75	-44.25	15.75	131	500,0
75	-45.25	16.75	131	500,0
75	-45.25	18.75	131	500,0
76	-45.25	13.75	131	500,0
76	-45.25	14.25	131	500,0
76	-44.75	14.75	131	500,0
76	-43.25	14.75	131	500,0
76	-41.75	13.25	131	500,0
76	-41.75	12.75	131	500,0
76	-42.25	12.25	131	500,0
76	-43.25	12.25	131	500,0
76	-43.75	11.75	131	500,0
76	-43.75	11.25	131	500,0
76	-42.75	11.25	131	500,0
76	-42.75	10.75	131	500,0
76	-43.25	10.25	131	500,0
76	-43.25	9.75	131	500,0
76	-42.75	9.75	131	500,0
76	-42.25	10.25	131	500,0
76	-41.75	10.25	131	500,0
76	-41.25	9.75	131	500,0
76	-41.25	9.25	131	500,0
76	-42.25	9.25	131	500,0
76	-42.75	8.75	131	500,0
76	-42.75	7.75	131	500,0
76	-43.75	7.75	131	500,0
76	-44.75	6.75	131	500,0
76	-45.25	6.75	131	500,0
76	-45.25	13.75	131	500,0
37	-15.25	16.75	116	450,0
37	-15.25	17.25	116	450,0
37	-9.25	23.25	116	450,0
37	-8.75	23.25	116	450,0
37	-8.75	21.75	116	450,0
37	-9.75	21.75	116	450,0
37	-9.75	20.75	116	450,0
37	-10.25	20.25	116	450,0
37	-10.25	19.75	116	450,0
37	-9.75	19.75	116	450,0
37	-9.25	20.25	116	450,0
37	-8.75	20.25	116	450,0
37	-8.25	19.75	116	450,0
37	-8.25	18.25	116	450,0
37	-8.75	17.75	116	450,0
37	-8.75	17.25	116	450,0
37	-7.75	16.25	116	450,0
37	-7.25	16.25	116	450,0
37	-6.25	17.25	116	450,0
37	-5.25	17.25	116	450,0
37	-4.25	18.25	116	450,0
37	-3.75	18.25	116	450,0
37	-2.25	16.75	116	450,0
37	-2.25	16.25	116	450,0
37	-3.25	15.25	116	450,0
37	-3.25	14.75	116	450,0
37	-2.75	14.25	116	450,0
37	-2.25	14.25	116	450,0
37	-2.25	15.25	116	450,0
37	-1.75	15.25	116	450,0
37	-0.75	14.25	116	450,0
37	-0.75	13.75	116	450,0
37	-1.75	13.75	116	450,0
37	-1.75	13.25	116	450,0
37	0.75	10.75	116	450,0
37	0.75	10.25	116	450,0
37	-0.25	9.25	116	450,0
37	-0.25	8.75	116	450,0
37	0.25	8.25	116	450,0
37	0.75	8.25	116	450,0
37	1.25	8.75	116	450,0
37	1.75	8.75	116	450,0
37	1.75	7.75	116	450,0
37	2.25	7.25	116	450,0
37	2.25	6.75	116	450,0
37	1.25	5.75	116	450,0
37	0.75	5.75	116	450,0
37	0.25	6.25	116	450,0
37	-0.75	6.25	116	450,0
37	-0.75	8.25	116	450,0
37	-1.25	8.25	116	450,0
37	-3.75	5.75	116	450,0
37	-4.25	5.75	116	450,0
37	-10.75	12.25	116	450,0
37	-10.75	12.75	116	450,0
37	-9.75	13.75	116	450,0
37	-9.75	14.25	116	450,0
37	-10.75	15.25	116	450,0
37	-12.25	15.25	116	450,0
37	-12.75	14.75	116	450,0
37	-13.25	14.75	116	450,0
37	-15.25	16.75	116	450,0
412	-23.25	-0.25	304	450,0
412	-23.25	0.25	304	450,0
412	-22.25	1.25	304	450,0
412	-21.75	1.25	304	450,0
412	-21.25	0.75	304	450,0
412	-19.75	0.75	304	450,0
412	-19.25	1.25	304	450,0
412	-18.75	1.25	304	450,0
412	-18.25	0.75	304	450,0
412	-17.25	0.75	304	450,0
412	-16.75	0.25	304	450,0
412	-16.75	-0.25	304	450,0
412	-23.25	-0.25	304	450,0
207	-1.75	21.25	194	450,0
207	-1.75	21.75	194	450,0
207	-0.25	21.75	194	450,0
207	-0.25	20.75	194	450,0
207	1.75	20.75	194	450,0
207	3.25	19.25	194	450,0
207	3.25	18.25	194	450,0
207	4.75	16.75	194	450,0
207	4.75	15.25	194	450,0
207	4.25	15.25	194	450,0
207	-1.75	21.25	194	450,0
207	-45.25	15.75	194	500,0
207	-45.25	16.25	194	500,0
207	-44.75	16.25	194	500,0
207	-44.25	15.75	194	500,0
207	-44.25	15.25	194	500,0
207	-44.75	14.75	194	500,0
207	-45.25	14.75	194	500,0
207	-45.25	15.75	194	500,0
300	0.25	23.25	23	450,0
300	0.25	23.75	23	450,0
300	4.25	27.75	23	450,0
300	4.75	27.75	23	450,0
300	4.75	20.25	23	450,0
300	4.25	20.25	23	450,0
300	2.75	21.75	23	450,0
300	1.75	21.75	23	450,0
300	1.25	22.25	23	450,0
300	1.25	23.25	23	450,0
300	0.25	23.25	23	450,0
300	-45.25	27.75	23	500,0
300	-45.25	28.25	23	500,0
300	-44.75	28.75	23	500,0
300	-43.75	28.75	23	500,0
300	-43.25	29.25	23	500,0
300	-42.75	29.25	23	500,0
300	-42.75	28.75	23	500,0
300	-43.25	28.25	23	500,0
300	-43.25	27.75	23	500,0
300	-42.75	27.75	23	500,0
300	-42.25	28.25	23	500,0
300	-41.75	28.25	23	500,0
300	-36.75	23.25	23	500,0
300	-36.75	22.75	23	500,0
300	-37.25	22.25	23	500,0
300	-37.25	21.75	23	500,0
300	-36.75	21.25	23	500,0
300	-35.75	21.25	23	500,0
300	-35.25	20.75	23	500,0
300	-34.25	20.75	23	500,0
300	-34.25	20.25	23	500,0
300	-34.75	19.75	23	500,0
300	-34.75	19.25	23	500,0
300	-33.25	17.75	23	500,0
300	-32.75	17.75	23	500,0
300	-32.25	18.25	23	500,0
300	-31.75	18.25	23	500,0
300	-31.25	17.75	23	500,0
300	-31.25	17.25	23	500,0
300	-32.75	15.75	23	500,0
300	-32.75	14.75	23	500,0
300	-33.25	14.25	23	500,0
300	-33.25	13.25	23	500,0
300	-33.75	13.25	23	500,0
300	-34.25	13.75	23	500,0
300	-34.75	13.75	23	500,0
300	-36.75	11.75	23	500,0
300	-36.75	11.25	23	500,0
300	-33.25	7.75	23	500,0
300	-32.75	7.75	23	500,0
300	-32.25	8.25	23	500,0
300	-31.75	8.25	23	500,0
300	-30.25	6.75	23	500,0
300	-29.75	6.75	23	500,0
300	-26.75	9.75	23	500,0
300	-26.75	10.25	23	500,0
300	-27.25	10.75	23	500,0
300	-27.25	11.25	23	500,0
300	-26.75	11.25	23	500,0
300	-24.25	8.75	23	500,0
300	-23.75	8.75	23	500,0
300	-23.25	9.25	23	500,0
300	-22.25	9.25	23	500,0
300	-20.75	10.75	23	500,0
300	-20.75	11.75	23	500,0
300	-19.75	12.75	23	500,0
300	-18.75	12.75	23	500,0
300	-18.25	13.25	23	500,0
300	-18.25	14.25	23	500,0
300	-17.75	14.75	23	500,0
300	-17.25	14.75	23	500,0
300	-17.25	13.25	23	500,0
300	-17.75	12.75	23	500,0
300	-17.75	12.25	23	500,0
300	-17.25	11.75	23	500,0
300	-16.25	11.75	23	500,0
300	-15.75	11.25	23	500,0
300	-13.75	11.25	23	500,0
300	-9.75	7.25	23	500,0
300	-8.75	7.25	23	500,0
300	-4.25	2.75	23	500,0
300	-4.25	2.25	23	500,0
300	-4.75	2.25	23	500,0
300	-6.25	3.75	23	500,0
300	-7.25	3.75	23	500,0
300	-8.25	4.75	23	500,0
300	-8.25	5.75	23	500,0
300	-8.75	6.25	23	500,0
300	-9.75	6.25	23	500,0
300	-10.25	6.75	23	500,0
300	-10.75	6.75	23	500,0
300	-10.75	5.75	23	500,0
300	-11.25	5.25	23	500,0
300	-12.25	5.25	23	500,0
300	-13.75	3.75	23	500,0
300	-14.25	3.75	23	500,0
300	-14.75	4.25	23	500,0
300	-15.25	4.25	23	500,0
300	-16.25	3.25	23	500,0
300	-16.75	3.25	23	500,0
300	-19.25	5.75	23	500,0
300	-19.75	5.75	23	500,0
300	-20.25	5.25	23	500,0
300	-21.25	5.25	23	500,0
300	-22.75	3.75	23	500,0
300	-23.75	3.75	23	500,0
300	-23.75	2.75	23	500,0
300	-24.75	1.75	23	500,0
300	-25.25	1.75	23	500,0
300	-25.75	2.25	23	500,0
300	-25.75	2.75	23	500,0
300	-21.25	7.25	23	500,0
300	-21.25	7.75	23	500,0
300	-21.75	8.25	23	500,0
300	-22.25	8.25	23	500,0
300	-22.75	7.75	23	500,0
300	-24.75	7.75	23	500,0
300	-27.75	4.75	23	500,0
300	-28.25	4.75	23	500,0
300	-29.25	5.75	23	500,0
300	-29.75	5.75	23	500,0
300	-30.25	5.25	23	500,0
300	-30.75	5.25	23	500,0
300	-31.75	6.25	23	500,0
300	-32.25	6.25	23	500,0
300	-32.75	5.75	23	500,0
300	-33.25	5.75	23	500,0
300	-34.25	6.75	23	500,0
300	-34.75	6.75	23	500,0
300	-36.25	5.25	23	500,0
300	-36.25	4.25	23	500,0
300	-38.25	4.25	23	500,0
300	-38.75	3.75	23	500,0
300	-39.25	3.75	23	500,0
300	-39.75	4.25	23	500,0
300	-39.75	5.25	23	500,0
300	-40.75	5.25	23	500,0
300	-41.75	6.25	23	500,0
300	-41.75	7.25	23	500,0
300	-42.75	8.25	23	500,0
300	-42.75	8.75	23	500,0
300	-42.25	9.25	23	500,0
300	-41.25	9.25	23	500,0
300	-41.25	9.75	23	500,0
300	-41.75	10.25	23	500,0
300	-42.25	10.25	23	500,0
300	-42.75	9.75	23	500,0
300	-43.25	9.75	23	500,0
300	-43.25	10.25	23	500,0
300	-42.75	10.75	23	500,0
300	-42.75	11.25	23	500,0
300	-43.75	11.25	23	500,0
300	-43.75	11.75	23	500,0
300	-43.25	12.25	23	500,0
300	-42.25	12.25	23	500,0
300	-41.75	12.75	23	500,0
300	-41.75	13.25	23	500,0
300	-43.25	14.75	23	500,0
300	-44.25	14.75	23	500,0
300	-44.25	15.25	23	500,0
300	-43.25	16.25	23	500,0
300	-43.25	17.25	23	500,0
300	-42.75	17.75	23	500,0
300	-42.75	18.25	23	500,0
300	-44.75	18.25	23	500,0
300	-44.75	19.25	23	500,0
300	-45.25	19.75	23	500,0
300	-45.25	27.75	23	500,0
317	-16.25	-0.25	240	450,0
317	-16.25	0.25	240	450,0
317	-15.75	0.75	240	450,0
317	-12.75	0.75	240	450,0
317	-11.75	1.75	240	450,0
317	-11.25	1.75	240	450,0
317	-10.25	0.75	240	450,0
317	-9.75	0.75	240	450,0
317	-9.25	1.25	240	450,0
317	-8.75	1.25	240	450,0
317	-8.25	0.75	240	450,0
317	-7.75	0.75	240	450,0
317	-6.75	1.75	240	450,0
317	-6.25	1.75	240	450,0
317	-4.75	0.25	240	450,0
317	-4.75	-0.25	240	450,0
317	-16.25	-0.25	240	450,0
184	-4.25	-0.25	176	450,0
184	-4.25	0.25	176	450,0
184	-3.75	0.75	176	450,0
184	-1.25	0.75	176	450,0
184	-0.75	0.25	176	450,0
184	-0.75	-0.25	176	450,0
184	-4.25	-0.25	176	450,0
291	1.25	2.25	223	450,0
291	1.25	2.75	223	450,0
291	2.75	4.25	223	450,0
291	3.25	4.25	223	450,0
291	4.75	2.75	223	450,0
291	4.75	2.25	223	450,0
291	4.25	1.75	223	450,0
291	3.75	1.75	223	450,0
291	3.25	2.25	223	450,0
291	2.75	2.25	223	450,0
291	2.25	1.75	223	450,0
291	1.75	1.75	223	450,0
291	1.25	2.25	223	450,0
291	-45.25	5.75	223	500,0
291	-45.25	6.25	223	500,0
291	-43.75	7.75	223	500,0
291	-42.25	7.75	223	500,0
291	-41.75	7.25	223	500,0
291	-41.75	6.25	223	500,0
291	-40.75	5.25	223	500,0
291	-39.75	5.25	223	500,0
291	-39.75	4.25	223	500,0
291	-39.25	3.75	223	500,0
291	-38.75	3.75	223	500,0
291	-38.25	4.25	223	500,0
291	-36.25	4.25	223	500,0
291	-36.25	5.25	223	500,0
291	-34.75	6.75	223	500,0
291	-34.25	6.75	223	500,0
291	-33.25	5.75	223	500,0
291	-32.75	5.75	223	500,0
291	-32.25	6.25	223	500,0
291	-31.75	6.25	223	500,0
291	-30.75	5.25	223	500,0
291	-30.25	5.25	223	500,0
291	-29.75	5.75	223	500,0
291	-29.25	5.75	223	500,0
291	-28.25	4.75	223	500,0
291	-27.75	4.75	223	500,0
291	-24.75	7.75	223	500,0
291	-23.25	7.75	223	500,0
291	-23.25	7.25	223	500,0
291	-27.75	2.75	223	500,0
291	-28.75	2.75	223	500,0
291	-30.75	0.75	223	500,0
291	-31.25	0.75	223	500,0
291	-34.25	3.75	223	500,0
291	-34.75	3.75	223	500,0
291	-35.25	3.25	223	500,0
291	-36.25	3.25	223	500,0
291	-36.75	2.75	223	500,0
291	-38.75	2.75	223	500,0
291	-39.75	1.75	223	500,0
291	-40.25	1.75	223	500,0
291	-40.75	2.25	223	500,0
291	-41.25	2.25	223	500,0
291	-42.75	0.75	223	500,0
291	-43.25	0.75	223	500,0
291	-45.25	2.75	223	500,0
291	-45.25	5.75	223	500,0
292	3.75	4.75	223	450,0
292	3.75	5.25	223	450,0
292	4.25	5.75	223	450,0
292	4.75	5.75	223	450,0
292	4.75	4.25	223	450,0
292	4.25	4.25	223	450,0
292	3.75	4.75	223	450,0
290	-0.25	-0.25	222	450,0
290	-0.25	0.25	222	450,0
290	0.25	0.75	222	450,0
290	4.75	0.75	222	450,0
290	4.75	0.25	222	450,0
290	4.25	-0.25	222	450,0
290	-0.25	-0.25	222	450,0
290	-45.25	-0.25	222	500,0
290	-45.25	0.25	222	500,0
290	-44.75	0.75	222	500,0
290	-43.25	0.75	222	500,0
290	-42.75	0.25	222	500,0
290	-42.75	-0.25	222	500,0
290	-45.25	-0.25	222	500,0
166	-42.75	0.25	163	500,0
166	-42.75	0.75	163	500,0
166	-41.25	2.25	163	500,0
166	-40.75	2.25	163	500,0
166	-40.25	1.75	163	500,0
166	-39.75	1.75	163	500,0
166	-38.75	2.75	163	500,0
166	-36.75	2.75	163	500,0
166	-36.25	3.25	163	500,0
166	-35.25	3.25	163	500,0
166	-34.75	3.75	163	500,0
166	-34.25	3.75	163	500,0
166	-32.25	1.75	163	500,0
166	-32.25	1.25	163	500,0
166	-32.75	0.75	163	500,0
166	-33.25	0.75	163	500,0
166	-34.25	1.75	163	500,0
166	-34.75	1.75	163	500,0
166	-35.75	0.75	163	500,0
166	-37.75	0.75	163	500,0
166	-38.25	0.25	163	500,0
166	-38.75	0.25	163	500,0
166	-39.25	0.75	163	500,0
166	-39.75	0.75	163	500,0
166	-40.25	0.25	163	500,0
166	-40.75	0.25	163	500,0
166	-41.25	0.75	163	500,0
166	-41.75	0.75	163	500,0
166	-42.25	0.25	163	500,0
166	-42.75	0.25	163	500,0
458	-42.25	-0.25	341	500,0
458	-42.25	0.25	341	500,0
458	-41.75	0.75	341	500,0
458	-41.25	0.75	341	500,0
458	-40.75	0.25	341	500,0
458	-40.75	-0.25	341	500,0
458	-42.25	-0.25	341	500,0
457	-40.25	-0.25	340	500,0
457	-40.25	0.25	340	500,0
457	-39.75	0.75	340	500,0
457	-39.25	0.75	340	500,0
457	-38.75	0.25	340	500,0
457	-38.75	-0.25	340	500,0
457	-40.25	-0.25	340	500,0
293	-38.25	-0.25	224	500,0
293	-38.25	0.25	224	500,0
293	-37.75	0.75	224	500,0
293	-35.75	0.75	224	500,0
293	-34.75	1.75	224	500,0
293	-34.25	1.75	224	500,0
293	-33.25	0.75	224	500,0
293	-32.75	0.75	224	500,0
293	-32.25	1.25	224	500,0
293	-31.75	1.25	224	500,0
293	-30.75	0.25	224	500,0
293	-30.75	-0.25	224	500,0
293	-38.25	-0.25	224	500,0
154	-30.75	0.25	153	500,0
154	-30.75	0.75	153	500,0
154	-28.75	2.75	153	500,0
154	-28.25	2.75	153	500,0
154	-27.25	1.75	153	500,0
154	-26.75	1.75	153	500,0
154	-26.25	2.25	153	500,0
154	-25.75	2.25	153	500,0
154	-24.75	1.25	153	500,0
154	-24.25	1.25	153	500,0
154	-21.25	4.25	153	500,0
154	-20.75	4.25	153	500,0
154	-18.25	1.75	153	500,0
154	-14.75	1.75	153	500,0
154	-13.25	3.25	153	500,0
154	-12.75	3.25	153	500,0
154	-12.25	2.75	153	500,0
154	-11.75	2.75	153	500,0
154	-11.25	3.25	153	500,0
154	-10.75	3.25	153	500,0
154	-10.75	2.25	153	500,0
154	-10.25	1.75	153	500,0
154	-9.75	1.75	153	500,0
154	-8.25	3.25	153	500,0
154	-7.75	3.25	153	500,0
154	-7.25	2.75	153	500,0
154	-6.25	2.75	153	500,0
154	-4.75	1.25	153	500,0
154	-4.75	0.75	153	500,0
154	-5.75	0.75	153	500,0
154	-6.25	0.25	153	500,0
154	-6.75	0.25	153	500,0
154	-7.75	1.25	153	500,0
154	-8.25	1.25	153	500,0
154	-8.75	0.75	153	500,0
154	-11.25	0.75	153	500,0
154	-11.75	1.25	153	500,0
154	-12.25	1.25	153	500,0
154	-12.75	0.75	153	500,0
154	-18.75	0.75	153	500,0
154	-19.25	0.25	153	500,0
154	-19.75	0.25	153	500,0
154	-20.25	0.75	153	500,0
154	-22.75	0.75	153	500,0
154	-23.75	-0.25	153	500,0
154	-24.25	-0.25	153	500,0
154	-25.25	0.75	153	500,0
154	-29.75	0.75	153	500,0
154	-30.25	0.25	153	500,0
154	-30.75	0.25	153	500,0
298	-30.25	-0.25	228	500,0
298	-30.25	0.25	228	500,0
298	-29.75	0.75	228	500,0
298	-25.25	0.75	228	500,0
298	-24.75	0.25	228	500,0
298	-24.75	-0.25	228	500,0
298	-30.25	-0.25	228	500,0
155	-27.75	2.25	154	500,0
155	-27.75	2.75	154	500,0
155	-22.25	8.25	154	500,0
155	-21.75	8.25	154	500,0
155	-21.25	7.75	154	500,0
155	-21.25	7.25	154	500,0
155	-26.75	1.75	154	500,0
155	-27.25	1.75	154	500,0
155	-27.75	2.25	154	500,0
167	-23.75	3.25	164	500,0
167	-23.75	3.75	164	500,0
167	-22.75	3.75	164	500,0
167	-21.25	5.25	164	500,0
167	-20.25	5.25	164	500,0
167	-19.75	5.75	164	500,0
167	-19.25	5.75	164	500,0
167	-16.75	3.25	164	500,0
167	-16.25	3.25	164	500,0
167	-15.25	4.25	164	500,0
167	-14.75	4.25	164	500,0
167	-14.25	3.75	164	500,0
167	-13.75	3.75	164	500,0
167	-12.25	5.25	164	500,0
167	-11.25	5.25	164	500,0
167	-10.75	5.75	164	500,0
167	-10.75	6.75	164	500,0
167	-10.25	6.75	164	500,0
167	-9.75	6.25	164	500,0
167	-8.75	6.25	164	500,0
167	-8.25	5.75	164	500,0
167	-8.25	4.75	164	500,0
167	-7.25	3.75	164	500,0
167	-6.25	3.75	164	500,0
167	-4.75	2.25	164	500,0
167	-3.75	2.25	164	500,0
167	-1.75	0.25	164	500,0
167	-1.75	-0.25	164	500,0
167	-2.25	-0.25	164	500,0
167	-3.25	0.75	164	500,0
167	-4.25	0.75	164	500,0
167	-6.25	2.75	164	500,0
167	-7.25	2.75	164	500,0
167	-7.75	3.25	164	500,0
167	-8.25	3.25	164	500,0
167	-9.75	1.75	164	500,0
167	-10.25	1.75	164	500,0
167	-10.75	2.25	164	500,0
167	-10.75	3.25	164	500,0
167	-11.25	3.25	164	500,0
167	-11.75	2.75	164	500,0
167	-12.25	2.75	164	500,0
167	-12.75	3.25	164	500,0
167	-13.25	3.25	164	500,0
167	-14.75	1.75	164	500,0
167	-18.25	1.75	164	500,0
167	-20.75	4.25	164	500,0
167	-21.25	4.25	164	500,0
167	-24.25	1.25	164	500,0
167	-24.75	1.25	164	500,0
167	-24.75	1.75	164	500,0
167	-23.75	2.75	164	500,0
167	-23.75	3.25	164	500,0
372	-23.25	-0.25	277	500,0
372	-23.25	0.25	277	500,0
372	-22.75	0.75	277	500,0
372	-20.25	0.75	277	500,0
372	-19.75	0.25	277	500,0
372	-19.75	-0.25	277	500,0
372	-23.25	-0.25	277	500,0
192	-19.25	-0.25	181	500,0
192	-19.25	0.25	181	500,0
192	-18.75	0.75	181	500,0
192	-12.75	0.75	181	500,0
192	-12.25	1.25	181	500,0
192	-11.75	1.25	181	500,0
192	-11.25	0.75	181	500,0
192	-8.75	0.75	181	500,0
192	-8.25	1.25	181	500,0
192	-7.75	1.25	181	500,0
192	-6.75	0.25	181	500,0
192	-6.75	-0.25	181	500,0
192	-19.25	-0.25	181	500,0
413	-6.25	-0.25	305	500,0
413	-6.25	0.25	305	500,0
413	-5.75	0.75	305	500,0
413	-3.25	0.75	305	500,0
413	-2.75	0.25	305	500,0
413	-2.75	-0.25	305	500,0
413	-6.25	-0.25	305	500,0
