x	y	clickSelects
0.110741291212149	0.0397553524568051	97
0.11106265674376	0.0396671757223606	97
0.11106265674376	0.0396671757223606	97
0.110741291212149	0.0397553524568051	97
0.101868030657596	0.74204605334028	117
0.118042724760969	0.305455189548757	235
-0.115341258277241	1.14434296717149	235
0.078813366328961	0.281823528051321	235
-0.00934235784989501	0.494335492764267	235
0.087954585990596	0.189441685730883	235
0.070267615136082	0.209973319867776	235
0.070013768899825	0.190552005813974	235
0.115695144649635	0.164211578776906	235
-0.083293633630737	0.513863080967303	235
0.09198979232361	0.224597522077757	235
-0.105416531959403	0.672893984197678	235
0.020454361341421	0.372299428150899	235
0.115593770986635	0.190361585126575	235
0.082939282699887	0.213129228177352	235
-0.082899089856125	0.611714031475684	235
0.017634470344466	0.231768587251637	235
0.102950044375347	0.172277741601994	235
0.055527559362349	0.286374652571333	235
0.043138942392338	0.324802480950937	235
0.040059261532636	0.198002789959829	235
0.107307300070093	0.0992480824684191	235
0.00204054010958901	0.329345884019013	235
-0.023362418994086	0.348476868425185	235
-0.050597697386102	0.200136624431954	29
-0.021848947526976	0.134213470671699	29
-0.080315124726085	0.189596993255749	29
-0.08618382583991	0.246216079904398	29
0.010698280238831	0.162109170898922	29
-0.086342135333983	0.24634374920067	29
0.110617046663885	0.0397781881823515	250
0.066654848067526	0.0946113815907912	250
0.077287962253669	0.0706637074876884	250
0.103100085012933	0.112176063409813	29
0.067149732159226	0.0943343972146475	29
-0.080157715643049	0.189518424818333	29
0.000442640637278002	0.147994203311502	29
0.114414603427099	0.0844172707734256	29
0.061259237705752	0.129720442940023	29
-0.02218908576236	0.134407792765905	97
0.115374126011431	0.0838105155869475	50
-0.08659176112135	0.246584127201005	279
0.083722721703782	0.211968803643328	32
-0.065550339576589	0.366034472592618	32
0.106086231715721	0.16092948544725	32
0.112596837398763	0.174921581070202	32
0.076906675776854	0.0708228861667735	255
-0.050076100830081	0.199769964396802	18
-0.022091243109116	0.134354832803417	79
0.067404020697677	0.0942067543932056	79
0.063594693445878	0.113556644367664	79
0.077366459194204	0.0706266937852931	79
-0.079941092824388	0.189365351737144	79
0.115134307407614	0.0839673653379408	79
-0.04877720501741	0.19865232655796	79
0.11106265674376	0.0396671757223606	97
0.11106265674376	0.0396671757223606	253
0.111508274088942	0.0395242008307689	97
0.066872174901971	0.0944992699355236	30
0.077209369194292	0.0706913846673543	30
0.077747764576079	0.0704621510143207	30
0.077287962253669	0.0706637074876884	30
-0.051056826050713	0.114043873194428	30
-0.028438974871196	0.20640213222022	30
-0.052011923493779	0.114426137674261	97
0.110741291212149	0.0397553524568051	97
-0.080275869226183	0.189581502774135	249
0.103185161279122	0.112078878363364	10
-0.058205048148279	0.247438526576831	10
-0.059623430918878	0.2487050417029	10
0.111508274088942	0.0395242008307689	97
-0.051408627280488	0.114196567167764	97
0.110617046663885	0.0397781881823515	97
-0.051207197913351	0.114082475276051	97
-0.051760517099524	0.114337551940054	97
0.076906675776854	0.0708228861667735	173
-0.045107669443609	0.497855549693845	235
0.077498063298308	0.321275630264484	235
0.025901158482699	0.606989833216599	121
0.097869399393517	0.402127081736503	121
0.117698716218088	0.347184303776566	121
0.123781177860617	0.319123361337796	121
0.101887063855678	0.113161528331231	235
0.079826696106847	0.476778957610729	121
-0.10912380437808	0.731490210888337	235
0.018499711443051	0.693237633243929	121
0.060912356652704	0.415950926265264	14
0.113956668988294	0.317103381409666	14
-0.060746417065786	0.928914969821815	14
0.083358106146073	0.343045235151958	14
-0.104131351844247	0.996282128717158	14
0.09899675573483	0.422634399875311	14
0.011803840784761	0.352990790574518	235
-0.013935831062212	0.609352636793836	14
0.066886661447432	0.578300704292059	14
0.006450589830193	0.637460401272833	14
0.065341376277559	0.42050569905173	260
0.116661599917134	0.276305227359199	260
0.040236537572227	0.465451754425064	260
0.119566018206262	0.322702597130603	260
0.10217596331286	0.319652342713189	260
0.040900317073423	0.197075510963414	235
-0.080374313460103	0.189661122443498	97
-0.022333557581422	0.134487452099993	97
0.094401740670411	0.147599689096242	235
-0.016722926903305	0.521331175879087	68
0.090577176594467	0.169141908521395	29
0.027001651388642	0.247778414953593	68
-0.086229479575169	0.246262004082091	29
0.030108512835474	0.179659492624757	29
-0.079724445103633	0.189200395630237	29
0.107476971473715	0.0991137080610555	29
0.067139930181552	0.16215273270425	29
0.06756131083982	0.0941065076698602	252
0.115274234977532	0.0838733809435757	29
-0.122844460016353	0.2427719181186	29
0.077209369194292	0.0706913846673543	29
0.011242409473374	0.161677993889743	29
0.061963241971637	0.129241558244917	50
0.110938359837002	0.039690044647997	50
0.110938359837002	0.039690044647997	50
0.078207616923484	0.0702394472739714	50
-0.051760517099524	0.114337551940054	97
0.110419856553328	0.0398333964039841	97
-0.038325432067509	0.250983537863336	50
0.102653310886286	0.112547258869769	50
0.11106265674376	0.0396671757223606	50
0.011718556559596	0.161304296958796	50
-0.0516598593167	0.114296718545794	50
0.077209369194292	0.0706913846673543	63
-0.04993536714852	0.199651491268449	63
0.078207616923484	0.0702394472739714	133
0.03495087932775	0.434012628972757	32
-0.050293121864399	0.563478954923863	32
-0.096582737979696	0.881201403472314	32
-0.065003097218668	0.780428147064273	32
0.067864386627284	0.161401929584265	214
0.06319578626341	0.113750756585994	255
-0.052112495471293	0.114466940015057	255
0.114994353452086	0.0840566873298067	18
0.000155505412384988	0.148152220863438	79
0.066812137005991	0.0945275789839454	79
-0.113975771269498	0.289671882443403	18
0.044108599882978	0.205982921497941	18
0.076828210067455	0.0708505061620851	79
-0.051760517099524	0.114337551940054	97
0.07797136228438	0.0703563818212956	253
0.052731104679449	0.271888022551544	236
0.085628148480812	0.200985320545026	236
-0.022097659948924	0.389148768908803	236
-0.105045971154876	0.328561698139012	80
0.066654848067526	0.0946113815907912	30
0.022998498844828	0.169869491036389	30
0.077669140239254	0.0704991966259504	249
0.108219124424695	0.0985356602341664	249
0.077287962253669	0.0706637074876884	249
0.066654848067526	0.0946113815907912	249
0.103780360489009	0.111580460009274	10
0.077511603905797	0.0705389114741086	249
0.122694052121788	0.142511420794153	34
-0.025167967102145	0.257448006935277	10
0.111186925303284	0.0396232165072587	97
0.064638235399883	0.140267622068899	173
0.0661005258926	0.139011904456486	173
0.062687524965693	1.03900815532315	117
0.022297440326437	0.696579353586788	121
0.025167752142346	0.821021788219553	121
0.072458384345633	0.645928788252032	121
0.019963894862954	0.523274683724492	121
0.099873042709165	0.318519460686407	235
0.116391642058566	0.356887304136893	121
0.033327626240726	0.599188746994472	235
-0.071869276681773	1.4458683222988	121
0.046649324366079	0.60332323972593	14
-0.02007983322959	0.830500309995357	14
0.00372977792415499	0.898945376603234	14
0.098457853380646	0.479976172730787	14
0.019326630605694	0.668208562479596	14
0.079719682902302	0.567465818891142	14
0.080995824037875	0.522276359951513	14
0.097730011614714	0.249753880275278	235
0.077090505915195	0.499579106084698	260
0.067922909914482	0.355746706089941	260
0.067488884721971	0.437225945647315	260
0.112035781655438	0.237312606027832	68
-0.034696294655118	0.723107150950656	68
0.068281999243804	0.376964483480085	68
-0.098614634591953	0.364372016852634	29
0.021956673163481	0.170785358972378	29
-0.026874150648675	0.204911511069435	29
0.049929838482218	0.222510853852166	29
0.00158012840701499	0.217556400413242	29
0.108575291170882	0.150509733052842	29
-0.023740257518908	0.303517619444079	29
0.062958054715081	0.113966028652262	29
0.000289662224854992	0.218944075420523	29
0.0000484954925500103	0.219200133686954	29
-0.052112495471293	0.114466940015057	97
0.10229167284661	0.112845708404804	29
-0.022529356851335	0.134553538307109	250
0.110617046663885	0.0397781881823515	250
0.063480240795939	0.113611726181479	252
-0.116072846101021	0.403933182414513	29
0.09591963874471	0.137255189124566	29
-0.028476576594008	0.206406522529855	29
-0.051408627280488	0.114196567167764	50
0.077669140239254	0.0704991966259504	50
-0.113127100560458	0.288773202032888	50
-0.010774302707331	0.211153647921776	50
0.110865507306074	0.0397113788160752	97
-0.050955997008493	0.114002992802927	97
-0.104549712486599	0.469915857522135	50
0.086353090015635	0.310140382426614	94
0.099010555383887	0.240966779561106	94
0.020785556192976	0.242165128869175	50
0.104078399777728	0.170783279837254	72
0.11628693401039	0.163404822009698	72
-0.081567530831145	0.366288711223622	50
-0.072817042731325	0.48065680625446	322
-0.080216847495123	0.189563353167821	133
0.104699502353097	0.28015626037863	32
0.029979424169983	0.179682516622953	241
0.00157918552207201	0.217580994646537	241
0.067778604258213	0.0939842075375844	255
0.010698280238831	0.162109170898922	79
-0.027539990129219	0.205573954473445	79
0.077209369194292	0.0706913846673543	253
-0.0516598593167	0.114296718545794	253
0.077590419964501	0.0705269291433486	253
-0.082904570138826	0.54706427176344	236
0.06910493658607	0.1710299997164	80
0.067464110052573	0.0941758280759728	249
0.110865507306074	0.0397113788160752	97
-0.050498461950376	0.200038644577732	249
0.063974550327791	0.113279573615383	10
0.115473867814773	0.0837397579827644	10
-0.010752383651525	0.211069800297153	10
-0.082758753402239	0.329187789000794	10
-0.082546379798536	0.512481192407148	34
-0.058939866318849	0.41050615043796	10
-0.023811310428105	0.255934591067754	10
0.040373459581996	0.197669244378114	10
-0.081181477038761	0.190104822937494	173
-0.079941092824388	0.189365351737144	173
0.118883356539189	1.32929300699756	300
0.088933812726068	1.16637591817209	117
0.089939959961118	0.805980737261171	117
-0.011742463012765	1.21532005313827	121
0.088390887347812	0.678876185622032	121
0.085622945949438	0.452870639639584	121
0.028470096969533	0.680953223799295	235
0.057022136681586	0.769085512916941	121
0.020295555047841	0.915362798650424	121
0.091091101819367	0.474377054269682	121
-0.050185188261046	1.05318095282803	14
-0.018890342924985	1.01712130950243	121
-0.00338223467927501	0.805172794934635	14
-0.040988257580846	0.895907240955896	14
0.004578980822429	0.833669997067546	14
-0.073716255450556	1.17745199846765	14
0.027167456750701	0.45036718165229	235
-0.062311406773059	1.02017821099012	260
0.102104565809254	0.416674742531864	260
0.08486079625344	0.482765082062525	260
0.044003702214938	0.671198735471168	260
-0.017213310915913	0.839239778164781	260
-0.063994971886703	0.887077459682372	260
-0.008425508208808	0.539339582094253	68
0.098822168730462	0.125353992901829	29
0.069814055921707	0.180622302573338	29
-0.086071166451734	0.246103746203283	29
0.041214670734635	0.196688386204833	29
-0.022864815744907	0.134713366556739	97
-0.028828573846031	0.206694515375118	29
-0.00406407177097201	0.26754474875753	29
0.047037334620073	0.214496089598718	29
0.035281121113994	0.273783511943312	29
0.066654848067526	0.0946113815907912	50
-0.027722357681943	0.205760981955521	50
0.070786518509531	0.209244804336437	72
0.068791063863157	0.171366733038707	50
0.115514094351487	0.0837165305806647	50
-0.052011923493779	0.114426137674261	63
-0.05186123248638	0.114344294945834	133
-0.114479437265017	0.401717631040237	133
0.123496580859861	0.184533888066121	32
0.069297926106511	0.344908581699154	32
0.02176899474331	0.170951354094902	241
0.065202925148598	0.139797090780993	241
-0.119546025252126	0.609322536002463	214
0.102738688390849	0.112479172528088	18
-0.06219744147575	0.290496190091859	18
-0.122587081353577	0.242574156802219	79
0.115753912302567	0.0835564385822814	79
-0.021993449480125	0.134278402059596	79
0.097772289823886	0.126281569918896	18
0.000370749258384012	0.218894774807635	18
0.11138395317179	0.0395681269987556	97
0.11106265674376	0.0396671757223606	253
0.0152453992271	0.370913826570873	236
-0.099595705206557	0.794317584989941	236
-0.094477760723634	0.438400339183632	80
0.107282200451277	0.0992352390750748	30
-0.032886776752465	0.297307964428367	30
-0.022286977451465	0.134437949441247	97
-0.081781246622271	0.366578978456769	10
-0.049589067352457	0.490452630933687	34
-0.04024821512763	0.337700920513494	10
0.063860515934769	0.113377323003526	10
-0.085617605787978	0.245662397913654	173
0.011197090069513	0.161738029914892	173
-0.022575890878387	0.134611873496179	173
0.097908073987663	0.803105605244567	117
0.122123281448436	0.653421480744201	117
0.090773706814968	0.517520413426057	121
0.088563883546829	0.659252543842947	45
0.036428601722632	0.978224640030063	45
0.05471360748422	0.63521935789716	121
0.042789424305684	0.555403901135619	14
0.075940006802496	0.394996481947854	14
0.042502337877224	0.533097510559551	14
0.00946363965205699	0.488405487916449	14
0.089369084073501	0.270369916505017	14
-0.054658020284123	1.1881882524321	14
0.035882166328267	0.730861459699688	121
0.044277686806099	0.675826891035923	260
0.003645680839819	0.615163926038997	260
0.022261420735407	0.526039853660178	260
-0.08847940997776	1.05137308938862	260
0.01209486369742	0.776056370629827	260
0.053494486552096	0.270596250447354	235
-0.016172246442815	0.310332676265421	235
-0.075800290592269	0.674584430344194	68
0.118700751442357	0.208412060402803	68
0.092539398211591	0.365425758588089	68
0.070187783790093	0.210098946582334	68
-0.00260277170108098	0.322089122977513	68
0.049109248984772	0.223628622817492	29
-0.096650694222052	0.402234598562369	29
0.021372568328348	0.171287135494086	29
-0.084654636652654	0.289396545333199	29
-0.058350548305557	0.24756319655217	29
0.103418956664243	0.111900444898453	29
-0.122720620210223	0.242680985048687	250
-0.049877676704523	0.199599255757215	252
0.06768148630112	0.0940477132535558	252
0.116093333289124	0.0833196897353597	29
0.115713562889498	0.0835762750014481	29
-0.059123291830723	0.248291590930997	29
0.011038382013341	0.161853088739805	29
0.009793972110345	0.225523317269312	29
-0.105205388205475	0.328704654876625	50
0.022081385100746	0.170699802805938	50
-0.051760517099524	0.114337551940054	97
0.06718672482947	0.0943239763792054	50
0.000489407091162991	0.147944882664664	50
0.016881242654013	0.232686846195487	50
-0.05130788380924	0.114155707724385	50
0.111186925303284	0.0396232165072587	63
0.117802028218444	0.125753600776023	279
-0.078449758895325	0.469448710322841	32
-0.035603600065882	0.467389043638067	32
0.09547036618138	0.204708227995335	214
0.070625471710831	0.1997652189528	214
-0.028476576594008	0.206406522529855	241
-0.013512717694615	0.26242738251452	214
0.067080770864864	0.162188634103751	214
0.076143777741989	0.0711164075589007	255
0.067089527774118	0.0943819801836264	255
0.115753912302567	0.0835564385822814	255
-0.122977964865057	0.242878747706938	79
-0.08659176112135	0.246584127201005	79
0.116473117360764	0.083053968852418	79
0.067246759682515	0.0942982306112401	79
0.110419856553328	0.0398333964039841	97
0.110865507306074	0.0397113788160752	97
-0.021946757622245	0.134275185027705	79
0.077590419964501	0.0705269291433486	253
0.022808570159967	0.313329667716844	236
0.067511459096468	0.172755963831137	80
-0.0516598593167	0.114296718545794	249
-0.027929967456041	0.205967024760164	10
0.036168365895754	0.188536891350891	10
0.037842368809016	0.281316214087322	34
-0.099777785230719	0.366007371151942	10
0.098057525775915	0.126002680864748	10
0.02210231074764	0.170685484068617	10
-0.086433455756814	0.246441115696819	10
0.077287962253669	0.0706637074876884	251
0.123400569178362	1.28526784124538	300
-0.002659776273851	2.03226402251574	117
0.093164175069144	1.02686645885985	117
0.087009227133017	0.943874493836327	117
-0.00305306370104003	1.60783145667733	117
0.083641216506538	0.562710777835133	121
0.094636662101587	0.616319469694525	121
0.073314804562201	0.812263376778033	121
0.048599116176523	0.877607559513809	121
0.102156575397623	0.594206243667853	45
0.043550273490746	0.70859451194559	121
0.082254856608171	0.786842565857493	45
0.087536782213683	0.789708167099358	45
0.043846877736011	1.1083185993665	45
-0.00739403166743102	1.00207001570888	121
-0.031967961574576	0.921941150382027	121
0.037629088544707	0.634447151793909	121
-0.088273893886059	1.02254163939456	14
0.070891113467133	0.712133458706261	121
0.104317009936974	0.355286688348101	260
0.120785411798377	0.337165123257264	260
0.118915669427642	0.328308237281167	260
0.114219430951753	0.333964791338439	260
0.052153457490428	0.453601456976889	260
0.027524163160082	0.449419403292663	260
0.005707927436026	0.42998104499728	235
0.091923907842042	0.231709571109215	235
0.078296575678827	0.290226637967876	235
0.078542932535402	0.393688197534495	68
-0.070366712183205	0.998799220926879	24
-0.096218068075368	0.70403636746163	68
0.08690490609231	0.190877179146154	68
0.044502537340703	0.312288117523866	68
0.037122374122026	0.293761958322978	68
-0.00228016500835199	0.373806465674253	68
0.103559737207526	0.178438359085341	68
0.044578707758268	0.205476917561368	29
0.122759690195634	0.142411940412287	68
-0.070435641456802	0.442756674006737	68
-0.067925598866685	0.404466206340904	29
0.064993099098019	0.139980696512696	29
-0.080374313460103	0.189661122443498	250
-0.027395788140204	0.205469101447324	29
-0.016558296863751	0.353993847283043	99
0.112703619302298	0.138391168361326	29
0.108036723149564	0.0986858332756658	50
0.077160525593363	0.329051959064526	94
-0.117008693966379	0.642436884372982	72
0.066746034498648	0.278359237093472	94
-0.036431428662701	0.380276224653191	72
0.04828813327685	0.224694253301428	72
-0.024226713261724	0.256423591962266	50
0.110295664471298	0.0398561976774745	63
-0.03804914789122	0.25062396714948	279
0.063993392379971	0.113276482234153	133
0.002426537577293	0.274903939616603	32
0.098507541878774	0.192915410220943	32
-0.028782819430379	0.468297368162201	32
-0.110851711600788	0.438930156109163	214
0.011265128253768	0.161662180062301	79
0.115853638977783	0.0834869347023627	79
-0.05130788380924	0.114155707724385	253
0.067404020697677	0.0942067543932056	253
-0.053999871018238	0.452268242976195	236
0.088820675368876	0.257863015535184	236
0.035959472229507	0.440707838331207	236
0.027798858813665	0.328354764987215	236
-0.03943863513215	0.336512714513818	80
0.115326387535877	0.164730521523779	80
-0.065407773293761	0.330959072683065	80
-0.104964464550516	0.328489243449985	30
0.064117026820609	0.113202284867335	30
0.076749648212665	0.0708623006217085	249
0.1158938950494	0.0834578236407481	10
0.010222188948344	0.162483362670592	10
0.091185273541384	0.168414019996674	10
-0.035264310428309	0.423561410770436	34
0.117003658597141	0.126606302926738	10
-0.06312657338541	0.291513248668429	10
-0.097391648967918	0.403311851318614	34
-0.0000381306960159922	0.14829839657631	251
0.067306906576961	0.0942595441750744	251
-0.011555158455564	0.211933481136974	173
0.102377246428444	0.112774415177942	10
0.065536112039917	0.139522345531696	173
0.122829415003256	1.28353028956222	300
0.115481088426156	0.913766256656867	117
0.036718143654433	1.22695088685151	121
0.02627432439475	0.896744435814524	121
0.107886992888398	0.371811003667165	14
0.00597553251241501	0.579445859841091	14
0.114475375698	0.340784940068449	14
-0.013515653585537	1.1609757160008	121
-0.013480358842606	1.16491639769397	121
0.037952953945894	0.771747171127398	121
0.107739224139294	0.516730925119841	210
-0.00950128944802903	0.868529940086636	260
0.076213048096766	0.560286324132897	121
-0.061015019845734	1.28832405681752	260
-0.111969499033543	0.578152138766872	235
-0.051383916564548	1.17354648263807	24
0.049071068554723	0.633433552623747	24
0.057914876252598	0.326415507575684	68
-0.027088048965087	0.50345729911709	68
0.059153243656388	0.340949904826052	68
-0.036028790533445	0.425086245897364	68
0.091428955198032	0.225571376156918	68
-0.010626544797815	0.412608771017218	68
-0.083193886001497	0.644157736495061	68
0.083020530205645	0.229018479534713	68
-0.073169894282138	0.513928961608649	68
0.116847430562242	0.12676557018623	29
0.025293754888533	0.250041363784381	29
-0.105366871570071	0.47138358742484	29
-0.122997700541494	0.367424202012688	29
0.03584577183838	0.188837241814494	29
-0.023936403627342	0.303798638773007	29
-0.08203763248094	0.366952711123228	29
-0.05168841742942	0.334001549596524	29
-0.100525946043238	0.366947926706935	29
-0.024373941067463	0.256526946810373	29
0.00244659304410999	0.274870226851364	29
-0.013132525583653	0.261959673123577	29
0.026679644905336	0.248291441048397	99
0.000411227589051988	0.218848116751925	50
-0.014921833849948	0.30860347019959	50
-0.086954040075034	0.246881561749256	50
0.092749706410059	0.149348107523364	99
-0.038795180131341	0.647254350995844	94
0.079110822462785	0.243424678644123	94
0.104362790364825	0.206599302390316	94
0.031482533334108	0.343598252105558	94
0.036506474460518	0.283492516740409	72
0.100190965165703	0.190480352992876	72
-0.091889756870547	0.579704741064578	72
-0.109699986957737	0.611279071919091	72
0.066363818253436	0.151225574338381	50
-0.080894134735853	0.474641611789288	182
-0.065721737545896	0.331373181755131	279
-0.03321292105691	0.297703788429184	133
0.099621808031005	0.191341035485079	32
0.027691097680715	0.32855253626087	32
-0.020907983291579	0.554919409891794	32
-0.093156844168637	0.794041298631506	32
-0.012270996832012	0.415838376720078	214
-0.00039836755690098	0.464479632052181	32
0.018559380931713	0.294591207479951	214
-0.096786349374093	0.402444348050264	214
-0.025228149925098	0.257412795998622	18
0.099226844154252	0.12498978523617	18
0.061975799371008	0.129233448667756	18
0.035708965071925	0.189005333642041	18
0.116133712327783	0.0832943640496605	79
0.077209369194292	0.0706913846673543	253
-0.080157715643049	0.189518424818333	79
0.11106265674376	0.0396671757223606	253
-0.022044616803678	0.134313553575837	253
0.06887618146537	0.27441869709397	236
-0.013131305999417	0.305929859171137	80
0.094551260228729	0.220252100570572	80
0.090729202375911	0.168966270838095	80
0.123306870108939	0.141747118611965	80
-0.050175540982743	0.199822159757637	30
0.065391119237329	0.139631660991285	30
0.063347430239236	0.11371260792063	30
-0.052112495471293	0.114466940015057	249
-0.079941092824388	0.189365351737144	249
-0.011034948829614	0.211472636281748	30
-0.083091907592448	0.287819465335491	10
0.039735285067797	0.198345245739415	10
-0.030169416788505	0.341506603915062	10
0.03970604405824	0.300389139304886	34
0.111182678872909	0.214634961733755	34
0.053145033661141	0.261091558069942	34
-0.114322459547561	0.401516178288696	10
-0.027760228622241	0.205798917976398	10
0.11475453421551	0.0842102531397179	251
-0.050357648275789	0.199966007087567	251
0.026105563648972	0.249017041941975	10
0.068315148829175	0.472830465373106	121
0.111985069860477	0.76925930576194	117
0.109173865981096	0.566264434813573	45
-0.02460480339497	1.57135647608209	45
0.052787998069741	0.51857662565608	121
0.118794262203519	0.449268263084692	121
0.106778630185266	0.314095425151517	121
0.092238256914071	0.394038138894702	121
-0.069568527646685	1.36374888204363	121
0.112326797324435	0.305448467584636	14
-0.017636113240591	0.396642692104038	14
0.072382384789876	0.389495811288929	14
0.114340375780137	0.512676238308942	121
0.043725540790489	1.24106646203017	121
0.008980599140477	1.65877720546709	210
0.068274837958212	1.10652184046335	210
0.097614243257537	0.706163818344296	210
0.056263032239444	0.528970547505682	121
0.080388959521241	0.775499553858257	210
0.053636435210378	0.449218944993648	260
0.057575398166875	0.410015245001252	260
-0.013108822468665	0.815040513312856	260
0.049708324717475	0.561198660034409	260
0.048799166270561	0.536730516186672	260
0.066808286312495	0.677003056252751	121
0.034964616924693	0.913385883284429	121
0.092661638619755	0.370336584520974	24
0.122682521186113	0.280651203780921	24
0.078019128489797	0.320036250196153	24
0.050993862655904	0.391242206467461	24
0.111990243065356	0.343214182441209	24
0.051698521025861	0.61881247800723	24
-0.041628947455935	0.938930153505612	68
0.043337587781122	0.397687910217211	68
0.034617601251633	0.358164675316921	68
0.099352572926695	0.240268292573143	68
0.037528990886	0.362101962218141	68
-0.04045422682457	0.4609226234136	99
0.03282906248649	0.265399718223493	99
0.114171748704419	0.166330761572363	99
0.088698133194433	0.188387495804488	99
-0.013959316321012	0.307203419813538	50
0.037834279663267	0.281359443493961	99
-0.090915272129136	0.577406522940494	99
0.058877317945868	0.315649519710303	99
-0.111710115597928	0.53798324967842	99
0.118304962195106	0.180407717225193	99
0.091710729508014	0.232084617945863	99
0.091479316686109	0.239283855771362	99
-0.045609335681112	0.376722735853978	99
0.115568161749029	0.224895888088673	94
-0.070266345131208	0.647899962366088	94
0.04147300162382	0.48747819378415	94
0.096692398326979	0.258140542420932	94
-0.030818917263578	0.431513709303717	72
-0.013456806496082	0.262374507064586	50
-0.024893020924882	0.474828671591027	214
0.042565780105841	0.316079313867252	214
0.081324582228936	0.262063567920827	214
0.069509094130531	0.211051900841833	214
0.00131151619870401	0.3305271232545	214
0.109693452668914	0.149192367131229	214
0.06549313739895	0.139540042049212	18
0.06889183844749	0.171270293857863	18
0.064261685252138	0.140559947244486	18
0.086759103377123	0.191079576585842	18
0.00345481285337901	0.273490035318251	18
-0.024226713261724	0.256423591962266	18
-0.108670701456749	0.608636497170679	18
-0.082232597177227	0.328522978633289	79
0.063461747475134	0.113635101043314	253
0.107854340112267	0.0988317300014447	30
-0.040820141611706	0.338526924818598	30
-0.001324129363308	0.512399652410021	236
-0.073515557059997	0.576831168396849	80
0.100365652180511	0.232124534869061	80
-0.022931680795459	0.302425468774291	80
0.02224814510725	0.170545491719755	30
0.047989578637061	0.225092110176256	80
0.029746422870049	0.17999511301714	30
-0.011077060461499	0.211513029561762	30
-0.054715911179631	0.371112007513125	10
-0.061672711340619	0.289856583285172	10
0.093334044791609	0.148743398507162	10
0.068742904678347	0.181896170486158	10
0.026431361593108	0.33088496208928	34
0.094659794560636	0.213188396105888	34
0.066354999528568	0.162896307066472	10
-0.051103958339797	0.333209943515784	10
0.051764898217457	0.263292478235618	10
0.094231861940103	0.147767928715026	10
-0.082967186450455	0.329425608468766	10
0.103030430199411	0.172180822445993	10
0.11399163694746	0.136974759536002	10
-0.036604069713362	0.426064805520937	10
0.053296734638233	0.270955044454409	10
0.122356062373431	0.325548725493894	121
-0.014053144976	0.819120582783267	121
-0.020232361232832	0.869605309912984	121
0.014185359816067	0.753918704237957	121
0.111418445066499	0.531184999054883	45
0.064695329153867	0.443296206008971	121
0.091066060939712	0.313938870703817	121
0.020368540524767	0.923293221555609	121
-0.068670793476668	0.405721234304354	14
0.070165436702484	0.319845107142927	14
0.087910930307473	0.578637358551107	121
0.113249344169479	0.37100085904211	14
0.076044570776949	1.02223159363704	210
0.098584394223993	0.297981612344271	260
0.060789249165413	0.416368918839084	260
-0.012461501575138	0.523831218017836	260
0.053196982386541	0.377135367329896	260
0.090547348330849	0.387191494212193	260
0.098434419563805	0.530632821327157	121
0.07330249351519	0.37338767669616	24
0.114644602677924	0.226744652801607	24
-0.099315946742975	1.24306605880968	24
0.079702012451783	0.365450713144217	24
0.10419942137527	0.364313504850008	24
-0.022363209590704	0.857782825488983	24
0.014359555979396	0.838374365893131	24
0.120208961275088	0.248064894367404	68
0.117326090472999	0.259352079070628	68
0.00163693050838901	0.472226947417724	68
-0.00182665320495401	0.467961335253876	68
-0.081765534645726	0.7345451711365	68
0.029550869446542	0.407008532517763	68
-0.016654443973661	0.55702106193441	68
-0.023947531768579	0.392643104683743	68
0.042267881232911	0.31654507970536	68
0.018615903679573	0.364444607079907	99
-0.033983548690316	0.50472373847205	99
-0.091115473673052	0.611704131082319	99
-0.060853747932784	0.445856755310726	99
-0.092945274044813	0.547094388419885	99
-0.011233421841774	0.360665892474087	99
0.08010209160951	0.257027455647048	99
-0.121105674185965	0.572065982557755	99
0.011128779226082	0.398643639535897	99
0.117942348938595	0.180980053644754	99
-0.093391773470351	0.474651303756603	99
0.030191184248627	0.256642432121841	99
0.049934310744979	0.358095270726266	94
0.014998939109827	0.565179102440054	94
-0.12382996988996	0.904721874743683	94
-0.112733440208564	0.540257489850319	94
0.098863290352136	0.125324129548118	50
0.111186925303284	0.0396232165072587	63
0.096022054946659	0.137147633388364	279
-0.05130788380924	0.114155707724385	133
0.115514094351487	0.0837165305806647	133
0.064971536985814	0.139992606998261	133
-0.027565462018901	0.205637034999288	133
-0.00618544097743001	0.762610965201372	32
0.080320149572342	0.425962652154085	32
-0.053998592152172	0.627773172497867	32
0.025801232198956	0.249434063136318	214
-0.03823644606353	0.383190680750864	214
-0.04590535791912	0.293666212209163	214
0.068132460575879	0.161155760246022	18
-0.095597068171643	0.440146088374558	18
0.010630302153423	0.162181165434051	18
-0.023701314001966	0.255804387741029	18
-0.104222977817561	0.508967702755409	18
0.068835601696892	0.17133049661302	18
0.067464110052573	0.0941758280759728	79
0.02224814510725	0.170545491719755	79
0.106968060342999	0.0995028980376292	79
0.115993688804862	0.0833929609815537	79
0.107124989623778	0.0993802922691628	30
-0.122676486865662	0.367039759978586	30
0.046162902708633	0.215623039977895	30
-0.054613990200392	0.557028513456705	80
0.091391287056705	0.159569756050423	80
-0.045487130543992	0.293149725995641	30
0.095282733741566	0.137868940326722	30
-0.065026176990635	0.330462060439666	30
-0.122997700541494	0.367424202012688	30
-0.023389224071641	0.302923404631316	30
0.00859158095674201	0.226841136932659	30
-0.038644598774082	0.251315638018518	10
0.069027125587687	0.25728265029416	10
-0.082133955307834	0.328427036751017	10
0.116934285405044	0.162484916708754	34
0.111923706087894	0.175880654298073	34
0.122402113903321	0.142876713031528	34
0.01278558989662	0.289821313582808	34
0.124291315143836	0.140469450866842	34
0.113752426591474	0.137241235434269	34
-0.096650694222052	0.402234598562369	10
-0.096007022023957	0.401305009611823	10
0.09644671354351	0.136729661253992	10
0.068697504901843	0.192168990954408	10
0.022170207333325	0.240488950012066	10
-0.06465622457928	0.329980170851586	10
0.115221941450443	0.895623285086485	117
0.00278605076729299	0.812495308467035	121
0.106106382252202	0.377728924444762	121
0.094483913258369	0.621103578792282	121
0.027736889987799	0.532223556287255	121
-0.029962013930494	1.09766936466976	121
-0.054162701058323	0.452540633634704	14
0.120765587447363	0.242270552739876	14
-0.032409010862958	1.49841410511406	121
0.083548277274276	0.876562951013977	121
-0.117091608272409	1.04162399179317	14
0.094071939615496	0.288625934448467	14
0.06207796990501	0.397830214568258	14
-0.04734305266844	0.869413151667275	121
0.097465728357381	0.806022529629365	210
0.093055320326431	0.290985028459335	260
0.025637557735041	0.762358517597273	121
0.10752445581002	0.342886163770597	260
0.05408270872469	0.432338414640154	260
0.046062183572032	0.546611932479581	24
-0.088764518804043	0.79949773410585	24
0.00447253158890901	0.726524630575341	24
0.119841115725256	0.206250269728852	68
0.038473793421217	0.496577483990062	68
0.076756987782122	0.308455043228799	68
0.053037460841115	0.368822493187016	68
0.023802780350467	0.506047327231994	68
0.048298508428948	0.352480533151817	68
-0.023087200990128	0.583426627655069	68
-0.065820586471018	0.711036331568718	68
-0.020011741228218	0.636346005882962	68
-0.028431603428947	0.506807375360919	68
0.077742370605638	0.291475308086791	68
0.05382669347437	0.270003452781438	99
0.039653075376341	0.30047367470865	99
-0.080785791800092	0.439019107958298	99
-0.081425964437365	0.733378077475657	99
-0.081996982715581	0.640931228246146	99
0.013172167089652	0.350442847436181	99
0.116805406503462	0.188356376076871	99
0.109150625032833	0.186358454551846	99
0.103954088449049	0.213456020285169	99
0.076960032950269	0.293070159246855	99
0.047573914391692	0.335155174860915	99
0.016465751649198	0.368685620571196	99
-0.00350471072278102	0.458713761787816	99
0.101008917303967	0.182212278693612	99
-0.019115858514204	0.724053384789569	94
0.122655346662633	0.233537208403116	94
-0.073112426726447	0.927004954990035	94
-0.027444429347088	0.504348042874316	94
0.010302099809247	0.486124064258346	94
-0.083170856453553	0.738954460053346	72
0.008254306970499	0.491630216410011	72
-0.113089601171979	0.288833281039867	50
0.106785686880605	0.0996352026838169	50
0.000395911321406012	0.147989483806065	63
0.122496745693267	0.191276909728186	182
-0.079842810698226	0.189306253830455	133
-0.010716133174432	0.211161839692302	133
0.041279453972452	0.601431259970098	32
0.00392662478704101	0.728778288489431	32
0.068700612792253	0.221719173815771	214
0.099092163793592	0.285489495805693	32
-0.107636118019268	0.879703641951874	32
0.113029822901494	0.174270341511902	214
0.051326433743365	0.364003570468105	214
0.019850734698402	0.305608905497495	214
0.016915716413345	0.297222307288961	214
-0.00441789736786202	0.26802147926722	18
-0.082805732703336	0.287491324786412	18
0.033420693239246	0.276547620251864	18
-0.022710032352139	0.347409070703709	18
0.086759103377123	0.191079576585842	18
0.044934889449514	0.205030893417029	18
0.096965610991666	0.136187382472204	18
0.030801338712221	0.178970657084265	79
-0.010833506523452	0.211275303653512	79
-0.122676486865662	0.367039759978586	79
-0.049877676704523	0.199599255757215	79
0.021726988845641	0.171000412109928	30
-0.032404332988388	0.296619884669846	30
-0.017465511794258	0.396332554049583	236
0.068377571728965	0.212579357889368	80
-0.069905169262257	0.441831296683198	80
-0.10115552245516	0.614249439730315	80
0.047080916710112	0.214507007057331	80
-0.080706381867565	0.438868223905482	80
0.000652702055498	0.218566828304842	30
0.043453213650767	0.206821933229914	30
0.092660419610065	0.158101307830032	10
-0.084048737434985	0.288771946004031	10
-0.039934435479484	0.252578278988563	10
0.039930824544069	0.299993618801743	10
-0.065508481422068	0.331108787615935	10
0.052324002825355	0.2414309008623	34
0.009378051797333	0.344407878553767	34
-0.021151972284212	0.443062171612344	34
-0.101337731927286	0.541590269112253	34
-0.023936403627342	0.303798638773007	34
0.103057507497925	0.112212543116119	10
0.002884875945799	0.274290866189841	10
-0.116016276243387	0.403791516282026	10
0.024837476133275	0.250636874381373	10
-0.050752007700716	0.33262932057823	10
-0.093731795448926	0.437161883554397	10
-0.01439814939369	0.307864292858276	10
-0.08203763248094	0.366952711123228	10
0.115778796593847	0.164110631024642	10
0.00847445554305101	0.281693013893141	10
-0.00459082796134802	0.268247945232053	10
0.084175753079792	1.37021037062065	117
-0.119110086658292	1.74011776577991	121
0.051752527006129	1.13278429127922	117
0.077729134545326	0.856627626859729	117
0.078027968119803	0.994311205903695	117
0.099139490204892	0.397861368321056	121
-0.025795689585029	0.925196796213258	121
0.101949214230583	0.483193944469727	121
-0.119697924726341	0.996656245552049	14
0.097174013429375	0.307037187918403	14
0.00467928037710699	0.572539907781681	14
0.058967289529591	0.332803197575236	14
0.123550969951582	0.462776086384548	121
0.051245057624587	0.479621224021783	14
0.098171430960774	0.491658782141089	121
0.012161293069415	0.796056543255228	121
0.071682069017601	0.457807265183637	260
0.088985465055052	0.412419187701284	260
0.090700476075363	0.489969487754999	121
0.08202174247997	0.47817221983906	260
0.122092903425724	0.432410204669547	121
0.083256008522638	0.543473097849776	121
-0.052596947271755	0.958395700651607	24
-0.024246283678534	1.07206614394439	24
0.077218410839748	0.409941759183066	24
0.00121181051153901	0.811235977991814	24
0.009688764607519	0.445105055389479	68
0.068293639153791	0.307993545766761	68
0.093101919383085	0.222770675998098	68
0.082018269056179	0.238460856427895	68
0.034582394067262	0.347814705710726	68
-0.083378823293509	0.708166493324928	68
0.119112083179377	0.153343539733596	68
-0.043410151247536	0.421277647185952	99
-0.060024026965563	0.444228534274234	99
-0.015348979992653	0.309209440842344	99
0.043583208996418	0.324080940584856	99
-0.092560289537065	0.581274326078183	99
0.017137531702037	0.409015078468812	99
0.082478883119205	0.221980545740678	99
-0.092366174760946	0.580867037656304	99
-0.065942738529465	0.487114401673021	99
0.019811730962696	0.305727142901155	99
-0.067815133932331	0.611472210085232	94
0.073133603191733	0.400540000858658	94
0.043838359105005	0.206346707411872	32
0.075003767154359	0.440835840447837	32
0.066246392658799	0.16299588478376	214
-0.02469171744827	0.474365619458951	214
0.048586690479026	0.224303024353047	214
0.068764657858727	0.192096663198373	214
-0.029349720843058	0.340066045541273	214
0.06938581786908	0.18114224142356	214
-0.032673582348832	0.297017289920053	18
0.029341089922572	0.180344389127333	18
0.067656165648312	0.161620440876212	124
0.070322053532547	0.179972618969749	18
0.040687724023093	0.197309169604579	79
0.062679736186913	0.128711059188858	79
-0.0998329255094	0.366097771560211	30
0.098477991705306	0.193053755737135	236
0.080467126004099	0.248789946098828	236
-0.047499516657405	0.457881537825794	236
0.124171020795564	0.18337764341665	80
-0.121511373431783	0.472270012610235	80
0.035708965071925	0.189005333642041	30
-0.039876557679556	0.337178111220777	10
0.112132363490962	0.139063405693286	10
0.00895922461863899	0.226475862761746	10
-0.080998698348436	0.474813303289835	10
-0.121730941347163	0.472625958420193	10
0.00741118372990099	0.334342496940257	34
0.036370950942665	0.188321899871474	10
0.068831687257746	0.192016148142839	10
0.088833421098358	0.179914446863769	10
0.104152871475669	1.02319001688575	117
0.124322692237495	0.614714969347262	117
0.053212234232449	1.15510845546863	117
0.08274548555893	0.735416774491729	45
0.110813947193109	0.608504942152238	45
0.004216024896501	1.00985151974479	121
0.085240686980833	0.612812214852117	121
0.09154193250685	0.565449563170214	121
0.08190114919641	0.518591258448683	121
0.106272394426566	0.420424460339921	121
-0.115746627270199	1.61176614213514	121
-0.113335343924034	1.47751601057243	121
0.043089519843643	0.634572921636901	14
-0.00059976846861598	0.66932500178726	14
-0.039121509802325	1.12783328367065	121
0.033026729671318	0.890654151962713	210
-0.020066695815146	0.946707020849914	121
0.116780857122075	0.382091010566896	121
-0.019440178031828	1.0393944819476	121
0.036137406550549	0.543522519657505	24
0.000477930072067007	0.845367210552238	24
0.074511461878459	0.418289682599674	24
-0.039338245799758	0.633766274198125	68
0.088830275970726	0.250949061232093	68
0.100527914582157	0.231868252151563	68
0.092624342038954	0.341128898088758	68
0.070284515414486	0.327347404345031	68
0.053814620250632	0.260054458017008	197
0.044194098978924	0.205946786031089	197
0.078644776176001	0.267216031316642	68
0.108734067052873	0.187010078962665	197
-0.092688217216538	0.473555859458092	197
0.068843901920299	0.211944892354763	197
-0.081980798214432	0.366850539580961	197
0.065159746706177	0.139840043884462	111
0.10890638872418	0.186741333043339	99
-0.058265882329939	0.490715508730555	99
0.00705627957449101	0.283633752809472	44
0.006169927758819	0.441356437510557	99
0.093160949775111	0.222635660939313	99
0.078055691370422	0.29825192114298	99
0.082110615772099	0.22254474201848	99
0.029948988377951	0.17981287160032	206
0.031384210502774	0.254921885379317	44
-0.049314356125205	0.199151995015818	53
0.025307492699649	0.591525554110502	94
0.059432386851852	0.43497376205936	94
0.068397131982812	0.323809718915839	94
0.030719385311905	0.460784565291514	94
-0.043843178550419	0.563804492593194	94
0.086981969472634	0.268346751514158	94
-0.024680375572379	0.393893234735112	72
-0.058559607459159	0.247787454402326	72
0.067725488568896	0.16149067587058	72
0.069214383060176	0.239407293307014	72
-0.000134919146311974	0.148342283021271	133
0.069895079659951	0.210491003268536	32
-0.098361806078508	0.642076690110361	214
0.028919037876164	0.258353326736736	214
0.122467793406117	0.142788934593426	214
-0.045596070859923	0.293280577902326	214
0.040586029844283	0.19743548011956	18
0.022414937723803	0.170382171274534	124
-0.037920217432854	0.250509662204592	124
-0.122724995893763	0.367076590373229	18
0.077287962253669	0.0706637074876884	79
-0.022091243109116	0.134354832803417	79
-0.051760517099524	0.114337551940054	79
0.022435757116197	0.170385380231934	30
-0.058559607459159	0.247787454402326	30
0.039691811922103	0.387276802640798	236
0.067779310826826	0.317139762411819	236
0.114235764654831	0.23277111757773	236
0.120658940754189	0.171154609676833	80
0.102659416379021	0.172669345235132	80
0.102260692088084	0.112840646078793	30
0.065514598685805	0.139536529429146	30
0.063860515934769	0.113377323003526	30
-0.086999732958113	0.24691407661681	30
0.063594693445878	0.113556644367664	30
-0.049595963173436	0.19940314615466	30
-0.104763544229712	0.328264253978482	10
0.009145322536186	0.280623047519771	10
0.044835240434774	0.205177888612749	10
0.119259715916866	0.178840008046492	34
0.043583208996418	0.324080940584856	34
-0.112301918612659	0.578818363891227	34
-0.074379308687243	0.483501029677174	34
-0.049749028885425	0.414235143478762	34
-0.080374313460103	0.189661122443498	10
0.087616416413681	1.67513858119477	300
0.118053868950491	0.66087258313597	117
0.034726800059095	1.42629482006162	117
0.030886279387526	0.983119155131048	121
0.076699345310262	0.625912603750766	121
0.124132596159858	0.383656260903451	121
0.06057384357993	0.726656211636023	121
0.035141139389787	0.854953964509997	121
0.076859513780459	0.594763203915531	121
0.089284610777862	0.605220223707607	121
-0.049806369404697	1.51166949459119	210
0.076356954471958	0.637020153464515	210
0.033727971564713	0.739276824834569	121
-0.028374657224343	1.08821764866527	121
0.060602567149283	0.646687582331308	121
0.120112753269898	0.281863798879234	24
-0.105608139038497	1.25251740798551	24
0.103484834040186	0.454576328005703	24
0.014248402682583	0.83893872830018	24
0.035645003893776	0.366220574553634	68
0.09139979206155	0.307081019413002	68
-0.070035576353927	0.617363610883146	68
0.00773056468387801	0.437718072160866	68
0.09327032768516	0.222490527698594	197
0.105926110427729	0.161132335832673	197
0.06912370240193	0.160090864344873	258
0.122355012757513	0.114134489202966	258
0.06905483323077	0.18152707786401	258
-0.095671482134139	0.44024776696572	258
0.088646188059715	0.271889339099476	68
-0.08352809471513	0.288290637168323	111
-0.01179905163358	0.212167229288823	111
-0.062965286086959	0.29134185109294	44
0.108959013162445	0.186667399165017	99
-0.044784730720182	0.375432745802082	44
-0.111341002929174	0.57664909053918	99
0.005209682493589	0.338130186925385	44
0.070277807275996	0.303774121630512	99
0.069015569864551	0.181573721025002	44
0.122402113903321	0.142876713031528	44
-0.045963974041854	0.293732583528528	44
0.061586473640251	0.129470522778004	53
0.107489628608857	0.0991126283555716	53
0.000572368946193003	0.218690639132691	99
0.068502816487827	0.368972048955423	94
0.117551392383532	0.278382309473722	94
0.118911933893485	0.280905888354257	94
0.078936774846658	0.266647709994225	94
-0.051408627280488	0.114196567167764	63
-0.090690061045141	0.610606543379673	182
0.091172398059203	0.159812969870926	279
0.077669140239254	0.0704991966259504	133
-0.086795742461947	0.246753835191953	133
0.048182489312063	0.343367758544206	32
0.105720258486589	0.266966127868638	32
0.034922441208262	0.424368152585038	32
0.00548555027824901	0.529426440428775	32
0.022170207333325	0.240488950012066	214
-0.016021664036811	0.3101397923873	18
0.01837463586522	0.23080768859358	18
0.117333111175417	0.126230964791933	18
0.077669140239254	0.0704991966259504	79
0.062877527393493	0.128555647558065	30
-0.123111493371038	0.242966235418229	30
0.064826483304247	0.140114977779492	30
0.014840560529897	0.5178830653885	285
0.026418487477427	0.5175310451339	285
0.101148964133843	0.182015655333662	80
0.00182378881686801	0.329684720743829	80
-0.086229479575169	0.246262004082091	30
-0.011639675613723	0.212026696207488	30
0.050182004180462	0.233568747218713	10
0.068630228238076	0.192233139092161	10
0.00376057057833201	0.273073849140472	34
-0.116351923259506	0.506209529452319	34
0.059532226888224	0.340179036474701	34
0.098683024281032	0.192735209843569	34
0.029151827459749	0.180445545870431	10
0.000923457190470989	0.14766120173444	10
-0.033144734059519	0.297600372004416	10
0.092484634331614	0.158312764645085	10
0.122239591715141	0.617018448014451	117
0.108338494235146	0.686263423660582	45
0.089124917145776	0.45540101589333	121
-0.050517803954476	0.940872386913448	14
-0.073716255450556	1.17745199846765	14
0.023167285090701	0.775344369226608	121
0.068992636267203	0.470468338659818	121
0.0848139781649	0.469638790315587	121
0.026748289471394	0.665712717992967	24
0.016460709122448	0.759295983645361	24
0.043080524670936	0.576269766322271	24
0.122795702099796	0.285881562161101	24
0.00957579577173701	0.685167568975482	24
0.123271776417626	0.206804552475229	68
0.03577791710197	0.441380074030783	68
0.114065919051657	0.227860752351061	68
0.038304059846173	0.302797699369558	197
-0.022232863311161	0.389416956388386	197
0.054534742853682	0.268861344468832	197
0.054102460129529	0.279387487260895	197
0.016384608085963	0.298022552404005	258
-0.060939931435498	0.554886745941679	258
-0.00793848041624301	0.314817880879324	258
0.036532297886557	0.188160473347938	111
-0.00468938785274398	0.268383175079511	44
-0.105964292123649	0.472554330356394	44
0.030490315101354	0.256197096113634	44
0.109171275457247	0.149822786598884	44
-0.064479341921933	0.484335396392637	99
0.11206166710802	0.207505146984532	99
-0.068894621587106	0.406091698404167	99
-0.039093367480434	0.251808898731318	206
0.098743182203335	0.125428254444563	206
-0.0140959246075	0.263100134060256	206
0.067711751613843	0.172494819059337	44
-0.122676486865662	0.367039759978586	53
0.093704546825699	0.148349050867667	53
-0.033514877088049	0.298064172538442	99
-0.091255875783509	0.644763905707485	94
0.103170201742484	0.214823788973093	94
-0.020182811231209	0.552977323763792	94
-0.022161627988356	0.389201441682265	72
0.109918509717969	0.148923485008852	72
0.115473867814773	0.0837397579827644	63
-0.039285973832552	0.336303157947714	322
-0.118226783139111	0.509537830272033	32
-0.092336765772681	0.58075784329401	32
0.068085051736594	0.212972303682508	32
-0.042901941093955	0.420400772013921	32
0.08612319392319	0.283978850075161	32
0.118137003576487	0.15461097478132	214
-0.017713123834667	0.355848652118761	214
-0.044784730720182	0.375432745802082	214
0.110440961856653	0.148265549698831	214
0.068195580941868	0.17201935057946	18
-0.061632178651893	0.289821626129042	18
0.046009896477578	0.215786149447245	18
0.106785686880605	0.0996352026838169	124
-0.024275730493717	0.256474400220418	124
-0.096494909722703	0.401966443602405	124
0.122198046884891	0.11428623391595	18
0.088905941441071	0.179809914002954	18
0.090713010775141	0.160309827339913	18
-0.021993449480125	0.134278402059596	79
-0.049736806651049	0.199508323962674	79
0.011310471140483	0.161646579802237	79
-0.024067901800202	0.256239513441752	30
0.029268021047369	0.180407345254299	30
0.096558315712225	0.258383274673747	236
0.00241666886754699	0.470266004454064	236
-0.053998592152172	0.627773172497867	236
-0.011314967733739	0.485536449899837	236
0.087867393416409	0.181115652720758	80
-0.00664704389279802	0.41835535970492	236
0.070187783790093	0.210098946582334	80
-0.115175292331297	0.402792747498135	80
0.102983282645643	0.11225783260001	30
0.064869865505982	0.140043160047469	30
0.066001561562331	0.151553800098176	30
0.113114763660997	0.13796901599882	10
-0.122228902047531	0.366447377730001	10
-0.013345234144961	0.262224257221754	10
0.025655182979088	0.320520217645616	10
-0.00142159013295601	0.420420852845742	34
0.023727412636988	0.376690639096869	34
-0.00437184605033403	0.4134352389011	34
-0.105745116925158	0.673767923143922	34
-0.120073085617673	0.610435106517762	34
0.025960961416612	0.331609623426514	34
0.067874573454482	0.161414818580212	10
0.01293216697996	0.289595628130783	10
0.026636108541015	1.10184167010186	45
0.021747440504017	1.10034878718075	45
-0.092052631091177	1.80876161749856	121
0.106473203188044	0.463397125140163	121
0.103383770480222	0.366905853947292	14
0.118688018921782	0.393287417307969	121
0.077982524377541	0.615902328471749	121
0.109160708715028	0.451958168514093	121
0.071503095342222	0.62234315958151	121
0.00819263889452701	0.915435091607506	121
0.068956973200185	0.552326432918784	121
0.079923942744991	0.552450688639661	121
0.036563625652399	0.670064793323361	121
0.05456029406411	0.430939002706468	24
0.038909539367898	0.694760725938939	24
0.098394846649866	0.451239903102325	24
-0.016868121686997	0.781149612895646	24
0.047256752692451	0.440250440908126	68
0.106712500813717	0.270173140315583	68
0.040925828466246	0.374580360161735	68
0.117839390582732	0.232485951310625	68
0.047818801564085	0.334676697577992	197
-0.039943040462548	0.337292023951395	197
-0.014921833849948	0.30860347019959	197
-0.062036092394816	0.290300284031921	111
0.036648825408668	0.18803513315472	111
-0.086795742461947	0.246753835191953	111
0.000652702055498	0.218566828304842	111
0.021000329245733	0.241910707909664	44
-0.053324319199986	0.450928806627242	44
0.016197028303881	0.23352077796361	44
-0.077366318577154	0.648209166793554	99
-0.016075984500378	0.446717105076384	99
0.077388187128305	0.284670173162074	99
-0.011597404294437	0.211988788923198	206
-0.03166167864396	0.343766767026692	44
0.047890375547957	0.213461728363107	44
-0.121805249872355	0.241867231317101	53
-0.027747724693768	0.205805878314065	53
-0.00505974274423199	0.268839161391179	99
0.117744332381591	0.125819698151443	99
-0.121740292645735	0.706254842009755	94
-0.124759226253311	1.18013868595454	94
0.005028563381903	0.476113853118628	94
0.000894249291973986	0.461112051098409	94
-0.00394874918322002	0.26743050941156	279
0.090745948929042	0.168961112677042	299
-0.00963200317013602	0.495077269141469	32
0.103160064425829	0.264852276261254	32
0.088533315820785	0.180295735535154	214
-0.013624791072348	0.262488575093572	18
0.026460150099345	0.248583295500743	18
-0.083612855725513	0.288412511381304	124
-0.099888148852525	0.366165591348851	124
-0.081980798214432	0.366850539580961	124
-0.013715043881206	0.262649334408888	124
-0.0567612454073	0.406618199639095	18
0.026409890534926	0.248573331922774	18
0.11228496580065	0.138900314779718	18
-0.021462158069	0.133981374578208	38
0.115374126011431	0.0838105155869475	79
-0.083368643388302	0.288137723960055	30
0.115068241539554	0.248331612528806	285
0.107517333148711	0.233010837055331	236
0.067621342606246	0.0940843966352096	30
0.063347430239236	0.11371260792063	30
0.044251267383753	0.205888740839828	10
0.057330747956049	0.309998580823241	34
-0.029988063146631	0.386778952837447	34
0.006470887932572	0.396298407551196	34
-0.091825187579969	0.508897950672212	34
0.013257667467258	0.350284407878478	34
0.067837868862817	0.172391462340567	34
0.109735895568118	0.223027782272411	34
-0.102365908886284	0.543807676654346	34
0.114994353452086	0.0840566873298067	10
-0.082137528292914	0.367032018778463	10
0.122724863974657	0.113764796472065	10
0.112536876330807	0.487541448847765	45
-0.094703307917263	0.924599666906754	45
-0.00251548694511899	0.965481833535801	121
-0.00611858746724497	0.910035630995311	121
-0.010123228051448	0.871603108314664	14
0.017573680433881	0.713511387204398	14
0.09019014058304	0.505505028129217	121
0.098924079098952	0.476899782864166	121
-0.018367791731838	1.07159907116622	121
0.120780526467238	0.257379567836092	121
0.045301718244709	0.728129942235448	121
0.069321387277279	0.572976296341974	121
0.111201519126937	0.401393791042208	121
0.11889902984195	0.346637023562543	121
-0.081973655803257	1.21671368767955	121
0.04737191545393	0.613001261372699	121
-0.00419587441199099	0.878428313016319	121
-0.041382423816124	0.863627525712884	24
-0.019124031835352	0.6665707748555	24
0.047088213739398	0.336217846448248	115
-0.045380986379295	0.376398680303688	115
0.093515930416298	0.321891720617447	68
0.117255093451444	0.238661262884742	68
-0.061223919380625	0.583841656212418	68
-0.084218445899858	0.549973391130784	197
-0.00686924454445698	0.41878406619779	197
0.078044829566652	0.298259340355289	68
-0.00912890350739598	0.316498076131799	197
-0.021415458528306	0.133918139150206	111
0.097124463749658	0.136030819959228	111
0.043667099118566	0.20657749691802	44
-0.025742911386127	0.258027140472771	111
-0.09174352864243	0.544537449776779	44
-0.091226154997485	0.507662211862072	44
-0.082987507619081	0.513424276204152	44
0.070455142881942	0.319182229820921	99
-0.0147562210943	0.350837358670838	44
0.010789002823596	0.162066058462592	206
-0.045081419813332	0.375890327723864	44
-0.013436009063848	0.52657329589705	94
0.036526887242217	0.533761631639773	94
-0.00725918880975601	0.522936403641851	94
-0.083862196268275	0.645921544978357	94
0.069040150651557	0.282152968749834	94
0.110923025519616	0.177350399817467	72
0.068357439847156	0.249625660877264	72
-0.00338110033782102	0.375845759445144	72
-0.040654959340302	0.46143970969164	72
0.112303796481858	0.13886862588485	72
0.069589015954772	0.210935887683486	72
0.086759103377123	0.191079576585842	299
0.014593772967197	0.518623177214434	32
-0.101725354114664	0.54248185886815	299
-0.080953018696019	0.402621320341095	299
-0.035649200630109	0.726580196168209	32
0.026477513726876	0.248519254854771	214
-0.02448393950519	0.304427501604184	214
0.026325324873299	0.248737666566853	214
0.116885407534773	0.16255451070168	214
0.039597193788912	0.377496978604632	214
0.069655404648668	0.210848597705462	214
0.102820080166379	0.172455291267932	214
-0.011278630995327	0.211697685022725	18
-0.055465972656807	0.484743028809733	18
-0.00808635285374598	0.370029104369547	18
0.121076247791791	0.115373773198996	124
0.09200388789307	0.158846739867054	18
-0.08390922948216	0.549283312464587	18
-0.081412010358612	0.32735311410093	79
0.062719704969682	0.128674676604713	79
-0.021704448369369	0.134133840380632	38
-0.079783682732456	0.189267657676448	79
-0.05186123248638	0.114344294945834	155
-0.080216847495123	0.189563353167821	79
0.061136454472265	0.385074672339541	285
0.040844881139547	0.197119107154163	80
0.101338738345741	0.181729429053018	80
0.06718672482947	0.0943239763792054	30
0.07698504518675	0.070785908309144	268
-0.123101861474633	0.242958388895163	30
-0.103677732791769	0.326863390107713	30
0.016995706469394	0.297092320008157	10
-0.096201941905033	0.40158493403929	10
-0.090534482139867	0.610285745949764	34
-0.053594726546568	0.55448675619795	34
-0.055610721422972	0.372500864874459	34
0.078946367394053	0.367498302868688	34
0.024009912479363	0.311225408165783	34
-0.086387788919509	0.246404983872412	10
0.077130680170143	0.0707032722249486	323
0.06768148630112	0.0940477132535558	323
0.098901746913162	1.1500552620041	117
0.037416025385536	1.16684663227774	117
0.092922515052411	0.297404538939354	45
0.073672896111165	0.556265604946464	121
0.038213478100578	0.6986244836997	121
0.124017666855176	0.39494818445033	121
0.109868163015746	0.41901623842032	121
0.088245189955144	0.521168001559276	121
-0.096476167254871	1.5332721755336	121
0.090493468799318	0.554096169168163	121
-0.032022239893964	1.08523074155953	121
-0.066543819580912	0.713388959963878	121
0.050126778763756	0.662749158492472	121
0.118077597552743	0.362121152919865	121
0.020214586232567	0.81368550194305	121
-0.030698021385637	1.15929154077887	121
0.11884107877136	0.368467218935958	121
-0.00661782283125201	1.02932897177652	121
0.075179861446219	0.354888614021563	24
0.124792129476856	0.15946660495551	115
-0.083368643388302	0.288137723960055	115
0.087229356771633	0.428224735438895	24
0.117217754705597	0.126378613959122	68
0.039930824544069	0.299993618801743	197
0.099217135846056	0.191957479176767	197
0.110222312396209	0.184711419183619	197
0.067898888321054	0.0939121237315696	111
0.066403909970628	0.151193077110022	111
0.09586191312487	0.137278795915991	44
0.051261174029184	0.243001757728096	44
-0.029722067608847	0.34077998764695	44
-0.02096445548129	0.480428084849195	99
-0.049013600676658	0.560310310050316	99
0.0000586775736340084	0.148235683550258	206
-0.113623824296133	0.289359675440868	206
0.093390919150211	0.148687227969344	44
-0.080492360585561	0.189703678604158	53
0.109695122968819	0.149158023790213	99
-0.050932298597173	0.792938974815233	94
-0.076149745425193	0.644993117131073	334
-0.00267209977143301	0.456877056737154	334
0.020795257219338	0.423390360974095	94
0.111508274088942	0.0395242008307689	63
0.000489407091162991	0.147944882664664	63
0.09845646784712	0.28693913832254	32
0.015937309919774	0.503828312986148	32
-0.097798251873575	0.853795660072374	32
0.036282691335609	0.188422983915534	214
-0.018273129558819	0.39782395922856	214
0.00773812658532699	0.333739089166515	214
0.064449969407648	0.140416007800066	124
0.122299049221199	0.114191492787381	18
-0.113623824296133	0.289359675440868	124
0.01022073029645	0.225111753388348	124
-0.023433637242253	0.303141931956259	124
0.039375498369118	0.198675620366217	124
0.107307300070093	0.0992480824684191	124
-0.023493650308108	0.255556773055359	18
-0.00437672730715299	0.267980629953232	18
0.06696694404889	0.150667189891706	79
-0.05130788380924	0.114155707724385	38
-0.010674119420208	0.211124837866105	79
0.064971536985814	0.139992606998261	30
-0.000275394597670009	0.219487465282309	30
0.007803114984411	0.282597501666804	30
-0.00681619976669901	0.634901943871977	285
0.087694493040182	0.328372446828976	285
-0.049728282723128	0.490775094575546	236
0.06784465281155	0.213254925485548	236
-0.03945586521904	0.252173485825989	337
0.11561390321007	0.0836504200965177	337
0.021896787227482	0.240837597658388	80
-0.057890162662089	0.408711054153876	80
-0.04993536714852	0.199651491268449	30
-0.028464162277704	0.206423910146317	30
0.095707744803209	0.137462355181682	30
-0.049838224359718	0.490960733474999	34
0.092427061448569	0.230822916958475	34
0.06760470075503	0.250952632105583	34
-0.023108012989967	0.391082107683365	34
-0.100828185831505	0.577540110521846	34
0.107562928243836	0.26823117979671	34
0.000683043325648003	0.147831479835287	10
-0.084091238306827	0.28887008804013	10
-0.045437120529224	0.293086292477246	10
0.063242684114777	1.52794174179075	117
0.012433161113677	1.01439780987245	45
0.07941596354984	0.599322612917088	45
0.021527900743117	0.85770549005346	121
0.051387266248762	0.676066438927304	121
-0.099361116836736	1.65835280722416	121
0.049908751624225	0.782008003888483	121
-0.066028903560496	1.22148744997702	121
-0.104442424143686	1.43481463266209	121
-0.00414267687671499	0.998686344689276	121
0.119681515956027	0.416419153795836	121
0.099333343085774	0.497693346902801	121
0.059905055384094	0.698743695118308	121
0.117066093069286	0.279651192400695	121
0.094754475420029	0.478707970562706	121
0.019770519224892	0.70417147778303	121
-0.00297700227473402	1.05186921293914	121
0.074521971417398	0.574282222354275	121
0.05572230104587	0.685045830325849	121
0.111250184887993	0.398035456242526	121
0.080924401888941	0.362097243902186	24
0.057900832702512	0.368985214327099	115
0.081879322414579	0.238698005069432	115
0.100868841222968	0.182405434895615	115
0.099700452393194	0.416072013613893	24
0.092050344947683	0.418340830859259	24
0.071026152138673	0.538862068035289	24
0.022224130694535	0.480068890963472	68
0.050357734887634	0.357134291739561	68
-0.045600450580087	0.453995700763868	197
0.00721257803254	0.438318649691926	197
-0.080246472795501	0.437866428120682	197
0.077915265327684	0.268570749559857	197
0.03630805047311	0.272126098009359	197
-0.033269545283742	0.503056944969374	197
-0.045542180523449	0.376533529147852	197
-0.023295671203496	0.348395553760376	197
-0.122720620210223	0.242680985048687	111
-0.11342540110013	0.400126770943136	111
-0.013345234144961	0.262224257221754	111
-0.080216847495123	0.189563353167821	111
0.065961305235301	0.151578388793977	111
-0.083814803219671	0.288620591120824	111
0.063603983705067	0.113547393716226	111
0.048987868319813	0.235172693848737	44
0.00367350541195899	0.273172846388409	44
0.112942647719573	0.138164234186275	44
-0.018299766496546	0.397985074340714	99
-0.024238095636319	0.549633136920901	99
0.093120280991704	0.148963695027647	206
0.067524311203472	0.0941313907174703	53
0.061441516083244	0.129600990290456	53
-0.09541967962867	0.98779261794905	94
-0.091250474348072	0.61208802427575	334
0.045203683527733	0.330561972164775	334
0.069000718727399	0.306519700019295	94
-0.09329863387763	0.474679368991113	72
0.043453213650767	0.206821933229914	72
0.077669140239254	0.0704991966259504	63
0.11273146231667	0.17472059718331	322
0.022831821050621	0.170023507115091	279
0.049585334526696	0.234379982688512	182
0.123438478596184	0.14157403981294	299
0.11989430388032	0.228129807198102	32
0.00779023352656899	0.534051612776228	32
0.00367061293555401	0.479609765132148	32
-0.117854252016585	0.508922910509368	299
-0.005136530315413	0.629239375433594	32
0.005345292865538	0.529831336970678	32
0.000155505412384988	0.148152220863438	124
-0.122463298464792	0.242471644868516	124
-0.083419712155394	0.368706435709731	18
-0.049173592644257	0.199001150294539	124
-0.116426923149678	0.547097784041577	18
0.107724697890926	0.158824076336789	18
0.089357234810312	0.179220847868284	18
0.099510755688692	0.124717434668888	124
0.065514598685805	0.139536529429146	124
-0.082183246808149	0.328485629121857	124
-0.0000381306960159922	0.14829839657631	124
0.067306906576961	0.0942595441750744	124
-0.022673798441114	0.134647807833755	38
-0.05070511344484	0.113868586011911	38
0.030311006791737	0.179472359282581	79
-0.021946757622245	0.134275185027705	155
0.000586215491743008	0.147897284378335	79
0.086427546632423	0.337677348969803	285
0.100527914582157	0.231868252151563	236
0.062327772764235	0.128977999072392	337
-0.083453332792916	0.288231355384299	337
0.062497471831264	0.128849706845528	337
-0.080255826349414	0.18948306423374	30
-0.080531750478295	0.189739709538567	30
-0.079941092824388	0.189365351737144	268
0.06716781480613	0.150473120838955	30
0.103259505332821	0.112040521053002	30
-0.099620569162635	0.365812129610574	10
0.036637779304029	0.283287832631683	34
0.098542582681099	0.25434012699172	34
-0.122977964865057	0.242878747706938	318
-0.051056826050713	0.114043873194428	323
0.09366115181186	0.148395071249391	10
0.102738688390849	0.112479172528088	10
0.097171793958356	1.39623485191092	300
0.099611077746475	0.404566663319671	45
0.041060742984795	0.964292415346777	45
0.028375106220312	0.810741228096433	121
0.073218139556217	0.587031098841291	121
0.06799177872894	0.648328810134804	121
0.020995200467432	0.864156208040788	121
0.099575855721913	0.451689660677049	121
0.098845400841033	0.509071253675012	121
0.07480191515732	0.600347193178389	121
0.108397338109803	0.447774714591613	121
0.10209211189083	0.29709800775087	24
0.069526674657765	0.191100445184141	115
0.124698846382709	0.332946333871753	24
-0.106379459383326	0.758690149238304	68
0.091960011214795	0.224689762045608	68
-0.020197294749824	0.552987743060506	68
-0.107654823204846	0.643079711982099	197
-0.104609345860352	0.705354741675565	197
0.098947351421728	0.192351265832626	197
0.012865397019464	0.289709860717613	197
-0.117510352923566	0.643558771137401	197
0.040261832130543	0.299363560816252	197
0.097369286332241	0.194655252907418	197
-0.113636406192394	0.289363974427113	111
0.063594693445878	0.113556644367664	111
-0.121542193238721	0.36551217686445	111
0.098578452322989	0.125550731309389	44
0.00311732283532501	0.327562699398223	99
0.066654848067526	0.0946113815907912	53
-0.022333557581422	0.134487452099993	53
-0.022478032238977	0.134552377386226	53
-0.051056826050713	0.114043873194428	53
0.093047054432646	0.222870680273811	94
-0.00846863039516399	0.682441669071118	94
-0.033106907839857	0.502605566682221	334
-0.119349854878672	0.608811201536609	334
-0.000573057302201974	0.554026710652946	32
-0.00481188433094598	0.462015136857947	32
-0.044788676631414	0.738618268001028	32
-0.010354761386245	0.359065326010285	214
0.124860498324648	0.198894693672803	214
0.046118026646007	0.215708054029875	214
0.043724313556657	0.206511039068333	214
0.064804870287343	0.140133303772381	124
0.11455440858254	0.0843233140535723	124
-0.00763714910317498	0.314247219269325	18
0.062948859097775	0.113970369069785	124
-0.000134919146311974	0.148342283021271	124
-0.039774942588268	0.252458272464419	124
0.011718556559596	0.161304296958796	124
0.102579325320866	0.11260540767574	79
-0.050216861220768	0.199875123159404	79
-0.051408627280488	0.114196567167764	155
-0.052112495471293	0.114466940015057	155
-0.05070511344484	0.113868586011911	155
0.062679736186913	0.128711059188858	155
0.00426297118362501	0.509182359935631	285
-0.074040010934369	0.776576800973469	285
-0.00309920899758398	0.549368182211856	285
-0.034904612538821	0.422382161193363	236
0.077590419964501	0.0705269291433486	268
-0.02218908576236	0.134407792765905	268
0.102929615142282	0.112274270057295	30
0.087062994209589	0.198896516507005	10
0.078644776176001	0.267216031316642	34
-0.050117641374031	0.199786871364937	318
-0.080983572403392	0.365439557775414	318
-0.065272117000552	0.652399916519958	34
0.026777080671987	0.391991657407861	34
0.043567715943557	0.206686617088804	10
0.029948988377951	0.17981287160032	10
0.110865507306074	0.0397113788160752	323
0.074345906482092	0.858854397736962	45
0.106228360229185	0.467373189365759	45
0.037132795678146	0.861500509697121	45
0.064242842749423	0.908258999289762	45
-0.10110353880769	2.00396926939183	121
0.069233871386268	0.666297749858153	121
0.120642402980588	0.519310999960189	45
0.077775858420696	0.743159318338568	45
0.099128352518251	0.503414391893834	121
0.057526260145059	0.681015395605188	121
0.08996843403002	0.413973552093835	121
0.085468818517794	0.453380711227637	121
0.054380722325942	0.786422481132542	121
0.036323042254365	0.938934082661574	121
0.096167445446683	0.344381138883136	121
0.092333571885531	0.483206876500097	121
0.047905072372044	0.798284952020022	121
-0.053583383752478	1.4517702609768	121
-0.014052454498567	0.780530841617692	24
0.043030152537662	0.389006969468628	115
0.059861663835378	0.347911041447156	115
0.068861879474832	0.500100845645671	24
0.077974655700783	0.25320048722884	68
0.111211410283297	0.214636494382623	68
-0.060649232640555	0.554150284609237	197
-0.00604239338856	0.366387916716538	197
0.030488547679114	0.256225815565417	197
-0.031064769870182	0.342890941043242	197
-0.038977020034866	0.251658025429792	111
0.102493876463659	0.112682937700276	111
0.066246392658799	0.16299588478376	44
-0.058597648192645	0.491344857193815	44
0.122567870224131	0.113919919590719	206
0.100229930421768	0.288343273265145	94
-0.102886484918092	0.506503903360953	334
-0.11862371749178	0.823569788220839	94
0.086498763661479	0.386600934436412	32
-0.00230405129762601	0.740675716086468	32
0.03772237167646	0.463817318326429	32
0.074233326678855	0.377662967191158	32
-0.00155365574643401	0.320414671392119	214
0.062765874515505	0.128621390220165	124
-0.113780694716707	0.289453681606457	124
-0.051746651113529	0.334085212268624	18
0.063338227030819	0.113726725452198	124
0.094401740670411	0.147599689096242	18
-0.082000895661917	0.404085191027296	18
-0.021946757622245	0.134275185027705	79
0.077287962253669	0.0706637074876884	38
-0.122463298464792	0.242471644868516	155
0.063594693445878	0.113556644367664	155
0.089745125790712	0.323216418663268	285
0.116264377556817	0.245674280412288	285
0.121701483966831	0.192627072004681	236
-0.00447541350043601	0.268110650416896	80
0.077287962253669	0.0706637074876884	268
-0.079901828647139	0.189315386906608	30
0.103131800223208	0.112111689137049	30
-0.063692620125007	0.292074787231307	10
-0.050760935792832	0.493042924872365	34
0.014706567108331	0.360044617733032	34
0.110874073101457	0.183658411204641	34
0.067640428565768	0.203617971562729	34
-0.000032747439439984	0.219286189150991	318
-0.086229479575169	0.246262004082091	10
0.064886430346098	0.112639126529211	323
0.01058494668197	0.162220283724955	10
-0.02243143272404	0.134532208149857	10
0.12098868820738	1.35314970448243	300
0.099113813200142	1.33991800826542	300
0.060626982311763	1.00172636392201	45
0.104634528034026	0.586744809758729	45
0.041309361342978	0.941505762738478	45
0.099052689112068	0.469553792880637	121
0.051155229483375	0.671814442347389	121
-0.018843954563343	1.15858439986427	121
0.049571213203396	0.79289010893687	121
0.075012216215078	0.63088374993249	121
-0.072009626841478	1.5095814400036	121
0.109800434651595	0.447716526003817	121
-0.048770337832378	1.28383131103033	121
0.017803924317749	0.844946393970118	121
0.004408584793551	0.634241572780186	24
-0.117872824883673	0.644366412884599	115
0.069867994823736	0.210521916372546	115
-0.00823546565339101	0.315248580303311	115
0.048759732729141	0.652290385274676	24
0.080271715624695	0.233552411746832	68
0.054999901764339	0.277814807654858	197
-0.045609335681112	0.376722735853978	197
0.035916506589935	0.188799339696225	111
0.000155505412384988	0.148152220863438	111
0.000299070608598989	0.148080019848136	111
0.066752211641873	0.0945422760073786	111
-0.083612855725513	0.288412511381304	111
0.065181309871941	0.139823905904776	111
-0.040095627271152	0.337501672504194	44
0.062315229087023	0.128983751372794	44
0.098702066688594	0.125470389319951	44
0.05032170648253	0.233329840041632	44
0.042200590847697	0.306468440381684	99
0.003615856042014	0.326716925037084	99
0.010063499613321	0.1625877616705	206
0.022599041749515	0.239931301835311	44
-0.080374313460103	0.189661122443498	53
0.067090069299091	0.162191800395903	102
0.000155505412384988	0.148152220863438	53
0.061594874208489	0.3761094803893	94
0.115753912302567	0.0835564385822814	191
-0.08690836050508	0.246822447052633	191
-0.022333557581422	0.134487452099993	63
0.01654934174599	0.356451104946701	182
-0.080216847495123	0.189563353167821	133
0.113228011513344	0.137825319355342	299
-0.044214597375147	0.632607501997279	299
-0.121425626019011	1.03813113738934	32
0.099508539153311	0.124693379967518	214
0.082181369095533	0.222467619071082	214
-0.121900613873978	0.472879283695797	214
0.049928557963438	0.222445776423595	214
0.065719875455174	0.151786671585733	124
0.030556282223395	0.179236276714058	124
0.026325324873299	0.248737666566853	18
-0.083336127109457	0.288032748550587	124
0.102132264774736	0.112976848034583	18
-0.046014121865868	0.293811034251393	18
-0.00383393598183202	0.267261330139881	18
0.040641392892151	0.197367525951257	18
-0.051914856199834	0.114354350621344	38
0.077209369194292	0.0706913846673543	155
0.068928484324873	0.330470088183776	285
0.052731104679449	0.271888022551544	236
0.017477562747667	0.231955894849404	337
0.09702410072925	0.136140547883293	80
-0.035363251187189	0.423785869618282	34
-0.072677920783063	0.480394359754381	34
-0.068565724294158	0.584129928308995	34
0.053934771939014	0.28911139996051	34
-0.00845947032477501	0.31558553990897	34
0.099185843896387	0.125018133685344	318
-0.082721304354245	0.367785856895168	318
-0.004360508348208	0.267918021048533	10
0.115473867814773	0.0837397579827644	10
0.067398205123229	0.161896958905498	10
0.108023916932448	0.0986975574396042	10
0.087020346761963	0.796128716453664	45
0.123386236678234	0.632411428363953	151
-0.00911693917504702	1.58788031764036	151
0.105187824271146	0.600369625875324	45
0.078818542292456	0.644085711335305	121
0.08299037996576	0.702642790326517	121
0.111116267847396	0.522018571438581	31
0.078921135062966	0.679235577477763	31
-0.035167672315231	1.23960570464935	121
-0.02702851333501	1.17056983361963	121
0.081525156030951	0.416470362898911	24
0.048313748483131	0.674282664254073	24
0.084637579518975	0.498980979029619	24
-0.098396325086534	1.01142302402092	68
-0.01405482473916	0.528196994744467	68
0.017055517051283	0.35536624682398	197
-0.03927282082451	0.633618002548047	68
-0.00237107201432701	0.422553011953841	68
-0.092688211758776	0.435306481087983	197
0.123235073969889	0.167224439842924	197
-0.094188140000681	0.476212266976081	197
-0.039050097808186	0.251758676900308	111
-0.100211544743309	0.366486522892915	111
-0.079783682732456	0.189267657676448	111
0.123080709167478	0.142032361029319	44
-0.014111469607488	0.30741606098247	44
0.029891750187826	0.257065144864836	44
-0.046004047110228	0.454767640193497	44
0.012723198083297	0.351287424105485	99
0.066202778682612	0.151375375307324	206
0.068577988499935	0.171607131024125	44
-0.051318115136756	0.333508127426265	44
0.063594693445878	0.113556644367664	53
-0.080807433691713	0.189916062210404	53
0.070304279371492	0.402020944909709	94
0.068783663663533	0.330790527099458	94
0.03004079881539	0.346378963338091	334
-0.025194506086875	0.475475507006632	334
0.000491446949486996	0.218751280932838	191
0.104561406098611	0.206196179169638	322
0.062561886198241	0.128786767697525	279
-0.012066810604147	0.451801697293444	182
0.043567715943557	0.206686617088804	279
0.07827312634353	0.0701854149556601	133
0.06877060083609	0.330751425032292	299
0.080328509346781	0.350914035369552	32
-0.00915062261374899	0.541374492876462	32
0.038192893669994	0.292001699625157	214
0.091624310425779	0.167855561062123	214
-0.021881464559971	0.300963789716414	18
0.00345481285337901	0.273490035318251	18
0.043766298278982	0.20643945112689	18
0.035708965071925	0.189005333642041	124
0.064804870287343	0.140133303772381	124
0.103259505332821	0.112040521053002	124
0.016240066432925	0.233418321543912	18
-0.096630481538669	0.402243847330106	18
0.098578452322989	0.125550731309389	18
-0.04983601086467	0.19959079123509	79
0.031464136371244	0.412906009896149	285
0.039031625472452	0.301555574082201	236
0.124051210926637	0.140806345305347	236
0.031279845575267	0.178511388812589	337
-0.045178351653657	0.292720911342589	337
-0.06701522786874	0.368290712037977	80
-0.049554487015148	0.19933961049586	30
-0.083209161024621	0.287970544526383	30
0.035658414737197	0.376299060180049	34
0.044724766951279	0.321836757966716	34
0.09121611111665	0.232943215070845	34
-0.081178177262257	0.509621215045202	34
-0.057368209343467	0.488888369248779	34
0.035599144190171	0.18910965013288	318
0.00644562514965399	0.336031552614789	34
0.009512714159951	0.344168431104395	34
-0.08602551253064	0.246073138570297	10
-0.079193034873928	0.18880771123207	323
0.029875555542763	0.179845515970918	10
0.06549313739895	0.139540042049212	10
-0.058914191009875	0.24811573821906	10
-0.028646377954339	0.206563113587951	10
-0.105044178248678	0.328481081723542	10
0.10439263442949	1.06737217238305	117
0.105796490582669	0.610034474069713	45
-0.00276896345842098	1.61804287513563	151
0.12245672234195	0.572136695570531	45
-0.00738649841739603	1.38125195491637	45
0.00207795020051099	1.38516111954718	45
0.045041527446732	0.78807341622077	121
0.087406452359938	0.478982787592125	121
0.09661184696694	0.553401765924475	121
0.043063585822608	0.758377057657652	31
0.033824749305742	0.760618932679655	31
0.082601730841393	0.654678870503327	121
0.101903631231578	0.449444851665598	121
0.087305162514879	0.58963356469398	121
0.02884941225086	0.729956859657006	121
0.025914006140986	0.537941945847082	24
0.069118095866509	0.290152276071863	115
0.00681382451210699	0.33539859041037	115
0.071895337239325	0.390839241001502	24
0.087253756185084	0.517779708995645	24
0.078169602163723	0.490682747064395	24
-0.117592288674022	0.732334539958256	68
-0.057450787463401	0.619914524802187	68
-0.014051490489205	0.404892990935505	68
0.00926415195494601	0.446147677106268	68
0.04212255361048	0.306533450725098	197
-0.028845726450777	0.427649125427651	68
0.00226386876728299	0.216813358346647	111
0.107697735633365	0.0989401771107459	111
0.036168365895754	0.188536891350891	111
0.063347430239236	0.11371260792063	111
0.062158108997492	0.129099313284352	111
-0.082151684117993	0.367095775255373	44
-0.065452282531902	0.331026297543003	44
-0.109710729799822	0.437293283572468	44
0.052300227516297	0.252102612226715	44
0.026088366087707	0.249069507259239	44
-0.00543012137509402	0.269281049591114	44
0.106938581485099	0.196130262401494	99
-0.021559952029171	0.134039665076176	53
0.011514518025477	0.16147925539476	53
0.063594693445878	0.113556644367664	53
0.022269017631351	0.170539627623677	102
-0.054341640133496	0.628627340598348	94
0.034358788573127	0.35848169273584	94
-0.089794762529051	0.738874852881688	94
-0.067575939491294	0.581579364112376	94
-0.100168393799501	0.575890520694801	334
0.079698391190474	0.250227348332583	334
0.021931585929311	0.30218412000886	72
-0.017623942167478	0.355725113877123	72
0.036408364241419	0.283653699844456	72
-0.101071939390173	0.614067461212487	182
-0.081083607553079	0.365606808282064	299
0.00299739229360299	0.512818914281118	32
-0.041183317201928	0.531195914359449	32
0.080192256985119	0.351279311800772	32
0.058599528456985	0.399541376853282	32
-0.085300951902334	0.245329243010323	124
0.108011226355835	0.0987004483926664	124
0.066483966298568	0.151097831921735	124
0.064116756883027	0.140662286121133	124
-0.112932511158741	0.28864569103365	124
-0.080157715643049	0.189518424818333	124
-0.058559607459159	0.247787454402326	18
0.01049419980735	0.162250629827356	79
0.078050209638925	0.0703285960960095	38
0.11106265674376	0.0396671757223606	155
0.098657159766274	0.247922300781562	285
0.076784501381447	0.329878013523691	285
0.00786943874159499	0.333505035836013	236
-0.021760517764958	0.300746212134414	236
-0.100313269738861	0.366695474162008	80
0.108023916932448	0.0986975574396042	30
0.065557677608321	0.139497515661822	30
0.116400345650578	0.127211762672535	30
0.117101888360029	0.126502605622536	10
0.039892374656243	0.198168373700759	10
0.05552620612427	0.295678806317067	34
-0.00361374091481398	0.376284713361719	34
-0.058647399467849	0.410018533712528	34
-0.096007022023957	0.401305009611823	34
0.016253808147317	0.233452108716573	10
-0.113089601171979	0.288833281039867	10
0.0679254120159	0.172279237952822	10
0.096388652511833	0.136775865132963	10
0.110897538342058	0.724742495101123	45
0.113380455859375	0.865699200973798	151
0.100404193523859	0.533558714552691	121
-0.041324760018494	1.25809637049468	121
0.098642229982613	0.487874949582181	121
0.106482426972339	0.429501012679435	121
0.115989456925544	0.408182179518011	121
0.093820357234169	0.631409644530615	31
0.036752579608438	0.883289929289821	121
0.103289212014681	0.469558431938555	121
0.031498870303174	0.769640135647691	121
0.02746639871614	0.818494545996123	121
-0.042536031404222	1.17535940407497	121
0.01367277245891	0.447322574070621	68
-0.093441688803895	0.795021715214806	68
0.095471401031136	0.211851826134884	197
0.019822256722302	0.47613799357561	68
0.11841225693195	0.208952758118171	68
-0.035462200552807	0.423995732009369	197
-0.104424964122195	0.705223380920048	68
0.098904367457314	0.125286711058239	111
0.010478912164186	0.224791093358235	111
-0.09477608909278	0.438882990288748	60
-0.028828573846031	0.206694515375118	111
-0.055013733071856	0.3715955747091	60
-0.00928357016270298	0.316765621460595	60
0.08468933501834	0.210511838215752	60
0.10732002308602	0.0992423074798941	111
-0.057133318982811	0.407288904570368	111
0.122299049221199	0.114191492787381	111
0.068046195432234	0.259042323904074	44
-0.015311893240417	0.407376103657495	44
0.007803114984411	0.282597501666804	44
-0.010264009736767	0.411861201547766	44
0.101656672760106	0.223634894714326	44
0.079222225128237	0.258611123353068	99
-0.039136665661476	0.251840985686786	206
-0.104523079395911	0.327979548123795	206
0.068675123880244	0.221785671969764	44
-0.028973259916903	0.206822872009292	53
0.016009259152469	0.46444128908538	94
0.039799770479264	0.310847310849116	334
-0.088580768530113	0.637809382323518	334
-0.082499908989307	0.642337387054962	334
0.11603694616117	0.189616331165658	334
-0.010112036287	0.210549671555554	50
-0.058247174927023	0.247429271281714	279
-0.083846556494936	0.548706686767254	279
0.01674765094525	0.356037320831947	182
-0.117985132859669	0.907172912920985	32
0.117127320901523	0.211336816617016	299
-0.093479416299011	0.858289454635145	32
0.016674138428415	0.512381876413813	32
0.076946294712554	0.336612667933025	32
0.069526674657765	0.191100445184141	214
-0.066555880207472	0.549701394461306	214
-0.113780694716707	0.289453681606457	124
0.099106582469624	0.125100046524753	124
0.068681600868818	0.240289598861384	18
0.107137663029976	0.0993778168552897	124
-0.015428683580237	0.309335534135228	124
-0.046643369760671	0.294557966849721	124
-0.097480983808485	0.403041742472609	18
-0.082201585420532	0.404553728938331	18
-0.050955997008493	0.114002992802927	38
-0.049496842769671	0.199311811124143	79
0.000395911321406012	0.147989483806065	79
0.09519161507978	0.273881690770888	285
0.099865330802798	0.239331174914458	236
0.023441327717739	0.312259428567962	236
-0.045487130543992	0.293149725995641	80
0.00854135103668499	0.226921023855401	80
0.062133007925535	0.12911317257562	80
0.071195086236715	0.189014969815566	80
0.063285510783557	0.128219229515723	30
0.067825194369145	0.172418726420437	30
0.041196915885126	0.308339602167767	10
-0.016994463730677	0.485377034199424	34
0.068661630312691	0.249210177900808	34
0.052309732620864	0.241470072782323	34
-0.122380586155202	0.57485399477799	34
0.036329715666637	0.188375409886179	10
0.092856388324832	0.157878682707757	10
0.100827812174098	0.539715236933007	121
-0.096095162265687	1.73672163790088	121
0.060411479068365	0.544220180865232	43
0.011435265896344	0.576621768282669	43
-0.024239538460885	0.70502944143694	43
-0.092731149201363	1.0241974683769	121
0.073052826538729	0.563458522754793	121
0.124075675966924	0.291343786706659	121
0.008088709535747	0.886365194194874	31
0.014470494424968	0.752524116145708	121
-0.089535139881749	0.922953912641073	121
-0.01183908243454	0.731480662810624	121
0.066542518141636	0.506058379871339	121
0.117435693643779	0.278649587467927	24
-0.075743610520111	0.964919070065459	24
-0.108840167548433	0.983502986104647	68
0.034653260826524	0.405032319439602	68
0.096982039825081	0.257536810061014	68
-0.03408497848027	0.647698634734035	68
-0.12248045705419	0.575123077440858	60
0.069735342659393	0.210737337548819	60
0.00690382674009801	0.335220870949337	60
0.112930378001702	0.174425583604458	60
-0.081547255421477	0.510419068563115	60
-0.082469204133538	0.477645930753101	60
-0.081459122097336	0.475729819209775	60
0.088757585327545	0.180008932024826	44
-0.03024416742463	0.341635044255755	44
0.049733469247647	0.234179718463638	44
-0.094179219031781	0.437911879300379	44
-0.00801405789162302	0.314927262179227	44
0.103546772597824	0.171485850495325	44
0.00308319240188301	0.273998333825082	44
0.117686509056381	0.125880001803777	44
-0.091914586871855	0.544813695823993	44
0.00330193242023699	0.273686419686487	44
0.036966429946724	0.187667091459373	102
0.035525793618401	0.356251166837416	94
0.05329442018072	0.39394772259199	94
0.122679911918874	0.16806805289705	334
0.115048301112995	0.165129660707918	334
-0.096747687173507	0.402428533303078	72
0.04830780056307	0.236050796120429	72
-0.022235731413024	0.134419762727605	63
-0.058935380093823	0.248131560652942	279
-0.082555497560395	0.512445990478354	279
-0.012682993807769	0.488943713210177	299
-0.04229531587549	0.41917214464296	214
-0.071309164397509	0.444323968639659	214
0.038930255823681	0.29077946988018	214
-0.065103065851294	0.516353969902214	214
-0.046809062836081	0.528333848847312	214
-0.097156547565086	0.402947198547023	214
-0.081297074075755	0.365919655666607	214
-0.034381227624885	0.299170300724488	124
-0.046910902547136	0.294835863693741	124
0.098784253464077	0.125377993538843	124
-0.065026176990635	0.330462060439666	18
-0.067474471301877	0.368974731720215	18
-0.003406654948094	0.266666760386345	18
0.041223277952686	0.196707972958642	18
-0.012043161052749	0.21236385335664	18
-0.050117641374031	0.199786871364937	79
-0.051207197913351	0.114082475276051	79
-0.022333557581422	0.134487452099993	79
0.067838690448163	0.0939563331089012	79
0.114542769665282	0.191995880641102	285
-0.030476631700277	0.430985877504908	285
0.00345376982499501	0.389740792063952	285
-0.121547372075815	0.472127454018322	236
-0.081372833086908	0.439977876678641	236
-0.122108356952357	0.366302641167352	80
0.102653310886286	0.112547258869769	30
-0.113428777143597	0.289140846524725	30
0.102812776312544	0.112407023934731	30
-0.024018970136697	0.256182351297276	10
-0.012975461999078	0.261783565270689	10
0.01293216697996	0.289595628130783	34
0.116565417030827	0.163012163483874	34
0.019811730962696	0.305727142901155	34
0.047518579533492	0.213951827209243	34
-0.082646228934398	0.28731045533454	10
0.063851138491933	0.113381586910251	10
0.022123294330002	0.170656982987083	10
-0.039093367480434	0.251808898731318	10
0.098942338164015	0.125216279072511	10
0.066686005225766	0.150908284829358	10
0.054669634365852	1.71590785299495	151
0.042176249521069	0.962188149934628	45
-0.052613937496322	0.718887389609982	43
-0.03758888675705	0.604229745859755	43
0.087248231198333	0.288407055166848	43
0.117951110466252	0.305724990229263	43
0.052964477144459	0.271506518905909	43
0.015254063060053	0.413235321023118	121
-0.022604934590325	1.6064902873784	31
0.061308955396881	0.699976603203963	31
0.103668080312053	0.572871832057405	31
0.090163546156049	0.316162704276279	121
-0.05626015620751	0.846465152266456	24
-0.124704713378848	1.14608091566803	24
-0.061531504825985	0.447039327603123	24
0.00758864005464699	0.717360906922598	24
0.098504492161436	0.376103890963227	24
-0.067349470944677	0.551623313195033	68
-0.115794724675375	0.850918001247188	68
0.060328986263836	0.371253593022679	68
-0.00944132519562002	0.619755231950147	68
-0.017992280360752	0.731970119492159	68
0.032961429312244	0.26519782059174	68
0.11043385330168	0.216066369366029	68
-0.002023740948005	0.421713497633136	68
-0.00595880567964502	0.451301546538057	68
0.104321328964544	0.212805589734245	68
-0.01924194000882	0.399639287107724	60
-0.122111621761326	0.5743488509645	60
0.116575242873767	0.127054944399492	60
-0.06878829706037	0.370733023491664	60
-0.055013733071856	0.3715955747091	60
0.094715575146569	0.147253301567235	111
-0.028087032871128	0.206107362871535	111
0.066564945894354	0.151043317821617	44
0.0469279172127	0.214707974430858	44
-0.039339642190857	0.252037929825215	44
0.036490067155658	0.188207947062531	44
0.093277041694274	0.148792416587806	44
-0.062642605172663	0.290961902890044	44
0.065937129642597	0.163267938025463	44
-0.081498207974473	0.327534139381284	44
0.063214596413086	0.113805847152787	53
0.06180613746093	0.129346757132938	102
-0.099943455451521	0.366211130576325	102
-0.046382186133262	0.294249413587448	102
0.053323026037001	0.250538700606267	94
-0.116129499083419	0.404045596112651	72
-0.066228410017957	0.367104031311672	72
0.067524311203472	0.0941313907174703	279
0.067718630129187	0.0939883894592594	279
0.009853204746164	0.225529601536113	279
0.110938359837002	0.039690044647997	133
0.06768148630112	0.0940477132535558	133
0.121193905606856	0.170345963525051	299
0.115573460582915	0.0836604234688562	214
-0.00890764267474398	0.316244818850754	214
-0.023811310428105	0.255934591067754	214
0.068634152160261	0.171526831047428	124
-0.012043161052749	0.21236385335664	124
-0.113454156075754	0.289197208331101	124
-0.104763544229712	0.328264253978482	124
0.000539474908271997	0.147917281057297	124
0.063603983705067	0.113547393716226	124
0.064261685252138	0.140559947244486	124
-0.011353639452117	0.211742475658703	124
0.010335502629222	0.162384974291138	18
-0.122072392834882	0.242142849128352	79
-0.079842810698226	0.189306253830455	79
-0.022864815744907	0.134713366556739	79
0.067838690448163	0.0939563331089012	79
-0.046116567916284	0.293916867066751	30
0.021914657694353	0.170845714175316	30
0.070849309006233	0.199458065906496	236
-0.00513558107127898	0.268828924947829	80
0.022081385100746	0.170699802805938	30
-0.087249452192089	0.247061076159727	30
-0.049877676704523	0.199599255757215	30
0.114654546088943	0.0842710565027523	30
0.030439658390837	0.179316750151107	30
0.062120643043447	0.129102654713198	30
0.101365845636182	0.113571684419393	10
-0.0000848892720060057	0.148307880928239	10
-0.122587081353577	0.242574156802219	10
0.107307300070093	0.0992480824684191	10
0.00140431793749499	0.147290951461517	10
0.00981404228329299	0.162759454731065	10
0.121671264296992	0.114791036815628	10
0.037040979045554	1.23765777032213	37
-0.013194203270074	1.28154290996857	31
0.075318913857676	0.533102454484792	43
0.108706336542158	0.415732979694701	43
-0.00370273475995803	0.862106446337659	43
0.075014826764067	0.505436256309049	43
0.120898974085856	0.298894640099228	43
0.00100070018239901	1.21738321565903	31
-0.031297447172794	0.975459758482241	121
0.108142039226414	0.5810187820033	31
0.010185495883192	0.973087707985674	121
0.00670076644195999	1.15672792273884	121
0.080459714212853	0.481846067355665	24
0.085342460511593	0.444376203831291	24
0.083017840326394	0.496922124274973	121
0.092358723392986	0.534384944896652	121
0.039540724905734	0.734818140224447	121
0.024461395782514	0.838510593731055	121
0.116203170950286	0.327927594471855	24
0.116121161997831	0.344157202111792	24
0.070912144663586	0.489330613853841	24
0.080228076598988	0.370292411276628	68
-0.009594608074186	0.620339889728276	68
0.098841524306157	0.23494050928087	60
0.028604887317454	0.338225895318401	60
0.00998676024985701	0.444519494736076	60
-0.029524397721956	0.54857780132033	60
-0.013921502128149	0.562691428944087	60
-0.068820967796143	0.405961162647383	60
-0.108804537659042	0.60912940272279	60
0.115229321751927	0.164884662785016	60
0.089305481292646	0.256928337375605	60
-0.120281067384956	0.470055625727224	44
0.022808570159967	0.313329667716844	44
0.071128730985529	0.189103030677048	44
0.053739058593337	0.280026139324619	44
-0.00373487158672398	0.26714754165729	44
-0.036577213613188	0.38052668223995	44
-0.029160985673682	0.469267406293591	44
0.07053799943788	0.18987855143272	102
0.068099058835915	0.284053927978665	94
0.118975163766603	0.230113041584323	94
0.062497471831264	0.128849706845528	50
0.11475453421551	0.0842102531397179	279
0.011310471140483	0.161646579802237	133
-0.104361959950208	0.327787163592429	133
-0.014845933396942	0.530277863981645	32
-0.019301090173416	0.43904657818539	32
0.067943341768739	0.24146021094724	214
0.070182839021874	0.219589638037017	214
0.110887883998744	0.147729680210278	214
-0.071243325859143	0.444238072868106	214
0.005480200142259	0.337653207105113	214
-0.051572330830382	0.333779618228741	18
0.112303796481858	0.13886862588485	18
0.104369121397241	0.170378660146932	18
-0.081238903723071	0.403108738603844	18
-0.116284712191148	0.506106083691224	18
-0.022235731413024	0.134419762727605	38
0.066872174901971	0.0944992699355236	38
-0.01179905163358	0.212167229288823	79
0.063471116970056	0.113640626783262	30
-0.121874099398567	0.472751967715352	30
-0.023661709889845	0.509876354060191	207
-0.00357771773260102	0.376262227441663	236
0.096544742358275	0.203122993481395	236
-0.05094783653203	0.332997399333723	80
0.039268885003985	0.27890883677865	80
0.09376134756708	0.148294363141245	80
0.022481729344641	0.240099853542448	80
0.115713562889498	0.0835762750014481	30
-0.113806105925065	0.289526498281087	30
-0.00363598977818602	0.266994844802598	10
0.097647065400665	0.201371178737627	10
-0.066337127482381	0.367185636244384	10
-0.01143451814395	0.360836243162683	10
0.00976481448076799	0.401615802346119	34
0.053700166858326	0.270277706541658	34
0.080870192631976	0.24044761118169	34
0.099956285893995	0.190839187325633	34
-0.053384054224474	0.553923355520591	34
-0.095890107112065	0.401142144935837	10
0.03281533164963	0.265422775731285	10
0.033716621212869	0.276014548222727	10
0.00278353736883999	0.328137352736919	10
0.069947076887594	0.190635480761801	10
-0.12196785055186	0.473022659753625	10
0.104223067383312	0.588632938212737	37
0.077791234213336	0.994755021973025	37
-0.025644576402823	1.00820921093752	43
-0.03274117448508	0.765062565121232	43
0.078923595250741	0.361073552587734	43
0.016278329177294	0.411012884309499	43
-0.065410261956743	1.87685347988056	31
0.118069320365104	0.636251739086745	31
0.108209521187939	0.300730262990593	121
0.122570208127361	0.379605944873593	31
0.109018371797279	0.328004879250823	121
0.122691825607067	0.57392439518561	31
0.044843678793435	0.907371108417449	121
0.096388332601998	0.338496900018077	24
-0.046665794720386	1.09442198323783	121
0.05363561023568	0.486955355001739	121
0.10815601400505	0.421134988591778	24
0.089388547271941	0.549950705852373	24
0.123146167782116	0.261728440859964	68
-0.053364387633445	0.888574886579343	68
0.086794123472981	0.296087643894714	60
0.024481697704334	0.425399266004039	60
-0.065837835473693	0.6828556942914	60
0.078721518254005	0.318409837657552	60
0.115401445681907	0.247568119953666	60
0.101853869024622	0.223247198038975	60
0.011457692221622	0.452677096890129	60
0.076524375127958	0.316255417480952	60
0.090310863887021	0.254971592510415	60
0.092794479686901	0.223275159882427	60
0.101979322752178	0.180829874463004	60
0.097180778136532	0.202105891616712	60
0.041196915885126	0.308339602167767	60
-0.02057078937762	0.516965385985553	60
0.103336419268148	0.171779022751779	60
-0.05224421810044	0.622803912744409	60
-0.113245118786588	0.541303315685389	60
-0.065891100524814	0.331484003967802	44
0.117119215532051	0.126463327427427	44
-0.111969499033543	0.578152138766872	44
-0.016016507573593	0.408724197672744	94
0.111297330934717	0.208851136994174	334
-0.011077060461499	0.211513029561762	50
-0.050955997008493	0.114002992802927	279
-0.069723426592157	0.616662845276369	52
-0.024439964412114	0.511985344906041	52
-0.039093367480434	0.251808898731318	279
0.00121686518901401	0.217973200841502	32
-0.082778285068314	0.367903026173065	214
0.011259310213368	0.398415366449784	32
0.115098420423407	0.19117101923931	32
0.060443797344376	0.329571493924534	32
-0.122932414347818	0.367318046151688	214
0.094213221981176	0.156215786473328	214
-0.109557793837378	0.437076811628699	214
-0.022973715306796	0.302507634507405	214
0.00264239015818499	0.328359874235122	214
0.046774916566906	0.214903097266047	214
0.009644469173136	0.225764909855716	18
0.116523441623818	0.163048479226519	18
0.037037971496159	0.271001873223266	18
0.022481729344641	0.240099853542448	18
0.095495278081348	0.137667123888828	18
0.06534793836587	0.139683302062533	18
0.062315229087023	0.128983751372794	18
-0.027735101052393	0.205793300863032	30
0.102664668437588	0.112492988535895	30
0.019545562127997	0.362514478527522	207
-0.093622005338328	0.512366097731762	207
0.123149472058511	0.167356120177762	207
-0.074978663699871	0.611223485937534	207
0.048514441466803	0.410944991848872	298
0.097617578391915	0.256253297379008	236
-0.00347961193056401	0.266763964540767	80
-0.081724230176521	0.366522563322871	80
-0.104644534666324	0.328065522792502	10
0.102132264774736	0.112976848034583	10
0.018108548042272	0.295331232429329	10
-0.112607407273329	0.539897554404257	34
0.099620138694096	0.233532963878664	34
-0.093313061684527	0.547834383654964	34
0.088833421098358	0.179914446863769	34
0.118697624268411	0.179791298086895	34
0.098648358464375	0.241639450068736	34
0.042574158220602	0.316050511358019	34
-0.025742911386127	0.258027140472771	10
0.029518988736459	0.257578420534042	10
0.046403049566539	0.215364430315195	10
-0.080629328398317	0.402095800549839	10
0.062246259678182	0.128984212508053	10
0.036457538484301	0.283586487260843	10
0.113486737734454	0.13754321507126	10
0.102514095703044	0.172859877775651	10
0.050598541986628	0.24394492067714	10
0.059390423856757	1.15918824781384	37
-0.054877487468072	1.70628570704404	37
0.082063406045897	0.923985855056632	37
-0.033216356800191	0.644918835623628	43
0.067090486379953	1.04931858068237	31
-0.045840352371081	2.15569070029834	31
0.059200474923409	0.679228961945403	121
0.101428275002747	0.677559633524411	121
0.068623348118925	0.506546701973694	24
0.015899347604757	0.86920951507435	121
0.043703051924635	0.713642558488564	121
-0.052611893820974	1.25069836071193	121
0.120800108071845	0.362919037673862	24
0.094750632623654	0.47866576298281	24
0.043899157499511	0.631131921663883	24
0.016402818842406	0.830828671158607	24
0.037119091858458	0.629485371258621	24
0.030820452289833	0.470237967271053	68
-0.060847384090834	0.807884480538114	68
0.088687303420563	0.264992500478241	60
-0.055613232055143	0.587203461985515	60
-0.056734045411587	0.590190945364812	60
-0.097928949518302	0.708668558807675	60
0.079690208829324	0.2502344759247	60
-0.100430931114496	0.612543797397963	60
0.011523913010419	0.397827774969394	60
-0.114399464302936	0.75997525402227	60
0.051406797136196	0.242783424381017	60
-0.046124179332914	0.500089375770162	60
0.09797890425196	0.193757559439201	60
0.020092023318444	0.305273812734652	60
0.101098878505567	0.182078956363307	60
0.000949434911510005	0.381430732068397	60
-0.034697804398728	0.422360805640282	60
0.053151199591575	0.281037059433112	60
-0.037836255981202	0.428399236895935	44
-0.029722067608847	0.34077998764695	44
0.118932935615214	0.153586685709333	44
-0.044115759410574	0.374298044621703	44
0.00759914840753101	0.33400319046554	44
-0.023280328789114	0.30293961529788	44
0.115180431408157	0.164940599243441	44
0.015655510817824	0.358196053787302	94
0.115715270073059	0.246897469008639	94
0.101133432648524	0.23684762805056	334
-0.01231943409734	0.21258488836318	50
-0.05085522540367	0.113929791311759	63
-0.02218908576236	0.134407792765905	279
0.079830739056244	0.272295508042395	52
-0.080059352563962	0.18944886748509	133
0.02224814510725	0.170545491719755	133
0.022423907800672	0.659207703604532	32
-0.083335442579973	0.612923187124069	214
-0.100956334608644	0.577790486837301	214
0.022637488497637	0.239894844394432	214
0.022599041749515	0.239931301835311	214
-0.096280252485372	0.40166432277516	214
0.012616299592202	0.450012579192635	214
-0.109326574032691	0.572273669853783	214
0.0346993850562	0.274480734804286	214
0.084773323615347	0.210380490890794	214
-0.011602859062938	0.361310192299331	214
0.064326826725287	0.140468488246258	18
-0.028973259916903	0.206822872009292	18
-0.093750049638007	0.475456132121652	18
-0.094104523945206	0.437736530283673	18
-0.039412497805608	0.252118449166412	18
-0.049877676704523	0.199599255757215	38
0.067246759682515	0.0942982306112401	79
0.010947707408281	0.161941372487397	79
0.064126245577082	0.113165915307209	79
-0.113089601171979	0.288833281039867	30
0.065014713195615	0.139958146048769	30
-0.00501064103930399	0.414866129481617	207
-0.013314356381741	0.490508975153721	298
0.104587481193442	0.280430977209481	298
-0.121547372075815	0.472127454018322	236
-0.00898339855633201	0.316355744397083	80
0.096128999708473	0.137047618756153	10
0.065745834719192	0.139327471399549	10
-0.105407836299659	0.32893969990609	10
-0.013355650166883	0.262223698888708	10
0.036855097337377	0.187816516738587	10
-0.031586597916181	0.343647401332765	10
-0.071032009875344	0.443822531277269	10
0.11709521511452	0.187882869668375	34
0.089260561895299	0.170743883712052	34
0.067998992588078	0.250349820466323	34
0.069118746384609	0.314251824479095	34
0.018573452663931	0.294514447005002	10
-0.081681746459277	0.366355702915989	10
0.098983466180866	0.125198702370773	10
-0.116431276709134	0.506380327832905	10
0.024051122789704	0.323363350190165	10
0.106296191093879	0.757130944195241	37
0.101911220767065	0.730416233050134	37
0.083790663574	0.764161539128304	31
0.098254259382403	0.529862495380606	31
0.028262715376349	0.762977097559655	43
0.06538521521438	0.532992619537926	43
0.120287466763868	0.525221223860488	31
0.04155737928421	0.800069815726429	31
0.098088544231341	0.611217680931906	31
0.051429248776706	0.803148496557756	121
0.096618404328065	0.495206723282401	121
0.115538325542782	0.435151633191734	121
0.12431630881879	0.384058999082674	121
0.113022039585276	0.401925717218815	121
0.000380687152181008	0.841989757810223	121
0.066597479801589	0.63356474538283	121
0.013166490858292	0.918690569383299	121
0.064300933130469	0.508618612236697	24
-0.098106030895225	1.2800416566795	24
0.105787181457608	0.470890007330665	24
-0.120324202884806	0.963882223315593	68
0.076750623439743	0.33011408981366	68
-0.00761350591092902	0.455239946027508	68
0.00762609195078501	0.534586043045809	68
0.027386325178568	0.379687225902915	60
-0.011498528219689	0.450531528081636	60
0.060297336843166	0.395041817391933	60
0.00317003994971701	0.273904341808418	106
0.068477873638233	0.192427398849554	113
-0.065396166781312	0.330923787503878	113
-0.105815673321284	0.472297165642267	113
0.036948684735875	0.271144843075561	113
-0.081838391075472	0.366615327605489	113
-0.061995438760652	0.290260658095558	113
0.055139915281839	0.287076466650378	60
-0.049146279124578	0.413161449526537	60
0.122594183425859	0.168210856894025	60
0.119432286234237	0.152904405823236	60
-0.083687515017235	0.288427892936935	102
0.123160848438862	0.141925093293208	44
-0.002512802194229	0.37425849556673	44
0.089409999034766	0.170558271724224	44
0.063347430239236	0.11371260792063	278
-0.011034948829614	0.211472636281748	278
0.063851138491933	0.113381586910251	278
0.009703424976364	0.225663327013514	102
0.00959884007740799	0.561420802948111	94
0.086410742612511	0.296888695196832	94
0.068915722553754	0.160322294706039	55
-0.052009181732868	0.523438287279636	334
-0.034993286639322	0.572375024377869	32
-0.09618739688437	0.803529667941355	32
0.077019891263828	0.300288853005462	32
-0.037567661108969	0.563414232728929	32
-0.092054709531923	0.509357740177617	32
-0.072080723874006	0.47922652594904	214
-0.054194960813745	0.370214456459577	214
0.046795910188112	0.214840170672615	214
0.00279830058449401	0.27441048504348	214
0.066483966298568	0.151097831921735	19
0.095411575675019	0.146459287506169	18
0.022623353360334	0.170219607401702	19
-0.084016817610531	0.288820215775506	19
-0.122997700541494	0.367424202012688	19
0.093009690930965	0.157700297096203	18
-0.081837382932434	0.44084056532454	18
-0.062156749267177	0.290444336554659	18
0.114894447424672	0.0841209444567602	243
0.068351202332611	0.160880726536792	79
0.011265128253768	0.161662180062301	30
-0.020420089931746	0.637608758491897	298
-0.100835668630912	0.907992009783032	298
0.031976423003957	0.342614714169425	236
0.013171497825842	0.289247977582366	80
-0.11481737577295	0.402144380011485	80
0.08612736700062	0.200243813165442	80
-0.113818638134297	0.289520671342831	17
0.064449969407648	0.140416007800066	17
0.069113274070865	0.181466221210164	10
0.070625471710831	0.1997652189528	10
0.107440425431483	0.195314035718185	34
-0.104689604491905	0.671018582211464	34
0.079047072707292	0.296116845100018	34
-0.016013113294572	0.352980732738755	34
0.108734067052873	0.187010078962665	34
-0.049595963173436	0.19940314615466	70
0.063347430239236	0.11371260792063	70
-0.003891279016355	0.267352841422731	10
-0.080410028081263	0.401744535419422	10
0.110996488302465	1.0190257483345	37
0.112594993729693	0.570577345881156	31
0.043545752365543	0.779129008231743	31
0.10985585617082	0.565625370854449	31
0.03683962319358	0.541028840207253	121
0.050642373799016	0.764303526166591	121
-0.018286451805486	0.763887683906341	121
-0.083757307954089	1.08958222305587	121
0.032365996548173	0.801707354316275	121
0.124089514498482	0.311392154549246	121
0.100363809854207	0.28251366874547	121
0.066946938839143	0.286250246856215	87
0.007100579790734	0.824929399562007	24
0.007919678168397	0.583911582046608	24
-0.07489553493531	0.5176350704984	60
-0.015208968203865	0.309028668808699	60
0.014747019611793	0.402648724092304	60
0.103874901870441	0.20734829862893	60
0.032217057583539	0.266287577036851	106
-0.11583283935647	0.505235724765924	106
0.103259505332821	0.112040521053002	106
0.104793067606788	0.162514217532325	106
0.040586029844283	0.19743548011956	113
-0.016052299946319	0.483120659949842	60
0.062667206211233	0.128714738453903	113
-0.022384918186568	0.134431806823967	113
0.067789166209756	0.203436899616219	301
0.065579295535546	0.139461562587237	301
-0.024324806361545	0.256508966749802	301
0.101661326660138	0.217353798127228	60
0.091207559469682	0.232953958845722	60
0.022969186735046	0.23945453479275	44
-0.036285648159047	0.380016644560166	44
0.063984094229248	0.113295491069645	278
0.096863332822233	0.136256312385886	102
-0.044524076610558	0.658527557801479	94
-0.021366342520268	0.674436121316894	94
-0.085783358557572	0.682781063845367	94
-0.041133800600145	0.598544836979765	94
0.039203454976074	0.301261834591199	334
0.00324428913320701	0.327348211393751	55
0.115514094351487	0.0837165305806647	50
-0.018470339919749	0.398287545836485	32
0.062672854736504	0.520542558885219	32
0.05870148591595	0.466325974546212	32
0.122041097508647	0.114434397902892	214
0.005299949536233	0.33798284080065	214
-0.092662338563265	0.615374391768491	32
-0.079772230357631	0.400650581466294	214
0.022644235534006	0.170201942958957	26
0.00192193504722599	0.275569479254962	214
-0.086954040075034	0.246881561749256	19
-0.057620469001652	0.246776371543644	19
0.098863290352136	0.125324129548118	18
0.068216569808663	0.182489314809511	18
-0.02243143272404	0.134532208149857	38
0.106603331488829	0.099764184520356	30
0.052295212149735	0.241447196768489	207
0.087235254665806	0.288429041439162	298
0.091456924256184	0.1594939750504	80
-0.051559259247109	0.114223469848975	17
0.063727616277926	0.113470545102492	17
0.010335502629222	0.162384974291138	17
0.009145842261952	0.280716633133727	10
-0.092194670418707	0.509640993729055	10
-0.021509776403318	0.30040773928153	10
0.068485862175514	0.299512410229484	34
0.065724267802969	0.139357023638252	34
0.00310390842852801	0.27399400309739	34
0.09548551120367	0.394975842551133	34
-0.058726293331861	0.247939672360579	10
-0.08317570316357	0.329655423050768	10
-0.122977964865057	0.242878747706938	128
-0.080531750478295	0.189739709538567	128
0.102078939963948	1.42737178651511	336
-0.014709483880101	1.75181670468412	37
0.062193405103201	0.899829466507583	31
0.057147350091722	0.826306717880097	31
-0.099702826640544	1.73438223626669	31
0.042755368223284	0.923293797710195	31
0.121483223036859	0.417225352012415	31
0.079407024842214	0.697249846109167	31
0.107476120351168	0.509527429991788	31
0.017582097495845	0.540814842478433	121
0.091749996170636	0.535149418348261	121
-0.052781411241299	1.51419550578874	121
0.017730408317769	0.704768993324618	121
0.11695276131355	0.405516572765895	121
0.00330978048068201	0.778744903999896	24
0.080476492929181	0.47443321075107	24
-0.08000421447612	1.11216521743063	24
-0.104120176962601	0.669455513557632	60
0.116614893043226	0.126995509948447	60
0.108040208117087	0.188033042772689	60
-0.07051547878007	0.442848422829507	60
-0.039876557679556	0.337178111220777	60
0.014797147343913	0.286668850957207	106
-0.015033905868224	0.406871046322534	106
-0.050117641374031	0.199786871364937	113
0.114994353452086	0.0840566873298067	113
0.116233423832646	0.0832257285933966	113
0.067198986629931	0.162049281666281	301
-0.117709204386324	0.604909410153001	60
0.094813766371967	0.205742962840575	60
-0.023150029897208	0.302734239067344	44
-0.034424549206853	0.29925213229376	44
0.122410892980285	0.114071620274137	44
-0.113114716437925	0.288822339646016	102
0.07809351740373	0.275766281936572	94
0.000230288194790013	0.655460300857122	94
0.059247104371291	0.332217261829164	94
-0.010335101353571	0.496777522614903	94
-0.035093538859504	0.423274940119577	334
0.038390025493496	0.302651032173538	334
-0.03006508917072	0.386826149160413	55
0.08539754538324	0.201312405383996	55
0.00376057057833201	0.273073849140472	55
-0.049215099367101	0.199088179955189	55
0.067464110052573	0.0941758280759728	55
0.080537631154201	0.241041396356599	52
0.069507006673351	0.201254258690807	52
0.081876899902016	0.222911087378038	32
0.060478019211619	0.38681227344399	32
0.042283367829542	0.52605728839218	32
0.040600628684945	0.498690261515046	32
-0.014298971025319	0.759192447959259	32
-0.01281838186473	0.261598152460654	214
-0.000949525448757982	0.432259853874421	32
-0.083493380226879	0.330021380608645	26
-0.022962690308133	0.134792380143383	26
0.069366756610917	0.181137440140277	214
0.052046797187357	0.230903985658037	26
0.06845013527308	0.160817760922027	26
-0.059123291830723	0.248291590930997	19
0.093177256527483	0.148910369327946	18
-0.065284183968157	0.33065208861579	18
0.065880807298209	0.151656556456733	18
-0.027395788140204	0.205469101447324	79
-0.059102105562351	0.248283866197002	30
0.073393674865209	0.386661370748062	298
0.05360903736413	0.260344718721044	236
-0.092090948848866	0.472440266701382	80
-0.08064991164873	0.18981823898626	17
0.11106265674376	0.0396671757223606	17
0.077366459194204	0.0706266937852931	17
-0.083251456839221	0.288014817032554	10
0.00705627957449101	0.283633752809472	34
-0.086138185291258	0.246144287310473	70
-0.051559259247109	0.114223469848975	70
-0.05828662171151	0.247289243803226	70
0.061996073045438	0.129206703770816	128
0.010335502629222	0.162384974291138	128
0.087309440906591	0.871607273490987	37
0.071844381416972	0.802535140892583	31
0.06613573849152	0.803695576563827	31
0.068791558863301	0.704369207506901	31
0.075055831441353	0.717022003037893	31
-0.00188430446339	1.05899379497764	31
0.017137420196683	0.707257213384925	121
-0.019557362874908	1.2067309677115	121
0.04462904346205	0.723228772262965	121
-0.024260164945619	1.14481999954127	121
0.111632308088437	0.213851442014881	87
0.038440798725557	0.280315974623542	87
0.040262305965866	0.197763886266208	87
0.066698579667016	0.366168606585436	24
0.072470026260957	0.494573104271421	24
0.05650849684961	0.553204495444565	24
-0.075767429811182	1.14371308768416	24
0.039738703826406	0.289377223409373	60
-0.041919784547372	0.558626007449182	60
-0.054695838139288	0.557311305914779	60
0.066960855578856	0.251992705796524	60
-0.058262271808907	0.409347981985161	60
0.105633191549313	0.161498690796193	106
0.069151267635372	0.221061090503574	106
0.040059261532636	0.198002789959829	106
0.001210605341433	0.1474564468985	106
0.067886087236177	0.193123716152834	106
0.062404071095612	0.128890864681717	113
-0.011278630995327	0.211697685022725	113
-0.079783682732456	0.189267657676448	113
-0.105165470487472	0.328705320616135	113
-0.08668313451841	0.246612654586921	113
-0.024959977372036	0.257225337991744	113
-0.048876073981131	0.198782014333212	113
0.021914657694353	0.170845714175316	113
-0.105527700133382	0.329105035929965	301
0.102248845678685	0.112869548535551	301
-0.00268268342153599	0.322202775554009	60
0.121321353687783	0.170080461091665	60
0.099316921650172	0.19180158165263	60
0.011106415890617	0.161807118362011	102
0.110865507306074	0.0397113788160752	278
0.08705908223305	0.342126861678508	94
0.01095682101904	0.453804855741332	94
0.113533166163146	0.173526087911532	94
0.078644776176001	0.267216031316642	94
0.069458157795297	0.28946020049553	94
0.069614758754533	0.220396255101846	334
0.020807875009288	0.303827699677229	55
0.069878424669911	0.200755833883889	55
0.112809517106655	0.138320019120557	55
0.030427654115447	0.179329486022748	279
-0.023847951444019	0.392433341790825	52
0.066242909974146	0.151336845168344	133
0.073077701572832	0.387500103777305	32
0.091922628466921	0.305837057477745	32
0.070061560802799	0.365029306929242	32
-0.009519172490486	0.575682668329638	32
0.072273712043517	0.39648475703133	32
0.08200723588765	0.340097460779462	32
0.113619829902165	0.137403746058579	214
0.09607729211548	0.137099558223851	26
-0.09973092219453	0.365942112531135	26
0.022144335974121	0.170613349803054	19
0.115053604241026	0.0839628422030283	19
-0.080216847495123	0.189563353167821	19
0.110741291212149	0.0397553524568051	38
-0.051408627280488	0.114196567167764	38
-0.021946757622245	0.134275185027705	38
0.015668883889297	0.465326849753821	298
-0.077506776295848	0.74038161593157	298
-0.112541158101587	0.539764204276766	236
0.064826483304247	0.140114977779492	10
-0.084091238306827	0.28887008804013	80
-0.080216847495123	0.189563353167821	17
0.116093333289124	0.0833196897353597	10
0.02913832228523	0.180510929832556	10
-0.07323458059238	0.481376043177937	34
-0.024858267288027	0.394115664721715	34
-0.05900649084422	0.41057038426144	34
0.090374229740966	0.169418949981278	34
0.055982519434193	0.276030328116315	34
0.046337062899128	0.215443454627987	34
0.077209369194292	0.0706913846673543	70
-0.086795742461947	0.246753835191953	128
0.021935636454999	0.17082293741555	128
-0.00412192461884497	0.267580892591038	10
0.112488320911072	1.38180469379759	336
0.045398544743883	1.07853878074587	37
0.091295759257678	0.877757259667939	37
0.018183452503186	1.09614516770793	31
0.081740480705481	0.64871557089767	31
0.047679611793497	0.645551893177592	31
0.009221001914264	1.02613580305104	31
0.095515357943865	0.673797445146045	121
0.00656882292224001	1.17368663353822	121
0.025408797062965	0.767374414283453	121
0.098262519088836	0.492704569693489	121
0.066847005593047	0.660528302510356	121
-0.07582834915704	1.48666719319645	121
0.117052264299544	0.341152729730034	121
0.040912605309326	0.480587888850813	121
0.028772091471713	0.387450161840038	60
-0.124404243280691	0.817738844111841	60
-0.043128492821034	0.56190456978367	60
0.014372857501923	0.403535145043737	60
-0.013031113143293	0.261862652403794	106
-0.105085762195607	0.328634205446191	113
-0.062883373509872	0.291237332381514	113
-0.058392889364547	0.247622494615732	113
0.065869426247923	0.139222594941011	113
0.00981724014847399	0.279723568125705	301
0.110664525466286	0.148014341530945	301
0.067184282660492	0.173065545903148	301
-0.00245684057898898	0.321854509453822	60
0.00904553010895601	0.344996274462577	60
-0.071708338190393	0.444939067203578	60
-0.059080864481132	0.248254297546523	102
-0.122453566160504	0.242448039725143	278
-0.04717013664974	0.295147761809097	102
0.044307524128163	0.395213964619932	94
-0.022235731413024	0.134419762727605	50
0.063984094229248	0.113295491069645	50
0.11106265674376	0.0396671757223606	63
0.089354358161871	0.179228616874126	52
-0.120720421092491	0.843519944710866	32
0.078890001438627	0.28908319039527	32
0.065859650951865	0.262700903363693	32
0.117003658597141	0.126606302926738	26
0.106641944389463	0.0997075920110492	19
-0.027917396201814	0.205962223094542	19
-0.086320827149862	0.2462770269836	19
-0.028790927067844	0.206676143213985	19
0.099469926336825	0.124764207940941	18
0.077209369194292	0.0706913846673543	38
-0.022044616803678	0.134313553575837	38
-0.018299766496546	0.397985074340714	207
0.112170936153261	0.264771539381513	298
0.104078399777728	0.170783279837254	236
-0.010875556637409	0.211322122167181	10
-0.080216847495123	0.189563353167821	17
-0.04969523558502	0.19947231882622	17
-0.104723832632367	0.328222748752441	10
-0.081937919884695	0.366812865584399	10
-0.123877490120483	0.673525801321993	34
0.05365366173605	0.28015573183804	34
-0.093023112662613	0.511250013456069	34
0.088536654667521	0.180292075354731	34
0.1211889880933	0.115269955111156	34
-0.113246409223397	0.2889426745537	70
0.065681290840153	0.139383420349145	10
0.113955654239657	0.871776895046627	37
0.00652176094104601	1.38012605325089	37
0.123068333620689	0.652707394053129	37
0.056642037561725	0.783376771046718	31
0.102061885255256	0.500649820722918	31
0.124807910436082	0.595572468522885	31
-0.086351683067866	1.31945047365293	121
0.072902214223959	0.894971169575537	121
0.09847748002198	0.43610646191532	121
0.118825551465853	0.411327212284214	121
0.109995949836839	0.392589658827363	121
-0.039781919977558	0.961106922989427	121
0.011130186059265	0.614790573732751	24
0.092272222281132	0.342100198604795	24
0.00460671712749899	0.477190192191988	60
0.07910710092784	0.281223568574527	60
0.108092440048968	0.226136703603828	60
-0.084910044524258	0.712331780659153	60
-0.093454513397721	0.583273690928105	106
0.066822447259787	0.162457049701791	106
0.017207908981596	0.232310034498744	113
-0.066575531817413	0.332357926248773	113
0.10229167284661	0.112845708404804	113
0.098458437002303	0.125682446516703	113
0.065326426137063	0.139693215020179	113
0.102653310886286	0.112547258869769	113
-0.114491040387438	0.401792580733279	301
0.067611634379597	0.172637990545568	301
0.096022054946659	0.137147633388364	301
0.045689053870682	0.204090592222988	301
0.00914446374575001	0.344823948174585	60
-0.104562709403475	0.328030298431991	102
-0.023701314001966	0.255804387741029	102
0.065912405729275	0.139187042917017	102
0.043724313556657	0.206511039068333	102
-0.086342135333983	0.24634374920067	278
-0.094121799675452	0.476098335815248	102
0.06965588444267	0.201063273990465	102
0.053664575027697	0.270343395569605	94
0.056972548563106	0.301907337810165	94
0.095441908402126	0.30546585254929	94
-0.04673879683455	0.456222697378024	334
-0.058873324325324	0.410392078394932	55
0.084453825968981	0.210882375511479	55
0.067306906576961	0.0942595441750744	50
0.065912405729275	0.139187042917017	50
0.063461747475134	0.113635101043314	63
-0.00357771773260102	0.376262227441663	52
0.086839260646619	0.190974373346299	32
0.083489917640181	0.387536653931474	32
-0.017138947143753	0.354914282767308	32
0.025117546089675	0.321491466441311	32
-0.088847315305273	0.671100079134147	32
-0.018070117108064	0.524783511767619	32
0.104652747140292	0.206110225291677	214
0.102419993223939	0.112726277066795	26
0.026594484044028	0.248385378718525	26
0.030396801759499	0.179381890674393	19
0.102132264774736	0.112976848034583	18
0.040059261532636	0.198002789959829	18
0.022289948078206	0.1705195806077	18
0.063081739353814	0.113891941310612	243
0.077209369194292	0.0706913846673543	243
-0.0516598593167	0.114296718545794	38
-0.051408627280488	0.114196567167764	38
0.030427654115447	0.179329486022748	30
0.115639642247029	0.247072559003115	298
0.112918233274097	0.279288572189917	298
-0.030467999167943	0.341983837165257	236
-0.050519693473928	0.332381341428134	10
-0.08203763248094	0.366952711123228	10
0.069474930394323	0.170609636342392	10
-0.050597697386102	0.200136624431954	17
-0.080531750478295	0.189739709538567	17
-0.039136665661476	0.251840985686786	10
-0.121905986375631	0.366029146926945	10
-0.00289464752024798	0.322535412029032	34
-0.050671345435404	0.415828315719368	34
0.100956707672112	0.224876255528714	34
0.071370104690395	0.198689223569918	34
0.030034978920386	0.17971683741465	10
-0.00529177785621698	0.2690512896688	10
0.066654848067526	0.0946113815907912	70
0.061781008923591	0.129366199984691	128
-0.027891894593014	0.205894304240094	128
0.109772708153608	0.956531059287469	37
0.061093571058786	1.18513263038537	37
0.00880200739881301	0.693884180528364	31
0.093929707703023	0.443445562489906	31
0.084730365152139	0.506980017586005	31
-0.099726135310115	1.54217748182271	121
0.023905995701421	0.645131523480127	121
-0.071668088341566	1.21339633486482	121
0.120426904131119	0.649706387364792	31
-0.077855759606789	2.20058770684027	31
0.049235271282565	0.542350917731193	121
-0.032621393835836	1.04201406863264	121
0.109702138142922	0.361996647004804	121
0.091952454429702	0.409415566882833	121
0.062207552832551	0.366649684278473	87
-0.042640624870772	0.994173993398354	24
0.061411240089495	0.414572803306459	24
0.099316015665712	0.357332114074349	24
0.068305260741465	0.275499820974966	60
-0.021342458790697	0.592265142654366	60
-0.052191830754072	0.595533611516204	60
0.069015415390402	0.239753020920724	60
-0.082503752229354	0.441916016247333	106
-0.080174807476198	0.43784377081164	106
-0.113750475141467	0.400616785015743	113
0.034025297048097	0.263611683188313	113
-0.022973715306796	0.302507634507405	113
0.02328086036239	0.23905176399395	301
-0.055163206507562	0.371819054414666	301
-0.082877984785615	0.367933280956239	301
-0.058747485328019	0.247963473914146	301
-0.10618813494042	0.472945690878698	60
-0.104924671202833	0.328456763531471	102
0.000572368946193003	0.218690639132691	102
0.030801338712221	0.178970657084265	102
-0.065239191427411	0.33074776052957	102
0.065326426137063	0.139693215020179	102
-0.038774114909342	0.251454216859898	102
-0.025228149925098	0.257412795998622	102
-0.082977412618004	0.329359566143337	102
0.070496419233644	0.179796343872466	102
0.093547733627872	0.148520277944232	102
-0.063904150222733	0.483065473229741	334
0.018094085875112	0.295311072236931	55
-0.121376868495221	0.472049568150106	32
-0.018838149744594	0.398981083172134	32
0.108888273720551	0.254670518603103	32
0.02963241125872	0.347151989566122	214
0.068347763177607	0.240810033582659	214
0.022111415117103	0.240569959362349	214
-0.033784306120162	0.298453780576372	26
0.010747139330928	0.224487117285938	26
0.088938116743934	0.188050203350791	26
0.067289156407364	0.161977653873676	26
0.069358126209002	0.201440317214853	26
-0.051318115136756	0.333508127426265	19
0.030108512835474	0.179659492624757	19
-0.080157715643049	0.189518424818333	19
-0.049115994708433	0.199000264381039	19
0.066444661125891	0.151092814060462	19
0.115234131327121	0.0838998473119463	19
-0.104723832632367	0.328222748752441	18
-0.084207538202766	0.615049728208704	207
-0.033380660602367	0.606832242525269	298
0.035901879314314	0.411890210889142	298
0.086481841290898	0.191419231142382	236
0.091634652661115	0.238977263977676	236
0.107502401279229	0.0991035134167607	10
0.103302020765041	0.112000719717952	10
0.06718672482947	0.0943239763792054	17
0.115514094351487	0.0837165305806647	17
0.067398205123229	0.161896958905498	10
0.013158579152272	0.289265563255809	34
0.025758723793931	0.332093540098103	34
0.017055062808759	0.367469121254332	34
-0.071115259924697	0.477258487822498	34
0.122283981776819	0.168695056599931	34
-0.058538412454802	0.247755590269435	128
-0.082758753402239	0.329187789000794	10
-0.083066515455719	0.32945751465944	10
0.107659268492148	0.0989783159466712	128
0.065483452214634	1.21768732868401	37
0.096726936487175	0.593770061505123	31
0.073405670007051	0.557273703726149	121
0.059951402459824	0.680056132021858	121
-0.010078672666915	0.958918972348095	121
0.105107390154954	0.534473442792193	121
-0.025073971029436	0.989793166266218	121
0.123626609208799	0.338262268454716	121
0.059393374293624	0.60676018316551	121
-0.012088119209685	0.570461912620047	92
0.086380220385331	0.386994260801452	24
0.103204567687502	0.41787492166365	24
0.113432090587872	0.261796311659915	24
0.017351112781754	0.54154094352962	24
0.068098697053621	0.362811516647845	24
0.058499336781764	0.307654491073239	60
0.117119215532051	0.126463327427427	76
0.116262889325272	0.127369760549369	106
0.036392770044267	0.188280279340678	113
0.095707744803209	0.137462355181682	113
0.00896755085926099	0.226477272775909	113
0.010380882175542	0.162368226199913	113
0.046840707154703	0.214816532916763	301
0.094401740670411	0.147599689096242	301
0.096022054946659	0.137147633388364	301
-0.051590606808135	0.333872594602861	301
0.122256137833966	0.143054880371727	60
-0.058747485328019	0.247963473914146	102
0.106955321074147	0.0995100772275884	102
0.021518392314839	0.171146925409231	102
0.119674137613854	0.233384518799954	94
0.022299440729239	0.379682333716688	94
-0.076892624799877	0.585509546490053	334
-0.01662308103547	0.354094011034313	52
0.078116844611133	0.290628008670832	32
-0.034285366122214	0.670994781589088	32
-0.111078089479768	0.904421374361015	32
-0.046201504806483	0.377676835125939	214
0.068683955993464	0.212176244264099	214
-0.096630481538669	0.402243847330106	26
-0.099786223573558	0.365973425857993	26
-0.058205048148279	0.247438526576831	217
-0.065452282531902	0.331026297543003	26
0.102451111907494	0.112709992642269	19
0.065600965963444	0.139413374012201	19
-0.062440348470452	0.290748786941485	19
-0.058538412454802	0.247755590269435	18
0.00933551286825601	0.226076950389505	18
0.067881789856385	0.172367240663658	18
-0.106039536653413	0.472688479767381	26
-0.064712154106097	0.330072172244445	18
-0.122596894930282	0.242559161476007	243
0.077590419964501	0.0705269291433486	243
0.111186925303284	0.0396232165072587	38
0.011106415890617	0.161807118362011	38
-0.029975325902834	0.386715864046269	236
0.067781435604182	0.172467059552578	10
0.102898082445889	0.112348135284801	10
-0.112762771249648	0.288430119737943	10
0.00081421706884699	0.218422748999324	10
0.067606595144841	0.161686034607768	34
0.086387312799232	0.191578939607965	34
-0.100068658279957	0.611663343068476	34
0.045953602237309	0.338568308929531	34
-0.023271577071352	0.391381477295585	34
-0.116138152276898	0.505818124620889	34
-0.013669768716171	0.262622021852391	257
0.017831139499782	0.366023622933464	34
0.040632199356981	0.197348501715343	10
0.098458437002303	0.125682446516703	10
-0.086999732958113	0.24691407661681	70
0.120731326723242	1.31297624668482	336
0.108644772379251	1.05110136877734	37
0.063471377874716	1.15385018895287	37
0.071650111247517	0.794197234295865	37
0.078049204413131	0.750598136420291	37
0.115622252546759	0.511889170610561	31
0.033570599194812	0.981435446906918	31
0.060516705459341	0.845760453424098	31
0.052318012016043	0.821267024441464	121
0.059963370910609	0.765820533676024	121
0.112459624409599	0.409068652999943	121
-0.00659660010478402	1.0524684606471	121
0.073305966023362	0.56673683975018	121
0.115226101509213	0.284416796204621	263
-0.034381227624885	0.299170300724488	92
0.032762755038881	0.265456628225841	92
0.076569554642273	0.501650125455917	24
-0.077462611138491	1.14634677364764	24
0.114284093396655	0.332200499765326	24
-0.047437926663334	0.599583697052496	60
-0.020725374692695	0.442158292653657	60
0.088760753761416	0.179999888783544	106
0.084846417624775	0.202072382745627	60
-0.03341404136621	0.297991374436719	106
0.068840114277249	0.230911684013925	106
-0.079193034873928	0.18880771123207	76
-0.122977964865057	0.242878747706938	76
-0.039499261276081	0.252209796000046	113
-0.021900150727252	0.134191898160114	113
-0.082134566412723	0.404420080812331	301
-0.046340285430154	0.293888721211264	113
-0.108355574953619	0.435055690735408	301
0.064240550717198	0.113115012407723	102
0.067524311203472	0.0941313907174703	102
0.065702753225099	0.139375634354003	102
0.040475053678835	0.197538624972186	102
0.077590419964501	0.0705269291433486	100
0.064117026820609	0.113202284867335	100
-0.01965050681327	0.439882081454307	94
0.086997353428915	0.37355597058129	94
0.029938261604008	0.395548846595354	94
-0.010765789861861	0.41290627439977	334
-0.00303661357360802	0.266163120545035	55
0.122482343601987	0.142775289000129	55
0.110741291212149	0.0397553524568051	63
0.102493876463659	0.112682937700276	279
-0.120406850012818	0.570505140048716	52
-0.122844460016353	0.2427719181186	133
-0.041415852182867	0.741329859040691	32
0.093964412350176	0.35597055728655	32
0.000955491163756012	0.602125089939352	32
-0.028318658137157	0.706166905806184	32
0.054016106395272	0.392066505326206	32
0.027357040275587	0.601584256789032	32
0.087800990849992	0.411275358545773	32
0.108823880011373	0.319684866554379	32
0.054889379583482	0.258280032090103	214
0.020282167187463	0.304913972747174	214
-0.044712041961964	0.375304664102793	214
0.010176809289684	0.162509724108542	217
-0.079842810698226	0.189306253830455	217
0.029630031771027	0.180096310199489	19
-0.10528668992989	0.328859289280446	19
-0.080157715643049	0.189518424818333	19
-0.059499166516907	0.248585834491551	19
0.070550491001129	0.199863841319939	18
-0.061954828829138	0.290201003865924	18
0.069704263507817	0.220284778584913	18
-0.0516598593167	0.114296718545794	38
-0.051760517099524	0.114337551940054	38
-0.022575890878387	0.134611873496179	38
-0.080000277640246	0.18942069044567	30
0.074726676093124	0.41763456334802	298
0.023611799003051	0.311975825608349	236
-0.108138655166525	0.607464253151684	236
-0.028087032871128	0.206107362871535	10
-0.064914380175001	0.33020608365152	10
-0.00346379815272302	0.266770134118993	10
0.04895986206844	0.223818808174845	10
0.048138567962051	0.224816388814959	10
0.010426249726101	0.162335407706025	17
-0.051760517099524	0.114337551940054	17
0.077287962253669	0.0706637074876884	17
0.016994513529676	0.232573033686908	10
0.124056395396029	0.160516446260793	34
0.099870127542711	0.239311975415257	34
0.051929434922958	0.252653584108998	34
-0.00557233453306999	0.416081408908869	34
0.042292466514053	0.316555817941024	34
0.022735660705432	0.367468979543304	34
-0.010085045364125	0.358632594221652	34
0.091763280171991	0.159149385347993	257
0.063594693445878	0.113556644367664	70
-0.021946757622245	0.134275185027705	70
0.029789494693604	0.179958612665215	128
0.022123294330002	0.170656982987083	128
0.100474901543028	1.07278980637828	203
0.108021565163007	0.706717604264361	37
0.103762454163741	0.65381374910225	37
0.071500434313433	0.787553777251588	31
0.11060812453488	0.485066780947222	121
0.055688229706073	0.675658830431004	121
0.044993161648468	0.596680467240997	263
0.00877277684478201	0.28126383436916	92
-0.033691446542635	0.504050334137185	92
0.067032708635933	0.365470208518079	24
0.100224758561781	0.344819363968656	24
-0.056825997028722	1.17825134990175	24
0.087826721428934	0.280387442295843	60
0.118481101638565	0.208817887951541	60
-0.075800290592269	0.674584430344194	60
0.024687339455899	0.322255722530048	60
0.013038907500411	0.448947282298609	60
-0.071892579108742	0.478792971465403	60
-0.073794628874471	0.515242899484889	60
-0.09438987087052	0.732133876734792	60
0.044434623782099	0.322397758450997	60
-0.083043696201395	0.547384934271777	60
-0.081250359101237	0.509631843082649	60
0.032230894933481	0.266261306873709	106
0.029891750187826	0.257065144864836	106
-0.100147318329669	0.366473383262917	113
0.068658367199165	0.160599539892194	113
-0.122407260158878	0.366598925081888	113
0.101929989329595	0.113136462715277	113
-0.021487210573869	0.345365338884938	301
-0.092834319884855	0.473794990601601	301
0.036209639168905	0.188476004065438	102
-0.086387788919509	0.246404983872412	102
0.011355802079144	0.161613415181199	102
0.085643729592953	0.192557687503917	102
0.066001561562331	0.151553800098176	102
0.063471116970056	0.113640626783262	100
0.063090855645736	0.113872788212703	100
0.113826125522227	0.198884086023916	94
0.043677250034118	0.406035182811711	94
0.078554569383413	0.244356283241706	334
0.112462212033269	0.175119579539027	334
0.104362790364825	0.206599302390316	52
0.017864609465265	0.459580887655342	32
0.121552726335027	0.198014729287149	32
-0.076356840017295	0.67624195990797	32
0.11597691068758	0.267150538301574	32
0.09334752490837	0.290311577664722	32
-0.106931164493942	0.474015872817271	214
-0.040967967181323	0.416791641457403	214
0.117159885374352	0.12644347894369	26
0.044350691602567	0.205746254093519	26
0.010471605414572	0.162285555857611	217
0.065326426137063	0.139693215020179	19
0.114894447424672	0.0841209444567602	19
-0.10528668992989	0.328859289280446	19
0.095311432983508	0.146544057888756	18
-0.05073372799827	0.332692714709065	18
0.039365343871023	0.198732290815392	18
0.069530902755689	0.17053771330891	18
-0.013299744018119	0.262179910911018	26
0.068216569808663	0.182489314809511	26
-0.033470360289644	0.298075019031466	18
-0.022091243109116	0.134354832803417	38
0.081037984652371	0.349066912753292	298
0.078135812182372	0.41554127066631	298
0.122618098587141	0.290231446337833	298
0.067507276911809	0.161788325989058	10
-0.051760517099524	0.114337551940054	17
0.067404020697677	0.0942067543932056	17
-0.064185081975443	0.329342131947245	10
-0.039504923828194	0.33663891462196	34
0.053685528865042	0.280131659937714	34
0.07047330887667	0.21916109923401	34
0.025717951623403	0.320413424850432	34
-0.000619406862495009	0.465022591717449	34
0.055527559362349	0.286374652571333	34
-0.11685904872214	0.506843368005537	257
0.06905483323077	0.18152707786401	257
0.002864379954097	0.274305134835446	257
0.054080949026124	0.279426465290578	34
0.068056064116336	0.0938208034316995	70
-0.027200876805338	0.205272954263833	128
0.119958949981878	1.03172012849479	203
0.117015072158408	0.638753436166514	37
0.025264620558994	1.41343426926645	37
0.057203541941361	0.687245584255769	31
0.108424949851753	0.532343581667495	121
0.081870322034397	0.559528741220994	121
0.04434781392428	0.622873618120711	121
0.057330373538687	0.672433396789339	121
0.118248567657703	0.395000412586466	121
0.122246466258293	0.342960569156846	263
-0.101945307901671	1.44313281532586	121
-0.090601859004155	0.610440909648192	92
-0.021706069842962	0.945477771352195	24
-0.120679298076071	0.79233645458917	60
-0.016135167984325	0.483346404270472	60
0.030543981296374	0.345435458065919	60
-0.020085632554132	0.440767401329676	60
0.040888396674587	0.308903203247008	106
-0.063449041732699	0.291814280105877	76
-0.028294393372853	0.206267370445718	113
-0.00991983607459401	0.210339313842684	76
0.035391606516723	0.189315709863593	113
0.098094648685184	0.126003351204579	113
0.068678663511367	0.171506944724525	301
0.051223161415683	0.232089108056795	60
0.101770607622561	0.113262797540416	102
-0.085867195422771	0.245914933527285	102
0.063035353453265	0.128429980063374	100
-0.0000848892720060057	0.148307880928239	100
-0.00787043926077902	0.455828600724201	94
-0.047087441287507	0.529020780838229	334
0.039370009792949	0.290025611130488	334
-0.09136617259081	0.507957122349097	334
0.05489453088885	0.268163609908752	55
0.087864030812998	0.181152911639892	55
0.030225101622774	0.179511578094602	55
-0.113636406192394	0.289363974427113	50
0.07797136228438	0.0703563818212956	63
0.102318030426417	0.2162892077522	52
-0.076926209575507	0.647060262169941	32
-0.121114935855812	0.704633247149985	32
0.026435606924085	0.381723074694653	32
-0.083930824238971	0.741177521339175	32
-0.025057433438345	0.394577370030683	214
0.023323064535894	0.299713248148969	214
0.084744361364795	0.202230243599185	214
-0.059245476034637	0.411008599395065	214
-0.113245118786588	0.541303315685389	214
0.090231851147862	0.169577037911962	26
-0.114170614673173	0.289829599150938	19
0.066805915536876	0.150816852690542	19
0.000975351593059004	0.218265358833356	18
0.022052496150725	0.240639463131886	26
-0.051408627280488	0.114196567167764	38
-0.050955997008493	0.114002992802927	38
0.103766722285652	0.287716789475802	298
0.069403574010889	0.181030234605074	10
-0.082407946988641	0.36743864299297	10
0.05242426853144	0.282270257455358	34
0.094403751389094	0.213597922533888	34
0.042151101074575	0.32677806857119	34
-0.022878791273842	0.484660821705758	34
0.077590419964501	0.0705269291433486	70
-0.050207350282995	0.331924601468799	128
0.079144799157267	1.52990146682584	203
0.054972924657706	1.0545449886362	37
-0.038136307547937	1.50891064530098	31
0.051395993476141	0.812592047666484	31
0.092122545153809	0.565442470016689	121
0.020599904269714	0.823040908958424	121
0.083501416591096	0.536096651412614	121
0.054183937435639	0.584057388068998	263
-0.052088976806141	0.821529114796114	263
0.061625671354301	0.406548240311966	24
0.033221452741955	0.642135366439983	24
0.045387177121236	0.588485730916835	24
-0.033723257638359	0.503957834663669	60
0.079657160514595	0.257856397776203	60
-0.02237869967958	0.346803794135163	60
-0.043194233280242	0.535733506156888	60
0.039481250718581	0.300781306569198	60
0.024248325108719	0.322985265467095	60
0.0672544043218	0.172995065475109	106
-0.049496842769671	0.199311811124143	76
-0.086320827149862	0.2462770269836	302
-0.086999732958113	0.24691407661681	302
-0.104684162855223	0.328156891051407	113
-0.121865173570435	0.365962213903081	113
-0.055014950464147	0.371525858663683	301
0.044037505087772	0.206141034378162	113
0.106955321074147	0.0995100772275884	102
-0.05922615771142	0.248301082532977	281
-0.021704448369369	0.134133840380632	100
0.077669140239254	0.0704991966259504	100
0.015291854415438	0.41322115869114	94
0.054161909189678	0.288879933670779	334
0.103247253906103	0.214691628546277	334
0.028848997224286	0.258458079302439	55
-0.066475324590338	0.332170206201854	55
0.090526178613826	0.169230597901051	32
-0.123799836181535	0.672906550763037	32
0.106754367875063	0.245912015785674	32
0.074029772227569	0.35781123090242	32
0.054499130151327	0.268926839854758	214
0.00338890232977301	0.273597618394626	214
0.069506808730665	0.220589549598148	214
0.098660906690501	0.125504794428015	26
-0.11347907244379	0.289145532950789	217
-0.048834221389074	0.198749220037898	217
-0.122577521445564	0.242496058965275	217
0.052401789028912	0.251949161270343	26
-0.113636406192394	0.289363974427113	19
0.095550614720863	0.13761298156697	19
-0.084740037593072	0.289513981354952	19
-0.105045971154876	0.328561698139012	18
0.098702066688594	0.125470389319951	18
0.098904367457314	0.125286711058239	18
-0.052213125190576	0.114473617777916	38
0.11106265674376	0.0396671757223606	38
-0.0507845806318	0.728663906662082	298
0.112397893331584	0.175202285520063	236
-0.048693374639505	0.198598492946216	10
0.031641559810331	0.178128017918073	10
0.077287962253669	0.0706637074876884	17
0.021560273526845	0.171137953077056	10
0.068707659507827	0.160548948798553	10
-0.00177883819300201	0.372849319259558	34
-0.030951152167665	0.473122791369583	34
0.043785901244289	0.313719177248615	34
0.049961595011577	0.233841276560949	34
0.079352580531934	0.234991517002961	34
-0.031064978924322	0.432139287459004	34
-0.03331338915955	0.297870466380024	257
-0.00426151344688702	0.267832916475948	257
-0.023958800171451	0.303809543916589	257
0.051002633805831	0.23242094666965	34
0.094802387051001	0.721651421668244	37
0.081434999797539	0.687129527756033	31
0.099649858121667	0.48361020648131	31
0.066754551741231	0.612757277560831	121
0.068303695178863	0.513282055342875	263
0.048595858113778	0.537557764562683	24
-0.052819291162427	0.33541316164617	60
0.101012707613473	0.237089848521584	60
0.094542733955361	0.213363172780922	60
0.024687339455899	0.322255722530048	60
0.039832859172402	0.300115321359088	60
0.081409458315048	0.223636245123728	60
-0.059123291830723	0.248291590930997	113
-0.050216861220768	0.199875123159404	76
-0.122196176349309	0.242238734612479	76
-0.104803297880198	0.32828161706574	113
0.086467484251598	0.191472269695352	60
0.066822447259787	0.162457049701791	102
-0.04969523558502	0.19947231882622	281
0.111259604014332	0.039591027620515	100
0.032067716348055	0.352988915235019	94
0.094168622016355	0.282320237784325	94
0.109547664089585	0.18576243211579	334
-0.029706618526703	0.386300569633544	334
-0.023601578370917	0.348865301185227	55
-0.113963702141868	0.400939848364928	55
0.085869727767724	0.192261914932232	55
0.069362736576036	0.170724927972414	55
0.110865507306074	0.0397113788160752	63
-0.044042120815293	0.495540800033825	52
0.039433683362387	0.289929267275964	52
0.088930287881491	0.31917170703075	32
-0.015348979992653	0.309209440842344	32
0.016613125787783	0.533587432379914	32
0.072568870533689	0.382208442017298	32
-0.10492401434816	0.470469534670538	214
-0.040839060655292	0.338518426281082	214
-0.041017698036697	0.416889998278298	214
0.122664333556239	0.142441778986838	26
0.02224814510725	0.170545491719755	19
-0.065979338959831	0.331635624111942	19
0.066524893762927	0.151069914084256	19
0.077669140239254	0.0704991966259504	19
0.068241819833382	0.161032162936474	18
0.111186925303284	0.0396232165072587	38
-0.086071166451734	0.246103746203283	30
-0.038933756481083	0.25163712064566	30
0.095493914810038	0.137625250154821	30
0.073804074673256	0.398576483185888	298
0.089644191596279	0.329399288523219	298
-0.065868515167645	0.738914672111977	298
0.025648944562915	0.443956506462857	298
0.080654539213274	0.270720669871434	236
0.054068013328432	0.269651636289425	236
0.088760753761416	0.179999888783544	236
-0.050216861220768	0.199875123159404	10
-0.011438033271964	0.211848280481976	10
0.115993688804862	0.0833929609815537	10
-0.013874442504156	0.307085858062744	10
-0.080059352563962	0.18944886748509	17
0.11106265674376	0.0396671757223606	17
-0.059123291830723	0.248291590930997	10
0.053309543191003	0.260872315914064	34
0.08539754538324	0.201312405383996	34
-0.030840849696393	0.342553221359576	34
0.111186925303284	0.0396232165072587	70
-0.05186123248638	0.114344294945834	70
-0.085934244324161	0.245932843508102	128
0.113599570937587	1.02350182515496	203
0.082872169590358	0.983072980415901	37
0.100035283536802	0.566461902786594	31
0.096231804197385	0.610136012203562	31
0.033532996088286	0.929738153858769	31
0.088233809938178	0.603287584608843	31
0.075853956847202	0.599369563492664	121
0.101784985018796	0.40653644954904	121
0.111382007857589	0.389543107842142	121
0.002858091338375	0.927288809480874	121
-0.00708737169287299	0.924796558311056	121
0.050464382322647	0.650073400776139	121
0.029786965707714	0.765558012880117	121
0.092241344500108	0.336581587114356	263
0.111865702539773	0.207855765656556	92
0.096177303164075	0.203696099268387	92
0.095658834140299	0.37828943980676	24
0.023916398405722	0.636498839995018	24
0.092706884074252	0.149383815806581	60
0.00303765317521601	0.274070998836702	106
0.041010938954559	0.196955002119209	106
0.064496985635613	0.112928082284262	76
0.067524311203472	0.0941313907174703	76
-0.021559952029171	0.134039665076176	76
0.107150451913188	0.0993673401350934	76
-0.12296841435305	0.242832242499066	302
-0.122463298464792	0.242471644868516	113
0.103344510044895	0.111952756141283	113
-0.061632178651893	0.289821626129042	301
-0.095675896635986	0.400800628962144	113
0.000733545986746992	0.21852413214229	102
0.019261982122832	0.306595783923114	94
0.104143465654165	0.170681858358305	334
0.070560333007811	0.209571990801032	55
0.027288700095871	0.24743146349393	55
0.047124995326472	0.214436501732962	55
-0.104302966917749	0.509051577133114	55
-0.040400804022069	0.337889098490783	55
-0.022333557581422	0.134487452099993	308
-0.058226139038778	0.2474448038682	279
-0.01431351756032	0.307735734154478	133
0.038965793847959	0.290735342363576	32
0.095665439760496	0.272782101097923	32
-0.044320385498027	0.673587413541918	32
0.122020210926496	0.234892826257485	32
-0.039876557679556	0.337178111220777	214
-0.096377342752762	0.401877170623389	214
-0.051434563756978	0.333649315588505	214
-0.006971968737013	0.313258973270081	214
0.000539474908271997	0.147917281057297	19
-0.028476576594008	0.206406522529855	19
0.04988565063957	0.233963443786573	26
0.110295664471298	0.0398561976774745	38
-0.022478032238977	0.134552377386226	38
0.067149732159226	0.0943343972146475	243
-0.022575890878387	0.134611873496179	243
0.122142078261827	0.114346714861098	30
0.119584362462967	0.244938202088129	298
0.023022342884924	0.498342395797777	298
0.05217145563118	0.252293632084745	236
0.050292617034431	0.24437264094494	236
-0.049637754290612	0.199402762004695	10
-0.050955997008493	0.114002992802927	17
-0.05130788380924	0.114155707724385	17
0.077747764576079	0.0704621510143207	17
0.101929122639996	0.18089297386921	34
0.00163148956054401	0.330031070272539	34
0.107351702843349	0.159313396728928	34
0.008750329557079	0.226701006277807	257
0.069732170968336	0.220259259586901	34
0.093490831756064	0.148572143811805	34
0.065181309871941	0.139823905904776	70
-0.022333557581422	0.134487452099993	70
0.111508274088942	0.0395242008307689	70
0.064804870287343	0.140133303772381	128
-0.05780826348398	0.246998841407737	128
-0.058183902117578	0.247411086973662	128
-0.049595963173436	0.19940314615466	128
-0.085754528934316	0.245730645752198	128
0.09909070978383	1.05884090454855	203
0.085440779669862	0.914240405401601	203
0.106336345003047	0.577985824531999	31
0.07800734932778	0.798537625850667	31
0.117535966120241	0.579166123851661	31
0.035473850760509	1.04188597163781	31
0.048663685638357	0.8513991014693	31
-0.00258113433827301	1.06605250810947	121
0.118733242336815	0.398554185923232	121
0.116993534913764	0.471945471125903	121
0.108893305133472	0.501683610611136	121
0.079715282165356	0.538608304558355	121
0.029897256041605	0.761461283234384	121
-0.07630122320931	1.24261170787898	263
0.01222296694547	0.462539320210928	92
0.093441568247427	0.283910254581139	24
0.034100805570735	0.619582476732238	24
0.058047743884264	0.529042437303528	24
0.04142203221598	0.318216207425645	60
-0.00351543851814101	0.376062147291238	60
0.067830766650983	0.232413149277439	60
-0.111637101862773	0.577442710834481	106
0.103110770469622	0.172078054577806	106
-0.02404712118721	0.392839022391243	106
0.02720364680866	0.247578818215263	106
-0.083026896713045	0.329469032399546	76
-0.104884919877863	0.328400143871348	76
-0.000325272603381999	0.148456424274818	76
-0.085912849565885	0.24592842046532	113
-0.121946843369304	0.366069340434295	113
-0.04617303853859	0.293994380843501	113
0.063594693445878	0.113556644367664	302
-0.114158066217941	0.28982867164705	302
0.06461662336476	0.140281656625325	113
0.102089402011038	0.113005296853886	113
-0.06171328779703	0.289870406429271	113
0.062357887973375	0.128947045713597	102
-0.080492360585561	0.189703678604158	100
0.064950026709649	0.139993994682221	102
0.122603092857393	0.213005385042593	94
0.059585852871213	0.331465758441676	94
0.117918317043019	0.180997327313833	334
0.088457735720116	0.1886594678019	55
-0.080308134671469	0.473383680284509	55
0.033275637572572	0.350546538621706	32
0.048663505108928	0.351699600481754	32
-0.080186688547539	0.43792590952425	214
-0.024027824127625	0.349426019210968	214
-0.028464162277704	0.206423910146317	19
0.010131417571271	0.162519548165103	19
0.000345825761857987	0.14805291257855	19
0.116233423832646	0.0832257285933966	19
0.115374126011431	0.0838105155869475	19
0.009793972110345	0.225523317269312	18
0.010478912164186	0.224791093358235	18
-0.082251133100542	0.404585707577363	26
-0.051056826050713	0.114043873194428	38
0.110741291212149	0.0397553524568051	38
0.077444859861611	0.0705745974710687	38
0.105801065697601	0.304977066449442	298
-0.000436588024612994	0.219654154592335	10
-0.123091236242182	0.367532066605914	10
0.10233447303277	0.112814047100568	10
0.066564945894354	0.151043317821617	10
0.066932324952258	0.0944568537323945	17
0.022456634418273	0.17037378469606	10
-0.034067551480744	0.298731293292588	10
0.011825105813822	0.352928976385527	34
-0.059471426620516	0.411369739372163	257
0.026899067539839	0.247995430640287	257
-0.081914674434103	0.328048574788514	257
-0.0224417879611	0.301661359689088	257
-0.123874201560234	0.243441613393871	70
-0.022044616803678	0.134313553575837	70
-0.113441524448583	0.289182802989698	128
-0.058559607459159	0.247787454402326	128
-0.058226139038778	0.2474448038682	128
0.063090855645736	0.113872788212703	128
0.102446135817165	0.746922096778793	31
0.072930056320113	0.698839570873604	121
0.117618237494735	0.479425426026113	121
0.094591927841117	0.539997559613655	121
0.076406182470669	0.65098198394052	121
0.090012299523103	0.439033612778783	24
-0.039015679815784	0.671987853984613	60
0.044308953444043	0.322638008044371	60
0.090131508501424	0.268734077544058	60
0.100789476090264	0.189449385842524	106
-0.031720193831922	0.295666164516913	106
0.0172643316751	0.232229346774506	113
0.029746422870049	0.17999511301714	113
0.06889183844749	0.171270293857863	301
0.102536614204509	0.112648149822168	113
0.021497537951863	0.171129690168877	113
0.08820854781411	0.189018227578418	60
-0.121462033533666	0.47212562647928	60
-0.122724995893763	0.367076590373229	281
0.063603983705067	0.113547393716226	281
-0.052467259080811	0.11457564829848	100
0.100584993601884	0.225524852790525	94
0.021195375540361	0.316023195309965	334
0.093910744256178	0.221387398975967	334
-0.002109776374696	0.373496268680275	334
0.067489091757604	0.203792284541323	55
-0.093284590535639	0.436381553296588	55
-0.0149049085027	0.308594489145193	55
0.090908201158694	0.16003384821611	52
0.00351654386745301	0.389571602801915	52
0.036282691335609	0.188422983915534	52
-0.084775172630018	0.584357664245714	32
0.036865483611101	0.43851702171164	32
-0.00658214039323501	0.36722643720617	32
0.017139491749219	0.461505833208583	32
-0.019051231292753	0.475913462611346	32
-0.047504514252426	0.599761633555098	32
0.060221466913727	0.371627508428359	32
0.070102740429193	0.219713876512525	214
-0.093507624837537	0.436712809035818	214
0.08868165139697	0.180096656104789	214
0.000128439549547998	0.219119557576502	26
0.035440333970748	0.189253349100594	217
-0.028973259916903	0.206822872009292	19
-0.082932327275071	0.287608487474204	19
0.030513433636827	0.179280259716492	18
-0.039050097808186	0.251758676900308	18
-0.058956514383094	0.248126481289878	243
-0.027565462018901	0.205637034999288	243
0.11138395317179	0.0395681269987556	38
0.076828210067455	0.0708505061620851	38
0.076906675776854	0.0708228861667735	38
-0.022575890878387	0.134611873496179	38
0.036320579882209	0.449293217072069	298
0.112105897383847	0.28599212808036	298
0.121888020915354	0.239756322693743	298
-0.085867195422771	0.245914933527285	10
0.067846177222689	0.182896674580761	10
-0.054198483680737	0.452650934408454	34
-0.024769748010786	0.474491450628508	34
0.096509287140986	0.203176637707761	34
0.122668993990264	0.113820767902592	257
0.077669140239254	0.0704991966259504	70
0.11372673849895	1.37357141910237	336
0.097279384482943	1.07700406280547	203
0.043473125997316	1.16295669793806	31
0.08987353944464	0.473604496245304	121
0.053053813345969	0.696223427962597	121
0.069990673965046	0.555698311662454	121
-0.030941776608067	0.4731817139686	60
-0.054790036910472	0.37124528224492	60
-0.00710629806067098	0.36829849194386	106
0.063338227030819	0.113726725452198	76
0.092725867335928	0.158034240807088	76
0.010426249726101	0.162335407706025	76
-0.038730914553008	0.251426355447689	113
-0.122844460016353	0.2427719181186	302
-0.02243143272404	0.134532208149857	302
-0.028099671434405	0.206123441305219	113
-0.114805009560757	0.402270267346339	301
0.036693680013736	0.187992006831888	113
0.022644235534006	0.170201942958957	281
-0.036205885450468	0.379886758095272	102
0.016453868751097	0.233179214393221	102
-0.114151946579966	0.672903066087905	334
0.05651950876426	0.311669740147871	334
0.119766889467186	0.152480573475451	55
0.111259604014332	0.039591027620515	63
0.111259604014332	0.039591027620515	63
-0.122463298464792	0.242471644868516	279
0.112511338213454	0.300374920430981	32
0.058581776104009	0.437612474289562	32
0.00332286832954901	0.273692286911134	174
0.108898659435541	0.282442175716918	32
-0.060550287260779	0.823075842744982	32
0.020698715080655	0.531067826051398	32
-0.00793848041624301	0.314817880879324	214
0.077130680170143	0.0707032722249486	217
0.068240359246493	0.192721819937155	26
-0.045754992553654	0.293463823098906	19
-0.098457340064399	0.364148964709442	18
-0.046201504806483	0.377676835125939	26
-0.048438482129109	0.411806016395277	26
0.017308309371898	0.232175636230785	18
0.11106265674376	0.0396671757223606	38
0.116893353589232	0.0827413115339776	243
0.077287962253669	0.0706637074876884	38
-0.083209161024621	0.287970544526383	30
0.052205968118821	0.468980651909524	298
0.093995187446463	0.355869210941552	298
0.031314301976161	0.506289664150068	298
-0.050343154274001	0.49207345651307	236
0.106264103140117	0.0999985519043565	286
-0.046649616889004	0.294469307945927	10
-0.123225872522512	0.243007036015017	17
0.077669140239254	0.0704991966259504	17
0.021706072516085	0.171003552939741	10
0.06734848975686	0.161949120067753	10
0.01106694214844	0.441844826949437	34
0.018248803814775	0.36517835335952	34
0.108628911927432	0.187147021026148	34
0.106978707644024	0.159797187787724	257
-0.122932414347818	0.367318046151688	257
0.000826616566799998	0.147734590135752	70
-0.082024326695774	0.328269545902971	128
-0.028985876112102	0.206842080705569	128
-0.122710978863625	0.242645782142838	128
0.107776203544254	0.994359686863212	203
0.044159954179813	0.776078470810707	121
-0.03833033804977	1.14395146320344	121
0.024613428863432	0.650450965982467	121
0.017080689989669	0.851706598232103	121
-0.058195605474159	0.40925288550711	294
0.067724918892467	0.172533126729464	294
0.096078448565987	0.20384512916955	60
0.098255881171634	0.125856989272298	60
-0.100777408563896	0.647991031112922	60
0.037973705449826	0.281136247373909	106
0.088239877790475	0.180652662192448	106
-0.021946757622245	0.134275185027705	76
-0.000518223546680019	0.318654011727974	13
-0.080433392197757	0.189696029834789	302
0.121929066663943	0.114556658795301	113
-0.00771448904206501	0.314476098892346	60
-0.049976812809268	0.199695961940604	281
-0.058789704711324	0.247948614466637	281
0.089559328227083	0.170400154815236	102
0.11106265674376	0.0396671757223606	100
0.016040205668815	0.233700828237046	102
-0.00200521086206101	0.321143992560612	334
-0.09373679229181	0.47543525060716	55
-0.085934244324161	0.245932843508102	279
-0.083106565828082	0.368329486494423	174
-0.092276203049388	0.85421449131208	32
-0.01588634183181	0.602543860991565	32
0.06571873657213	0.412436399702616	32
0.068423837806222	0.447512179056093	32
0.091940235840594	0.305788270714925	32
0.069113274070865	0.181466221210164	214
0.068835601696892	0.17133049661302	214
0.091497530365256	0.232457523668912	214
-0.013502862433169	0.306514899417188	26
-0.058747485328019	0.247963473914146	217
0.06756131083982	0.0941065076698602	19
0.09983321383193	0.124420830551808	19
-0.027565462018901	0.205637034999288	19
0.065745834719192	0.139327471399549	18
-0.104282904209515	0.32764098298483	18
-0.067496515987877	0.368909331278555	26
0.12073775786297	0.26175468083142	298
-0.096992640313665	0.94490621205716	298
-0.104321267941005	0.933261974250404	298
-0.114221571242366	0.401401044644614	10
-0.069342441035205	0.406812858902652	10
0.001210605341433	0.1474564468985	17
-0.000355014414689991	0.219591654120524	10
-0.039435294438667	0.52656122590852	34
0.083029730311441	0.212991202591801	34
-0.047023683891368	0.45678830227161	34
0.076749648212665	0.0708623006217085	70
-0.021946757622245	0.134275185027705	70
0.115713562889498	0.0835762750014481	70
-0.051207197913351	0.114082475276051	70
-0.051207197913351	0.114082475276051	128
0.030396801759499	0.179381890674393	128
0.057627236690042	1.21477306924608	203
-0.015349031643344	1.76111242642089	31
0.078557196298485	0.479300257766105	121
0.062456394234358	0.544474300090569	121
0.092546203549872	0.335752610407884	263
-0.042601704050404	0.627650169360077	92
0.094243251785294	0.213839035531076	92
-0.012799788209744	0.572492030059828	24
0.081862287291571	0.44961143358982	24
-0.018724962222047	0.597960114698613	60
0.069132489611982	0.201741336318086	60
0.053039388950527	0.261290984108811	60
0.056966278018528	0.319597565620832	60
-0.065429316472668	0.652734159059922	60
0.086781018917189	0.199311086109445	106
0.106629747950089	0.196618199782511	106
0.069470107464749	0.19116501139333	106
0.062877527393493	0.128555647558065	76
0.00170035490717199	0.217474593036012	76
0.065598869338303	0.151898579120118	113
0.115174194519601	0.0839283243079701	302
-0.028269340568904	0.206268642627317	302
0.068528451737194	0.182140861831767	301
0.090028941306336	0.178311011449428	301
0.07024059985509	0.209988506611568	301
-0.081816139661481	0.328008184227772	113
-0.030701285285942	0.431425672075464	60
0.053463560275139	0.250313038345928	60
0.00170035490717199	0.217474593036012	102
-0.080531750478295	0.189739709538567	100
0.077130680170143	0.0707032722249486	100
-0.123492722482685	0.243239998259869	102
-0.00187316150040101	0.320840025933338	55
0.053502313633301	0.250249622217839	55
-0.121424130689905	0.572833365573041	52
0.010644835276667	0.342055850750475	52
-0.022044616803678	0.134313553575837	133
-0.000737709478405013	0.554559176113864	32
-0.039657560315529	0.336848506005901	174
0.059176787265728	0.428446888048757	32
-0.03341404136621	0.297991374436719	214
0.0688988695947	0.181714160477089	214
0.021563720366821	0.241210727823536	214
0.053700166858326	0.270277706541658	214
-0.033526807296712	0.298142572589099	26
-0.024752071283209	0.25699650481679	217
-0.065093743327652	0.330497529355908	26
0.035550271146457	0.189164198750947	19
-0.028269340568904	0.206268642627317	19
-0.113284453459869	0.289018330554539	19
-0.049976812809268	0.199695961940604	19
-0.062076789960408	0.290319849297881	18
-0.08317650626724	0.28780292415602	18
-0.051760517099524	0.114337551940054	38
0.077287962253669	0.0706637074876884	38
0.064249936229472	0.113101473355432	243
0.000299070608598989	0.148080019848136	243
0.02189373675348	0.170854451279576	30
0.01058494668197	0.162220283724955	30
-0.10881452026279	0.43587297079326	207
-0.051916118039823	0.691150207533947	298
0.104410158228777	0.291324678713193	298
0.079308746148801	0.258508837110005	236
-0.023229649899073	0.508907828363097	236
0.064826483304247	0.140114977779492	286
-0.113102216654575	0.288841595557394	10
0.008649862423904	0.226824125300104	10
0.029521170591843	0.257533775333367	10
-0.123235332324392	0.243065213858136	17
-0.05130788380924	0.114155707724385	17
-0.086296494865022	0.246254870434911	10
-0.000556898150436025	0.219778738107094	10
0.110050192129493	0.184977629054849	34
0.042634170471982	0.315938662871918	34
0.099631176245712	0.124613610547532	128
-0.080492360585561	0.189703678604158	128
0.051094025225999	0.581775924666457	121
-0.080338114565772	1.44475200820773	121
-0.00661592609093598	0.872765075875303	121
0.055532140627007	0.624354060529681	121
0.087267401580221	0.486040944255334	121
0.010729315714744	0.761293857602745	121
-0.069923397073212	1.08281052089152	121
-0.061180674608601	0.713736066978628	263
-0.01863162713355	0.398614089780898	60
-0.050425795613678	0.415281108474488	60
0.013251181770064	0.28910889228709	60
-0.083689636088833	0.514828374137681	60
0.099768191227998	0.183926959783449	60
-0.038730914553008	0.251426355447689	113
0.064126245577082	0.113165915307209	113
-0.011152186962401	0.211545080520693	113
0.096106389669414	0.203777225027053	60
-0.06113467228058	0.446339852117993	60
0.010947707408281	0.161941372487397	281
-0.00991983607459401	0.210339313842684	102
0.061975799371008	0.129233448667756	281
-0.027917396201814	0.205962223094542	281
0.008324836452867	0.281893752435672	102
0.067089527774118	0.0943819801836264	100
-0.123111493371038	0.242966235418229	100
-0.080216847495123	0.189563353167821	100
-0.047721092568416	0.530512760036693	334
0.100525410265059	0.189960370327371	334
0.030189025663367	0.256635705838833	55
0.092791190185442	0.157960038994693	55
0.12397108383305	0.140908621591245	55
-0.051376009547288	0.494271552535626	52
-0.05780826348398	0.246998841407737	279
-0.095792612557284	0.400979672592595	52
0.037637481247339	0.361944832240177	32
0.032692056061763	0.429945099088267	32
0.074453281697418	0.377050372186557	32
0.041382531675862	0.383341476853858	32
-0.049878033337088	0.33140429309183	214
0.057387516954945	0.301079769491192	214
0.10229167284661	0.112845708404804	217
0.11561390321007	0.0836504200965177	217
0.106942697232033	0.0995091883743052	19
-0.058350548305557	0.24756319655217	19
0.114854373153765	0.0841407851265303	19
-0.081865377578882	0.328039806769445	18
-0.09313943895346	0.474390323733349	26
0.043880909942545	0.206329124536967	26
-0.05130788380924	0.114155707724385	38
0.08569495001087	0.311725974692725	298
-0.046122864617811	0.293904246885737	10
-0.059623430918878	0.2487050417029	286
0.00000789580044899263	0.21925086169419	10
-0.050216861220768	0.199875123159404	17
-0.113975771269498	0.289671882443403	10
0.06756131083982	0.0941065076698602	17
0.040122854702569	0.299628063685942	34
-0.099818117908972	0.611106467646406	34
0.118697624268411	0.179791298086895	34
0.03820315633626	0.280752488661958	34
0.110741291212149	0.0397553524568051	70
-0.122453566160504	0.242448039725143	128
0.062327772764235	0.128977999072392	128
0.111579437481334	1.16627305453128	203
0.079177964483127	0.962075777676942	31
0.11929574401846	0.469261428155768	31
0.052093885367641	0.783088532250303	31
0.105681243425314	0.36960096186408	121
0.013059233761927	0.822786274104379	121
0.049994660433623	0.637758227993475	121
0.112515407026236	0.333712942270978	121
-0.097489820518263	0.639834654290333	92
-0.055163206507562	0.371819054414666	294
-0.115753529823156	0.50506196571598	294
0.051645321405089	0.493425240469374	24
0.108180101536815	0.289131268051187	24
0.037563889279651	0.281802181691682	60
0.00215340670820899	0.37901550090645	60
-0.039133313549912	0.336083647957635	60
0.056246917090546	0.303320324199493	60
-0.016274543416351	0.353495202944848	106
0.008649862423904	0.226824125300104	106
0.001210605341433	0.1474564468985	76
-0.104200804503169	0.327579752399386	76
-0.123883561867741	0.2434893279131	302
0.098739791014573	0.125390694769184	113
-0.058350548305557	0.24756319655217	113
0.001781559856639	0.21734127172539	113
0.065369502683914	0.139662895897511	113
-0.104994614099742	0.470722293782493	301
-0.024483642829883	0.256703111585679	113
0.063727616277926	0.113470545102492	281
-0.122453566160504	0.242448039725143	281
0.02189373675348	0.170854451279576	102
-0.022673798441114	0.134647807833755	100
0.06702943529801	0.0944154915212594	100
0.068004806743898	0.308605472678762	94
0.066739811872838	0.269862152235169	334
0.026229862508188	0.331195569799791	334
0.115737289787355	0.16417845446636	334
-0.080590886176117	0.189793828809921	50
-0.022673798441114	0.134647807833755	50
0.11138395317179	0.0395681269987556	63
0.01662417953133	0.233018695590884	52
-0.080581515387882	0.402032181276665	52
0.062849437113846	0.128576152867721	133
-0.049303606577037	0.698760530383409	32
-0.013715576293715	0.562025293025431	32
0.078960363045245	0.259123343242938	32
0.105778443458302	0.295066457975877	32
-0.067672039499809	0.36920114459229	214
-0.109645028057063	0.437134530775001	214
0.098747765715217	0.192659621016486	214
0.04895986206844	0.223818808174845	26
-0.045805054843179	0.29354928529882	26
0.011265128253768	0.161662180062301	19
0.0000586775736340084	0.148235683550258	19
-0.057974869900367	0.24715081944988	19
0.103982215151355	0.111401802039869	18
0.115554010789196	0.0836709149409788	18
-0.105125595228806	0.328681805835128	18
-0.05085522540367	0.113929791311759	38
0.084142424020501	0.203061200974194	207
-0.028226884848945	0.621139321089633	298
-0.070063347029679	0.676903895822278	298
0.102119397252537	0.180626655529584	236
-0.01662308103547	0.354094011034313	236
0.102898082445889	0.112348135284801	286
-0.080472504908821	0.189636140045256	286
-0.093365077686353	0.474796737662879	10
-0.05070511344484	0.113868586011911	17
0.111186925303284	0.0396232165072587	17
-0.013289572618031	0.262125882131686	10
0.119587464448842	0.152709908310532	34
-0.016477756578493	0.353859353309968	34
0.049654783274859	0.234277641501909	34
-0.052011923493779	0.114426137674261	70
-0.011555158455564	0.211933481136974	128
-0.113611126768052	0.289328089629152	128
-0.104322411371931	0.327726763570163	128
-0.079901828647139	0.189315386906608	128
0.075890121774585	0.939466087457163	31
0.114534998355576	0.557197553832439	31
0.113218324894629	0.543378734172503	31
0.100364761719123	0.311989551370928	121
0.079952087929635	0.377252980354954	121
-0.080758291640322	1.16394271669041	121
0.091658185122582	0.489794228706622	121
-0.015746302826346	1.04347773253877	121
0.04055961828902	0.705803339343746	121
-0.010845411250969	0.61209999513453	263
-0.11347907244379	0.289145532950789	294
0.030503904250928	0.622649991068438	24
-0.059033541168307	0.92166422365674	24
0.054743918350691	0.278211399142306	60
0.041299641728003	0.297494246137604	60
0.035120684534525	0.357102544662131	57
0.053685292425421	0.260109746400405	60
0.038561574086085	0.29139521129604	106
0.086839260646619	0.190974373346299	106
0.064638235399883	0.140267622068899	76
0.064971536985814	0.139992606998261	76
-0.04945514631655	0.199284680904651	76
0.098582032327563	0.125564725951629	113
0.065159746706177	0.139840043884462	113
0.06723947353711	0.162046068101607	113
0.096022054946659	0.137147633388364	113
-0.022843444676706	0.347670933448137	301
-0.082501000055375	0.328878243381173	113
0.106459458296587	0.0998432451803244	281
-0.104964464550516	0.328489243449985	102
-0.062642605172663	0.290961902890044	102
-0.080216847495123	0.189563353167821	281
0.068308501384424	0.171911270340255	102
0.037173520013374	0.447037975858847	94
0.109322755478126	0.186108863958786	334
0.121929066663943	0.114556658795301	55
0.091959601177289	0.158905401931594	55
-0.082888510903839	0.513191949871071	55
-0.115658805856106	0.403441533376826	55
-0.021848947526976	0.134213470671699	63
-0.113067138863049	0.540877402421139	52
0.064356544949238	0.416316949420809	32
-0.109536736563188	0.437037858703808	174
-0.076168697662319	0.765414269915766	32
0.01599689519558	0.233688605638185	26
-0.082857910245276	0.329236017184219	26
-0.09124168639431	0.644812831428788	214
0.10258238599902	0.221967627933075	214
-0.033796976478105	0.298454226660393	26
0.091631774422173	0.159276928638874	26
-0.04042633151852	0.253065136566392	19
0.107150451913188	0.0993673401350934	19
0.099549462526828	0.124674789504222	18
0.110617046663885	0.0397781881823515	38
-0.05085522540367	0.113929791311759	38
0.110419856553328	0.0398333964039841	38
-0.021415458528306	0.133918139150206	38
0.121910771849486	0.235161165803514	298
0.07580999523659	0.310382041559995	298
0.116018281553819	0.251021621648232	298
-0.000948034492171013	0.542843111547016	298
0.022602699826564	0.31369447236143	236
0.06607900857444	0.139040471279567	286
-0.106261537350414	0.473027833188664	10
-0.022673798441114	0.134647807833755	17
0.06702943529801	0.0944154915212594	17
0.078050209638925	0.0703285960960095	17
0.067464110052573	0.0941758280759728	17
0.062824638589064	0.128556760015184	17
0.116092795331912	0.223777434580289	34
-0.060588822046068	0.525307216338033	34
0.12413129183097	0.140699120546621	34
0.035690538600091	0.273149734681571	34
0.065116776113749	0.139840711165185	257
0.066931286812252	0.162352672678622	257
0.077366459194204	0.0706266937852931	70
0.000826616566799998	0.147734590135752	70
0.000894758724897998	0.218348799569101	128
0.07797136228438	0.0703563818212956	128
0.099476717745385	1.21400316993319	203
0.08257609567459	0.827864096387176	31
0.096534441495095	0.635464014317962	31
0.088066728194421	0.488722324413303	121
0.104115210866815	0.46903037353455	121
0.074081920761741	0.576202014405216	121
-0.12263374000094	0.366984807287824	294
0.069863991113807	0.533604905290773	24
0.100480020522927	0.389161137753649	24
0.079285913296326	0.463622018405597	24
0.009297225855911	0.657349782875501	24
0.016102452297112	0.357331273488755	60
-0.093956170504811	0.437488438449853	106
0.124494662610708	0.159875217956034	106
-0.00459082796134802	0.268247945232053	106
0.010222188948344	0.162483362670592	76
0.115134307407614	0.0839673653379408	76
0.063993392379971	0.113276482234153	76
0.067149732159226	0.0943343972146475	76
0.106980915079852	0.0994873690844118	113
-0.022091243109116	0.134354832803417	302
-0.082868094749565	0.329307871529372	113
0.029991997398499	0.179771394817543	113
-0.122228902047531	0.366447377730001	113
0.076681667763743	0.0708869259391728	100
0.107754481026834	0.285227945755335	94
0.124056395396029	0.160516446260793	334
-0.0704217103463	0.442786899646011	334
0.010630302153423	0.162181165434051	279
0.123905175667389	0.140990073645877	52
0.123839653729107	0.230932520637093	32
0.041229449185176	0.52154562947335	32
0.040955669614445	0.197020787930818	26
-0.044810658603511	0.292234808944833	18
-0.112203507349483	0.287827423304095	18
0.067953506923422	0.193056264543505	26
-0.052112495471293	0.114466940015057	38
-0.122723490374735	0.887555366631833	298
-0.020976504631898	0.59115861184166	298
0.087274462969492	0.335522618234537	298
-0.102057149623114	0.913338637719271	298
0.063594693445878	0.113556644367664	286
0.066403909970628	0.151193077110022	10
-0.082659833208289	0.329054238072356	10
-0.051509428217989	0.114203380422749	17
0.097233219489801	0.135924214752819	10
-0.04138122683117	0.462943130114539	34
0.102629638861436	0.179877210578511	34
-0.021713203203596	0.345764202926996	34
-0.025376040570026	0.257664447846525	257
0.103296598787099	0.220662058698574	34
-0.080000277640246	0.18942069044567	70
0.001835038287999	0.146965208125515	70
0.124828694048207	1.04154639319973	203
0.10286930741976	0.675555630278243	31
0.00132096107749699	1.2171534532107	31
0.066135830202681	0.937965419127788	31
0.060460205003228	0.394634424679965	121
0.096721947025374	0.501355882699387	121
0.00471001076259101	1.01344022497322	121
0.068812741774684	0.552959841087255	121
0.001851477498023	0.893389337227453	121
-0.053894647228251	1.15442813594371	121
0.116642381015339	0.260967217403871	263
0.116945688828645	0.126668893840773	294
0.106506064212008	0.319631868495632	24
-0.114165005989135	0.54310690475868	60
0.057453113618631	0.291959347453327	57
0.000284499598154991	0.429576775637066	57
-0.00237695885578898	0.321736128888809	106
0.027270732939783	0.247490226906731	106
0.115034334206965	0.0840269647877798	76
0.062302809205442	0.12897809695919	113
0.000729795165336999	0.147789290806825	113
0.00153915596093601	0.217649646280041	113
0.066713630308691	0.162530999537769	281
-0.086229479575169	0.246262004082091	281
-0.083974299824038	0.288787916609673	102
-0.051509428217989	0.114203380422749	100
0.021747962878096	0.170983213675606	102
-0.052055859386437	0.523616028495241	94
0.118033338162594	0.186293562126086	334
0.068834861539455	0.202128388238535	55
0.067354616023867	0.172916239374277	55
-0.02243143272404	0.134532208149857	50
-0.056417004573525	0.486860482680815	52
0.019811730962696	0.305727142901155	52
-0.124100103686063	0.674095408419801	32
0.100934096528368	0.38344254156834	32
0.040236537572227	0.465451754425064	32
0.036282691335609	0.188422983915534	174
0.014283442663347	0.753473900105103	32
0.021082479075606	0.714300651661053	32
0.049589286876662	0.234334242025755	214
-0.039572017153307	0.252254280187876	26
0.060096111580836	0.330351529534996	214
0.02176899474331	0.170951354094902	217
0.044507282945213	0.205539150105086	26
-0.123250028782709	0.367730184246601	18
-0.113284453459869	0.289018330554539	19
0.067246759682515	0.0942982306112401	19
-0.028960524186138	0.206778067063531	19
-0.08230833251752	0.367317212044775	18
0.09914753274584	0.12505179399869	18
0.035708965071925	0.189005333642041	18
0.036282691335609	0.188422983915534	18
0.066483966298568	0.151097831921735	18
-0.022380222512124	0.134456407532062	38
-0.051408627280488	0.114196567167764	38
0.010018119805697	0.162624868443072	243
-0.079901828647139	0.189315386906608	243
-0.0000848892720060057	0.148307880928239	30
0.109693452668914	0.149192367131229	207
-0.096278174464179	0.704078903754675	298
0.09752865847564	0.306140581810523	298
0.081857378772583	0.347004584853095	298
-0.06098310953374	0.713045297980394	298
0.099388135624318	0.124834602123123	10
-0.080157715643049	0.189518424818333	17
-0.052011923493779	0.114426137674261	17
-0.022575890878387	0.134611873496179	17
-0.009898548432412	0.411083425235507	34
0.079058137928168	0.251341668462094	34
0.06965588444267	0.201063273990465	34
0.097011022804778	0.202392014731089	34
-0.080246472795501	0.437866428120682	34
-0.04945514631655	0.199284680904651	257
0.110617046663885	0.0397781881823515	70
0.066437547377698	0.0947176722236257	128
0.112099465311841	1.1679711251927	203
0.12078011420895	0.801752326214334	203
0.106488644600514	0.697877580110299	31
0.121449992915224	0.354728914805245	31
0.038222822371207	0.360619094351755	121
0.014237825073535	0.519643500118829	121
0.024282386343543	0.851522647547317	121
0.091779492748054	0.54019863976234	121
-0.021300371514957	1.01285324845076	121
0.044895667626712	0.678780809659257	121
0.121679837382439	0.38657779620466	121
0.054255052567209	0.621482224644985	121
0.101386467443173	0.26882028908333	263
-0.082169766246891	0.735789894668405	92
0.06075445702985	0.438380843905857	24
-0.082788914085282	0.611428496559175	60
0.051826860691144	0.25268634213534	60
-0.048037582506472	0.458813785468668	60
-0.121444059985392	0.472171196544612	106
-0.104684162855223	0.328156891051407	76
0.067306906576961	0.0942595441750744	302
-0.086387788919509	0.246404983872412	113
0.091741055369245	0.159159571764721	13
0.035452349417678	0.189237602172651	113
0.093818019857085	0.148232551080253	60
-0.113808816306852	0.542290508006559	60
-0.036802764217122	0.380910615415817	60
0.107150451913188	0.0993673401350934	281
-0.02935037790652	0.207096463946758	281
-0.080000277640246	0.18942069044567	281
-0.122977964865057	0.242878747706938	281
-0.081122390794938	0.19003379276515	100
0.053814620250632	0.260054458017008	94
-0.118808416316953	0.73562555944855	94
0.119715094745287	0.152543529905521	334
-0.064342145991371	0.329566535233792	55
0.114727927548175	0.165555841100864	55
0.067404020697677	0.0942067543932056	50
-0.121883074749432	0.472891414700398	52
-0.081624574601656	0.366332486260395	174
0.068870371573003	0.494369895803875	32
0.078447119178691	0.454150370265989	32
0.00985561363616699	0.539044349111757	32
0.000249030531664002	0.148093375606031	217
0.047255761002864	0.214204101254922	26
0.065840554304334	0.151697632326437	217
0.0000586775736340084	0.148235683550258	217
-0.021415458528306	0.133918139150206	217
-0.032886776752465	0.297307964428367	26
0.021393590787142	0.17126643937334	19
0.010539579278	0.16224349199548	19
0.040844881139547	0.197119107154163	18
0.095760827290033	0.13740747630617	18
-0.014921833849948	0.30860347019959	26
0.090813649127473	0.168877188907624	26
0.110419856553328	0.0398333964039841	38
-0.051408627280488	0.114196567167764	38
0.11138395317179	0.0395681269987556	38
0.033719497072411	0.264085314448414	207
0.077800370716024	0.313412473762899	298
-0.00153320090255599	0.556912786720771	298
0.027486895404992	0.379395909787841	236
0.062327772764235	0.128977999072392	286
0.067139930181552	0.16215273270425	10
-0.028426201740457	0.206360771798105	17
-0.022478032238977	0.134552377386226	17
-0.05229262110451	0.114472815751697	17
-0.083772347614011	0.288579793874982	10
0.069506808730665	0.220589549598148	34
0.067838690448163	0.0939563331089012	70
-0.028464162277704	0.206423910146317	128
-0.113259206346688	0.288995615705207	128
0.063347430239236	0.11371260792063	128
0.123044617343252	1.01377735943094	203
0.120157051333216	0.750010255601799	203
0.028065869314021	0.934657717146006	31
0.087212504248287	0.868503202760957	20
0.051472972302654	0.447687907789163	121
0.080488490075711	0.704564948547539	20
0.068592037593235	0.383253701377598	121
-0.063331766206178	1.07712202407381	121
0.046869275439251	0.854593320659397	121
0.113454375608244	0.439120229968561	121
0.099370553012155	0.469619150566694	121
0.076712237446691	0.5011080861843	121
0.087177591629403	0.402937493293641	24
0.068258139620574	0.460750556356998	24
-0.035555563317771	0.797254762988038	24
-0.012152297302763	0.362206708502186	60
-0.024462160716662	0.550226931602031	57
-0.117382115425833	0.731736830093172	57
-0.120566891202874	0.470629729723678	60
-0.014361050312532	0.405544555505203	60
-0.043262232425213	0.420940281764188	60
0.035804377932514	0.188901357650998	106
-0.081610548771042	0.403676033372027	106
0.109023388617136	0.149975776942584	106
-0.050889875588039	0.332905224867671	76
0.077892419326973	0.0703684608142334	76
0.085166932632047	0.201636926001157	13
0.063471116970056	0.113640626783262	302
0.116093333289124	0.0833196897353597	302
0.116233423832646	0.0832257285933966	113
0.068313106275134	0.202780855344636	13
0.103100085012933	0.112176063409813	113
0.093818019857085	0.148232551080253	113
-0.014093944101339	0.307413450710553	13
0.081710102701093	0.239010514459329	242
-0.043683832179509	0.494708239454642	242
-0.052011923493779	0.114426137674261	100
-0.080374313460103	0.189661122443498	102
-0.068711794010689	0.584503597855678	94
-0.087215680533394	0.731329394334894	94
0.021403297187844	0.370277982725366	334
0.077837501670212	0.253446183973232	334
0.042518472701957	0.326115446860569	334
-0.081543697518934	0.403541836245081	55
0.067778604258213	0.0939842075375844	308
-0.055461290136796	0.372277318446625	55
0.110741291212149	0.0397553524568051	63
0.111508274088942	0.0395242008307689	63
0.021726988845641	0.171000412109928	133
0.123707687280524	0.226691364359768	32
0.016667594135194	0.232935375191575	26
0.003035205125659	0.390477248996811	214
-0.114816371465441	0.761328158668775	214
0.091106537073787	0.159878913147679	26
0.06702943529801	0.0944154915212594	217
0.065681290840153	0.139383420349145	217
0.068849884474892	0.191974765309883	26
-0.05153234604075	0.333799871450368	26
0.01085698504102	0.161964144671118	19
0.030237352066268	0.179519490234157	18
-0.062803963353885	0.291157976995208	18
0.119022558571958	0.153467598738467	26
-0.050519693473928	0.332381341428134	26
0.011355802079144	0.161613415181199	243
0.0000470993055020075	0.219127322581146	30
0.097151659433876	0.263470508829377	298
0.116706661966031	0.244705534549693	298
-0.048737817599651	0.629647833986434	298
-0.061415713290431	0.446778159644054	236
-0.011119197452014	0.211537302264436	10
0.107502401279229	0.0991035134167607	17
-0.050216861220768	0.199875123159404	17
-0.123111493371038	0.242966235418229	17
0.022331983246502	0.170434729765056	10
0.053879209142954	0.259936972690304	34
0.103231125248033	0.220778263163973	34
0.120779818196168	0.151099176293951	34
-0.02459332016005	0.256832700747948	257
-0.03341404136621	0.297991374436719	257
0.076828210067455	0.0708505061620851	70
-0.051408627280488	0.114196567167764	70
0.096865195785703	0.136305964910539	128
0.010426249726101	0.162335407706025	128
0.063984094229248	0.113295491069645	128
-0.086342135333983	0.24634374920067	128
0.115654036304429	0.0836179024880272	128
0.096329567379317	0.714817666277672	20
0.069541860252356	0.180960346316559	294
0.060341163238852	0.387154443926234	24
0.116029120990512	0.335866306891775	24
0.094341126306263	0.288046600398941	60
0.023107246844142	0.312849375330391	60
-0.00594885081985402	0.41678165038257	60
-0.112043479400742	0.538800225746923	60
0.090615444861528	0.24761414091516	60
-0.06997792378932	0.587583085721903	60
-0.010174854800007	0.358789617501992	60
0.113314430810293	0.137747685352995	106
-0.012800984321116	0.363312815456513	106
-0.084176318899615	0.288987578674159	76
0.098136013213731	0.125970414682413	76
0.067306906576961	0.0942595441750744	76
-0.121938809535006	0.242016796759973	76
0.037057588398601	0.187596790849367	113
-0.049595963173436	0.19940314615466	113
0.033785743004677	0.263969968603397	13
-0.109623644860555	0.437197700613792	13
0.091325524741184	0.159638482393351	13
-0.081051347755023	0.474818155511457	13
-0.117817724476714	0.644362618954135	242
0.057533288253407	0.318443926406085	242
-0.049595963173436	0.19940314615466	100
0.000779890344411005	0.147746983609416	100
0.051224648257069	0.264088020319758	102
-0.099561715534441	0.760268131698644	94
0.121192312528963	0.29419760177085	338
-0.023643401000296	0.510034236364703	94
-0.06280661492301	0.55917800215657	334
-0.024671588508142	0.435197742724238	334
0.098379725511056	0.125748465330707	55
0.048170098612951	0.352759923345289	52
0.04311753744521	0.583282134525542	32
-0.014921833849948	0.30860347019959	174
0.098148210566194	0.328336813859779	32
-0.044414479931627	0.990964287689214	32
0.025788222578474	0.509897301488925	32
-0.122339630190652	0.242337181124196	217
-0.082183246808149	0.328485629121857	217
-0.079567062871245	0.189102748087155	217
-0.00422039890632803	0.2677669185127	26
0.117760679819053	0.125758781842418	26
0.10732002308602	0.0992423074798941	19
0.036329715666637	0.188375409886179	18
0.115374126011431	0.0838105155869475	19
0.039902187405805	0.198158935666948	18
-0.105447748668601	0.329020906923907	18
0.02232596895236	0.240297918771295	26
-0.086862694111642	0.246731407407867	243
0.022852019750061	0.239618431138607	207
-0.057810634990161	0.408544339068862	207
0.043366105230745	0.415877888290245	298
0.124792396958966	0.208626731621277	298
-0.012827270210537	0.489271149546119	236
-0.122836286997899	0.367239060622387	10
0.041592720597735	0.196279606401921	10
0.050998559303718	0.24322742245779	10
0.09376134756708	0.148294363141245	239
0.12486147897361	0.139752405367302	239
0.068684390779228	0.181958821375353	239
-0.00650741470104399	0.452530488821386	34
0.091568036862273	0.225340464341503	34
-0.112236500801007	0.539141168133921	34
0.06698117426494	0.162307885365839	257
0.002579318136679	0.274707428775462	257
-0.084463716985162	0.289184923659914	257
-0.052011923493779	0.114426137674261	70
-0.010833506523452	0.211275303653512	128
-0.038571277067076	0.251243514626896	128
0.095206113023537	1.13553191232423	20
0.122509102710146	0.954517473719863	20
0.094260598386336	1.17999071316181	20
0.122424975787722	0.440511102597278	121
0.048006684191958	0.724053215841328	121
0.037967446531572	0.810215477945634	121
0.01845345190587	0.364662648220895	294
0.081879815222993	0.404020353446171	24
0.093420506456088	0.441340621863563	24
0.028769408803901	0.760554565367967	24
-0.018470339919749	0.398287545836485	60
-0.08871159912572	0.703510860899136	60
-0.060112658967525	0.552545084487584	60
-0.118578577095224	0.607068469833375	60
0.067519854888444	0.268569165321254	60
0.085329188909287	0.209554662784549	60
0.017206657570974	0.296759952607769	106
0.069050732515942	0.239693727046313	13
0.01022073029645	0.225111753388348	113
-0.021946757622245	0.134275185027705	302
0.063860515934769	0.113377323003526	302
0.0990655881031	0.12514049313332	113
0.05321236846565	0.240101875519218	13
-0.022870564329357	0.302298816178691	13
0.020832262478472	0.304047302751467	13
-0.110801126878647	0.575639677826417	242
0.067737167065483	0.259578868685054	242
-0.099888148852525	0.366165591348851	102
0.10229167284661	0.112845708404804	102
-0.113705023720897	0.671711647261199	94
0.00139408846842301	0.60065595725468	338
0.045005245259752	0.32125964596935	334
0.00967327841676199	0.487840326010303	338
0.103972809151392	0.213384874760841	334
0.050063996423111	0.375954785969729	334
-0.069506851008807	0.586426169728938	334
0.068469203014608	0.291450551308457	334
-0.082675553565577	0.44211053188277	55
0.051374929500242	0.231889029967995	55
0.047299784548635	0.214231319697123	55
-0.10010067070011	0.366434657236932	55
0.111186925303284	0.0396232165072587	63
0.016077284157794	0.357401943918509	52
0.065702753225099	0.139375634354003	52
0.067824938035659	0.16144995624048	174
0.00451207464279799	0.623134171848252	32
0.089397414521078	0.39598624800723	32
0.0921963969292	0.371698621467209	32
0.112058333247445	0.17569519531866	26
-0.069417704290746	0.406921874108226	26
0.063984094229248	0.113295491069645	217
0.10063879416663	0.182729681483016	26
-0.000516094429092007	0.219728592690948	18
0.035244553782597	0.189429597643511	18
-0.039093367480434	0.251808898731318	18
0.066202778682612	0.151375375307324	18
-0.052331477797243	0.334838247792942	26
0.067666093001774	0.161621962748306	26
-0.051408627280488	0.114196567167764	38
-0.081181477038761	0.190104822937494	243
0.103947491960196	0.292428394395793	298
0.00148462073849001	0.517081173753905	298
-0.111387984808078	0.787205456541622	298
0.051565128945041	0.263572345766805	236
0.03575781073953	0.188958167650332	10
0.077209369194292	0.0706913846673543	17
-0.08372991827601	0.288516100121342	10
-0.00749055196111098	0.314129365110498	239
0.016881242654013	0.232686846195487	239
-0.113615927548982	0.542033651518529	34
0.068683955993464	0.212176244264099	34
0.061019166954666	0.35348331127975	34
0.093995393840782	0.227994066457453	34
0.120407543725316	0.151601893797964	257
0.00106702885839699	0.147564346923324	257
0.06768148630112	0.0940477132535558	70
0.000289662224854992	0.218944075420523	128
-0.00536674146257599	1.77542688160948	20
0.018756695984632	1.22292665849922	20
0.039013258836796	0.864397752239614	121
-0.06181342214903	0.878143442282818	24
0.082561222592424	0.5073447893667	24
0.046212529375033	0.720631232939626	24
-0.052129016970743	0.797891137010075	24
0.035307708811403	0.452001913266836	24
0.017464070687689	0.366745632453871	60
-0.015243123749795	0.517347379813658	57
-0.00257312967756401	0.423010475708504	60
0.042992503611845	0.315258101865472	60
0.022170207333325	0.240488950012066	13
-0.082238910398319	0.477225217093181	13
0.069507006673351	0.201254258690807	13
-0.103336520064238	0.507406987133234	13
0.103611695049255	0.171370293324384	13
-0.030256419875081	0.387246538558441	13
-0.072309770842108	0.479676975427354	13
-0.011450185082679	0.259740137454053	113
0.067730353348786	0.149916435069097	102
0.070404582738791	0.190023489627254	102
0.1134671309199	0.137577428130173	102
0.000169043836038996	0.21909331377389	100
-0.086999732958113	0.24691407661681	100
0.102770083043593	0.112424651891105	100
-0.009898117294381	0.210290115291	102
0.079197913460746	0.266181557346627	94
-0.061742976649745	0.715435310765949	338
-0.061364372699089	0.446784102992592	55
0.099821389926702	0.191044446232521	55
-0.05186123248638	0.114344294945834	63
0.005633238267956	0.385249458341477	52
0.039365343871023	0.198732290815392	32
0.087590799900461	0.28764945685975	32
0.11777313733874	0.210147532386694	32
0.01681450338109	0.462321492571183	32
-0.062399529735809	0.290724208906625	26
0.121929066663943	0.114556658795301	18
0.068132460575879	0.161155760246022	18
0.000894758724897998	0.218348799569101	18
-0.046651664683899	0.294416434505946	18
0.00358626409979601	0.273234502078858	26
-0.050034875717803	0.199689431018485	243
-0.05130788380924	0.114155707724385	38
-0.021704448369369	0.134133840380632	243
-0.086342135333983	0.24634374920067	30
-0.076324592187659	0.552898162590312	207
0.00935180547984199	0.500139344307098	298
0.061249602015993	0.37695554747295	298
-0.04972475204316	0.700163780391415	298
-0.039551970237965	0.336672072022939	10
0.043880909942545	0.206329124536967	10
0.00985943419421201	0.162729266655973	17
0.063851138491933	0.113381586910251	17
0.022790104914497	0.170056440440442	10
0.068151607469472	0.172077088016171	239
-0.00838396213665899	0.31545130499337	239
-0.00198532792985501	0.373117884874446	34
0.092153829799767	0.224369603671703	34
-0.107945034590675	0.643649866816344	34
0.067306299490287	0.268951482968175	34
0.113247999057791	0.137827184314604	257
-0.12335928562248	0.243133184079014	70
0.103737952409487	0.111605500681502	128
0.096808121829957	0.136279212039567	128
-0.061793521474675	0.290017388203382	128
0.022269017631351	0.170539627623677	128
-0.09477618928583	2.12687896554529	20
0.039167281910117	0.882185027675394	20
0.123180740542544	0.349971476635757	121
0.038221922278573	0.732015517368249	121
0.113358692320113	0.358814096465205	121
0.046800983431404	0.660899600743706	24
-0.057944700095079	0.991444576907544	24
0.00793595060060001	0.715956084300092	24
0.045604134982999	0.681567629361692	24
0.00301016128089099	0.697264634981638	24
0.0894533435261	0.449772701808239	24
0.048326634812511	0.3430496134892	57
-0.041183317201928	0.531195914359449	57
0.11989878858907	0.274141038977922	57
0.105929416687268	0.277253033099281	57
-0.018934028408569	0.438303275424552	60
0.079419195215153	0.242926628899642	60
-0.113104267823609	0.541022001043223	13
0.046357613249064	0.215365382632536	13
0.06647789877256	0.261722201605552	13
-0.049644224308612	0.414016717585043	13
0.016355417108646	0.356861874563604	13
-0.084094726681024	0.515538569006832	13
0.068082325379472	0.172091590857241	113
0.022245582585902	0.240297682938002	13
-0.029297931407882	0.385532616708378	13
-0.00067234734744398	0.384527831146622	13
0.050105916380932	0.233670190557951	13
0.100544679656918	0.231830718185274	242
-0.072318973776791	0.479560931380751	242
0.091708919305632	0.167747779412097	102
0.087050704233341	0.190670782138955	102
0.039603963560784	0.289624675835459	102
0.010983350313	0.495759149725948	338
0.027610531549809	0.449198196396342	338
-0.023697048200506	0.54806955883804	334
0.116057338704233	0.163729644606061	55
0.082399987775809	0.230058794804844	55
-0.069905169262257	0.441831296683198	55
-0.104924671202833	0.328456763531471	63
0.11106265674376	0.0396671757223606	63
0.077287962253669	0.0706637074876884	71
-0.096280252485372	0.40166432277516	52
-0.00282860320595402	0.322437453384292	26
0.090661649976347	0.169061348329436	26
0.068411095764753	0.182251094535267	26
-0.046643369760671	0.294557966849721	18
-0.092383195133029	0.472931053805714	18
0.049482423196893	0.223129237336575	26
0.066162604740977	0.151403961806655	243
-0.080216847495123	0.189563353167821	243
0.01049419980735	0.162250629827356	243
0.000586215491743008	0.147897284378335	243
0.063285510783557	0.128219229515723	30
0.080870192631976	0.24044761118169	207
-0.091153951958175	0.742980115032006	298
0.034118301398622	0.488673333430914	298
0.022073083323447	0.240572185136625	236
0.066796212101248	0.278239013466294	236
0.09376134756708	0.148294363141245	10
-0.113454156075754	0.289197208331101	10
0.062404071095612	0.128890864681717	10
0.092901238952441	0.157764131611063	239
0.101235027854446	0.218080127256255	34
0.079416638156201	0.250710415046642	34
-0.022778295474291	0.302232673104772	257
-0.010237675035324	0.210615726324226	257
0.115234131327121	0.0838998473119463	70
-0.104845210343142	0.328318407422513	70
0.030556282223395	0.179236276714058	128
-0.01281838186473	0.261598152460654	128
-0.08740774148591	0.247204147996319	128
0.092425322809874	1.15343097094883	20
0.085386000347488	1.13045507472348	20
-0.096514405900577	1.35972158521854	121
0.07242807378152	0.653187994396365	121
0.085291814321597	0.412045600832826	24
0.046150244858289	0.757606989745461	24
0.104544664129806	0.363182833494934	24
0.056469583268924	0.302901069378659	57
0.023402287657813	0.377336340948767	57
0.115035173668637	0.196808167930514	60
-0.11765605732783	0.732508440359527	60
0.085205402021877	0.201578436628069	60
0.014130937273933	0.287777757715252	13
0.119856454333739	0.152358577949069	13
-0.120586546051141	0.611384113483393	13
-0.061275178210304	0.446564892776742	13
0.099287306705399	0.1918299791458	13
-0.00463177153366301	0.268299234820526	13
-0.023069548655929	0.348035878730922	13
-0.023342785474038	0.391529029332612	13
-0.05134977347414	0.446923239414543	13
-0.034264150205414	0.464361643168831	242
0.118560819449307	0.154074068592674	102
0.048288288201831	0.224707742102165	102
0.027575359553221	0.247060577374895	102
0.069205754106151	0.170912182872014	102
0.089359624888457	0.179163967799852	102
0.051763418787921	0.242176373722628	102
-0.023150029897208	0.302734239067344	102
-0.100470456931282	0.366905058586856	102
-0.01483726978014	0.308503846675107	102
0.0000538413794030079	0.383142324522143	102
-0.083329204745652	0.443203563745266	102
-0.089413115366319	0.672679264279648	338
0.107853854907414	0.188247820859643	334
-0.050955997008493	0.114002992802927	63
-0.012876766110827	0.402500497374029	52
-0.05345942850324	0.451216168118266	32
0.077859703277925	0.245423852311298	271
0.12418290289081	0.140618172347791	26
-0.00793848041624301	0.314817880879324	26
0.096548866531459	0.136607776199611	26
-0.012448619389553	0.261133335262131	26
-0.113089601171979	0.288833281039867	19
-0.057662725181165	0.246867679689734	19
0.107150451913188	0.0993673401350934	18
0.009644469173136	0.225764909855716	18
0.000586215491743008	0.147897284378335	243
0.061975799371008	0.129233448667756	243
0.06702943529801	0.0944154915212594	243
0.00020224925380799	0.148149855464518	243
0.067306906576961	0.0942595441750744	243
0.000299070608598989	0.148080019848136	243
-0.114805009560757	0.402270267346339	207
0.100236818944407	0.183201442890242	207
0.109322755478126	0.186108863958786	207
-0.034720578231873	0.377179167333199	10
-0.046064329282143	0.293871557610619	10
0.00222734252983001	0.275152726839815	10
0.10732002308602	0.0992423074798941	17
-0.028112190338071	0.206120824317246	17
-0.028269340568904	0.206268642627317	17
-0.027917396201814	0.205962223094542	10
0.099469926336825	0.124764207940941	239
0.121300162952817	0.170186785604369	34
-0.00297452752225402	0.322664529387672	34
-0.065452282531902	0.331026297543003	257
0.067367165135008	0.0942062196459374	70
0.030194433054276	0.179579201372842	70
0.04631590784356	0.215452659724074	128
0.096287842336911	0.136890835478377	128
0.095255802731915	0.796562233163446	20
0.112634920849332	0.588638379426726	20
0.000992560350938004	1.44617887798769	20
0.02129326536547	0.938550029642409	121
0.087723615766059	0.577998440539733	121
-0.078792091158029	0.860736460681594	24
-0.041635263911343	0.742128244305724	57
0.075247076920134	0.374839967566786	57
-0.040277083212499	0.596048513445341	57
-0.083369536659808	0.580775736094102	60
-0.00312045636358699	0.322883843841595	60
0.068193691407244	0.291998168343151	60
-0.124434776648671	0.67479798756364	60
0.033218711306187	0.350693229910142	60
0.068679254413196	0.192195311602792	60
0.046959242253605	0.336504000955242	60
0.018470791880209	0.364745593210291	8
-0.023717638899063	0.303517861482245	289
-0.105326604831833	0.328897929477488	289
-0.011480268341829	0.211876067631524	13
0.018701508079013	0.307449356145427	13
0.02693352403698	0.329976344233543	13
0.107591459311195	0.15898612812751	13
-0.035624254843076	0.424252790814786	242
-0.042353555250363	0.419387187377679	242
0.013037497252202	0.28932624203559	102
-0.082522145221719	0.367592688671656	102
0.099429053058505	0.12480321953694	102
0.00113652180773999	0.218098959626708	102
0.117316110880799	0.126277222831494	102
0.069747101657047	0.220197926572255	102
-0.08659176112135	0.246584127201005	100
0.015103517352506	0.466758375247366	338
-0.091217913280076	0.677635413993109	334
-0.121284393797081	0.572534643180438	334
-0.025735087022704	0.437355551781444	334
-0.050091846205486	0.331737509203476	55
-0.02722607940465	0.205287754610509	50
-0.05186123248638	0.114344294945834	63
-0.065081012087901	0.485527620932811	52
0.079822300758292	0.279751647585403	52
-0.064570097322678	0.778890897592059	32
-0.082679465678507	0.706048525385562	32
-0.119292944068505	0.736948884520193	32
-0.078563160574227	0.6824136720411	32
-0.010736765644294	0.412863306304488	271
-0.082927554741458	0.405592746344356	26
0.107150451913188	0.0993673401350934	26
0.115094110341411	0.0839839650241291	26
0.07029936449573	0.190175861785061	26
0.030065511249636	0.179680639907435	18
-0.08108650834401	0.402873550586597	10
-0.02845162837745	0.206422562975268	17
0.114234849519635	0.0845215343467014	17
-0.058768622407733	0.24796649465637	10
-0.099463336431899	0.365602703761314	239
0.069732170968336	0.220259259586901	239
0.066950028747221	0.278010264176152	34
0.08027013994311	0.249210907390315	34
0.105957936618689	0.197675472150259	34
0.117530258866823	0.126049598201035	257
0.086742642673576	0.199360521055214	34
-0.110370093299199	0.574573844038202	34
-0.123502345053967	0.243216423094489	70
0.065369502683914	0.139662895897511	128
-0.082133955307834	0.328427036751017	128
0.089558302916305	0.692951342077793	20
0.035597233555747	1.265412323018	20
0.099269983659339	0.739815077814699	20
0.056426991327062	0.836698852621971	221
-0.025279070994213	1.44561172559918	221
0.119726768713404	0.445393901719826	121
0.010383884921581	0.342566441697228	233
0.027165019079495	0.73057886646505	24
0.116600289600129	0.188709128223107	57
0.108883153803655	0.259937833182813	57
0.059533503236481	0.365224076648714	57
-0.119938440177753	0.914247495783837	57
-0.097274077882087	0.706779190655296	60
-0.068694664234405	0.554826358947368	60
0.099549462526828	0.124674789504222	13
-0.040905783123458	0.338636055727494	13
-0.013512717694615	0.26242738251452	13
-0.083007413616749	0.287735937693064	13
0.010636450141371	0.278406186647208	13
-0.040143227884067	0.337538493364892	13
0.100820008068498	0.231327296456876	8
0.00885892950998399	0.226609351869021	289
0.0316829111288	0.254455019525783	13
0.121439075849251	0.169970848567587	13
0.078448376883102	0.28999895543414	242
-0.00245316251616401	0.265322540974931	102
-0.04935595778021	0.199206631293255	100
-0.021802274974299	0.134180973455966	100
0.063035353453265	0.128429980063374	100
0.00996223494710299	0.225402077327059	102
-0.010567693727901	0.497333551679345	334
-0.005105917192608	0.462690424485454	334
0.104343358026008	0.250956181047791	334
0.089479453902256	0.249740985459881	334
0.068283503488482	0.240849263436841	55
-0.113259206346688	0.288995615705207	55
-0.067321389043521	0.368758142650678	55
-0.051408627280488	0.114196567167764	63
0.081566835029134	0.231438552624865	52
0.021096127495313	0.472679244773488	32
-0.096775729223338	0.881795232091506	32
-0.023814636587071	0.34919115513474	32
0.046238793908065	0.459891453392528	32
0.086207056137758	0.338229459500328	32
-0.064416802031731	0.484102354706646	271
-0.11364887249509	0.289341668191299	26
0.088662784292147	0.171443772209844	26
0.016894155703394	0.232677358572608	18
0.108011226355835	0.0987004483926664	18
-0.046064329282143	0.293871557610619	18
-0.011077060461499	0.211513029561762	18
-0.01179905163358	0.212167229288823	18
-0.013243921329417	0.262121399206364	26
-0.095948501355473	0.401234166420109	26
-0.10513757561481	0.510515490825643	26
0.035176849247105	0.273925464857952	26
0.00020224925380799	0.148149855464518	243
0.021935636454999	0.17082293741555	30
-0.022575890878387	0.134611873496179	243
0.013756296771299	0.548422213739433	298
0.086934515491122	0.342461543443024	298
0.090824454517957	0.260646819575052	298
0.039600439654984	0.300531569039412	236
-0.083340376463313	0.64456998023574	236
-0.08220890192752	0.367137299162365	10
-0.084623263171135	0.28936628081625	10
0.01022073029645	0.225111753388348	10
-0.031436733086594	0.343360831138519	10
-0.083410975027359	0.288195912287778	10
0.017791394324371	0.231573865986069	239
-0.045537200062467	0.293195038736248	239
0.007332297107462	0.39453483528059	34
-0.10115552245516	0.614249439730315	34
0.116015545504705	0.163779639095764	34
0.091855738119531	0.231831310893865	34
-0.023060613682091	0.134831755755468	70
-0.0000381306960159922	0.14829839657631	70
-0.087158026580886	0.247041812441982	70
-0.049653980091881	0.199367850314518	70
0.116895577112036	1.42324619248536	336
-0.00300734483764897	2.38988952446711	20
0.121889708422023	0.402498509667667	20
0.094365246189799	0.407834092342315	24
-0.015380390819974	0.445136130616286	233
-0.05489239656363	0.657527943698199	24
0.015821605597279	0.766077821172796	24
-0.028879642588435	1.10063921431268	24
0.045203221423968	0.676771605051605	24
0.081694743348261	0.246624731567971	57
0.091787592295609	0.231947211145701	57
-0.055151170506156	0.558432823522819	57
0.00582711283954901	0.441942328569265	57
-0.020315105320143	0.478897123048704	60
0.022081385100746	0.170699802805938	60
0.065283557349721	0.139680466684637	13
-0.059086106585956	0.410733874101308	13
-0.015482540582749	0.407732305883739	13
-0.124168338445493	0.674161658187134	242
-0.097635208261336	0.640237345918068	242
-0.097059316474126	0.402871501902717	102
0.036453288103871	0.188176824529096	102
-0.010397192385932	0.210810185536492	102
-0.066140498239056	0.366981859118731	102
0.010743647532768	0.162095570844531	100
-0.05085522540367	0.113929791311759	100
0.077287962253669	0.0706637074876884	100
0.052524549756306	0.49799478561546	338
-0.015849648187294	0.660580749523239	338
-0.113358195628538	0.670853014407573	334
-0.052681168809977	0.65068295440342	334
0.068444062406183	0.222112495344127	334
-0.053225010270211	0.45076311248738	334
0.046471172442367	0.327953596855288	334
0.01058494668197	0.162220283724955	55
-0.027722357681943	0.205760981955521	55
-0.01179905163358	0.212167229288823	50
0.110865507306074	0.0397113788160752	63
0.115473867814773	0.0837397579827644	71
-0.039774942588268	0.252458272464419	71
-0.076696662200489	0.897594081861012	32
0.123470154714531	0.270669808349083	32
-0.046223272017415	0.294066023166342	271
0.068835601696892	0.17133049661302	271
-0.047250343711677	0.625264752020388	271
0.00249268839705299	0.274795234383003	26
-0.058205048148279	0.247438526576831	26
0.06660495554814	0.151006922138021	26
0.010539579278	0.16224349199548	26
0.048512201174442	0.224415020132777	26
-0.015946519892053	0.310026771403299	26
0.09670631944052	0.136467021510729	18
-0.082907577906658	0.329227456924707	18
0.106785686880605	0.0996352026838169	18
-0.049976812809268	0.199695961940604	18
-0.081724230176521	0.366522563322871	26
0.095652413405143	0.137511930756481	26
-0.021751186505207	0.13412590863609	243
0.077669140239254	0.0704991966259504	243
0.063727616277926	0.113470545102492	30
0.054358733193064	0.278955458151743	207
-0.00357087220039498	0.635009929235879	298
0.02358426523127	0.506467943041989	298
0.100890069298229	0.310638321349308	298
-0.054943492133399	0.75167584290415	298
0.086429143808695	0.276342815779198	236
-0.110432491089288	0.5748286937804	236
-0.068148510545633	0.40479936738567	10
-0.0000381306960159922	0.14829839657631	17
-0.122453566160504	0.242448039725143	17
-0.022333557581422	0.134487452099993	17
0.067983812022292	0.161272034505	239
0.095148487859841	0.267655858420598	34
0.084193527034078	0.202994680100492	34
-0.00185926158244898	0.320902010416412	34
0.02281093391244	0.170047842544254	257
0.084653078448509	0.218506214185101	34
-0.039209643599338	0.25190755836314	70
-0.021462158069	0.133981374578208	70
-0.122587081353577	0.242574156802219	70
0.022790104914497	0.170056440440442	70
0.115473867814773	0.0837397579827644	70
0.111259604014332	0.039591027620515	70
-0.122269835287666	0.366519763462351	128
0.010426249726101	0.162335407706025	128
0.011106415890617	0.161807118362011	128
-0.014975458103543	0.308675526336778	257
0.062765874515505	0.128621390220165	128
-0.023828593863886	2.0729626289565	20
0.111485628732362	0.406650327681858	121
0.039333154301364	0.786070072135157	121
-0.058837373138121	1.60322187537645	221
0.099429053058505	0.12480321953694	233
0.00273209759623899	0.274503015902274	233
-0.06960020005828	0.441266469454243	233
-0.00322556891674503	0.779741967787954	24
0.12238094239184	0.238635125938662	24
0.068731145562628	0.274690464557247	57
0.067778597503889	0.21336778356513	57
0.044094646187732	0.206076792593754	57
0.036408364241419	0.283653699844456	57
0.033920186018944	0.359570457272325	60
0.124296501054972	0.188109391256542	60
0.097844725543635	0.201064927872586	60
0.115374126011431	0.0838105155869475	60
0.000779890344411005	0.147746983609416	60
0.116513526089213	0.0830234333079201	60
0.096281121179166	0.136846637181739	13
0.02101812352648	0.171559118601694	13
-0.112919961608702	0.288654560201593	13
-0.064191834117083	0.620398296436301	8
-0.099888148852525	0.366165591348851	289
0.067715755072967	0.161581128756247	289
0.099551596188748	0.191444756960737	13
0.045593114143518	0.216341626136436	13
0.115134307407614	0.0839673653379408	13
-0.029573326629515	0.340547906379152	13
-0.028928142991411	0.468666590794181	242
0.029445817020297	0.257661046599945	102
-0.050806085130586	0.113875559395298	100
0.077287962253669	0.0706637074876884	100
-0.021848947526976	0.134213470671699	100
-0.105366369823338	0.791082840496382	334
0.042565780105841	0.316079313867252	334
0.020450720621059	0.304641657885144	55
-0.010875556637409	0.211322122167181	50
-0.060522122991257	0.445210369235364	52
0.081746303458388	0.450037062633271	32
0.108745416272906	0.361316980775186	32
0.08881209151955	0.171257817097512	32
0.065181309871941	0.139823905904776	32
0.070346192605782	0.415373390643148	32
-0.118451812603386	0.734683113808486	271
-0.050117641374031	0.199786871364937	26
0.062133007925535	0.12911317257562	26
0.105779653369005	0.16131728172153	26
-0.030701285285942	0.431425672075464	26
-0.105669168892982	0.471909841310907	26
-0.011555158455564	0.211933481136974	18
0.00222403861711601	0.216862479086138	18
0.064471632315133	0.140394930581979	18
0.001307452238266	0.147385274496048	18
0.000826616566799998	0.147734590135752	18
-0.00573682717470397	0.365864291001958	26
-0.052565106292815	0.114581124956745	243
0.11106265674376	0.0396671757223606	243
-0.049976812809268	0.199695961940604	30
0.083661637296719	0.227916265228137	207
0.041977020720331	0.391578637086334	236
-0.102095305979532	0.543258714872857	236
-0.02459332016005	0.256832700747948	10
-0.083091907592448	0.287819465335491	10
0.064762959505804	0.112734192635951	17
-0.048975094760352	0.198881834462102	17
0.085755827994952	0.200770764575994	34
0.040779943073623	0.309065496802802	34
0.070449864816339	0.237220923859744	34
0.096915433149611	0.13625054992101	257
0.000729795165336999	0.147789290806825	70
-0.049976812809268	0.199695961940604	70
-0.058580747426362	0.247798457899284	128
0.102175100581772	0.112940339154786	128
0.06854750915448	0.182070881703728	257
0.113917585272176	0.788273151335384	20
0.104860177846523	0.69046699608739	20
0.060316544032009	0.838643421386728	221
0.00221050143872401	1.00827681288357	221
0.056687078655402	0.739889170018113	221
0.05059939296814	0.827349225058626	221
-0.015712424024283	1.1678199069185	121
0.112729629166383	0.524556940377541	121
0.00642462534810301	0.777038118030156	24
0.012852744206496	0.638301407742771	24
0.12379825800594	0.245925048834701	24
0.105069482801099	0.243651949182124	24
0.067809982970318	0.607830677995272	24
-0.053358374958483	0.695487492024087	57
-0.111454058243777	0.787451514733174	57
-0.020407693564965	0.624288564959637	57
0.040902338128228	0.489266711118102	57
0.10596194953373	0.241777381929498	57
0.101526866360077	0.268509850180976	57
-0.111699588271305	0.577565948261228	60
0.09364489108323	0.295703589950921	57
0.099226844154252	0.12498978523617	60
-0.11347907244379	0.289145532950789	13
-0.023061783306872	0.30264218291771	13
0.040160812081685	0.197898795936137	289
0.02153930412832	0.17114955775667	289
0.045419337103148	0.216481506389636	8
0.081256325922566	0.231961907981377	13
-0.00704284058225302	0.313420656608517	13
0.096454780707368	0.271114700636249	242
0.079510571732545	0.309518388051796	242
0.049706158308071	0.222821988913731	102
0.00299616846391701	0.274054094677712	102
0.002951105054535	0.274206107706783	102
0.011559836902507	0.161438397864724	100
0.045861780823032	0.485544679171314	338
0.070438424328445	0.179864671646556	55
0.11106265674376	0.0396671757223606	63
0.063718159645187	0.113460053513999	133
0.013011300932211	0.608119645831813	32
0.124856032431235	0.159357765793516	32
0.064022504649811	0.478690351036023	32
0.064568503215407	0.470259030446034	32
0.116131735920087	0.328107130593401	32
0.020999717887066	0.303667185221986	271
-0.065081012087901	0.485527620932811	271
0.066162604740977	0.151403961806655	26
-0.067321389043521	0.368758142650678	26
-0.114748723211214	0.402172542646085	18
-0.095734191448469	0.400900848595928	26
-0.12152907770132	0.4722857736853	26
-0.114064555623824	0.401155010612853	26
-0.023675124877355	0.303392100354841	26
-0.093112740282675	0.511410549505074	26
-0.066035636080434	0.331738251073269	26
0.111259604014332	0.039591027620515	243
-0.024018970136697	0.256182351297276	30
-0.058017223703911	0.2472462588203	30
-0.053744559895061	0.803755938420062	298
-0.031772580858704	0.761328926827853	298
0.052603213455177	0.452076867542182	298
0.066927055968238	0.150701651729355	10
-0.030021060318274	0.34125071181152	10
-0.062156749267177	0.290444336554659	10
0.066041775035768	0.15151917740734	10
0.061938498401724	0.129221984981838	10
-0.03331338915955	0.297870466380024	239
0.081734720773688	0.238910819471053	34
-0.092984193036198	0.511104612529853	34
0.109948390075706	0.216950898909675	34
0.050889788184396	0.243534892584801	34
-0.05153234604075	0.333799871450368	34
0.052401789028912	0.251949161270343	257
-0.122329725591541	0.242364824091801	70
0.00990301257352899	0.225458089257418	257
0.093334044791609	0.148743398507162	257
0.022477569758313	0.170347672395687	128
0.092696294152242	1.03709332951767	20
0.101424362475862	1.00759312973282	20
0.106325063755842	0.671265681510415	20
0.12324890147441	0.535746276570067	20
0.093084960013969	0.596618628402354	221
0.090387229154848	0.580054154545543	121
0.060012021440525	0.533949535549488	24
0.084639510167405	0.454257383049141	24
0.110813058449575	0.43781768389008	64
0.111816305122392	0.456735233390071	64
-0.022746457720892	0.732254241795412	57
-0.057201587379313	0.717771481596624	57
-0.031900973215699	0.539624363634727	57
0.082460086745516	0.351682639823105	57
0.10555521164502	0.248453494884997	57
-0.077376810279309	0.76948176738075	57
-0.00560981314798198	0.365468019555113	60
0.093687517653099	0.221769288851953	60
-0.01211204054189	0.362178583320794	13
0.068158009975187	0.182559182036212	289
0.035342647656891	0.18936568661504	289
-0.068346211758383	0.554003801007323	13
0.021062279905221	0.303667452099066	13
0.052964477144459	0.271506518905909	13
-0.00644941317810099	0.452137486383008	242
0.102386085071095	0.216172008698076	242
0.080356171613191	0.300429998338947	242
0.019156797718349	0.427235605964719	242
0.00580698248658201	0.337134188961338	147
0.040422759721157	0.395266877209105	147
-0.061874707839768	0.290091966049226	100
-0.023591292411896	0.255625739219348	100
-0.023909061177602	0.256045494879463	102
-0.010674119420208	0.211124837866105	102
-0.047230484806942	0.457356041729684	147
0.07339830194497	0.469432014422032	338
-0.034781675628674	0.709532162928937	338
-0.057479955802997	0.867053453472956	338
0.018120408675031	0.549172446250087	338
0.094416961539582	0.287869537825402	334
-0.041462271655446	0.573691124804933	334
0.090138048588587	0.169689349929073	55
0.067825730893199	0.182904215687755	50
0.077826292820738	0.0704100607810889	63
-0.022720351892617	0.134676791179326	63
-0.080492360585561	0.189703678604158	139
0.043577914967628	0.396993018168659	52
0.030875335509198	0.178922232192551	71
0.031686283059695	0.343186474882885	52
0.027577228987958	0.513942771764871	32
-0.088709721660712	0.860736087513612	32
0.103647798821519	0.303287976107655	32
0.022279164646008	0.430938597011732	32
-0.043840255198213	0.810306983972943	32
-0.072587522819198	0.871938704050263	32
-0.112440648433104	1.05487107181734	32
-0.051188003278387	0.592787837460885	32
0.040955669614445	0.197020787930818	26
0.014663316216163	0.286961054690855	26
-0.030245009086247	0.341593720388762	26
-0.00468938785274398	0.268383175079511	18
0.00172088811096	0.329883891697219	26
0.000451662770992012	0.218786098803235	26
-0.00990571423527098	0.358280107399865	26
0.067306906576961	0.0942595441750744	243
0.066872174901971	0.0944992699355236	243
-0.104206844850334	0.821743872980771	298
-0.112132577348027	0.538986530454101	236
-0.035380573331128	0.466927080820299	236
0.038795512991981	0.290993668042442	236
-0.038760985742757	0.251367267295538	10
0.088194654544724	0.189097504586389	10
0.115713562889498	0.0835762750014481	17
0.051890588642904	0.252730284768478	34
0.029421202487584	0.32522298968227	34
0.101160087436456	0.230684966990577	34
-0.102365908886284	0.543807676654346	34
0.042924156893059	0.315396785553316	34
0.102489594164156	0.180087098505063	257
0.089546136740465	0.263270544959183	34
0.000249030531664002	0.148093375606031	70
0.00154788657843699	0.147194188700982	70
0.00116388210368601	0.147482087793726	70
0.042811108735606	0.207531262990209	257
0.02210231074764	0.170685484068617	128
0.105725568280163	0.835659215008909	20
0.07375448309006	0.603544949288885	221
0.0771125919485	0.747329761091588	221
0.079284652973284	0.523063720439765	24
0.003247230774823	0.96238893192771	64
0.027764002644328	0.522811059055096	57
-0.073782822190203	1.24128314989405	57
0.112589963200597	0.319495147409204	57
0.082047887845698	0.34645749384973	57
0.075702923854965	0.360332507733608	57
0.086271807781379	0.350127520099782	57
-0.022004215712938	0.754627916945409	57
-0.012937778208156	0.650794920049723	57
-0.010704595403931	0.697470881695643	57
-0.092194561326292	0.853917860459788	57
-0.066398052018736	0.740058989408078	57
0.103440063020873	0.288496308645406	57
0.078031337310456	0.290880324228037	8
0.110799909860833	0.245215908999401	242
0.102474383654856	0.222022142977913	242
0.057633679840822	0.31818632295333	242
-0.094302691003101	0.698412278575018	242
0.079533886151044	0.280361694910197	242
-0.022476299017061	0.595509445996671	242
-0.000228647283503025	0.509513737933586	242
-0.063409362192381	0.58948700148295	147
-0.106410340961396	0.675458970530788	147
0.068391957070451	0.275289696077205	147
0.099821389926702	0.191044446232521	147
0.089950545831127	0.248867666477998	147
0.067683232263927	0.259671568544968	147
0.040600628684945	0.498690261515046	338
-0.00179771413992402	0.70160373795428	338
0.121929938921711	0.278763069709487	338
-0.00772439017681098	0.490185731197347	334
0.079158233195123	0.373227702271464	338
0.029740637759136	0.453583382546664	334
-0.038500504130992	0.456729047219451	334
0.061975799371008	0.129233448667756	50
-0.028488871352098	0.206369523860427	50
0.021560273526845	0.171137953077056	50
0.02542217324263	0.320936351696894	32
-0.106132869162739	0.907387592782203	32
-0.044200546857319	0.564735030913696	271
0.070573532456612	0.209508604968798	271
0.067502054639401	0.232888866284887	26
-0.0149049085027	0.308594489145193	26
-0.120786075916208	0.471028133299394	26
-0.065878695028091	0.331562181192673	18
-0.081924091355526	0.366726756964266	18
-0.068149359525249	0.404850020445909	26
0.121140947311388	0.17040551457829	26
0.024454324417273	0.322660923521817	26
-0.071393641320295	0.477836536804396	26
-0.00860794631036799	0.315788286536766	26
0.092655351742163	0.223519588898025	26
0.069580724288115	0.201161830244842	26
-0.041795569363788	0.418371530514283	26
0.067241144473992	0.17302502912441	26
0.022208203799101	0.24043436710435	26
-0.063047376484508	0.291365161643442	30
0.10732002308602	0.0992423074798941	30
0.030875335509198	0.178922232192551	30
0.010061857041072	0.22528902049856	30
-0.01439814939369	0.307864292858276	26
0.103401443007144	0.17168668482401	26
0.066101012496991	0.271020809521241	207
0.008645870588228	0.447702545159872	207
-0.060805795195102	0.554541541222729	207
0.095612150611551	0.260303738094056	298
-0.059366792513029	0.653383614424776	298
-0.039698011811656	0.569205250740883	236
-0.067925598866685	0.404466206340904	10
0.096391658389692	0.136776150472784	10
-0.092621649575268	0.473460449086804	239
0.069622666595658	0.190997005796903	239
0.102540194352826	0.215892509003241	34
0.051002633805831	0.23242094666965	34
0.106912171892824	0.159877595416884	34
0.037153530340988	0.282412842363861	34
0.090789588876505	0.233673778538164	34
-0.114913496556073	0.674778093031036	34
0.124977954577962	0.182060483905148	34
0.095354434788248	0.212033982934893	34
0.119339696106707	0.207204733030109	34
0.091106537073787	0.159878913147679	257
0.11770326526669	0.125840739853438	257
-0.065665450375151	0.331297765318042	257
0.070517667956206	1.55440681614056	20
0.07362880752171	0.576646864681429	221
-0.121812986745957	1.30503377086967	221
0.117421716078521	0.552944687059277	221
-0.012312594495619	0.934967793708941	24
0.105646586351827	0.24824419382285	57
0.104143409759936	0.326125437185127	57
0.110112526510174	0.380265676616992	57
-0.098642541881648	1.05293041765097	57
0.056996282883379	0.449691151532722	57
-0.00753972660301699	0.696741586017006	57
0.094982984167667	0.31817405810992	8
0.034863463703781	0.539319174126337	8
0.123403584964196	0.227377987514042	8
-0.050406312694378	0.590670926374664	8
-0.113274684100027	0.793153256353743	242
-0.00990149010061597	0.411102159780816	242
0.011750625832156	0.353041015207078	242
0.010208518444504	0.443982176150206	242
0.032189390528434	0.342181823188445	242
0.077895360767775	0.291139860737666	242
-0.083431620815289	0.708278873116729	147
0.103772454819546	0.171187017415578	147
0.085046491512558	0.359309907767432	338
0.0591092121414	0.341122308832201	334
0.079843430607985	0.249965422213806	334
0.069085232877953	0.290153351157266	334
-0.104121828438923	0.327463761705976	50
0.110741291212149	0.0397553524568051	63
-0.081717839845422	0.32787929793276	133
0.115753912302567	0.0835564385822814	133
-0.020095637574939	0.682787318833582	32
-0.000743999951078989	0.319030352702792	32
0.082902425243221	0.229193122634379	271
-0.092537690020332	0.823319617860118	271
0.00810141082479299	0.28221388226668	271
0.095495278081348	0.137667123888828	271
0.054451340811423	0.297674555540688	271
0.00316865732478699	0.327421041096018	26
-0.046750299838153	0.294669547595532	19
0.086693437485156	0.191168627745792	26
-0.117201316328913	0.507617264528679	26
-0.026932842308573	0.439703689823709	26
-0.099408289754722	0.36551800923892	26
0.053239047506919	0.260926320838135	26
-0.094552657728173	0.438464753289669	26
0.00182159607173801	0.217324610189928	26
0.066765987785577	0.150857208881542	26
0.030513433636827	0.179280259716492	30
-0.02845162837745	0.206422562975268	30
0.0000470993055020075	0.219127322581146	30
0.096604004222007	0.136565734142485	26
0.048960227172909	0.22382715339425	26
0.079642908593112	0.242554454138935	207
0.099356535135685	0.246501979048343	298
0.000478817628042	0.429223155589116	236
-0.072383059980369	0.683764990071064	236
0.122086026186797	0.114401392716943	10
-0.08259986679317	0.32898477739303	10
-0.00667248355545802	0.312820864874021	239
0.106246166698244	0.16070259127527	239
0.121848429036028	0.192374283995715	34
-0.122956526257711	0.367337649009563	34
0.0688988695947	0.181714160477089	34
-0.02814888101265	0.426159345766045	34
0.095039556126982	0.205416204239672	34
-0.011293215329385	0.413885543413849	34
0.109393956524344	0.149533896233107	257
-0.00310673886819102	0.322790187610007	257
-0.10975764373556	0.573204936297776	257
0.040937567039985	2.18272672332438	20
0.066409344390838	1.39936029187186	20
0.045377500806621	1.86070744007683	20
0.11838438581647	0.484526571768617	221
0.018251304246276	1.06606073865239	221
0.094818777095658	0.4890084690337	24
-0.034703721644434	1.39950141786002	64
0.111989100410175	0.301922563865251	57
-0.024249152224389	0.782962661847958	57
0.018352823735286	0.62194603157406	57
0.008533010287501	0.694930536085513	57
0.106948737222771	0.36150092353887	57
0.00813968266832399	0.614869565556953	57
0.006167028424026	0.589709404583674	57
0.117544449602719	0.258830907774845	57
0.103291541841173	0.294115464204643	57
0.06820328560468	0.355084406478082	57
-0.04593849970385	0.621295441492054	57
0.068352351279648	0.339542927779428	57
0.053103223425759	0.466133087838472	57
-0.019692730816388	0.587310146834733	8
0.055889170681845	0.30400467882051	8
0.068031529522574	0.267593924966634	8
0.067645229182024	0.301216387984238	8
0.067502054639401	0.232888866284887	8
0.087449914091828	0.274343258861677	242
0.113019581029408	0.229953901959537	242
0.06757177778385	0.309493320424717	242
-0.074699382568273	0.51724729913535	147
0.015516317707487	0.358488738538804	147
-0.044829466400865	0.452334494565208	147
-0.044845114367069	0.497290332937361	147
0.03710478643375	0.282537086615644	147
0.052963574660929	0.481592363964957	338
0.123483421477487	0.211283035429008	334
-0.096506994276163	0.704826103505217	334
-0.091484033866612	0.645499307200156	334
-0.045963974041854	0.293732583528528	50
0.062561886198241	0.128786767697525	50
0.076749648212665	0.0708623006217085	63
0.101998563284862	0.337038457552478	32
-0.033642501727052	0.503864167293028	32
-0.092993363453337	0.474138343922214	32
0.051199704254482	0.253744047076068	271
0.047365529715258	0.214152680698175	26
0.0688988695947	0.181714160477089	26
0.025868751582125	0.24935313139568	26
-0.055983672788492	0.373018640687125	26
0.122668993990264	0.113820767902592	18
0.089258928770413	0.170751964904874	26
0.002074639364326	0.275364984671065	26
-0.067693260077115	0.369285063824879	26
-0.067561973350915	0.369054589458961	26
0.095970185649893	0.137199867941905	26
0.121929066663943	0.114556658795301	26
-0.058205048148279	0.247438526576831	30
0.068084269566716	0.3003202262702	207
-0.029441535331963	0.469913700530208	207
0.008261301637698	0.392577084199853	207
0.106205774183234	0.24137558042951	298
0.033573349079664	0.264303950508069	236
-0.065913229347927	0.518223668188065	236
0.118009262520308	0.154783922546372	10
0.069947076887594	0.190635480761801	10
-0.123775020368629	0.368308712540908	10
0.022289948078206	0.1705195806077	10
-0.013826803231112	0.262807597842447	239
0.029358463573675	0.336763858211643	34
0.03705863560627	0.293893844893512	34
0.113278462628023	0.205345534509559	34
0.068842777639821	0.29069193788505	34
0.103185161279122	0.112078878363364	166
0.031077623965256	0.178719718977202	166
0.112656892070845	0.138490374352099	257
0.096907064808094	1.02580270760682	20
0.00115354581407701	1.53124029435169	20
0.115508831475556	0.520899100258197	221
-0.062608148824587	1.35639814731805	221
0.098273630528304	0.42134596577802	24
-0.051056914039977	1.41864733197742	64
0.01004096472478	1.04262035295152	64
0.110088761457606	0.440811651674613	64
0.123772542749773	0.245960233286233	57
0.122325324077173	0.213566531454973	57
0.003868417963341	0.709540339306466	57
0.063023855317807	0.462223766000788	57
-0.01675079861167	0.5572397171994	8
0.093282212985676	0.215373843884174	8
0.068150796891172	0.231947287591435	8
-0.013325146265626	0.403446667623598	8
0.027529998457669	0.459553362415954	242
0.106266814651322	0.197199546405197	242
-0.067738023855267	0.789741576513691	242
0.068612251041432	0.192280964641897	147
-0.072900975401897	0.513335303273757	147
-0.067343380265281	0.368730725003011	147
-0.054134982973526	0.45250636090044	147
0.055821112425401	0.313039683277715	147
0.068684035789096	0.202308594673691	147
-0.109098992172222	0.436342580389819	147
-0.117674058262258	0.976008028724716	338
0.061601426597355	0.383887730213944	338
0.067139930181552	0.16215273270425	50
-0.022091243109116	0.134354832803417	50
-0.02218908576236	0.134407792765905	63
0.096128999708473	0.137047618756153	71
0.064848148328471	0.140085392619791	133
0.068472283307581	0.369196272980387	32
0.101383217165011	0.298837876190435	32
0.032965567760593	0.419383492614302	32
-0.057705945712315	0.719412876739541	32
0.006036183452303	0.336748268626357	271
0.015128679878997	0.359246045627841	271
0.115549247898627	0.164433603030017	271
-0.115288299877239	0.402929912424602	26
0.036320707429616	0.354551550933214	26
-0.00340737623211002	0.375950245769681	26
0.089394774603953	0.170563378135552	26
-0.109492066139186	0.436933288000614	26
0.011106415890617	0.161807118362011	26
0.095970185649893	0.137199867941905	26
0.000442640637278002	0.147994203311502	30
0.063736827199425	0.113446529586672	120
0.000442640637278002	0.147994203311502	120
-0.079941092824388	0.189365351737144	120
0.021672675699336	0.481613800666175	298
0.010640772934163	0.485158882512297	298
0.042127658957916	0.400648422877293	298
-0.05837174641347	0.247603423821521	158
0.103216963558932	0.112072409346065	10
-0.030094764875594	0.341363004524358	239
0.053732521268179	0.249881861947808	34
-0.04170567682822	0.418210441337456	34
-0.021622937229516	0.519547770572324	257
0.109313572020043	0.179596629423042	257
0.021872873501471	0.170849133189913	166
-0.036591059541676	0.380509701380516	257
0.081537947847163	0.975815980632531	20
0.087820193746441	0.928759572356796	20
0.025915319258777	1.25635004204507	20
0.105873036294649	0.5608857029952	221
0.013940114214043	0.614738654095035	24
-0.061100221541803	1.66622013188033	64
0.097394857299782	0.295011632779276	57
0.015493513762787	0.526556442603527	57
0.110391644869145	0.251412943106426	57
-0.018793420725677	0.813374938042245	57
0.104559710116003	0.285800455470888	57
-0.015578517686983	0.679285424179237	57
0.00402629891252401	0.574597359425362	57
-0.108685810503476	0.730180036422984	8
0.052084026849946	0.241803446228991	8
-0.092103851271753	0.472474538824463	8
0.00145239953308801	0.330289854043033	8
-0.012538411007954	0.452741617430548	8
0.030109362439354	0.335285356473525	8
-0.00280772792571499	0.374824728134529	8
-0.035362870978822	0.507649164518603	8
0.123226143921473	0.190019867018845	242
-0.071393641320295	0.477836536804396	8
0.119685412840537	0.233378923837033	147
0.090427077606777	0.241156357757707	147
-0.06480198582926	0.48466575316255	147
0.037344698882616	0.579766435851432	338
-0.054630267780335	0.683109144532304	338
0.10463375125576	0.27488536389737	338
0.121522677896882	0.193000662089119	334
0.048799949724185	0.3513955264929	334
-0.086627147519856	0.792257333049301	52
0.041335946958747	0.308086826438568	52
0.068204528311221	0.249950592707733	52
0.063860515934769	0.113377323003526	133
-0.045993790337173	0.454788668472223	32
0.000980908646265988	0.663539312532291	32
0.072875105642655	0.381394599251821	32
0.118681621501976	0.281520018633992	32
-0.085354664333808	0.896357803473354	32
-0.020984370586044	0.750604465119949	32
0.023175104593398	0.377874843454878	32
-0.09358248678344	0.436898801335555	271
0.092183357448017	0.224315753363215	271
0.078102031789558	0.305517509243017	271
-0.111304727365627	0.576689854044522	271
0.062158108997492	0.129099313284352	26
0.094244821625157	0.147766519463149	26
0.101997769090779	0.173522154709154	26
-0.024287581912773	0.256424792712382	26
-0.040991600908517	0.338694481267035	26
0.01518502744735	0.234647932377304	26
-0.058038317649882	0.247260909402693	26
-0.121938809535006	0.242016796759973	26
-0.11657784582344	0.506640734275849	26
0.031009939236523	0.255464345614851	26
0.103982734581381	0.170862578213167	26
0.06766831854505	0.172590049099674	26
0.06180613746093	0.129346757132938	120
-0.037022178184079	0.680244841189086	298
-0.010099944069219	0.531043013392556	298
-0.109814850308952	0.611536186594688	236
0.00119287209889199	0.427642191463083	236
0.079245589665464	0.280957317239503	236
0.008800473582155	0.22661598780702	10
-0.00853507643315199	0.315706308762656	10
0.1211889880933	0.115269955111156	10
-0.027188095793099	0.205230168874581	10
-0.086433455756814	0.246441115696819	158
-0.086275146632749	0.246282813413928	158
0.063984094229248	0.113295491069645	158
-0.023750191384587	0.255841178617435	10
-0.12323674759447	0.671852622446244	34
-0.108495332482202	0.729634908797356	34
0.015498596524646	0.234280020252562	257
0.052182933202803	0.361977113930627	257
0.121960700899343	0.192236137541263	257
0.010993050614777	0.161905443744543	166
-0.024204608358614	2.30492122419007	20
0.023211680704526	1.60185734508947	20
0.061054297455977	1.00593569317971	20
0.078008990920583	0.710111129222828	221
0.020450720621059	0.304641657885144	24
0.040263218710943	0.465348955739827	24
0.091030887395102	0.553638281264961	64
-0.085584927404325	1.60867102167925	64
-0.050370018105704	0.926577790077152	57
-0.124073387206962	0.764505055195282	57
0.072785397471559	0.37479050063494	57
0.07846111446453	0.282540920259709	8
0.040059261532636	0.198002789959829	8
-0.050791715923534	0.332774225023569	8
-0.01477789744846	0.406288716413733	8
-0.065621129350895	0.33121629863428	8
0.053888857095758	0.279695818104538	8
0.00901776186772299	0.226440079972057	8
-0.033784306120162	0.298453780576372	8
-0.082149829518135	0.477052773609042	8
-0.028099671434405	0.206123441305219	8
-0.049006364687698	0.586788593326121	242
-0.046800924743002	0.456474584806596	8
-0.075359186461914	0.642763606125412	242
0.121150090123137	0.193617485004014	8
0.084822037062292	0.210327868509872	147
0.022269017631351	0.170539627623677	49
-0.122587081353577	0.242574156802219	49
0.066726017760071	0.150887706726681	49
-0.115376543562314	1.23827621565742	338
0.111547600570505	0.243683020387077	338
0.050192552489882	0.366654772079538	334
0.089342463775942	0.243123236858411	334
0.00154788657843699	0.147194188700982	63
-0.04983803357232	0.414400182406023	52
-0.123368826863722	0.24315268189551	133
0.053847474586371	0.50076738594956	32
0.066887075319447	0.269650741315	32
-0.041539597835517	0.756082574819867	32
0.079697976450315	0.433455796693028	32
0.108461921101542	0.32964767282689	32
-0.050076100830081	0.199769964396802	26
-0.106112913469278	0.472798039006803	26
-0.045753308426297	0.376979812116729	26
-0.121663531466142	0.472535429816931	26
0.00911800439968999	0.226324811470939	26
0.124197241562718	0.140619769518121	26
0.040069729511758	0.299745441652025	26
-0.00377671986476102	0.267155544438504	26
-0.080000277640246	0.18942069044567	120
0.0990655881031	0.12514049313332	30
-0.052112495471293	0.114466940015057	120
0.054149378294317	0.259508646540541	207
-0.025004203004177	0.43579403674033	207
-0.038854594410028	0.686108220104455	298
0.022252800825086	0.490368029778297	298
-0.083498410019778	0.935344440466349	298
0.06730062492546	0.251502328046775	236
0.102940695692575	0.112307058649336	10
0.062825230522598	0.114052114259619	158
-0.028973259916903	0.206822872009292	10
0.123533012316063	0.141459974819986	239
-0.024850444103037	0.257109902465742	239
0.08371825250159	0.220037287238699	34
0.04660251993913	0.337247834246612	34
0.079680104217777	0.272506419330951	34
-0.102754694002566	0.50630034899739	34
0.109918924705458	0.148880826039062	257
0.063727616277926	0.113470545102492	166
0.0948282961471	0.147121689823752	257
0.090604813173991	0.727065229539418	20
0.097820115872854	0.612854129494361	221
0.015269794820512	0.942068476178542	221
0.116051075585236	0.474064661507483	221
-0.022426354462978	1.04754114068666	24
0.056714031106321	0.573909767329156	24
0.107901503695142	0.379336476685294	24
-0.093346727211579	0.949504523858105	57
0.103682344075854	0.337095275117391	57
0.088835279740638	0.374023900199635	57
0.108130746057221	0.231680501956646	8
0.106050057340524	0.241685143992834	8
-0.037073728579229	0.602831039968728	8
-0.025049307125606	0.475169339704106	8
-0.057574222145005	0.620337130179176	8
-0.059504071690051	0.522738919076693	8
-0.11537544906309	0.849520828956495	8
0.083365315076766	0.323833390289302	8
0.027342627981529	0.390654772372605	8
0.120371363932494	0.200067127863945	8
0.068750028924374	0.231049830760881	8
0.028828070902287	0.337801607517734	8
-0.025116474533834	0.475339795469771	8
0.090215416033986	0.241529040001074	8
0.054273278541878	0.279107587895058	8
0.08966196499823	0.256239989192706	242
0.011547034147028	0.353464213238967	147
0.085717826829095	0.200857345256633	147
0.020181842281037	0.305131656950011	147
-0.064541926383043	0.484448164187267	147
-0.115527651146742	0.504605430116227	147
-0.060012275030698	0.55257871685507	147
-0.010085045364125	0.358632594221652	147
0.086089325687104	0.200323456250976	147
0.04660251993913	0.337247834246612	338
-0.045265707361032	0.740300803445492	338
-0.078818514120041	0.774298769175848	338
0.010836748315228	0.399319418628175	334
0.017723622079491	0.407545109942205	334
0.097333411330534	0.13580757314319	50
-0.086479135982619	0.246452459940959	50
0.064107562062462	0.113201100422931	139
-0.012455138057961	0.488393086629729	52
0.022754854700899	0.239740338199436	32
0.092178073979737	0.158648409619987	32
0.111112173326443	0.147453087818739	32
0.085530434149446	0.324904954703425	32
0.114568000066917	0.327448730936505	32
0.100665032133685	0.225393378236222	32
0.081549770270804	0.24688916398387	32
0.120062918571389	0.200731455890071	271
-0.023508861098136	0.348683523292005	271
0.067874573454482	0.161414818580212	26
-0.081453826674023	0.366140984921597	26
-0.033583382613638	0.298194206613773	26
-0.09973092219453	0.365942112531135	26
0.102579325320866	0.11260540767574	26
-0.113015170880934	0.540833224856908	26
0.103100085012933	0.112176063409813	30
-0.083453332792916	0.288231355384299	30
0.000586215491743008	0.147897284378335	120
0.011632605816192	0.353317257817374	207
-0.037704162379359	0.604650862064589	298
0.087531149443229	0.189986335454472	10
-0.04935595778021	0.199206631293255	158
0.063338227030819	0.113726725452198	158
0.00117671478953499	0.218043837006951	10
-0.010959732629549	0.211366857281786	10
0.107841583632731	0.0988396491025246	10
0.055758231507406	0.276444221649693	34
0.038791707899439	0.279632199771933	257
-0.044712041961964	0.375304664102793	257
0.023352738033087	0.169520650193999	166
0.035965266535328	0.188747610785939	166
-0.064611125402227	0.329920431135902	257
0.00969436263755899	0.225698719336313	257
0.085755827994952	0.200770764575994	257
0.021706072516085	0.171003552939741	257
0.112598893782452	1.14734021885947	84
0.036925961660141	1.03299327339186	20
0.047832792706208	0.937628058323819	221
0.105736849201127	0.625856411578762	221
0.075330396479165	0.534793591124428	24
0.065039478694749	0.608450466038133	24
0.116951103077875	0.407086410871807	24
0.049514048643352	0.349814173582347	57
0.096081880919228	0.309775621786156	57
-0.080222322885518	1.16101947013531	57
0.107274556054445	0.274078769888778	8
0.03043650360512	0.471280678679316	8
0.044272668206863	0.395306062602735	8
0.101817227177652	0.223331774321348	8
0.010285857607857	0.443760886766763	8
-0.060917351036832	0.611228968334645	8
-0.118210329513029	0.644859601422613	8
0.00236000706515799	0.328782051002889	8
0.082754895038089	0.221497358676667	8
0.104866285872664	0.205756274857335	8
0.016864398755608	0.462239948023248	8
0.011345514261555	0.340703987272643	8
0.093399354339097	0.215220212709161	8
0.028103466615808	0.259399738932379	147
0.00548599204470601	0.337651594484636	147
-0.042161587399344	0.4644525880633	147
0.054077555313379	0.289031921021454	147
-0.094254063445018	0.438028980224623	49
0.11999778412253	0.152170723676204	147
0.039575902705722	0.311241103119944	147
0.106999569755912	0.233967164470275	147
0.010632824998035	0.442949837684758	338
0.046813118839268	0.336807869049298	334
0.116233423832646	0.0832257285933966	50
-0.123111493371038	0.242966235418229	50
0.062200077025836	0.129051152121456	50
-0.086387788919509	0.246404983872412	139
-0.00692695222023698	0.623457151315007	32
0.088552276138418	0.188601432012025	32
0.00622358437950499	0.336381887405238	271
-0.007639084296652	0.314348717637506	271
-0.039790454711733	0.337072387011988	26
0.043980235978538	0.206195082113242	26
-0.06835006345053	0.370175151552629	26
0.06889183844749	0.171270293857863	26
0.00862367705390599	0.281443890118401	26
0.09644671354351	0.136729661253992	26
-0.063287825262808	0.291671302245759	26
0.068675123880244	0.221785671969764	26
-0.038485030706602	0.251155141014374	26
0.06848930356831	0.182162465466898	26
-0.023078572978264	0.255040459603612	30
-0.122720620210223	0.242680985048687	120
0.101887063855678	0.113161528331231	30
-0.122358806109622	0.366595734810993	30
-0.03294304959337	0.297377958613688	26
-0.075481615849579	0.612579489310729	207
0.036046023562328	0.354751585224295	236
0.048213622827696	0.22480656895369	10
0.022384661495629	0.240212413293066	10
0.000935076665108003	0.218314421624254	158
0.010698280238831	0.162109170898922	158
-0.082342137925013	0.328688534658988	10
0.098343103820855	0.193245482652408	34
-0.053395941928852	0.451107430974974	34
-0.022324461335193	0.346825037251927	257
0.089133223983626	0.179518373818734	257
0.102696012963081	0.112517074553261	166
0.063035353453265	0.128429980063374	166
0.119458562470839	0.152810925356386	257
-0.001380923579547	0.319989686825668	257
0.07811032159095	0.813896925615375	20
0.095193284330934	0.625349842727575	221
-0.025243165805136	1.61250057992001	221
0.088606745913771	0.563635551304755	64
0.111483939148913	0.266336664714325	57
-0.122297407183771	0.971956287625293	57
0.044280128118978	0.564714832831425	57
0.082649652734824	0.390085982147068	57
0.09090814968146	0.351441660261646	57
-0.098360985644146	0.887680775174141	57
0.040449773098822	0.482145711513173	57
-0.040578466008084	0.67692163317984	57
0.03582607454319	0.478082281411047	8
-0.106336735778966	0.47318943311214	8
0.044918634803234	0.480288050485155	8
0.068801291292261	0.181825038949999	8
0.102516830207561	0.222085967884199	8
-0.051911708849255	0.59482444432668	8
0.082514271811479	0.221945855410474	8
-0.091007947279538	0.542899124509938	8
0.108132598200795	0.237406821813466	8
0.105003411583412	0.205530865440546	8
0.023206788042587	0.312668798511479	8
0.042355137197947	0.326291886460027	8
-0.043557641405882	0.494419419311373	8
-0.12369762013229	0.904460377437172	242
0.049183610042754	0.223515222054269	284
0.044678568416534	0.205371981526121	284
0.066403909970628	0.151193077110022	49
-0.023784469456861	0.90939263732027	338
0.04154268326324	0.452749145327293	338
-0.070973211204902	0.737833252711604	338
0.053619689123151	0.441511087822684	338
-0.079183745215857	0.77540973532144	338
0.110865507306074	0.0397113788160752	63
0.023435762042325	0.41681949308506	52
0.115473867814773	0.0837397579827644	133
-0.102754694002566	0.50630034899739	271
-0.011582284950401	0.568911972076273	32
0.066304699829492	0.396438862122586	32
0.083618885891858	0.336095736648805	32
0.087270085169169	0.307928457874213	32
-0.080299389597967	0.894700838733911	32
0.017784190238627	0.530076630382508	32
0.098940937253519	0.241093244461633	32
-0.11264432343621	0.540074104708054	271
-0.045496176196041	0.293075566275485	26
-0.086887142257521	0.246763007697175	26
0.036007051290719	0.188691040629633	26
0.091697589915019	0.159216639744512	26
-0.092024318946065	0.472335228843802	26
0.106525672468027	0.160375049849339	26
-0.010195770423841	0.210613112508813	30
0.078050209638925	0.0703285960960095	120
0.062327772764235	0.128977999072392	120
-0.113089601171979	0.288833281039867	120
-0.080216847495123	0.189563353167821	120
-0.06959643030425	0.806697395664735	298
-0.092380732307705	0.545848138799482	236
0.039633934875867	0.198457807182076	10
-0.011932519302371	0.361847065247554	10
-0.091414332809058	0.471086295329007	10
-0.103641189047314	0.50802229421788	10
-0.031812137135802	0.343959908298459	239
0.086095707187138	0.191963472604734	239
-0.102159102097453	0.505089553942541	34
0.078175244868958	0.275605021457716	34
0.02829764733165	0.338801316891921	34
0.041112178324353	0.308496644522824	34
0.067904353521979	0.316834646718791	34
0.027824951736111	0.378666658940455	34
0.055612317216004	0.295428964521222	34
-0.100359728981415	0.36675076737516	34
-0.040122115478837	0.460315497240457	34
0.000299070608598989	0.148080019848136	166
0.114994353452086	0.0840566873298067	166
-0.05516243590423	0.371798659616907	257
0.10932146997974	0.149639808862707	257
0.102762701649187	1.14415811744392	84
0.039968227126547	1.3080123999369	20
0.120526638691606	0.45927589983488	221
0.116030815781017	0.473268763364837	221
0.00893361472440801	0.980268254170668	221
0.032694330408964	0.845525736832171	221
0.05637039231163	0.586793569413873	64
0.034695662883022	0.718570281634569	24
-0.091716031900109	0.942716119788205	57
-0.092893627285135	0.947518043661908	57
0.123037657222258	0.320170305548983	57
0.00521878056241101	0.581866840220096	57
-0.041438161866573	0.741263758855252	57
0.03901082234114	0.44197045158093	8
-0.057988666148497	0.693517036651561	8
0.006056038712943	0.527778798314919	8
-0.028723115554497	0.622612436271805	8
0.111486282109434	0.214115692013139	8
0.070141608893273	0.319791961513325	8
0.095875967937611	0.272315682698847	8
-0.086743811790927	0.76157033736564	8
0.119545153741746	0.233687594184415	8
-0.034767132658889	0.465665618195116	8
-0.117549659222901	0.604505012268035	8
-0.011790403872341	0.451174281489576	8
-0.025261706623269	0.47565424254802	8
-0.107204295559422	0.761523479357231	8
-0.05351333639009	0.554324893193098	8
0.108146167185607	0.231770919317689	242
-0.048863070940091	0.412648358706168	147
-0.035529367678564	0.378683768608715	147
0.055978211245069	0.321574265548902	147
0.070013768899825	0.190552005813974	49
-0.111465902762039	0.577078472737302	147
-0.00749055196111098	0.314129365110498	147
-0.047782731845515	0.379940659287231	147
0.044439058804207	0.332057313736879	338
0.096012288840686	0.253063799111734	338
-0.05764109180815	0.620500417270293	334
0.111890264351887	0.213297733529515	334
-0.08074835118073	0.189872432213084	50
0.111508274088942	0.0395242008307689	63
-0.050175540982743	0.199822159757637	139
-0.050461931972178	0.33227547404767	71
-0.00766907631361802	0.570044761476115	52
-0.022673798441114	0.134647807833755	133
0.040261832130543	0.299363560816252	271
0.03133739617857	0.343892837754147	271
0.047212266227835	0.52029534406555	32
-0.047185236378009	0.625106091617026	32
0.035087663331433	0.274078665705059	271
0.068686043416826	0.202314549775873	26
-0.05765171756526	0.408157852932086	26
0.098986389036374	0.125188202625115	26
-0.046486120334451	0.294365488660261	26
-0.082232597177227	0.328522978633289	26
0.021563720366821	0.241210727823536	26
-0.064505851148612	0.484306341658036	26
0.112065592892324	0.139141200696145	26
-0.01573269822925	0.309734500948515	26
0.067084308135505	0.173190989902651	26
0.066564945894354	0.151043317821617	26
-0.058683744042201	0.247824010260742	30
-0.113454156075754	0.289197208331101	30
0.021914657694353	0.170845714175316	30
0.115274234977532	0.0838733809435757	30
0.067398205123229	0.161896958905498	26
-0.037719143969984	0.604676587381487	298
-0.00211165604204699	0.501944144265969	298
0.010348135570906	0.342649887417693	236
0.040743958934729	0.298539003879264	236
0.019100264031416	0.375019789354665	236
0.093290821854294	0.148781755831255	10
0.098177332898734	0.125929222601447	10
-0.046432505387135	0.294314357329932	10
-0.033583382613638	0.298194206613773	10
-0.033571040964112	0.298175548695452	10
0.021184847209387	0.171430578234648	166
-0.092836547048654	0.435554539369095	257
-0.029722067608847	0.34077998764695	257
0.043567715943557	0.206686617088804	257
-0.110301161256929	0.438190058415448	257
-0.081724230176521	0.366522563322871	257
0.078503279215637	0.717968055052659	20
0.015189971970527	1.18320889004473	221
0.103108256789552	0.432471311832891	24
0.044904720423027	0.702280839082137	24
0.077924726126612	0.51063301841205	24
0.064362368064463	0.768874126297679	64
-0.102462229560594	1.10084081070481	24
0.035739998131291	0.653251894501349	24
0.070040310336596	0.506477127641029	24
-0.00865614483925597	0.585469823777518	57
0.098593707594854	0.35960064031229	57
0.124391826757309	0.240274809896044	57
0.044885580662219	0.42091879990442	57
0.10551937296306	0.27824378720878	8
0.027312074755518	0.401532975812555	8
0.080590315640327	0.27084052105077	8
0.066906496595247	0.243052699827058	8
0.085207749151631	0.306307118332258	8
0.091712487477407	0.23879950171507	8
0.00108855382885201	0.381143633950421	8
0.069113274070865	0.181466221210164	126
0.06915016433426	0.289988703341535	8
0.09904713078509	0.192188138562683	8
-0.00555035544948801	0.497912987454372	8
-0.019351130329061	0.439180700697017	8
0.107954308222046	0.237754542245487	242
0.103933511672246	0.251821362760565	242
0.124171012740974	0.209923764341162	242
-0.090345107029556	0.541305434664057	147
-0.121962232689133	0.573789720752708	147
-0.118517075746379	0.606854034554543	147
-0.121090591573312	0.471515099504359	147
0.001541993367072	0.330166367082802	147
0.036282691335609	0.188422983915534	49
-0.067710660394448	0.8432742621943	338
0.037651764753234	0.436397487679629	338
-0.090008336386069	0.641758340659743	334
0.077638451167404	0.269088118800052	334
-0.042912002554307	0.420243887560556	334
0.007177559254265	0.394833590813879	334
-0.05055640748684	0.2001023004453	50
0.113619829902165	0.137403746058579	71
0.068717864475448	0.330954151443104	52
-0.112005278203788	0.667095367762366	271
-0.095799833385872	0.702766271343984	32
0.021832002458633	0.431988391258449	32
-0.075434977052007	0.64300625047889	32
0.039448540995381	0.300793302897466	271
-0.116443212792256	0.404360104699533	26
0.040955669614445	0.197020787930818	26
0.070640150370856	0.209447709579864	26
0.086387312799232	0.191578939607965	26
0.00325671069630501	0.273774190407325	26
-0.051278521972843	0.333415396976341	26
0.043025218524069	0.20729889344843	26
-0.080770053862089	0.365126830229778	26
-0.084133765398838	0.28894093844229	26
0.067306906576961	0.0942595441750744	120
-0.08659176112135	0.246584127201005	120
-0.049736806651049	0.199508323962674	120
0.107854340112267	0.0988317300014447	120
0.00020224925380799	0.148149855464518	30
0.098521894508091	0.254381405233614	298
0.079075357839689	0.360601408122522	298
-0.071753572662399	0.478476605370349	236
-0.02269700492804	0.347437322029589	236
-0.00244308582276098	0.321824530010187	10
-0.027383179399773	0.205459804578473	158
-0.084048297577909	0.549558837864741	34
0.091905383088478	0.224758448573642	34
0.025557476098366	0.383791898977514	34
-0.031362664681944	0.343315157616114	34
0.051275693103975	0.242974306876754	34
0.090661649976347	0.169061348329436	257
0.066041775035768	0.15151917740734	166
0.065095368383728	0.139824203480433	166
-0.083368643388302	0.288137723960055	166
0.06534793836587	0.139683302062533	166
0.029341089922572	0.180344389127333	257
0.029991997398499	0.179771394817543	257
0.112045310821415	0.563403759112683	20
0.071983470440108	0.57513499432507	24
0.078199144670169	0.574469716372012	64
0.113492170226491	0.445384512331453	64
-0.022665119751943	0.582179955415913	57
0.05732290034181	0.318874598254394	57
-0.066998405057059	0.883050751200398	57
0.005101462234476	0.610124548389262	57
-0.068759897722617	0.863390059020463	57
0.087893675333002	0.286966607176473	8
0.12173366913084	0.192634601152075	8
0.065014713195615	0.139958146048769	8
-0.059351452300844	0.680824420149278	8
-0.070342024745658	0.442631285488406	126
0.068801291292261	0.181825038949999	126
-0.014975458103543	0.308675526336778	126
-0.038847314792229	0.251540796127964	126
-0.038601482976412	0.251231529561473	126
-0.037160397749196	0.381433951830847	126
-0.115515878095312	0.504401923844666	126
-0.122592686267895	0.366906074154397	126
-0.083570462168938	0.288363146153257	126
0.002426537577293	0.274903939616603	126
0.078695003195258	0.267119275872855	8
-0.021786063247408	0.542728042334584	8
-0.010264009736767	0.411861201547766	8
0.087422507664848	0.190157058984828	8
0.117423628758268	0.216018047789125	242
0.086646696831555	0.302984115060621	242
0.05137138450715	0.381647655485879	242
0.0315990041862	0.178165306659615	284
-0.076094682576293	0.705938309098646	147
-0.049637754290612	0.199402762004695	49
0.010789002823596	0.162066058462592	49
-0.064994494773487	0.651600693276787	334
-0.017229477851162	0.485740604242399	334
0.068678663511367	0.171506944724525	333
0.043453213650767	0.206821933229914	333
0.01058494668197	0.162220283724955	50
0.01599066844984	0.453113220542989	52
-0.028099671434405	0.206123441305219	71
0.09659583697594	0.400348061706146	32
-0.086972704006065	1.11473620217332	32
-0.061234857069625	0.850919752779871	32
0.089478816811878	0.170490290960023	271
0.096035422435008	0.203786377130369	271
-0.094191373847235	0.73165287885694	271
-0.041566195349076	0.41794273887848	271
0.10096524021476	0.189264801250418	271
-0.098457340064399	0.364148964709442	26
0.00810141082479299	0.28221388226668	26
0.04057530089947	0.287900970509137	270
0.001988404905158	0.275483475766284	26
0.067938301659825	0.172306829575528	26
-0.05837174641347	0.247603423821521	145
0.000683043325648003	0.147831479835287	145
0.0513412859268	0.242891374957376	26
-0.092589690265136	0.581369840306736	26
-0.052011923493779	0.114426137674261	120
-0.062117531687054	0.290318608286463	30
-0.122864158482682	0.242635997596057	120
-0.122463298464792	0.242471644868516	30
0.107163356312413	0.0993484770620998	30
0.102898082445889	0.112348135284801	30
0.066267109533012	0.138865411896528	26
0.032143758858127	0.548310650795214	298
0.059103871529122	0.436071368284202	298
0.022554708756176	0.489521077830068	298
-0.00240145712177697	0.642697882412854	298
-0.044860359827716	0.375558047133349	10
0.06549313739895	0.139540042049212	10
0.021747962878096	0.170983213675606	257
0.022554708756176	0.489521077830068	34
-0.040115475861508	0.337411993157031	257
-0.01079617175617	0.211216184041909	166
0.064240550717198	0.113115012407723	166
0.077826292820738	0.0704100607810889	166
0.069599973928171	0.180884089356834	257
-0.010274718444069	0.210712910118507	257
0.062357887973375	0.128947045713597	257
0.059869580278549	1.907311079227	20
0.120848093331615	0.654686158805902	20
0.084487855346953	0.975130011040751	20
0.061944953322218	1.03782646435436	20
0.07862877875467	0.810750633885924	20
0.085673258921761	0.31165973412722	24
0.053452224321723	0.663254386037059	64
-0.00601347555603798	0.545385102307348	57
0.085770513449342	0.31155041551612	57
0.010922207279793	0.442219148044348	8
0.087936316191501	0.181056659987224	126
0.022644235534006	0.170201942958957	126
0.070001903370703	0.169993061424019	8
0.089182599377764	0.263981569283735	8
-0.07006467916517	0.442058777012476	8
0.027520807972006	0.328887958952144	8
-0.069131331042689	0.777665704461397	242
0.038936675406944	0.369173589858864	242
-0.039123119657454	0.251720198174262	284
-0.033571040964112	0.298175548695452	284
-0.054491056168755	0.370766935714954	147
0.000935076665108003	0.218314421624254	49
0.092336457960862	0.149751444394919	49
-0.039563498129568	0.673710575601577	338
0.12439839964913	0.204675152459905	338
-0.029695895518577	0.710917472116718	338
-0.00806466924439397	0.525268011956431	338
0.007816198819625	0.393479442771203	334
-0.031459376536536	0.538522169805457	334
-0.074234359876183	0.516260264896234	334
0.111186925303284	0.0396232165072587	63
-0.042771175393204	0.560935237962369	52
-0.076187358053753	0.583739572191826	52
-0.11710918993802	0.507625459468262	52
-0.082573125088246	0.959665928511076	32
0.065949418129359	0.411823502897682	32
0.00271154835873999	0.274493380057924	271
0.113619829902165	0.137403746058579	271
-0.037385903365067	0.38181807948024	271
0.115713562889498	0.0835762750014481	26
0.067404020697677	0.0942067543932056	26
0.067724918892467	0.172533126729464	26
0.062765874515505	0.128621390220165	26
0.036123964277434	0.188588824222948	26
-0.06697170004666	0.36820779672937	26
-0.080000277640246	0.18942069044567	120
-0.123235332324392	0.243065213858136	120
-0.050955997008493	0.114002992802927	120
-0.079507772580433	0.189019538786363	120
0.034828466447383	0.35772755339279	207
-0.096882560241059	0.88237052246189	298
-0.118956649124702	1.06205413697707	298
-0.015056499487767	0.565944950794037	298
-0.025451967395139	0.476000154099719	298
-0.028597965605954	0.584838144406531	298
-0.123028411718064	0.576257538728352	236
0.000411227589051988	0.218848116751925	10
0.027471256355664	0.247157651359287	239
0.096655996324224	0.136519293970447	10
-0.031171448644554	0.432292071726512	7
-0.047298645327564	0.529523294283898	7
0.087860180318781	0.181140475565096	34
0.090398371946224	0.261529895038128	34
-0.048933462449435	0.19880473313065	166
0.067404020697677	0.0942067543932056	166
0.10732002308602	0.0992423074798941	257
0.06834068810627	0.160937396185689	257
-0.114861378829436	0.402344398067311	257
0.111068112158268	0.787615760468605	20
0.108833232685576	0.657984350465224	20
0.018819341695111	0.416718598959322	24
0.113372864076668	0.432427040923634	64
-0.03731793236971	0.825546655202856	57
0.080815679773397	0.240561529532858	57
0.020948292295312	0.540104120382687	57
-0.067031464278294	0.714754470702805	57
0.016278329177294	0.411012884309499	8
-0.032029131914864	0.539999361625672	8
0.044212413412974	0.322771578458475	8
-0.039499261276081	0.252209796000046	8
0.012412600568164	0.290365876504978	126
0.069355963104533	0.191374742051192	126
0.026831910331852	0.24808637139592	126
-0.03945586521904	0.252173485825989	126
0.115213770762889	0.0838638887057483	126
-0.08393180847044	0.288732784006225	126
0.022422883200686	0.240166802401666	8
0.052081472917141	0.252408813777696	8
0.114349258863035	0.203401996619161	8
0.003065743039119	0.327670547103539	8
-0.036380736113803	0.576017437170418	242
0.017671601856845	0.419378878994014	242
0.069131227684534	0.306171505377013	242
0.100548756027521	0.18285847201931	147
-0.101490705752957	0.541990995449965	147
-0.123101861474633	0.242958388895163	49
-0.069441022083286	0.44091855400685	147
0.062430757099031	0.561027872124556	22
0.119000353292895	0.261590488421699	338
-0.100180500465897	0.762211854853782	338
-0.003229668835875	0.504965468744448	338
0.065955910470813	0.27128900703617	334
-0.00744954545323101	0.454865903772823	334
-0.081509906811656	0.327592238085906	333
0.029065375311646	0.180584641246752	50
-0.0516598593167	0.114296718545794	139
0.00543105950775899	0.337669549221101	52
-0.093112740282675	0.511410549505074	271
-0.01899637576402	0.598817855016808	32
-0.060973653499612	0.413636893367846	271
0.085435907819018	0.201248676302652	271
0.009145842261952	0.280716633133727	271
0.03575781073953	0.188958167650332	26
-0.029947104987149	0.341057496224175	270
0.009176622984296	0.226262563281282	26
-0.00426151344688702	0.267832916475948	26
-0.080000277640246	0.18942069044567	145
0.050254066325127	0.233458992208667	26
-0.094999971505768	0.43923218221171	26
-0.055461290136796	0.372277318446625	26
-0.03961541917174	0.252322425515145	26
0.063718159645187	0.113460053513999	120
0.11561390321007	0.0836504200965177	120
-0.06171250913731	0.289860476198667	30
0.092915034226843	0.291298905949592	298
-0.063210104144513	0.560119943812415	236
-0.01415210193482	0.263135757646277	10
-0.122720620210223	0.242680985048687	158
-0.021738721221805	0.345769837548429	239
0.114957648074142	0.165244688690045	239
-0.014981021331072	0.565707025063042	7
0.048805776958181	0.341988090973225	7
0.00352661194034801	0.326881617606465	34
0.00331310900481199	0.435497144626011	34
0.091106537073787	0.159878913147679	257
-0.023762522302499	0.25585391759981	257
-0.081449082461263	0.32750914009944	257
0.111450721411651	0.98608795367958	168
0.095914534099286	1.1014947797195	168
0.055745011886941	1.42334134812167	168
0.10901175214162	0.186578712243762	24
-0.048431017877049	0.459679922558713	24
0.04158381697951	0.317811508675873	57
-0.00782603315214398	0.638274131318968	57
-0.00207374483914902	0.373399508541061	8
0.015291854415438	0.41322115869114	8
0.069697901410358	0.180773402606887	8
0.122399994654295	0.114080672985448	126
0.039578212044643	0.198515509690468	126
0.11036629335378	0.148371646234264	126
0.007354402439954	0.283234169302636	126
-0.036629703970374	0.64078430528182	209
-0.082292819638371	0.328616695781675	126
0.088529488754103	0.180251556047306	126
0.121547037597965	0.114897290153434	126
0.089070595945834	0.270998332618669	8
0.00391344784966099	0.272854230893375	8
0.089630719684926	0.170314517687405	8
0.087582811498569	0.189959026391664	8
0.109654142914604	0.252936229837283	242
-0.116364127964784	0.506240990845447	147
-0.00741747312283902	0.314013389067391	147
-0.044412474146479	0.374814261187183	147
-0.069745840913208	0.441532987338812	147
-0.058038317649882	0.247260909402693	49
-0.050357648275789	0.199966007087567	49
0.083307385697886	0.212593751185049	147
-0.00463390382032602	0.597285264608199	338
-0.028226884848945	0.621139321089633	338
0.022978708790331	0.429226114960547	338
-0.041489632592422	0.599557638300918	338
-0.048218016290305	0.558249520769061	334
0.104797759955155	0.205861102791164	334
0.031042167747313	0.413904709658745	338
-0.109014256073093	0.850394731102138	338
-0.032766503510764	0.501847975735314	334
0.02806888301225	0.3891015000466	52
0.102898082445889	0.112348135284801	71
0.110579961539264	0.215801293887572	52
0.11307296636536	0.262635254338498	32
0.093390919150211	0.148687227969344	271
-0.05965459096635	0.52321056808948	271
0.065579295535546	0.139461562587237	26
-0.00634544396700199	0.270331981752866	26
0.067328875505179	0.150317686346293	26
0.121929066663943	0.114556658795301	26
0.099469926336825	0.124764207940941	145
-0.028099671434405	0.206123441305219	145
0.00672372766037899	0.335564870324646	26
-0.022085704882975	0.346381592970011	26
0.068311370526814	0.212672793006358	26
0.026488608045419	0.318991904445018	26
0.110865507306074	0.0397113788160752	120
0.066443959241136	0.151150652246319	30
-0.021508942552937	0.133948747873007	120
0.11206166710802	0.207505146984532	298
-0.022161241673744	0.710328761548298	298
0.115726060817605	0.267689474400844	298
0.06852756125656	0.275071359300008	236
0.010267556681993	0.162439804084733	158
-0.028269340568904	0.206268642627317	158
0.010789002823596	0.162066058462592	158
-0.081849876287531	0.440771729360957	239
-0.038560369949749	0.566164911957969	7
0.101459917117946	0.223974721502606	7
0.00653873341435501	0.396152394810765	34
-0.035100935943688	0.466348983073784	34
0.013024871747258	0.289452251622707	34
0.040392391866805	0.385671876863572	34
-0.022235731413024	0.134419762727605	166
0.093678871830656	0.988477552812871	168
0.103616791468069	0.263919872335976	24
0.093959988710745	0.563941282805997	64
0.013039148181546	0.939624558597208	64
0.113541146765096	0.347399463467586	57
0.078752473280054	0.399151892146036	57
0.011021750024654	0.694107838418987	57
-0.02322672965201	0.633238965736361	8
0.02533377033283	0.511189973951615	57
-0.025283532500621	0.661338209508278	57
-0.03450321934669	0.63402702261562	57
0.046293582805661	0.337809776039634	8
0.113901877464543	0.172971756834864	8
0.054014294047038	0.259725324690078	8
0.089130177021386	0.179520573900216	126
0.089505678218185	0.179030146683847	126
0.068354678858652	0.222233417776429	126
0.036329715666637	0.188375409886179	126
-0.11373948400389	0.400603601927234	126
-0.116117512549407	0.640173514342332	126
0.114957882345627	0.19693537462521	8
0.067787748895265	0.223016468868542	8
0.083675506068406	0.212051737433502	8
0.104997315602173	0.284737870125793	242
-0.038906984991478	0.567096593091072	242
-0.069204824847841	0.703382930538604	242
0.068281299176023	0.369709811145879	242
-0.035295245051273	0.68886872849578	242
-0.098149428605852	0.641513864469907	147
-0.049877676704523	0.199599255757215	49
0.096814898708021	0.136353808271154	49
-0.011236089833357	0.567985892247176	22
0.041874986611963	0.51938270600359	22
0.01286450596802	0.406809510054731	334
0.00713291280345099	0.334808895038866	334
0.062315229087023	0.128983751372794	50
0.068056064116336	0.0938208034316995	139
-0.109699986957737	0.611279071919091	52
-0.022333557581422	0.134487452099993	133
0.013988473404909	0.458183978198298	271
-0.054494572459405	0.529270034269512	271
0.107564704169106	0.238578738928356	271
-0.017685305765244	0.559689377768218	271
0.124051655845754	0.183622819362318	271
0.068681600868818	0.240289598861384	271
-0.014162010189382	0.442428360508844	271
-0.120217235525406	0.569929066709215	271
-0.02284331080584	0.302339159325569	271
0.099671967051609	0.124571366055155	26
-0.046014121865868	0.293811034251393	26
0.06918966870593	0.18129598874145	26
0.106616087032831	0.0997553104360757	145
-0.066643332268529	0.367722996018654	26
0.092484634331614	0.158312764645085	26
0.048174527858623	0.21308928234101	26
0.090729202375911	0.168966270838095	26
0.105246340714928	0.161968676639776	26
0.093468594298846	0.222077422521792	26
-0.058768622407733	0.24796649465637	120
-0.05130788380924	0.114155707724385	120
0.076906675776854	0.0708228861667735	120
-0.021946757622245	0.134275185027705	120
0.114514673643527	0.0843603481130194	120
0.000299070608598989	0.148080019848136	120
-0.122463298464792	0.242471644868516	30
0.022540448793507	0.240021413798369	26
0.104210343547272	0.206828523829335	298
0.092412491893581	0.336098941297163	298
-0.068000533322996	0.404586393891317	239
0.121214517576083	0.170306525190355	34
0.091293033638608	0.23279159212474	34
0.06994801163976	0.210428043273842	34
0.092655351742163	0.223519588898025	34
-0.00296077386186999	0.322596330551839	257
-0.039774942588268	0.252458272464419	166
0.113954424259912	0.716548868050518	168
0.00333430482458899	0.893410915257502	24
-0.025993673252182	0.698135590469531	57
0.00196758074182701	0.621066383902503	57
0.099990966467591	0.312927720036725	57
-0.027050071774654	0.63138771038633	57
0.023955334386906	0.42671899100526	57
0.068564511307477	0.283079275949768	8
-0.063545583315731	0.482386392686495	126
0.000251630532107	0.429702028906894	209
-0.075014086090288	0.549883933703701	209
0.00549777228241799	0.430484818011839	209
0.112637291897575	0.138486342178011	126
0.035921239217759	0.272784871045182	126
0.015926385794953	0.233816283060623	126
0.090648653742634	0.247522103282783	8
-0.118811300825896	0.607619962607305	8
-0.117008693966379	0.642436884372982	8
0.085435907819018	0.201248676302652	8
-0.067852612174438	0.552782623185887	8
-0.111268466526561	0.576666958051822	8
0.107365048806643	0.159285693860355	284
0.008921933378056	0.281038326151679	147
0.069073729478063	0.181490500171996	49
0.002951105054535	0.274206107706783	49
0.107205197273972	0.159504864318694	49
0.098072177110184	0.323308768921287	22
0.024730347275559	0.503307789802597	338
0.043902525326399	0.39627575506911	338
0.01508248381875	0.455439820447762	338
0.012081721479789	0.35249569825038	334
-0.113089601171979	0.288833281039867	50
-0.048596576297169	0.532406661945493	271
0.00946363965205699	0.488405487916449	271
0.066338870524238	0.261961184294656	271
-0.00402737107706003	0.460168799814948	271
0.116801522151333	0.162625999033468	271
-0.025675185105088	0.437204123850845	271
0.027444961725576	0.328857132545367	271
-0.096416174839282	0.401918360720316	26
-0.024604950549359	0.256688486522742	26
-0.082243559988179	0.328522921007424	145
0.035965266535328	0.188747610785939	145
0.091193624105532	0.159754849847526	26
0.020822534862647	0.242109157146541	26
-0.121139695690997	0.471626054396333	26
-0.00533175733631702	0.2691698014824	26
0.012492421534574	0.290251719047154	26
-0.05168841742942	0.334001549596524	26
0.063993392379971	0.113276482234153	120
-0.021946757622245	0.134275185027705	120
0.000826616566799998	0.147734590135752	120
-0.080374313460103	0.189661122443498	120
-0.03694854235395	0.381151939854671	26
-0.097273844830623	0.403173755294189	10
0.021581300641925	0.171111667090183	158
-0.050175540982743	0.199822159757637	158
-0.122844460016353	0.2427719181186	158
-0.113623824296133	0.289359675440868	158
0.12346445324258	0.113008192667536	10
0.022556882568629	0.239817802517261	239
0.00608283123561401	0.429108082315968	7
0.087037466117537	0.261213625649215	7
-0.097689356852181	0.741567908045794	34
0.052542064153082	0.282042355829888	34
0.117868138401363	0.154969143747425	257
-0.114305770179445	0.543374913090374	257
-0.065295302134452	0.330837345706867	257
-0.065295302134452	0.330837345706867	257
-0.051300571569183	0.333327449504486	257
0.11888524474536	1.33080977565393	172
0.059407848360068	1.01491651000917	20
0.058499770155025	0.69894203527462	221
0.07933296329079	0.379051878763265	24
0.020099731374759	0.93389793271702	64
0.062991134499582	0.475655662013305	57
0.113517236797406	0.28236936319382	57
-0.074765108997631	0.863005545738571	57
0.044693999877213	0.403466600803	57
0.053113370695809	0.458485455529286	57
-0.103697918608215	0.785326235311279	57
0.032650806148982	0.409996967533147	57
0.052669395805703	0.261868585580524	8
-0.084707198189006	0.584205919934168	8
0.029442557542222	0.336575458214857	8
-0.033764114803277	0.463379685965066	8
0.10579606093445	0.197932390956145	209
-0.066690927528488	0.549995296610585	209
0.023107246844142	0.312849375330391	126
0.041451306905912	0.307814800008195	209
0.034450167977652	0.2629005402743	126
0.039629368558133	0.278313212882825	126
0.029636642599559	0.336245837477903	8
-0.061415871152273	0.584384711449132	8
0.087982821285337	0.333721705199487	242
0.04828813327685	0.224694253301428	147
-0.037705153228105	0.382390766972546	147
0.093036084439496	0.215793432225203	147
0.037834279663267	0.281359443493961	147
0.067568064315095	0.17269338116905	147
-0.037963166273491	0.250568182131032	49
-0.065351496029064	0.330907662058544	49
0.096547471685345	0.136623702479705	49
-0.00422039890632803	0.2677669185127	49
0.00297632331821299	0.327813997021783	147
0.075598607727276	0.339928343565369	338
-0.047524010432825	0.530006637166671	334
-0.00308462228330503	0.504578545774763	338
0.04643955215272	0.337530977720499	334
-0.121932788233363	0.573902994802325	334
0.066812137005991	0.0945275789839454	139
0.106603331488829	0.099764184520356	71
0.090070328762972	0.169783260977521	71
0.106024417749025	0.253028884565783	52
0.122090593525337	0.192014961032582	271
0.056097330441263	0.312502951331265	271
-0.093285518928946	0.474629511123549	271
0.00324428913320701	0.327348211393751	271
0.124065259256691	0.140764605272993	271
-0.049979593721627	0.414642209479455	271
0.044635393027228	0.205382972066733	26
0.11353346500664	0.137495624017905	26
0.067457528784758	0.16182548563975	26
0.00847395107377499	0.28166812385464	270
-0.066305415046117	0.332069551303211	26
0.026527378408968	0.248489864938114	26
0.113267385159306	0.137788396286526	26
0.00772760107834	0.282723989422062	26
-0.046422187658269	0.377937401685878	26
0.069642067443873	0.191018589115677	26
-0.122329725591541	0.242364824091801	120
-0.049017041930087	0.198887180097991	120
0.10233447303277	0.112814047100568	30
0.022790104914497	0.170056440440442	30
0.067404715778162	0.357037956063379	298
-0.059834705463215	0.682328383027598	298
0.067724918892467	0.172533126729464	10
-0.109404858905145	0.436845942622088	236
-0.050076100830081	0.199769964396802	158
-0.047068129122511	0.295028393591697	10
-0.083126041787982	0.329615435825378	239
0.09249517779548	0.230700127739759	7
-0.01986967022047	0.400954850689292	34
0.00265627922378101	0.328324224112273	34
0.027337696476508	0.247390659853325	257
-0.038411608994321	0.251049003209869	166
0.010630302153423	0.162181165434051	166
-0.062601703656589	0.290944811335875	257
-0.023909061177602	0.256045494879463	257
-0.104200804503169	0.327579752399386	257
0.086347348075471	1.8770858467164	172
0.072782786159765	0.471598500008689	24
0.035291962795735	0.571273697111263	24
0.115360333571704	0.490226456827699	64
0.015663625543867	0.412309038151619	57
-0.045532888866888	0.853385191687037	57
-0.022326310079545	0.544370676149902	57
0.095110412523047	0.205330892010533	8
-0.082213315422307	0.511832238746491	8
0.068324152580639	0.258553155729669	8
0.014663316216163	0.286961054690855	126
0.108483929633812	0.157816316806469	126
0.097005026960814	0.195175639720939	209
-0.024417092574528	0.39350141855081	209
0.067434845231215	0.251276909980938	209
0.078391770956695	0.304870877825586	209
-0.045543454417822	0.498867198003936	209
0.071147822776862	0.199033102799755	126
-0.024532804563261	0.256731473665479	126
0.040108462058516	0.310286575241522	8
0.056378809855717	0.294053620013311	8
-0.047597873374502	0.458081344313742	8
0.00241096271742999	0.52643496006302	242
-0.013446603101887	0.262281161601894	147
0.021955679202163	0.240761018338159	147
-0.038890521463065	0.251598081027703	49
-0.064704469080804	0.650796182888919	338
-0.024866509307637	0.513052155887877	334
0.115243401764492	0.190934613629746	334
-0.051162019137089	0.333295554030484	333
-0.051056826050713	0.114043873194428	139
-0.030020211602005	0.341203775950655	271
0.116523441623818	0.163048479226519	271
-0.014562836948248	0.40590384246007	271
0.051980357494854	0.252596316116158	271
-0.030840300905861	0.431704406995585	270
0.036693680013736	0.187992006831888	26
-0.023150029897208	0.302734239067344	26
-0.030765971780176	0.342426815346152	26
0.077287962253669	0.0706637074876884	145
-0.120987515061372	0.471331642553697	26
-0.039637870028631	0.336842967297766	26
-0.022916182847222	0.134752097906437	120
-0.022333557581422	0.134487452099993	120
-0.050456951861651	0.20004576912434	30
-0.082444619283219	0.287054715095646	30
-0.078594022858811	0.77353089700414	298
0.019416668424355	0.535085894167996	298
0.108724291408554	0.150343662917839	236
-0.121460852186344	0.365359594083271	158
-0.086524829735055	0.246437182993924	158
0.077366459194204	0.0706266937852931	158
-0.011236457711548	0.211663586864838	158
-0.082286916420462	0.404601801158061	239
0.040798522943455	0.197197440180545	239
-0.051260081334008	0.333411589850575	239
-0.120369408278128	0.87947340516571	7
0.00881193333512001	0.3454040151151	7
-0.071990864137608	0.479042842140472	257
-0.072677920783063	0.480394359754381	34
-0.02265613940282	0.301983276054996	257
0.000683043325648003	0.147831479835287	166
0.021330696075293	0.171284192576538	166
-0.038644598774082	0.251315638018518	257
-0.024287581912773	0.256424792712382	257
0.120103444412006	0.933591451410168	168
0.067313622689191	0.589114551064184	221
0.018871025134427	0.467882137023094	24
-0.048701469931774	0.629490254429433	24
0.083084790623108	0.419284503471099	24
0.122457215668137	0.196336296932421	57
-0.016850054856609	0.671313154923083	57
0.078885321068328	0.331815861032558	57
0.085410310848291	0.285460356062906	57
-0.06140961816585	0.758009962294703	57
-0.05078184764446	0.591783439250964	57
0.025750041657644	0.383359710943234	8
-0.064240996247379	0.329398411545126	8
0.015398937386581	0.23441851472923	126
-0.064398065337325	0.32963494092377	126
0.04646891187189	0.215275630069949	126
-0.069679857092253	0.441413542226317	126
0.098343103820855	0.193245482652408	209
-0.013983821239013	0.26298382771956	126
0.067874573454482	0.161414818580212	126
-0.036523164850111	0.469378466538154	8
-0.057969736331544	0.408860728490804	8
0.109363923554884	0.217995958875995	8
-0.06094311637185	0.446043606799194	8
0.052862426862726	0.251250451187131	8
-0.074734146049237	0.549207426223628	8
0.039603963560784	0.289624675835459	8
0.118913738971236	0.208011135636389	242
0.0791250665682	0.29594130403653	242
0.068482708558886	0.315636747246729	242
-0.029871366382003	0.341045467889403	147
-0.117255724435118	0.507886039149597	147
0.0990655881031	0.12514049313332	49
0.103663300565273	0.111686428978718	49
0.061636510832585	0.129449250399134	49
0.00770131392328899	0.522928258355869	22
0.11872919686075	0.328803936993079	22
-0.106359937090939	1.14079813322244	22
0.052150495490189	0.388357504126775	338
0.016259212950526	0.411043747171335	334
-0.122844460016353	0.2427719181186	50
0.069899271739695	0.312536976123509	52
0.01058494668197	0.162220283724955	71
-0.106549264228472	0.794701489697047	52
0.00611747037007301	0.567681795360797	296
-0.034383064834395	0.721957589993761	296
0.078176276516341	0.326678054144452	296
0.118169630381714	0.287106616884998	296
0.018843122533931	0.572223898047888	296
0.087068585960215	0.342102825864817	296
0.044521895202438	0.205559942992262	271
0.053375641254532	0.280657213460251	271
-0.012066810604147	0.451801697293444	167
0.115138859008286	0.165009654217598	271
-0.086999732958113	0.24691407661681	26
0.092336457960862	0.149751444394919	26
0.043880909942545	0.206329124536967	270
-0.039006856456563	0.251689642590362	26
0.00932681850450301	0.226094579981995	26
0.034927148591953	0.189754591498989	26
0.107124989623778	0.0993802922691628	145
-0.051260081334008	0.333411589850575	26
0.076828210067455	0.0708505061620851	120
-0.079783682732456	0.189267657676448	120
0.077287962253669	0.0706637074876884	120
-0.011236457711548	0.211663586864838	30
0.012265716045081	0.396122660216486	298
-0.077206145969265	0.872404537943918	298
-0.046434137269369	0.843250574101568	298
0.029074789833336	0.564072510413781	298
0.105471852199074	0.305903901252574	298
0.036648825408668	0.18803513315472	10
0.077747764576079	0.0704621510143207	158
-0.021704448369369	0.134133840380632	158
0.122399994654295	0.114080672985448	239
0.090036662335349	0.255497458173329	7
-0.048006062066489	0.601076258196601	7
0.056174655896885	0.294429679616961	7
-0.115979426973972	0.505509801145481	257
0.05048210587995	0.233144155003132	257
0.083522765701994	0.228159022521562	7
0.00281852300615101	0.274363017130472	257
-0.049976812809268	0.199695961940604	166
0.06910493658607	0.1710299997164	257
0.102535550721178	1.27363220999913	168
0.093697235666079	0.622942418264676	64
0.016576011227606	0.942911325843333	64
0.00838013341942601	0.543520156258992	57
-0.034386699676071	0.610224553410802	57
0.00406709182263201	0.509782016835239	57
0.026550600343119	0.441453816540066	57
0.066602227144096	0.252629823237272	8
0.068684390779228	0.181958821375353	8
0.00660795777685899	0.284217690182162	126
0.026392798969211	0.248665876190993	126
-0.023061783306872	0.30264218291771	126
0.00959451629692801	0.225817639005924	126
-0.024275730493717	0.256474400220418	126
-0.113119350070744	0.540856585601531	8
-0.055983974268589	0.373045092366506	8
0.028213633245397	0.338946444007511	8
0.044883165105245	0.33099845710862	8
0.104915433951903	0.169622454261022	8
0.045966650846184	0.348035135223036	242
-0.056655760550685	0.374001540710531	147
0.029630031771027	0.180096310199489	284
0.013171497825842	0.289247977582366	147
-0.081127391882796	0.365582419009129	147
-0.058956514383094	0.248126481289878	49
0.044704269646319	0.412493766195954	338
0.111393087785064	0.214252995882714	338
-0.036577213613188	0.38052668223995	334
-0.067424797076953	0.521476890977957	334
-0.009591903712244	0.209979673554516	333
0.029224816154653	0.180455893641378	333
0.109316695581155	0.21808520265613	52
-0.10416129574831	0.327534451670262	71
-0.107204295559422	0.761523479357231	52
-0.080433392197757	0.189696029834789	133
-0.060515229659937	0.553843945830402	271
-0.059415408626341	0.961387430805009	296
0.055094664939828	0.474783148895514	296
-0.064557406351108	0.621415455028572	167
0.120779818196168	0.151099176293951	271
-0.046251115499879	0.50029657254562	167
-0.010354761386245	0.359065326010285	271
-0.105206986478378	0.328705585449503	26
-0.022383240505668	0.301677844481641	26
0.036532297886557	0.188160473347938	26
-0.079941092824388	0.189365351737144	26
0.036026440848588	0.18866640755119	26
-0.084740037593072	0.289513981354952	26
-0.123101861474633	0.242958388895163	145
0.029918544945599	0.179765969288207	145
0.067507276911809	0.161788325989058	26
0.067894218851179	0.172305647958799	26
0.116517071960029	0.127113002326686	26
0.010429301738318	0.224865754034213	26
0.077747764576079	0.0704621510143207	120
0.110938359837002	0.039690044647997	120
0.077287962253669	0.0706637074876884	120
0.009496682406234	0.162954092703361	120
0.045787410214641	0.329355276436009	298
0.072029149582612	0.3904749587843	298
-0.092194670418707	0.509640993729055	236
-0.059144423427378	0.248278075133652	158
0.010222188948344	0.162483362670592	158
-0.021704448369369	0.134133840380632	158
-0.021848947526976	0.134213470671699	158
-0.121097355276554	0.364821465414544	10
-0.029218721502158	0.469380086058673	7
0.106529802052444	0.240632950168213	7
-0.090909586803648	0.542665502787649	7
-0.030542924011088	0.342091749286175	257
0.033041400981069	0.265094150669663	257
-0.11347907244379	0.289145532950789	166
0.063090855645736	0.113872788212703	166
0.00116388210368601	0.147482087793726	166
0.040114723567506	0.197925079739799	257
0.079363622978875	1.28119075683867	168
-0.00802105127087799	2.31073773202095	168
0.095977312833057	0.706140324027093	20
-0.014810584484792	0.612092126297707	57
0.003090973099661	0.617229486044651	57
0.0530304359775	0.458754033671539	57
0.080801919613806	0.343248124865918	57
0.105344276982469	0.248896796559269	57
0.098786746366933	0.247640515649795	57
-0.050702227801759	0.4927687719293	8
0.109944807468725	0.185135197529792	8
-0.015816557221758	0.352725282104879	126
0.036579737499069	0.353951611137722	209
0.097069837293605	0.195107629282911	209
0.009803337667628	0.225587528772384	126
0.023436695385068	0.238839953773221	8
-0.00801405789162302	0.314927262179227	8
-0.122241106077037	0.574513672820229	8
0.068301444906206	0.258552652757196	8
0.042007174791781	0.306837633726476	8
-0.069420648189637	0.556392998730628	8
-0.054045379451568	0.370001988768939	147
0.070393179415864	0.21927609636222	147
0.019671540928169	0.305944027063833	147
-0.025148583717794	0.436155496270946	147
0.06724930022824	0.150372285924248	49
-0.058914191009875	0.24811573821906	49
0.013464405500812	0.740917184373393	22
-0.033706165859321	0.85643503154916	22
-0.031222506694539	0.724601768847142	338
0.007235511711188	0.438901784338403	334
-0.114327728683131	0.289954367463912	50
-0.081975061985227	0.328224193189956	71
0.075399237616056	0.367841006440259	296
0.050999118474702	0.373760118839089	296
0.012093379121254	0.503925271716046	296
-0.076756937718826	0.767313022519487	296
0.091352533539776	0.232707502815261	271
-0.107173388096532	0.843676599552136	271
0.104143465654165	0.170681858358305	271
0.01870491191241	0.294350678731627	270
-0.082133955307834	0.328427036751017	26
-0.040143227884067	0.337538493364892	26
0.069580724288115	0.201161830244842	270
0.070773136110343	0.20925881180472	270
-0.02344209253642	0.348620581648103	270
0.00338890232977301	0.273597618394626	270
-0.039369158847519	0.252043370583076	120
0.110617046663885	0.0397781881823515	120
-0.050175540982743	0.199822159757637	120
-0.086500440996294	0.246454343766548	30
-0.029977093447389	0.698525432731205	298
-0.053895800790293	0.369778752037902	236
0.064249936229472	0.113101473355432	158
0.064373516255362	0.113021827490398	158
0.062315229087023	0.128983751372794	158
0.094288616579794	0.147719085602294	239
-0.051376275875232	0.333587273572206	239
-0.091825187579969	0.508897950672212	239
0.060517018330112	0.362805507710536	7
-0.040485159721254	0.461080901300362	257
0.063081739353814	0.113891941310612	166
0.114934211532969	0.0840784464395171	166
0.114495730942146	0.136381551295871	257
-0.049482837674311	0.683100607930858	24
0.093429534584394	0.640098785218408	64
-0.05534650546719	0.79440237316356	57
-0.047892697143551	0.758195539239445	57
0.064182781117108	0.451673738145095	57
-0.033516061756963	0.607767069435635	57
0.021102451524197	0.370977808858548	57
0.122773103192426	0.233292819959954	57
0.090231851147862	0.169577037911962	8
0.034025297048097	0.263611683188313	8
0.068845823036672	0.221525949702416	209
-0.034324376558271	0.299127265139906	126
0.068004762939939	0.284227364766415	8
0.013956298471209	0.361454091574531	8
-0.024468285920452	0.473864706164764	8
-0.00155365574643401	0.320414671392119	8
-0.102015422191155	0.580158868639142	8
0.089961438076673	0.342596216343289	54
0.067883371552125	0.385196574677014	54
-0.100741488097317	0.540303059887777	147
0.023066477018185	0.239337456622016	284
0.00932681850450301	0.226094579981995	284
0.066805915536876	0.150816852690542	49
0.066805915536876	0.150816852690542	49
0.037098582481464	0.187547112770713	49
0.001119022237698	0.381102667034795	295
0.065073412826612	0.414330480048061	22
0.102223219548961	0.423693597927118	22
-0.015135538453687	0.690030801551139	22
0.010259464466156	0.597101573603684	338
-0.012403985680825	0.604521969893277	338
-0.011761131103297	0.569389499668505	338
0.053791810953229	0.409171805997251	338
-0.019931802913767	0.440502122288628	334
-0.023713792074692	0.25575542536842	333
-0.083235239414213	0.329714815581292	50
-0.058413977295726	0.247620701039942	50
0.067606595144841	0.161686034607768	71
0.078678268820749	0.274621375852796	52
-0.113441524448583	0.289182802989698	133
0.109206366010404	0.318605976010871	296
-0.081105202822417	0.897600350581205	296
-0.0885246968404	0.918906407701538	296
0.113893917931316	0.198770353980882	271
0.110365084639475	0.22176539575744	167
0.038901717544453	0.442285144111178	167
-0.00726896905413399	0.313770120862409	271
0.022149130786178	0.24048540490893	271
-0.08130580644852	0.403217857690057	271
0.035884073649853	0.272844665906235	270
0.001210605341433	0.1474564468985	145
0.106459220421405	0.160460240031319	270
0.053544463224584	0.260493199193081	270
-0.123101861474633	0.242958388895163	120
0.000586215491743008	0.147897284378335	120
-0.021848947526976	0.134213470671699	120
-0.079941092824388	0.189365351737144	120
-0.030020390257616	0.341280581699321	26
-0.019234272679243	0.679776246402113	298
0.022881863737262	0.563023301628598	298
-0.022007637623573	0.696820894672659	298
0.101299466269168	0.224269693596763	41
0.030758579607992	0.179033628786629	158
-0.050216861220768	0.199875123159404	158
-0.099408289754722	0.36551800923892	10
0.016781041471635	0.232831150369837	239
-0.069019611687623	0.585146145543558	7
-0.07459091191109	0.640482432411585	7
0.077309138974164	0.292339683954881	7
0.105285500850692	0.205048145633075	7
0.00757852284091001	0.282935085446787	257
-0.057090055542447	0.488290345927434	7
-0.046432505387135	0.294314357329932	257
0.000923457190470989	0.14766120173444	166
-0.051760517099524	0.114337551940054	166
0.046715666066015	1.33357809640992	20
0.09295888971283	0.658092841661865	64
0.00529759339711799	0.651999986169517	57
-0.00172399749125901	0.690625451265384	57
0.032948085171282	0.501369591726442	57
0.027427391646351	0.504845812324217	57
-0.091049458640083	0.818350922825883	57
-0.091339401509698	0.543633694702077	8
0.053461479033222	0.299440849137342	8
0.109087660844572	0.259520979466239	54
0.101593104974167	0.217488474462148	209
0.123774096498422	0.184082938409704	209
0.00808787601016001	0.436871050279832	209
-0.096416174839282	0.401918360720316	126
-0.113592201641151	0.671254219971559	8
0.087149139946164	0.29528168168416	242
0.112962140973396	0.138146218605007	147
0.122321838023161	0.142973100327199	147
0.082939282699887	0.213129228177352	147
-0.054342809198186	0.370525432021136	284
0.069756042081535	0.180702240699327	49
-0.11596425244927	0.764602395420669	334
-0.109776554810451	0.437428597456827	333
0.068249282476108	0.231756008666571	334
0.067881789856385	0.172367240663658	107
0.00000789580044899263	0.21925086169419	50
-0.040168317533151	0.570220114177288	52
0.000462607575571011	0.429238387560447	52
-0.082890103138241	0.287594246678831	133
0.05334008760743	0.465462718016354	296
-0.08153166179699	0.440318549669671	271
0.014128663920867	0.403943731917934	167
-0.051369547343125	0.565842839913087	167
0.00280506816366699	0.391004352689591	167
-0.053147948306488	0.368504944509223	26
0.093717668576703	0.148321377068153	26
0.046774916566906	0.214903097266047	26
-0.120347778070337	0.47022215429917	26
0.117472335103319	0.126107584049342	26
0.109917599494553	0.148924495679429	270
-0.079842810698226	0.189306253830455	120
0.067524311203472	0.0941313907174703	120
0.103503889802913	0.11182185771395	30
0.000572368946193003	0.218690639132691	30
-0.040871068780996	0.461639209190977	298
0.120648294225752	0.242468329767098	298
-0.045129278674656	0.815254244765866	298
0.084101715604958	0.368115784490615	298
-0.019601720811321	0.635039916900035	298
0.066867019382121	0.286379440207419	41
0.067502054639401	0.232888866284887	236
0.112930378001702	0.174425583604458	236
-0.028803595538285	0.206702795399073	158
0.067765357901797	0.161530994505582	10
0.032310786524895	0.266125862844278	239
0.00438255193432399	0.477803289603997	7
-0.088465040564859	0.735125595552679	7
-0.048700032430818	0.460167281192061	7
-0.051707510374264	0.333966607372557	257
-0.058580747426362	0.247798457899284	166
-0.113806105925065	0.289526498281087	166
-0.112373086672743	0.288022876740443	166
-0.011077060461499	0.211513029561762	166
0.062849437113846	0.128576152867721	166
-0.11454739978922	0.40183673479209	257
0.067189731527994	0.162104239003659	257
0.086372596197572	0.191565235695894	257
0.009803337667628	0.225587528772384	257
0.093021164121884	0.7991120471025	20
-0.033902416934219	0.504539817151849	57
0.032938867261982	0.351244075546392	57
0.023416889618981	0.43893589474503	57
0.123537680095835	0.211189538465189	57
-0.047642358667453	0.870622836352512	57
-0.02119886061061	0.751459919079196	57
0.037270222190943	0.500380557276686	57
0.09436689205695	0.293970485659255	57
-0.049874926255269	0.414411968534784	8
-0.06650451226516	0.519241802022834	209
-0.00498896467447502	0.669569424678535	209
-0.056388614555593	0.589275967531538	209
0.015983337543163	0.23376475862081	126
0.015588998196939	0.465523750242419	8
-0.081340361607078	0.85196542533685	8
0.003842119439327	0.479017819218604	242
0.117635134855537	0.237785646729462	242
0.052645118640699	0.444350791972721	54
0.047501903821878	0.464281759589582	54
0.000612765058232989	0.218638313326843	284
-0.082285406703348	0.511960631207189	147
-0.02845162837745	0.206422562975268	49
0.070188338007588	0.583042020164181	22
0.085530348460826	0.480214887143467	22
-0.014032961158434	0.791439393487798	22
-0.083767766538235	0.58195090980005	334
0.044920019041135	0.411933304212482	338
0.101230970660256	0.274889435183633	338
-0.065382305690576	0.681378468559727	338
0.094244821625157	0.147766519463149	333
0.011151758919	0.16178079036033	50
0.062849437113846	0.128576152867721	139
0.099870127542711	0.239311975415257	52
-0.11273768828643	0.288456616346278	133
0.041026229265918	0.530018773670344	296
0.105285088716251	0.392050258232552	296
0.107985194615094	0.350013318815784	296
-0.00644673435790399	0.312463539530585	271
-0.083441796738562	0.644803471577896	167
0.068310976425133	0.202783613634973	167
-0.013927894824474	0.262902527124418	26
0.115573460582915	0.0836604234688562	145
0.06759631115979	0.250998654975914	270
-0.039738895671725	0.527512381378194	270
0.001307452238266	0.147385274496048	120
0.099308711841434	0.124910330419924	120
0.117530258866823	0.126049598201035	26
-0.021993449480125	0.134278402059596	120
-0.081849876287531	0.440771729360957	26
0.017772153131011	0.366024178169479	298
0.052682515494694	0.482545124528553	298
-0.070339172938554	0.836419628568444	298
0.12159970304958	0.219851533358457	298
-0.083495716874303	0.288243890974946	10
0.114877092458261	0.191516871052975	41
0.064240550717198	0.113115012407723	158
0.064638235399883	0.140267622068899	10
0.000612765058232989	0.218638313326843	10
-0.028438974871196	0.20640213222022	10
-0.064342145991371	0.329566535233792	239
0.06899102893702	0.221327698846829	9
0.087635692744803	0.181416728677901	239
0.111076368154716	0.244657566680374	7
-0.035904532389537	0.574862099671224	7
0.066162604740977	0.151403961806655	257
-0.044412474146479	0.374814261187183	257
0.12329730934697	0.242759218612522	7
0.097405738538171	0.256682967119839	7
0.081736255346405	0.253958644112038	7
0.00264239015818499	0.328359874235122	257
0.067938301659825	0.172306829575528	166
0.052292108916307	0.272559411194409	257
0.037934476103264	0.561833627889543	24
0.112185362683434	0.559660119865104	64
-0.062155267596687	1.81013928011351	64
0.056578622052463	0.68560923059158	64
0.082740792177607	0.357091292236627	57
0.095357999364336	0.459355312797025	54
0.117240346639802	0.347417220621868	54
0.043338280171589	0.506325921262266	57
0.124068044927838	0.28612555954602	54
0.053448183673293	0.418120789778753	57
0.04143789110668	0.528947678651216	57
-0.030311835898855	0.574877715549464	8
0.089913104603117	0.242114037489338	8
-0.068151381006909	0.746600536179297	209
0.014720324254999	0.73068373927801	54
0.119869594603808	0.177914018535774	209
0.07026844871133	0.228703675613857	209
0.093861358729958	0.148173562087026	126
0.104355196232685	0.206598464029202	8
-0.005954389858704	0.589523963750549	242
-0.036606997380899	0.469541438315991	8
0.018300732646477	0.663662108464748	54
0.112637291897575	0.138486342178011	147
0.012450941294024	0.39576756243138	147
-0.04657391034345	0.378229941375134	147
-0.103148321663091	0.506984037538269	147
0.110142428967877	0.148648731413042	147
0.099500731173631	0.246222254928177	295
-0.089346531991286	0.951764357566702	295
-0.049854029737183	0.562431738787577	295
0.028097097463909	0.259414202152384	49
-0.099620569162635	0.365812129610574	49
-0.08198221741812	0.404223500300935	49
-0.052521773613391	0.449368947410901	295
-0.057383555061437	0.61966707034188	295
0.113397438538529	0.390138114251186	22
0.036211074761338	0.611299624918229	22
0.114355218500717	0.227308006769357	334
-0.010790282517994	0.579307919817783	338
0.123905175667389	0.140990073645877	333
0.00877288633506801	0.281248112841102	107
-0.123492722482685	0.243239998259869	139
0.036734794664226	0.187940598065846	71
0.03385285509118	0.516468733900926	296
0.041415088361453	0.52090402542005	296
0.085614684522352	0.291952755036789	167
0.104464380951288	0.170250189685567	271
0.039738703826406	0.289377223409373	167
0.020159614630729	0.424912331993672	167
-0.052211625113472	0.524032315857921	167
-0.116115815022022	0.640153346660416	270
0.024613978895991	0.31015158038014	270
0.00260483569613101	0.328441269564187	270
0.113925224443968	0.1370462215182	26
0.112497369608959	0.175064488761975	270
0.055417933548492	0.286586127399738	270
0.05393353418229	0.269887106158851	270
-0.051162019137089	0.333295554030484	270
-0.02581422308692	0.437450348881886	270
-0.016743437143817	0.410060605420337	270
-0.064075013649521	0.483510789725141	270
0.112895189239148	0.174461988375196	270
0.000894758724897998	0.218348799569101	120
-0.049736806651049	0.199508323962674	120
0.036007051290719	0.188691040629633	30
-0.115759076706773	0.40358009048449	30
-0.06171250913731	0.289860476198667	30
0.020181842281037	0.305131656950011	26
-0.037348854321267	0.603621257306868	298
0.004798447049566	0.65377510434458	298
0.034566319755435	0.540344402920758	298
0.098311296072409	0.298658007177256	298
-0.022074851849395	0.594276629035606	298
-0.089913782328335	0.983299961529795	298
0.078476661016128	0.259870533291048	41
-0.122463298464792	0.242471644868516	158
0.106603331488829	0.099764184520356	158
-0.093509200228994	0.436692066296614	239
-0.00400702909892903	0.377051475561478	9
0.096141853070367	0.203745104118683	7
0.018441872939292	0.517722473914803	7
0.040345588550264	0.438192626998366	7
0.0302988806195	0.461947510397841	7
0.080597561305724	0.327446738527368	7
0.000393160652655988	0.382509861859948	7
0.079416638156201	0.250710415046642	7
-0.086795742461947	0.246753835191953	166
0.067973666659919	0.161316405646062	257
0.00690382674009801	0.335220870949337	257
-0.096983620882612	0.40254347967974	257
-0.033317809812212	0.503094296450822	7
0.012878240972963	0.289648955893643	257
0.022384661495629	0.240212413293066	9
0.08077314881628	1.14930877402836	20
0.12108034906464	0.689605902489541	20
0.050594519241357	1.12477395144733	64
0.064228166039802	0.924034922659968	64
0.093680833988719	0.508260390003739	64
0.085022358623487	0.567225859606172	64
0.066474522485312	0.662418035089295	64
-0.057265938900719	1.10488626755711	54
-0.00342060841798503	0.852084634462647	54
0.113699553904791	0.393428583154129	54
-0.005889660169828	0.771711864404337	54
0.014610461020443	0.566491868664684	54
-0.00914491594883798	0.791513932856993	54
0.122938621263193	0.317151448378459	54
0.07420694605269	0.431371319249549	54
0.03272798563292	0.585386321085864	54
0.051306979012481	0.381813924686529	54
0.067130356229751	0.372669932113973	54
-0.075623417754847	0.70441541991194	54
0.029080364394904	0.337258252899553	8
0.122467476206736	0.303162713042803	54
-0.065577687214516	0.682103082295042	8
-0.010451942650404	0.65419827961281	242
0.08287134024849	0.43591502701768	54
-0.00212488152359303	0.713321627601101	54
-0.08277323810602	0.76837797833866	295
0.054759645291712	0.414575064415081	295
0.049506311275316	0.349794780055922	295
-0.100669309825014	0.576953701121713	295
-0.046090371051036	0.595929506266944	295
0.05028368995162	0.366452559545508	295
0.083310641155614	0.47325084565368	22
0.116671542309544	0.338895335512197	22
0.058980105881283	0.486334175736586	338
-0.079060395359242	1.01537307017585	338
-0.044853954147265	0.850840889784001	338
0.000693428663863988	0.218485720335907	107
0.097333411330534	0.13580757314319	107
0.069283013025295	0.20154870423475	71
0.052309732620864	0.241470072782323	52
0.059233762899078	0.314896336285726	271
0.036274616808761	0.420903527934705	296
-0.001712233830298	0.421110811860598	167
0.104022039355619	0.213327659823661	167
0.101058848516604	0.182139743804128	271
-0.036830107900127	0.469988638744215	167
-0.109839116511915	0.611565978625924	270
0.094659794560636	0.213188396105888	270
0.109322755478126	0.186108863958786	270
-0.109336967113486	0.610452615606467	270
-0.123167979012455	0.576542844520613	270
0.105209285319179	0.205152925347964	270
0.016479271658167	0.297864750504542	270
0.081147212412656	0.224034979379266	270
-0.103629770309261	0.668084825663798	167
0.03792421930971	0.281193083989144	270
-0.094552657728173	0.438464753289669	26
0.068609016072261	0.160640062540112	26
0.06632368385491	0.151248257186647	26
-0.010875556637409	0.211322122167181	26
0.036490067155658	0.188207947062531	26
0.021914657694353	0.170845714175316	120
0.062145496575516	0.129112092801626	30
0.016253808147317	0.233452108716573	30
-0.081610580429055	0.366349698638749	26
0.017097437448383	0.367359758626183	298
-0.074977785762986	0.702410131879755	298
0.122640569198943	0.217683688686279	298
-0.115462608489152	0.763207941471249	298
0.068697329869694	0.249172193000844	26
0.070408144845518	0.219250179662508	236
-0.050274324784644	0.563461632768879	41
0.021834895489325	0.314968933287462	41
0.093930979989248	0.148086866651415	239
-0.00890764267474398	0.316244818850754	239
-0.067715083985538	0.369233183921046	239
0.100308244682668	0.183140801861135	9
0.034958116764623	0.357447112010234	7
-0.062129051035315	0.58625948147309	7
0.089227981493786	0.277377337873397	7
-0.097872506249481	0.854092970097606	7
0.054427398424968	0.399275295358272	7
0.028451251631932	0.398984338599929	7
-0.017076996154324	0.485532693118982	7
0.026569526940416	0.392465219333703	7
0.02693352403698	0.329976344233543	7
0.106284094229919	0.203340943443088	7
-0.00474713163528401	0.268453402758454	257
-0.003891279016355	0.267352841422731	257
0.109470506522368	0.149466198296656	257
-0.122799199760431	0.575792164528834	257
-0.11673665894701	0.506943993354121	9
0.046501120015377	1.40750608770979	20
0.074441059032614	0.76286666571931	64
0.056242368498325	0.761034780106623	64
0.103347291357762	0.505722283500683	64
-0.021231642331131	1.17084410183011	64
0.035214244886546	0.887544390495685	64
0.076940009273155	0.535437323271779	54
0.092304399393583	0.352874660731592	54
-0.02829267020453	0.692857240690776	54
0.032996672874942	0.501216346251439	54
0.00410102064353701	0.742692289874109	54
-0.097199153440849	1.23172037397756	54
0.07687835597452	0.470207444942603	54
0.113328906999855	0.273545837427701	242
0.016447160473915	0.600290728493322	242
0.026256604482197	0.579092216201871	54
-0.033036274971867	0.908791117261131	54
-0.069774322280473	0.646444067999542	147
0.110576359840902	0.245715778356368	295
0.087219765868777	0.301641045573152	295
-0.113307663741115	0.877812721321669	295
-0.012788380603139	0.735198773963444	54
0.075032754505646	0.434992373906398	54
-0.068118282602381	0.774148601879168	295
0.009630294764854	0.740476807364002	22
0.050835135560366	0.589072598342936	22
0.110964922130373	0.3667033747992	22
0.092718317721726	0.392526226999272	338
0.054151400803511	0.578079686236583	22
-0.00237803551210702	0.601748042902829	338
-0.01527343271975	0.763282313766002	338
0.08520879798711	0.412401391484738	338
-0.09329863387763	0.474679368991113	107
0.068132460575879	0.161155760246022	107
-0.067534048306606	0.52177074203117	107
-0.050597697386102	0.200136624431954	139
0.063984094229248	0.113295491069645	71
-0.024002035608782	0.303862185057141	71
0.068380579121158	0.231604964451368	52
0.013642611278496	0.405099509495206	271
0.076276200548618	0.358806187437335	296
-0.08985710547672	0.77150429222484	167
0.109841967385211	0.257786625879966	167
-0.100709669125	0.613229083940148	167
0.035733830110333	0.34522043233316	167
0.068560615455768	0.231317710067133	270
-0.060870358620881	0.525894131418241	270
-0.053801293665789	0.451821011511759	270
-0.055110682085192	0.585851154518201	167
-0.067961577553155	0.611882889074887	167
0.11359474735265	0.19923795727299	167
0.091156821458953	0.232985056871344	270
-0.037014595078545	0.381221971769763	26
0.043938023770439	0.206258677291744	26
0.022289948078206	0.1705195806077	30
0.087567376939836	0.181513669428153	26
-0.049130679812312	0.413043817488465	26
0.034097538345076	0.436182646777121	298
0.067589201934489	0.276830811243301	41
-0.00208507846107397	0.321259519599896	236
0.10850910801473	0.18735081609147	41
-0.00422039890632803	0.2677669185127	239
-0.055088034540951	0.371705509619892	239
0.12397108383305	0.140908621591245	9
0.018819693718027	0.375585563865895	9
0.067936084444741	0.250431900261466	9
0.111915872801567	0.207755042166935	7
-0.08916324450604	0.672097477349997	7
0.02585880499904	0.443411183793152	7
0.050068129122771	0.357805310564426	7
0.116563453167103	0.212376098649889	7
-0.070121708937489	0.647514252570358	7
0.068302315206453	0.22231073289077	257
-0.106485339161343	0.473419247644074	257
0.034463795881568	0.262938301444189	257
0.042007174791781	0.306837633726476	7
0.097512763178223	0.201591927786564	7
-0.045982740633679	0.37731746005173	9
0.085921382471843	0.755823120430069	64
0.016349893195425	1.12374644267657	64
-0.00635666250754602	1.39047546201454	64
0.01023144852022	1.02342743082084	64
0.031885009383905	0.84462481746187	64
-0.08081029243364	1.47363835438854	54
0.05336283075856	0.663723097285063	54
0.058024110822755	0.547499477604291	54
0.07685318832064	0.500539413667398	54
-0.040797657757956	0.914917709475336	54
-0.031648785372923	0.654392945260715	54
0.029264617965094	0.57211371251982	54
-0.021333774950549	0.783074029602753	242
0.049167714998772	0.542608663713486	54
0.093183871779829	0.442212093947991	54
0.10682438357498	0.379110316861516	54
0.113038252912661	0.318135336055398	54
0.049787127148542	0.656372006191446	54
0.01439163719782	0.567212554641202	54
0.025271449113447	0.521047113813042	295
-0.021887134073266	0.773100635838593	54
-0.060260706337012	0.655882918584821	295
0.034110871577423	0.416566021833832	295
-0.097077236150503	0.706384154689184	295
0.00875413189625099	0.490311940805505	295
0.081286060625812	0.348457351796584	295
0.026597238173005	0.681565423668891	22
-0.009278268709982	0.792182239287809	22
0.060709729116305	0.601043989099023	22
0.064667377439218	0.501300039833832	22
0.034608621181118	0.531529542215245	338
0.063072377685261	0.113873819887781	71
0.046097092904867	0.215724772951592	71
0.00991917325424299	0.444689768879327	52
0.022693672365357	0.591694504863872	296
0.039598070806626	0.510210074418192	296
-0.013997116984304	0.641341877913436	167
-0.00259388258541399	0.547827447672631	167
0.101225742932879	0.280513819163369	167
0.115501559749749	0.225032263213124	167
0.024798119487436	0.385372245731397	167
0.056894852598701	0.302068312958381	167
0.022752939912518	0.378758330368888	167
0.070456586003253	0.237382683583689	270
0.068305351624704	0.26714373128267	270
0.033711020552058	0.349684144540956	167
-0.04601427184564	0.29372172808153	26
-0.113441524448583	0.289182802989698	26
0.092200742732371	0.158649445050427	26
0.017151403275035	0.232378095626986	26
-0.065781375806301	0.486889406606527	298
0.079403453841773	0.295340721470771	298
0.099281800045207	0.191831141674687	26
0.095343566623162	0.204977405124399	26
0.012306260018	0.352078964791278	26
0.067086143145622	0.277741833836825	26
-0.00120405320121803	0.597838982828635	41
0.089674442445306	0.249392237470775	41
-0.118400020909733	0.697095748356088	41
0.114029571321671	0.198528703025783	41
0.052958761930377	0.28137285047046	41
-0.08372991827601	0.288516100121342	239
0.051447320589271	0.231771837796485	239
0.051895476343082	0.231126649966331	239
0.003155621681073	0.390266874236883	9
-0.068924464861375	0.439951245139477	9
0.05834133830163	0.342764967137916	7
0.121973794330114	0.169169228622668	293
-0.006538629091495	0.367324461360499	293
0.006376390963966	0.440879725032952	7
-0.043392478878603	0.63025094281264	7
0.047824822226447	0.344138755834746	7
-0.057763221571028	0.489668524708926	7
-0.033042178452319	0.50248520341845	7
-0.040314769137141	0.337819281616329	257
-0.00468938785274398	0.268383175079511	257
0.055672847285981	0.276602952049472	7
0.067130749183132	0.251770292144384	7
0.102145192316857	0.222744744697305	7
0.099416698417761	0.191639728547865	7
-0.075528458091183	0.582252699843009	7
0.108823440451065	1.11888579037902	20
0.109655402113237	0.838329465461021	20
0.073143661461389	0.565483579042892	54
-0.03136159534841	1.17215711094008	54
0.082026194873704	0.386029675475788	54
0.024814595535609	0.649753783768924	54
-0.032955978008922	0.717098051399903	54
0.052078471277965	0.617138039306202	54
0.040500552901236	0.604768008242174	54
0.077279540851185	0.39120906126773	54
-0.063270350547757	0.924645045508223	54
0.043482759577281	0.537617627362098	54
0.018596695859508	0.537711278320932	54
0.082259543090384	0.467763313224178	54
0.052322974662034	0.491280758858272	22
-0.080503143186343	0.895482055706507	295
-0.023455793252403	0.747786209971485	338
0.112710267914772	0.346314582982029	22
0.05017495978107	0.233550069107358	107
0.042769695256288	0.207588948036272	107
-0.02213795420696	0.134315084685377	139
0.024884545397797	0.321908027953614	52
0.068835601696892	0.17133049661302	71
-0.028838518075254	0.570591255764063	52
0.095023972003507	0.138104034839873	51
0.059160463698394	0.382282097298355	167
0.09707031901048	0.250938612277003	167
0.102838729373235	0.265632127121134	167
0.118700751442357	0.208412060402803	167
0.079095876376533	0.258895899818737	167
-0.026195818324751	0.396573014054523	270
0.06647789877256	0.261722201605552	270
0.041862335520626	0.306983484437823	270
0.106382880882849	0.197005664136647	270
0.092358969044714	0.230939853405612	270
0.027422913289288	0.39057226979841	167
-0.016955957820137	0.485180089680657	167
0.109720586045948	0.217357073818948	167
0.077900156888794	0.298556891983871	167
0.025045878872626	0.321518507991178	167
0.113394078089592	0.205083737975192	167
0.106540231907791	0.240673673504013	167
-0.121527954340991	0.705722076999503	167
0.054216661756514	0.288778769241151	270
0.052542207287619	0.251723254058276	270
0.008946588244687	0.345157590095883	270
-0.121511373431783	0.472270012610235	26
0.068469837562802	0.182200204223326	26
-0.05516243590423	0.371798659616907	26
-0.023936403627342	0.303798638773007	26
0.050241732871411	0.233407228295592	26
0.102820080166379	0.172455291267932	26
-0.093036759907355	0.582355509700457	26
0.035601273262777	0.273294590304202	26
0.070497809043811	0.303307975186395	41
-0.046371422554224	0.455503159090207	41
0.035168975667391	0.357000096341431	41
-0.04729270502811	0.457407450400163	41
0.068790311395039	0.23096667652967	41
0.093047054432646	0.222870680273811	9
0.053261134132348	0.27099041821818	9
0.022972245252658	0.313074263231597	293
-0.018730271940338	0.39877867572347	293
-0.090945953850357	0.542689968036217	7
-0.115223141949924	0.637741307087224	7
0.123589373164933	0.161178583549566	7
0.004008041087464	0.43391306590381	7
-0.014948600086526	0.406689991677141	7
-0.039761209390954	0.502308976360733	7
-0.03539042986837	0.423808261365176	7
0.092962833729497	0.2230113827838	7
0.035653265311095	0.27320195046601	7
0.079553374674964	0.250485459234891	7
0.122966851071994	0.190451110909354	7
0.102454163041534	0.216049468355916	7
0.032021258037832	1.74536779915873	20
0.01428031795048	0.969724800095157	64
0.107315547926608	0.512812378024352	64
0.123246464998154	0.402812368735668	64
0.049808253731514	0.727936191117607	64
-0.086812184955247	1.44321641476337	54
0.039604525294412	0.571357933752044	54
0.079093239958562	0.424331450112934	54
-0.030813852305434	0.91636792526318	54
0.10618731847054	0.437116725370175	54
0.00282949888980499	0.567058681791876	295
0.076741268103243	0.337146926694881	295
0.102327082944911	0.324290030720944	338
0.081209006105381	0.428511063367637	22
-0.031537442416914	1.00373631909023	22
0.087092498964925	0.482705454457489	22
-0.055654026332302	0.559603391227988	52
0.06696694404889	0.150667189891706	51
-0.093349013486786	0.82665104159785	296
0.047842215219012	0.463257165576618	296
0.051374929500242	0.231889029967995	91
-0.114064555623824	0.401155010612853	91
0.051989244502162	0.241856762418332	167
-0.026563126819457	0.579147349342419	167
0.110915948076296	0.272619951082016	167
-0.083411068650235	0.85997719026254	167
-0.082717434121693	0.512891325483098	167
-0.006579061822024	0.418210790785288	167
-0.076715412861409	0.553651784064959	167
0.011602025662703	0.397678308480376	270
0.052210594335033	0.252248466418521	270
-0.082789522903675	0.512940681717838	270
0.035832012998614	0.272933505307796	270
0.082684194446188	0.221676441272585	270
0.12010676657695	0.243759796587184	167
-0.101288264041913	0.578588319042129	167
0.001579828294974	0.330098965167967	167
-0.036005516824746	0.534429425956661	167
0.018743239533072	0.479073179137783	167
0.107973017297191	0.194451370521053	270
0.055416876432559	0.277028844165099	270
0.070177633164577	0.200369553866138	26
0.002645495028612	0.27460697010163	26
0.119766889467186	0.152480573475451	26
0.069356634330886	0.201453109226297	26
-0.04909370531137	0.413067054643185	26
0.089505678218185	0.179030146683847	26
0.092200742732371	0.158649445050427	26
-0.023411126753176	0.303085747420545	26
0.12223089826324	0.168765982304256	26
-0.026344231600376	0.664831306138161	41
-0.098926773813714	0.608872995826087	41
-0.11665018467866	0.853818645906064	41
0.024552936882534	0.32249586896365	41
0.054246292408151	0.288719905452475	41
-0.101712847113984	0.615474438823572	9
-0.037011048786978	0.536939075951469	9
-0.123401391254432	0.814280593163233	7
0.084224557644501	0.21122972535239	293
0.116813598423947	0.188355154153809	7
-0.083341579672675	0.580954691244292	7
0.069402274329169	0.337087527715945	7
0.017259456536783	0.367152861654281	7
-0.098563074460155	0.642654698781179	7
-0.036770189740616	0.641194032550466	7
0.082795964383292	0.229401329776327	7
0.043157376927442	0.32490401149653	7
-0.054695838139288	0.557311305914779	7
0.112710360254008	0.206362760138663	7
0.035229108523273	0.273868285431721	7
0.069881664697121	0.210534106776612	9
-0.034827305586223	1.06554617515645	64
0.117744255492517	0.693066229768379	11
0.116990890635777	0.445928805490129	64
0.112973902896255	0.564946412288325	11
0.044841179964565	0.947466701585557	64
0.086428251853311	0.633684087363964	64
0.121959810705577	0.427622454226667	54
0.101448825617673	0.548303684323786	54
-0.00522308298698898	0.842684423540331	54
0.113338425484591	0.363800240541955	54
0.094785169285738	0.471296863123254	54
-0.083809648105083	0.992727048947623	54
0.073581240316567	0.490344690551966	54
0.024928430485044	0.583855657901984	54
0.084898453287498	0.445919291620579	54
0.030255177932021	0.785486669174111	54
0.093467240090009	0.501740410338626	54
0.057495891107967	0.631440230128783	54
0.092806755641844	0.149293265157189	295
-0.031458177066528	0.578035706087405	22
0.000451662770992012	0.218786098803235	107
0.025007241563702	0.435000622413839	107
0.077063318142786	0.0707338132116393	139
-0.051509428217989	0.114203380422749	133
0.00838339408153299	0.436131577865625	296
-0.059080864481132	0.248254297546523	91
-0.080216847495123	0.189563353167821	91
0.058906309790248	0.324253101238429	167
-0.041131430223176	0.639192831096358	167
0.034203228719179	0.34863890933455	167
0.115554010789196	0.0836709149409788	167
0.09331355367357	0.284192314801957	167
-0.053928273910454	0.452104938063282	167
-0.017221569572783	0.640194740708003	167
-0.103223855365166	0.582694084364379	167
-0.083273779703349	0.580821609117336	270
-0.050363521290793	0.33215826380008	270
0.054001527374318	0.448042924916914	167
-0.081096625821148	0.701254688512038	167
-0.036882571040584	0.381038377193122	167
-0.097391648967918	0.403311851318614	167
-0.109450005315653	0.436813907759701	167
0.037424606125439	0.282036738210231	270
-0.001975434716526	0.373227973685554	270
0.053183225231457	0.280989629275587	270
0.082719551717392	0.221596327416543	26
0.021622966398453	0.241161529921093	26
0.03377400652552	0.359881166662496	298
-0.122566142715592	0.366846408209782	26
-0.086128393601947	0.928028867048305	41
-0.025116474533834	0.475339795469771	41
0.069161002051195	0.17095687455055	192
-0.044263612798194	0.632897668920933	41
-0.097708118014672	0.708052578131477	41
-0.041057898100566	0.41694570621044	9
0.068421308785732	0.291521782974357	9
-0.01218989583721	0.260765100763753	9
0.018690556091224	0.294327834603195	293
0.102365501581035	0.112740252869347	293
-0.040705984885023	0.338227605130055	293
0.042007174791781	0.306837633726476	293
0.06834068810627	0.160937396185689	7
0.096165969977838	0.210682434891107	7
0.032975196803135	0.265193208813341	7
-0.081317830897514	0.475474909578606	7
0.052990763821894	0.251029486840011	9
0.088336984752735	0.332814659405253	7
0.116019089141564	0.286663612728412	54
-0.019320307030967	1.03867894104476	54
0.071617100995536	0.430943839704224	54
0.065933012819376	0.459259725553184	22
-0.04971011886224	0.658549173143315	22
-0.091550976895041	0.612644959638845	338
0.022103726719166	0.380126488176901	338
0.081161481516371	0.388535924297752	338
0.071448512040506	0.405515509857926	22
0.068754410046932	0.361132641358841	22
-0.083899793993103	0.288634380085881	107
0.021372568328348	0.171287135494086	71
0.030108512835474	0.179659492624757	71
0.02231093657509	0.170485018707542	51
0.106641944389463	0.0997075920110492	51
0.076341094793569	0.331038780439525	296
0.106289992917629	0.0999304679094663	91
0.117559148218187	0.237968955242661	167
-0.032485089420636	0.604599708145069	167
0.084853566288154	0.313711183697188	167
-0.00728649133630299	0.419656403121574	167
-0.075925623951912	0.867572278446867	167
-0.067891122572056	0.369490884774901	270
0.06890829010635	0.20202650650996	270
-0.045857742886757	0.765716213915864	167
-0.08995874078919	0.925017197515198	167
-0.093881106805102	0.437412380200071	167
0.06803867720634	0.172195953922542	167
-0.066947318210735	0.520518082878266	167
0.10643169474998	0.160436536853405	270
0.121603435069068	0.114858792349682	270
-0.082351039514015	0.36732977339197	270
0.087559584586021	0.267182360155053	270
0.055115687317286	0.305496441431782	270
0.042796182740089	0.315565639505358	270
0.095568596572593	0.146284228920449	26
0.00727926339691701	0.283317390688514	26
0.107150451913188	0.0993673401350934	26
0.030065511249636	0.179680639907435	26
-0.099069192100329	1.01437062878966	41
-0.059998718638673	0.655226913567386	41
-0.047597873374502	0.458081344313742	9
-0.065980642181084	0.711575316136415	41
0.068887870922072	0.298624613590795	41
0.057590443966263	0.309532660617862	41
0.081093808495172	0.240066277640971	9
0.109322755478126	0.186108863958786	9
0.035769875879763	0.188884118186844	9
-0.057247239377821	0.646962765846418	7
-0.113661223245795	0.289291734140708	293
0.062515702570341	0.128834933722715	293
0.093930979989248	0.148086866651415	293
-0.121596243631392	0.472422145786247	293
-0.058249540853846	0.409192386109902	293
0.060551480978693	0.362721909361139	7
0.037491214169482	0.362263664382356	7
0.06037962564255	0.39479813602865	7
0.089012829044293	0.284483131120662	7
0.117814974548257	0.297971105009614	54
0.04695711328789	0.624377156448734	54
-0.06239565492709	1.20566379985979	54
0.120843771491658	0.350791183742357	54
0.08009357496052	0.364395728782597	295
0.03656241069856	0.624581338513515	22
-0.039329507067833	1.03558745037889	22
0.049703457483433	0.621501827322419	22
0.00524107679382599	0.843026224261116	22
0.067756991474979	0.498452188475818	22
0.080172964116303	0.49909245167496	22
-0.033514877088049	0.298064172538442	107
-0.022333557581422	0.134487452099993	71
0.00538873890814701	0.430719770780242	52
0.067306906576961	0.0942595441750744	51
-0.10890194490307	0.43597144463375	167
0.021566848891112	0.432672331949984	167
-0.059832531987299	0.443859482030298	167
0.053052455734973	0.240341671352307	167
-0.031603943970599	0.538910540819924	167
0.01831005132916	0.417893707926479	167
0.054914543631816	0.277955267396194	167
0.069951940867775	0.200621273421472	270
0.099507667621226	0.240016891590831	167
0.07950303963052	0.273014324291863	167
-0.019261745675693	0.550381356567816	167
0.050151457807495	0.366716759574812	167
0.014668491947664	0.467832533973855	167
0.01106928727525	0.495513081791424	167
0.03848197786391	0.280289465265404	270
0.00195127805699899	0.329509595749188	270
-0.061122142652389	0.446367782025616	270
0.032589243662202	0.26574758056764	270
0.069168886397652	0.230393296532412	270
0.047299784548635	0.214231319697123	26
0.027069106178389	0.247723102264863	26
-0.00268151413543499	0.265658978941677	26
0.067938741626099	0.284367087779969	41
-0.024275730493717	0.256474400220418	26
0.103259505332821	0.112040521053002	26
0.121402131164644	0.11506446070998	26
-0.069104872122395	0.777576801413023	41
0.047462206122283	0.344888018129868	41
0.00134406011230301	0.517455903567946	41
-0.061364715874887	0.555907128740528	192
0.096876722112203	0.202602640402247	192
0.026377653145764	0.33094886061077	9
-0.035073859309021	0.466310962534213	9
0.02802294940725	0.327934520908364	9
0.107579429424809	0.195081507502984	9
0.00937964857437601	0.433705372131546	9
-0.016535856213808	0.4842197486113	7
0.104789891940238	0.205888938053759	7
-0.065803890271149	0.517922953706958	7
0.115021994382789	0.191289240292099	7
-0.106628098459621	0.640521698410727	7
-0.095471991405029	0.735508814470792	7
-0.00712822683848702	0.454057907844506	7
0.036058202873065	0.42146674140125	295
0.055591060749066	0.522197768441355	22
-0.069093878744323	1.09275537649862	22
0.097186252104036	0.402645585037695	22
0.124398165516806	0.305997632342705	22
0.066294879606241	0.509513604270753	22
-0.013456806496082	0.262374507064586	107
0.044715702185107	0.331530499415706	149
0.114210558186677	0.227585734959692	52
0.070177633164577	0.200369553866138	52
0.108647373677515	0.230787004010575	296
-0.08336566626761	0.708120385037827	167
-0.057890162662089	0.408711054153876	167
0.040357095323024	0.375910690343387	167
-0.108076418174653	0.728363544311656	167
-0.00193551118862501	0.421630830848594	167
0.090015689170256	0.248731632228522	167
-0.123276920565379	0.762092138166009	167
0.022964028889885	0.378318317989339	167
0.096643585817614	0.202969347446635	167
0.03970604405824	0.300389139304886	167
0.089499339314682	0.178971726874515	146
0.0891199839687	0.26412847189336	167
0.067918220562165	0.292531097717983	167
0.093447664995617	0.148623829492038	26
-0.061793521474675	0.290017388203382	26
0.070118223618332	0.190353332895642	26
0.041168096958157	0.196778407634543	26
-0.010310056770737	0.531620883900491	41
0.097512763178223	0.201591927786564	41
0.111022512806289	0.177208274703784	41
0.057195606223053	0.301419449053497	41
-0.076020801371826	0.583427051401469	41
-0.062805249481673	0.58783007908553	41
-0.094403012888527	0.438275770902986	41
-0.00650741470104399	0.452530488821386	41
-0.04576091909974	0.454309280563937	41
0.046490013175953	0.215248252055285	85
0.092288449841607	0.158539451795937	85
-0.00600778258552998	0.417016001335551	9
0.055618794507542	0.304533005213835	293
0.096717204006476	0.264396303068219	7
0.069859455528291	0.304682422664868	7
0.124649500862567	0.140036180887872	185
0.114721341104314	0.165576957528888	7
-0.054703112324511	0.453593754176881	7
-0.021006897122642	0.442774413631023	7
0.00423655908815901	0.433425362498608	7
0.044299144402514	0.322683958716051	9
0.013770767135507	0.288345518469445	9
0.028880948335825	0.697915916080847	54
0.041461061041774	0.383150812474605	295
0.035671793641326	0.35594718924927	295
0.119166528005156	0.311503240413248	54
0.08612794334826	0.567115495013109	22
0.08885010393172	0.412820363508346	22
0.013482131422383	0.349851884242377	107
0.09399489677266	0.221246816003454	107
-0.059123291830723	0.248291590930997	107
-0.022837614113391	0.390586246056223	52
-0.047671000992303	0.626488393482231	296
0.054442952141787	0.297647024085518	167
0.12411760897258	0.18351040517777	167
0.093933466397159	0.21435712882313	269
0.076426544000489	0.323751522042138	167
0.059382415518072	0.331938289810255	167
0.058607909939529	0.342243516759931	167
-0.019931802913767	0.440502122288628	167
0.050153463746033	0.222195661856115	275
0.087808742506587	0.189647756367583	275
-0.118662075605947	0.735260154888531	167
0.079903576971436	0.24985307554185	167
0.00897406267762799	0.345084814174954	12
0.095015397040312	0.267947792189325	167
0.080040489929565	0.249570451555669	167
0.022751642080846	0.325555622597378	146
-0.0315116160913	0.343512327572593	146
0.123402897331391	0.184697904847652	167
-0.00411494710212001	0.460354436862361	167
0.03312132652996	0.264980496664021	167
0.091316366193617	0.252956744191443	167
0.115144007877046	0.20191810352043	167
0.11709521511452	0.187882869668375	167
0.09914753274584	0.12505179399869	26
-0.028633896329049	0.206569217545354	26
-0.011652793172118	0.361398408499798	26
0.069069468065314	0.191713202178909	26
0.051501372649594	0.242644042538859	26
-0.028174410415057	0.466859314919867	26
0.086639341402702	0.31578448507091	41
-0.01530967514078	0.517554134423606	41
-0.031619939358553	0.538835715442131	41
0.00232538136988	0.437652931445228	41
0.00407979675560599	0.478507747885613	41
-0.066027581802511	0.518417320384869	41
0.079392570162925	0.295345484302061	41
-0.083907186331252	0.646052104673315	41
0.024890679160269	0.424379243611024	41
0.087648498806069	0.189851177189414	9
-0.0505775815894	0.332469585977352	85
0.039096413394286	0.198981781610227	85
0.022574004758276	0.313719347969659	9
0.027359646912465	0.329069697096921	9
-0.116126019177462	0.505770068840688	9
-0.075396941017794	0.518680888195818	9
0.042964477740002	0.389174098742779	7
-0.015031747871385	0.516760931238183	7
0.058106635234845	0.343345955879631	7
0.091846260024724	0.224868099345132	293
-0.00361241308107102	0.459175622875015	7
0.119362291650492	0.20197750981939	7
-0.121941936261825	0.796258452220223	7
-0.03454547281912	0.571154653790801	7
0.026764630343185	0.248166494144269	185
0.093538279334575	0.214999154200586	7
-0.000889969711548977	0.319295041588292	290
0.035370523927901	0.273651976774084	290
-0.015219357547953	0.64616702063617	22
-0.043643992917181	0.867417147655541	22
0.084724373417172	0.210413811662565	306
-0.050357648275789	0.199966007087567	107
-0.048096786191145	0.774009715236414	296
0.104053983434444	0.25152763133319	167
-0.071346872394467	0.767373177708317	167
0.049377342894415	0.359292895613651	167
0.09116742707385	0.345101908372698	167
0.035314964937604	0.356701231143544	167
0.121279704837185	0.170206541589922	275
0.051154115245537	0.232180660244367	275
0.12363653781059	0.246270382963911	167
0.089747172825286	0.262779099620213	167
-0.023280328789114	0.30293961529788	12
0.003578328112991	0.326783214275517	12
0.016278329177294	0.411012884309499	167
0.085986275450421	0.200433153647284	146
0.079035055451177	0.273920399627528	167
0.030516383159162	0.394181036914935	167
0.084013724312337	0.203220134579643	270
-0.123111493371038	0.242966235418229	95
0.000636328326997004	0.147819186045245	95
0.021331449358163	0.303211094419375	26
-0.091332998457959	0.710819068668315	41
-0.119938510073903	1.03230394002465	41
0.015082794463114	0.52730255039843	41
0.087102563931295	0.281941794222709	41
-0.045724077805512	0.525659051861088	41
-0.082907577906658	0.329227456924707	85
0.019850734698402	0.305608905497495	9
0.030034978920386	0.17971683741465	85
-0.028074274630915	0.20607175620602	85
-0.039774942588268	0.252458272464419	85
0.09407502509864	0.147947717279991	85
-0.090868364118681	0.64400012577088	9
-0.00780627712969201	0.455698555292256	7
0.025653505062949	0.454244579903306	7
0.020383835079106	0.474649738886748	7
-0.065737532898991	0.682417881145955	7
0.040530583503779	0.197492490640924	7
-0.121047988679007	0.704408422612041	9
0.008649862423904	0.226824125300104	185
0.02498313633617	0.32171915591065	7
0.035585499047671	0.273219641103513	9
0.007925539911422	0.333310332066071	9
-0.121900613873978	0.472879283695797	290
0.088981800377189	0.179719526905497	290
-0.022406584544907	0.301715886354228	290
0.030233012524112	0.647021999139513	22
0.08136812736578	0.422457093547042	22
0.124635422425535	0.239719987621157	22
-0.114493912682858	1.09645162252474	22
-0.012566947341582	0.69254277328165	22
0.028878490726661	0.455940192126303	149
-0.00266885734113298	0.322182309363695	167
0.106811128402424	0.292571361123607	167
0.041736457911873	0.495074239433452	167
0.103288082229096	0.253134760692078	167
-0.092329498290684	0.472895086634942	269
-0.068045861776434	0.55327561764281	167
0.062651349152398	0.373328176682142	167
0.086641539619466	0.275907172068087	167
0.117301713983585	0.181980434147897	167
0.092200742732371	0.158649445050427	275
0.078103489317216	0.283256316373989	167
0.055159351155471	0.296341439429198	167
0.067647501684344	0.309345255348037	167
-0.099777785230719	0.366007371151942	12
0.054244108190249	0.249074889200423	146
0.106042866192208	0.197552100626356	146
-0.013949449662224	0.441928649537574	167
-0.050175540982743	0.199822159757637	95
0.000442640637278002	0.147994203311502	95
0.063727616277926	0.113470545102492	95
0.023241739666245	0.239058621030793	26
-0.081024300282593	0.439358180358532	26
0.119547564587597	0.283395645780432	41
-0.017710259527957	0.674209176969974	41
0.092752436664844	0.329557830091606	41
-0.03481127156993	0.506564751411011	41
0.113112005544134	0.24035111514725	41
0.080783127468031	0.270461806685605	41
0.00394399623910499	0.434077722993992	41
-0.099251045709225	0.365308637107948	85
0.065880807298209	0.151656556456733	85
0.115414136119007	0.0837747443340519	85
0.010176809289684	0.162509724108542	85
0.065304965848782	0.139692495929785	85
0.112093500816694	0.175658728767191	9
-0.080276577430166	0.401550105211602	9
-0.122357176473054	0.47343741729911	9
0.023440178241725	0.476602330987314	7
0.082751960142425	0.213371266932429	9
0.041766346858732	0.392084518135892	7
0.106370790545904	0.298653645224031	7
0.097442414808032	0.289235936191649	7
0.085846066239381	0.311369445317321	7
0.09837819182192	0.193206263029485	7
-0.099558303071585	0.645126298361901	7
0.087356861762505	0.190267675243417	9
0.096841248378509	0.202644387038082	7
-0.05784991494822	0.408348520441059	9
0.093547733627872	0.148520277944232	290
-0.122120011584421	0.473243574305371	290
-0.047118463003119	0.295070310725411	290
0.080259662595985	0.241505677575609	290
-0.082521276753706	0.705650157462255	295
0.089864449583893	0.435059368369766	22
-0.042376419515741	0.875322875507345	22
0.054295478270123	0.415896056604437	22
0.000186591561994992	0.604755537819896	22
0.00308319240188301	0.273998333825082	306
-0.024680375572379	0.393893234735112	107
-0.085979871866386	0.246016647550902	71
-0.104964464550516	0.328489243449985	51
0.028513881173953	0.548104678535827	296
0.082981811398783	0.21306411494252	167
0.025897747435181	0.3318468316624	167
0.045042684225439	0.438014678644344	167
0.100536474160217	0.311565774257005	167
-0.016789243263851	0.354374813268451	269
0.068392742277808	0.192542620549435	275
0.068801291292261	0.181825038949999	275
0.0400003553329	0.37673885894606	167
0.044937547096158	0.321408449459004	167
0.113161729583531	0.137914413451095	12
0.041837802281572	0.307152713305693	167
0.085111371061798	0.193238046037849	146
-0.003638132466662	0.323641798663884	146
0.00810141082479299	0.28221388226668	146
0.091821002913244	0.224913098431222	167
0.01760630901468	0.296066581773482	146
-0.123726536585991	0.577538838833779	83
-0.079724445103633	0.189200395630237	95
0.063860515934769	0.113377323003526	95
0.064659899316465	0.140242257067	95
-0.11290729631328	0.28863524617218	95
-0.063246770013845	0.291601009617586	95
0.063851138491933	0.113381586910251	95
0.068835601696892	0.17133049661302	26
0.093603392285375	0.221901576379593	41
0.090244369664991	0.358900919865228	41
0.114999231591194	0.289429487976224	41
0.121126257493818	0.256548510235957	41
-0.065684545335248	0.852097275723534	41
0.013870145454195	0.458546108845804	41
0.020049141528394	0.37307051531328	41
0.048512219670073	0.224408788763281	192
0.06741198891687	0.233029513212973	192
-0.096903501214617	0.402656785890646	85
-0.122977964865057	0.242878747706938	85
0.064428358254631	0.140425567513733	85
-0.083284868164957	0.329791516363339	85
0.044094646187732	0.206076792593754	9
0.070103749216192	0.20046509169709	9
-0.065718773822656	0.486683834161506	9
-0.112919961608702	0.288654560201593	185
0.069536450152694	0.191042270816263	9
0.051501372649594	0.242644042538859	9
-0.035363036886979	0.613063104593244	108
0.067771677641734	0.232417375396922	290
-0.046356145428291	0.377896483294903	290
0.036282691335609	0.188422983915534	290
-0.015849138431257	0.352685603218131	290
-0.064208456716539	1.00054197318246	22
0.048345590312852	0.545596769973067	22
0.00918878544833099	0.590344679946226	22
0.011632605816192	0.353317257817374	306
-0.116895656834948	0.507159683567847	306
0.058099373711924	0.334728918009418	22
0.069453413646196	0.321452186295184	149
0.112590166921937	0.138563108410024	167
0.05073536243811	0.365189691250473	167
0.019952307215633	0.475831837676447	296
-0.078743673431086	0.774058726438249	167
0.10055006060746	0.306261025216039	167
0.115319689336603	0.164754646084186	269
-0.083390474302059	0.479260718477044	269
0.107377257007802	0.227463636109834	167
-0.090819910240775	0.643697294242191	167
-0.045456741564339	0.376522000162783	275
0.121342558884697	0.198399703168501	167
0.013676581152242	0.40508010780064	167
-0.015722006881354	0.309638817414156	12
-0.081284225591879	0.365763894936168	146
0.085064427332682	0.201767883396567	146
0.103705692227095	0.111639072727276	26
-0.022720351892617	0.134676791179326	95
0.067464110052573	0.0941758280759728	95
-0.085867195422771	0.245914933527285	95
-0.104723832632367	0.328222748752441	26
0.103302020765041	0.112000719717952	26
0.021106005242332	0.539784788829106	41
0.109917599494553	0.148924495679429	85
0.062484996918117	0.128848726543308	85
0.02425136033545	0.310818691635174	9
0.020692131948761	0.304289729147584	9
-0.061453663606392	0.446985891093986	9
0.022940691842924	0.440036930954365	7
-0.108880228629054	0.435982742505855	7
0.068778398778702	0.298920319065856	7
0.082549646260266	0.22189221294227	9
0.097444794107761	0.126519363676294	185
0.010267556681993	0.162439804084733	185
-0.069416050867491	0.406904536552507	9
-0.121016880447502	0.364697471782128	9
-0.082451654985879	0.328792653533085	9
0.069484029355649	0.238988331450486	290
-0.120048017327953	0.610420322025474	290
0.069735342659393	0.210737337548819	290
-0.03656361734089	0.380436826995811	290
0.03392909071811	0.715716905622802	22
0.008282382493325	0.719790762650896	22
-0.015919273861892	0.692869377430992	22
0.060620372264651	0.43878472802459	22
-0.020127199595032	0.515774661407774	52
0.011994393207228	0.481381380077141	296
-0.024600499505777	0.587843866084024	167
0.06751964556161	0.333661653204188	167
0.00897340321679099	0.501141556702348	167
-0.111878131169244	0.859797223552036	167
0.054301379717524	0.26925805122152	269
-0.018856889065341	0.43812093853649	269
0.020889985300495	0.316451734545821	275
-0.083772347614011	0.288579793874982	275
0.068700379390334	0.231117029669526	275
-0.061722114806717	0.4474907875514	12
0.001682905915288	0.329929126748223	12
0.120087309836259	0.152046736681895	146
-0.01281838186473	0.261598152460654	146
0.05403241649645	0.269723884782702	146
-0.042074504573762	0.418897909387202	146
-0.113201618117897	0.670291545086324	167
0.046682374494095	0.327508011215678	167
0.009544503813778	0.225857092188998	26
0.093390919150211	0.148687227969344	26
0.00945127824547701	0.162990583068229	95
-0.023750191384587	0.255841178617435	26
0.107489628608857	0.0991126283555716	26
0.096287842336911	0.136890835478377	26
-0.090118901308267	1.06913946798862	41
-0.038377281932602	0.816318865287475	41
0.019144197233496	0.609861178836184	41
0.077879177101362	0.38948802043199	41
-0.00637579131371202	0.367037315113057	192
-0.039723946022563	0.336968489208599	192
-0.095149827114013	0.399955194603025	85
0.02101812352648	0.171559118601694	85
0.044308307919275	0.205820435936996	85
0.040484279460876	0.197530836888292	85
0.117061500760195	0.126537859564678	9
0.122826009349504	0.113658819837424	9
-0.011435745236295	0.414208610049059	9
-0.076891237619211	0.616209708834528	7
0.112400896134772	0.206784656622722	7
0.055256157925986	0.277344080938889	7
-0.037681212767557	0.497473649209103	7
0.116129047577228	0.183776855679644	9
0.067733389603245	0.268184183513379	9
0.06942080082113	0.220713035434816	9
0.048113124906167	0.343506714636069	108
-0.083368643388302	0.288137723960055	290
-0.052458343304048	0.449211424155941	290
0.121684874233483	0.192702727189487	295
-0.102293990758163	1.06999171959175	22
0.066725926262627	0.395487473258991	22
-0.045829115220205	0.377107357032806	306
0.032010567424261	0.353106233126555	52
-0.122329725591541	0.242364824091801	51
-0.01676840981035	0.354320242268854	167
-0.08760799625971	0.826406000380654	296
0.117687529623479	0.237728834052739	167
-0.037574069542748	0.604273177337558	167
-0.077994915260254	0.829467807732381	167
0.116088156300392	0.127547940146682	269
0.09727199159797	0.201918973085904	269
-0.056882452070968	0.618297670257296	167
-0.037638276658267	0.428024754542831	275
0.070327599610423	0.200161163022385	146
0.051115546429118	0.243214818306953	146
0.068133219407783	0.250124709340755	167
0.101184263604045	0.218178893158756	167
0.044277961380933	0.332400105126104	167
0.015655510817824	0.358196053787302	83
-0.06694954156433	0.36821307103763	26
0.062719704969682	0.128674676604713	95
0.05929735674982	0.389879800092975	41
0.08051493538254	0.356889458303407	41
0.0266484981754	0.441400581214067	41
0.035178965996358	0.367181560051912	41
-0.051590606808135	0.333872594602861	192
-0.034209980411859	0.464358272240167	192
-0.045232683832534	0.376164781026501	192
-0.122329725591541	0.242364824091801	85
0.115813073586397	0.0834931870832173	85
0.064783309129359	0.140140920414392	85
0.102462713608457	0.112668460192282	85
0.069974878687698	0.210355554220722	9
0.085468083437465	0.209338520861449	9
0.076827185280965	0.336920432464669	7
-0.09246983294113	0.614973465028834	7
-0.068255475991303	0.774638137006919	7
0.027664702343262	0.449032528855042	7
0.093186108976174	0.222633542913486	7
0.059373516875811	0.331939709626379	7
-0.083136158892935	0.329482855000451	185
0.061781008923591	0.129366199984691	185
-0.114277759784642	0.401478291367617	9
0.052760594768504	0.251390509509531	9
0.112570840807586	0.138574880538315	9
0.051851091285569	0.252746639873227	9
-0.113950228305374	0.289552830689182	9
0.11457792096352	0.226881362907842	108
0.099469926336825	0.124764207940941	290
0.103802617143007	0.171119975889452	290
0.074217719704134	0.431575872050503	22
-0.076422931480402	0.614942115183876	22
-0.038719992794197	0.647068869880953	22
0.000586215491743008	0.147897284378335	139
0.108042971135326	0.237625375268063	167
0.104645202707317	0.25035175966279	167
0.034135925669888	0.34879572605947	167
-0.053052006960569	0.525960131036691	167
-0.115256362697802	0.884681688478154	167
0.00200291896371901	0.329431294988237	269
0.086453354989887	0.303371879216053	167
-0.012715201715899	0.402169584627101	167
0.070028740017942	0.200570033960589	275
-0.082847693437424	0.579786975425913	167
-0.046518481288719	0.527651319225017	167
-0.020426366146371	0.441544033461152	167
-0.014989324772285	0.308716646174381	146
0.068510639486058	0.231353240478826	146
-0.058036444116155	0.408949375816179	146
-0.072727220883873	0.480463992420317	167
-0.099566983742465	0.610380321207395	167
-0.083493380226879	0.330021380608645	26
-0.063972175245428	0.329041730788211	26
-0.050357648275789	0.199966007087567	95
0.066267109533012	0.138865411896528	26
-0.104361959950208	0.327787163592429	26
0.083785581166797	0.322798279102045	41
-0.097782599178762	0.885666158990526	41
0.032887705340198	0.409444118931434	41
-0.018419473229665	0.474360137308906	41
0.096983063473973	0.202378632331308	41
0.06195080831739	0.129237775238204	85
0.082818742271285	0.221456773322808	9
0.041738676023865	0.382493052466959	7
-0.080495684330852	0.401916260154775	9
0.000773903018188998	0.218480877246703	185
0.108025875412112	0.188040645165589	9
0.036166754721046	0.272371570484891	9
0.086166538302404	0.356432457800388	108
0.034488149949997	0.358403330257764	108
0.122165993513262	0.168855068767713	108
0.056937993376191	0.584336066821176	22
0.036752671014246	0.541422470745043	22
0.054675571237046	0.532234487717993	22
0.054730629697392	0.518438663206016	22
0.112691764161942	0.31060671164077	22
0.054580507803804	0.570345371475636	22
0.097083236320708	0.341756730857088	22
-0.113134553772024	0.670174072317805	149
-0.011794700443747	0.414793707737713	52
-0.108651942875254	0.64550103201836	167
0.100548756027521	0.18285847201931	167
0.122508485080087	0.168348959068018	167
0.080450155394346	0.256399549847364	269
-0.068180722711698	0.522942368081832	269
0.105637670644089	0.242518122002991	167
0.081982984870154	0.222758991690849	269
-0.09713210797919	0.638858823789764	167
0.00812611709073799	0.392810973281013	275
-0.10919780856411	0.610139689709619	167
-0.105118592413684	0.707005660458521	167
0.112830924453248	0.174575654384288	12
0.068312470624275	0.240878444354092	12
-0.042303831683261	0.419321247110139	146
0.106629747950089	0.196618199782511	12
-0.104011712688898	0.508704839148539	146
0.070106861450256	0.288142177057397	167
-0.093725220050595	0.696706684114624	167
0.059654136023653	0.339857877463083	167
-0.084091238306827	0.28887008804013	26
0.106968060342999	0.0995028980376292	95
0.047840300255381	0.225241563265327	26
-0.12335928562248	0.243133184079014	95
-0.083007413616749	0.287735937693064	26
0.096497122532826	0.136680411453605	26
0.109882618868144	0.252503098591865	41
0.046555567461428	0.337303386637037	41
-0.117778113327994	0.906548992146657	41
0.029691790687945	0.336139393949849	41
0.080174964587074	0.241657543731529	9
0.054587903570711	0.297397818195031	9
0.120202167284999	0.177360838685123	7
-0.00785889346503099	0.490562666048243	7
0.062395547008417	0.350124298071483	7
-0.104132450249606	0.6694704558208	9
0.089698534238989	0.269602005999981	9
0.088981800377189	0.179719526905497	9
-0.054192086490553	0.370246477679461	9
0.022696234882495	0.239823389757846	185
-0.025899029518621	0.477081175649501	9
0.124540895937012	0.182795250019772	9
0.102753257056371	0.21553133294085	9
-0.060045971483319	0.84610971791872	108
0.118940404868269	0.274724568518749	108
-0.057130221192697	0.563128707151349	295
-0.124138887896757	1.13071942309341	295
0.054497130219253	0.438905905054346	22
-0.089265774127916	0.980512114417568	22
0.059618284565575	0.567717219291018	22
-0.054341254602315	0.930402113978422	22
0.103737952409487	0.111605500681502	107
-0.0149049085027	0.308594489145193	149
0.00437207317629101	0.272147214534271	167
0.124488953996979	0.182879371804601	167
0.07899887465446	0.317635622036346	167
-0.054731597596133	0.657003052413881	167
-0.099579641026381	0.794259668919624	167
0.080432711326838	0.248766244570512	12
-0.09477635991316	0.438783636190784	146
-0.0280981452877	0.545002557191404	167
-0.042524733973188	0.465139762157626	167
0.079468902535927	0.250578772330559	167
-0.00610593209051802	0.366554094875065	167
-0.115527651146742	0.504605430116227	26
-0.109251925013368	0.436601143555276	26
0.068082970237111	0.161204042742032	26
0.068622338435279	0.171563563286058	26
-0.12354714984483	0.762870610791783	41
0.067864765607272	0.250570561274777	83
-0.042164377937703	0.419062585708731	83
-0.029186850816868	0.428244386755002	83
-0.091685227169708	0.508602901359828	83
0.103496903290345	0.171551176864116	83
0.068915918327541	0.239914566371609	9
-0.009385961099662	0.357257780227663	9
-0.047374096616068	0.409771128909425	9
0.052338023128954	0.241327326190706	9
0.118226636753689	0.180490369383731	7
0.098954326295035	0.247263037547717	7
-0.112273456772767	0.539294001870297	9
0.095209278848341	0.205181625285253	9
-0.09225619943488	0.790883022810692	7
-0.051570419236869	0.494756320830162	9
-0.082717434121693	0.512891325483098	9
-0.085984771198575	0.619230264343756	9
-0.057810634990161	0.408544339068862	9
-0.027440567537911	0.724024158690294	108
-0.011241424644985	0.656985201618877	108
0.00938893410242	0.562086817125831	108
-0.039154662593359	0.819526142683752	22
-0.00313100988706599	0.673966582257801	22
-0.01208040813276	0.659969687280994	295
0.076832830669091	0.37964570511231	22
0.06343013946718	0.460898623054561	22
-0.114989564184254	0.999738750026778	22
0.105434857591847	0.37043908627212	22
-0.075128062030771	0.518106482126641	149
-0.080800572915015	0.402398449936089	167
0.089133223983626	0.179518373818734	167
0.069927897796569	0.304541032376978	167
0.030264495741135	0.256541664821024	269
0.011402574824943	0.452969404580197	167
0.061861946708374	0.367535080306302	167
0.049165146100765	0.350580632236923	167
0.116241977171981	0.189302786581289	167
-0.057229570388315	0.591432619112271	167
-0.072031614296429	0.479098378178265	12
0.099956285893995	0.190839187325633	12
-0.038171355581277	0.334569304350144	146
-0.081372831764116	0.403307803936332	146
-0.00920764121551199	0.316673035689249	146
0.032556976715511	0.341405509380009	167
0.030398947170606	0.34570192347674	167
-0.047597873374502	0.458081344313742	83
0.069509994629828	0.30539287843135	167
-0.113503526517451	0.671242731487978	167
-0.00726666914925001	0.313777592160643	26
0.033958864752985	0.263677988713806	26
0.091544439090566	0.159395293486942	26
0.091763280171991	0.159149385347993	83
-0.037197924603031	0.427231110419924	83
-0.090856787165164	0.577222711402875	83
0.03820315633626	0.280752488661958	83
0.083116264089366	0.220998424034854	9
0.100079010413218	0.238917597122941	9
0.104143465654165	0.170681858358305	9
0.116523699906545	0.188834654447806	9
-0.119472468634731	0.700202576904383	9
0.024481322318285	0.32257221956527	9
0.00204054010958901	0.329345884019013	9
0.021969880500894	0.314731096200039	9
0.084502322116279	0.210816424553266	9
0.089901436021438	0.248963490820411	7
-0.108533951765916	0.729504208748467	7
0.070677863333338	0.228019373327533	9
0.088829550837482	0.18811626181031	9
-0.067832945539479	0.552782702359899	7
-0.116646243770733	0.641571815703364	9
0.037562049343292	0.293070209186781	9
-0.044488051693879	0.374935828167578	9
0.059287788965922	0.442856395356586	108
0.053201835869534	0.495677650764625	108
0.117033550415157	0.279725646420884	22
0.10764499124355	0.232742738467651	295
0.124555562475574	0.263856458644858	22
-0.022364499208363	0.71062318722937	22
-0.044431933949518	0.84908587742523	22
0.093238304958856	0.418652070834138	22
-0.059019544032332	0.410641203423025	52
0.03175408703374	0.412200681803194	167
0.00172178077826901	0.275750636504464	183
-0.04348039827999	0.494274970945234	269
0.023178126707512	0.312686321810876	269
0.035344118557491	0.4233127143012	167
0.10370984131078	0.310558673968146	167
0.004461157741523	0.387672731954018	167
0.038252470369942	0.28067308743996	12
0.116565417030827	0.163012163483874	12
0.082754895038089	0.221497358676667	12
-0.01863162713355	0.398614089780898	12
0.06760949758053	0.241978424220845	12
-0.003280322208427	0.323120030663231	12
0.070254234994828	0.210008766341741	146
-0.121176024338112	0.471542065720629	146
-0.107389070237526	0.912426438880987	167
-0.052839267867339	0.52547538824539	167
0.120434323345914	0.171489021323572	167
-0.000484434977385984	0.510094503275853	167
-0.054234281769215	0.45271588229752	83
0.102002795754199	0.229080300510265	167
0.102845099779585	0.22144090854298	167
-0.119215216112153	0.608533661266874	167
0.049809608742923	0.234076178706408	83
-0.051300571569183	0.333327449504486	26
0.026442190735183	0.248569781516607	26
0.047989578637061	0.225092110176256	26
0.00345481285337901	0.273490035318251	26
-0.03599410051894	0.37946986571241	83
-0.067453029390982	0.368904461067124	83
0.106768765932538	0.196388295035895	83
-0.070290069646536	0.442456817781544	83
-0.059910044602148	0.412052723309028	83
-0.00140768376566902	0.320172866468752	83
0.014182101048942	0.509008439655422	41
-0.093333547997644	0.728929783413095	41
-0.067394879645882	0.521478682720449	9
0.08201144989898	0.222715619301799	9
0.032439919847492	0.410519470838288	9
0.027628338986101	0.339953589157625	9
0.00961163665246501	0.343987687773326	9
0.000712140180547993	0.474504003867218	9
0.016610153869078	0.297684013712985	9
0.117316110880799	0.126277222831494	9
0.017691592303878	0.471028570119954	7
-0.035830860781467	0.424702538080749	9
0.089177259901171	0.257177141530871	7
-0.113526908843962	0.541825479566478	9
0.052490455803326	0.54023301128718	22
0.013746735445406	0.668681180280594	22
0.00541927962178901	0.764333167966455	22
0.084775347884173	0.478681815544646	22
-0.050609466377603	0.617956325922855	295
-0.014655376496038	0.65664243066138	295
-0.093451263452816	0.795049051613789	22
0.018049934497817	0.604299579981879	22
0.027423046777972	0.247278697666504	107
-0.080374313460103	0.189661122443498	139
-0.08659176112135	0.246584127201005	51
-0.08384690430674	0.28854644939946	183
-0.035794972947143	0.424641367921851	269
-0.015736657628858	0.352597962008034	269
-0.09025441789041	0.60956071490641	269
-0.039296280719243	0.25201281064025	269
-0.116143855050084	0.677845519652424	167
0.041380447260922	0.196531441176378	12
0.111326858335157	0.176754881435861	12
0.10845602787543	0.225432884143365	12
-0.070753843847222	0.765050836158147	167
-0.062027883177471	0.585852354848052	167
-0.117202967711324	0.642709829079237	83
0.090082353135381	0.16976663362588	83
0.109542916198472	0.149342834938085	26
0.090138048588587	0.169689349929073	26
0.017657640265278	0.296053966726386	83
-0.045646107013362	0.293354934481283	83
-0.081340632226949	0.365911508778539	83
0.058386204983232	0.367935350951292	41
0.050507578765239	0.365878937167861	41
0.079988492930893	0.249699694743426	9
-0.084263080332222	0.615237847568966	9
-0.011892757693743	0.487030583714728	9
0.068241819833382	0.161032162936474	9
-0.095822005194084	0.44034908367808	9
-0.016043546956899	0.353109367121758	9
-0.107832397062329	0.475540046899742	9
0.117445183205428	0.187272230755909	7
-0.039050097808186	0.251758676900308	9
0.043950896807554	0.323349063718688	9
0.058629752519359	0.324907070173899	9
0.039164193998297	0.290374482976957	9
-0.083480848304963	0.613304804862991	9
0.007792438575764	0.605620192161377	108
-0.010406852027166	0.848565089964384	22
0.106772569200255	0.330060192216795	22
0.098711853263878	0.375447448515148	22
0.123465709384814	0.373581320020315	22
0.064390848065426	0.502216877959734	22
-0.086229479575169	0.246262004082091	107
0.037195087843888	0.282406022412605	107
-0.080648128123382	0.402163346881929	107
-0.080999925781029	0.439347861702206	52
-0.02845162837745	0.206422562975268	51
-0.086750062709661	0.246711839606454	51
0.06436396405169	0.113014157233182	183
-0.08271893905117	0.706148410627692	269
0.053323026037001	0.250538700606267	269
-0.059376060399224	0.522595709574716	269
-0.006882436229185	0.453531203670208	167
-0.046362079871607	0.638871199171833	167
0.119985175080217	0.259281038432974	167
-0.106570765170898	0.640499623261016	167
-0.08128766190782	0.403107048000681	12
-0.081678401203735	0.440552519178094	12
0.124569052666603	0.182724517439557	12
0.101469039524591	0.181557158178671	12
0.092147910715553	0.167183578611746	146
0.061379498406026	0.384284310481965	167
-0.062042434311312	0.716570737125139	167
-0.061442942930253	0.556098304650626	167
-0.057677219087572	0.408332034458348	83
0.092820285173057	0.149222785281699	83
-0.02984732613782	0.386544170445284	83
0.119283648207933	0.178857180761737	83
0.123306870108939	0.141747118611965	83
-0.068745831468205	0.405850099117256	83
0.067189731527994	0.162104239003659	26
0.05048210587995	0.233144155003132	83
-0.00267339288402502	0.374556054401406	83
-0.096221505416992	0.401622570683262	83
0.100922738354166	0.123342446037448	83
-0.02459332016005	0.256832700747948	83
-0.121359216415571	0.471990185361797	9
0.11714869162826	0.211219186869054	9
-0.014919470986903	0.480343151437639	9
0.043222895542451	0.314765379155554	9
0.045160151808314	0.320957965305602	9
0.018257595095911	0.365175306695595	9
-0.045882078715083	0.526074066281184	9
0.052920937804659	0.240532019056528	9
-0.082464982151356	0.367525988002286	9
-0.02404712118721	0.392839022391243	9
0.027709267156994	0.246876799252789	9
0.103611695049255	0.171370293324384	9
0.073133248805267	0.380697736413008	7
-0.042053412315544	0.464284385880727	9
-0.052006575298624	0.622060217872689	7
0.115646326429928	0.224739613912161	7
-0.00174278859636001	0.372776419427811	9
-0.046190508178093	0.455093196222937	9
0.059016723283559	0.332716102853382	9
-0.03943863513215	0.336512714513818	9
0.067398205123229	0.161896958905498	9
0.124185896066122	0.309987199932873	22
0.03692050226842	0.438346653008737	108
-0.090562491568758	1.12555659278513	22
-0.015402569601644	0.646761083782519	295
0.013021806670287	0.550684411740383	295
-0.069223498474378	0.917909903392709	22
0.043250519009157	0.620949126969033	22
0.11426552967097	0.341415457629462	22
0.067765357901797	0.161530994505582	107
-0.109164921378352	0.436421732572135	107
0.113334091151485	0.137723785423131	149
0.053658058476775	0.299073327728869	52
0.064107562062462	0.113201100422931	51
0.062692383104579	0.114130523026303	51
-0.028112190338071	0.206120824317246	183
0.067874573454482	0.161414818580212	269
-0.108442918607825	0.435237682861607	12
0.101832908717458	0.217058309643388	167
-0.11479464342291	0.50309770092991	12
0.001844821428482	0.379651699329823	167
0.052766665240245	0.271809148318067	83
0.015128679878997	0.359246045627841	83
-0.117978494125629	0.605610804486455	83
-0.01211204054189	0.362178583320794	83
-0.082384395121919	0.512194616024916	83
-0.09529873601377	0.43965733892349	26
0.08525668872362	0.201514164366928	83
0.033201205976787	0.264856805315182	83
0.069953631863376	0.200666938483416	83
-0.042483749580688	0.419624678850292	83
0.045381271309287	0.419576027011018	41
-0.051484907379909	0.44719971140911	9
0.095076518324449	0.21250607203822	9
0.022972245252658	0.313074263231597	9
0.054216661756514	0.288778769241151	9
0.00388068863968999	0.388893907450132	9
-0.070938242866463	0.443692320443751	9
-0.105817736341927	0.472220785864271	9
0.035035315057362	0.274123359227188	9
0.106881086595495	0.228374839987432	7
0.1211889880933	0.115269955111156	9
-0.097725039138669	0.674262564949046	9
-0.083128517036547	0.580447117683684	9
0.00762273417360801	0.393904976590409	9
0.079862365821318	0.264880107809833	9
0.095140367203077	0.212349074456312	9
0.035973457607026	0.272711474946807	9
0.095894786101192	0.39363934647162	22
0.069555838414654	0.491966806812104	295
0.097239861173497	0.404226484836172	22
0.055966136279033	0.527316409464428	22
0.051409824614514	0.567746271049079	22
0.095858870732602	0.42004672713767	22
-0.034137254978689	0.529376073797338	22
-0.046894236500193	0.924250260098145	22
0.047518579533492	0.213951827209243	107
0.068324152580639	0.258553155729669	52
-0.070796373649604	0.476593150594039	269
0.117101888360029	0.126502605622536	269
0.00114695109754101	0.473419338410511	269
-0.091385377578148	0.612399071827713	269
0.119856454333739	0.152358577949069	269
-0.036100564686383	0.425177715434083	269
-0.050061577336229	0.491469374459944	167
-0.00412192461884497	0.267580892591038	167
0.01293216697996	0.289595628130783	167
0.047883137560844	0.334546142157069	167
0.112216684884506	0.21276737462745	12
0.027774698620234	0.389749685384679	167
0.017686017198354	0.366319037662306	167
0.069113274070865	0.181466221210164	83
-0.122587081353577	0.242574156802219	26
-0.113454156075754	0.289197208331101	26
0.107671975277361	0.0989738943125252	26
-0.058308859448675	0.594157281777637	83
0.088088293217437	0.180868576166601	9
0.110739189313304	0.147868442364876	9
0.047014949103831	0.214571989254007	9
0.068277162864438	0.240925851450788	9
0.065058097931822	0.139877661946704	9
-0.06099419551638	0.446103657607435	9
-0.035794972947143	0.424641367921851	9
0.027691097680715	0.32855253626087	9
-0.036789096881815	0.380832250505905	9
0.090781054836343	0.233693852087047	9
0.084193527034078	0.202994680100492	9
-0.042887896169712	0.465810881470223	9
0.01609372500806	0.298471887355259	9
-0.030915826484155	0.342664725225994	9
0.112924743970298	0.240624480838147	9
-0.062904571697771	0.994126099006539	22
0.089809622564	0.383987735701232	22
0.092183357448017	0.224315753363215	108
0.021014965263254	0.371057258821755	108
0.069209601512475	0.230350878550041	108
0.083583691995352	0.220248649120352	108
-0.00259777842280601	0.801533579037415	295
0.12445648296529	0.285088000738686	22
0.022200897750122	0.65169058483697	22
-0.00980986836540998	0.446577614969815	22
-0.043900838516343	0.903306354275544	22
-0.000181704068037025	0.148384232437103	139
-0.022575890878387	0.134611873496179	139
-0.032729754555463	0.297093672997275	51
-0.11347907244379	0.289145532950789	51
0.006761232009525	0.395706846551265	269
-0.014755837654365	0.406334245117246	269
-0.022232863311161	0.389416956388386	269
0.102517644574253	0.179939379136522	269
0.00426919312667201	0.387981123286572	269
-0.011968604872096	0.487200536607977	167
0.075920410521072	0.331965715998582	167
0.106974244740609	0.239815379912703	167
-0.024139881745215	0.434039333789442	12
0.068277162864438	0.240925851450788	12
0.00580698248658201	0.337134188961338	12
0.115815233254253	0.190002518363794	167
-0.029773787142418	0.573183486586465	167
0.102948331439921	0.215180426264645	167
0.051275693103975	0.242974306876754	167
-0.083461258938976	0.73982766592249	167
0.113148107145494	0.205572076326904	167
0.030115836004843	0.256753191898298	83
0.010879677927351	0.161957456817497	26
0.015940188885182	0.233787874471876	26
-0.099777785230719	0.366007371151942	26
0.10804964504173	0.0986650672172448	26
0.11636092313197	0.127275892740545	83
-0.053018321497084	0.450124955847835	83
0.068126031784469	0.316399414217065	83
-0.109080111186654	0.850534942349093	83
-0.043954731231396	0.495080650813403	83
-0.052047078832345	0.595134643786356	83
0.116173609463123	0.189411979705714	83
0.124343267568515	0.140430358887965	83
0.119980802179241	0.200877242629444	41
0.121783183781576	0.192508591680367	9
0.113129347899424	0.199995525951868	9
-0.100373844764724	0.539503684955144	9
0.068612439817924	0.202382727934904	9
0.0972833451094	0.135869898296208	9
-0.043590633862227	0.37332099854347	9
0.047233915048698	0.214300101870071	9
-0.045456741564339	0.376522000162783	9
-0.115539677909263	0.504646442062383	9
-0.082777388793624	0.611506336653823	9
-0.01225716464924	0.487876745715328	9
0.03970604405824	0.300389139304886	9
0.00797092996177801	0.393205960780261	7
0.056894852598701	0.302068312958381	7
0.035742688362754	0.273072509690822	7
-0.096162577825396	0.84787481336906	7
-0.023860156652594	0.255998334010772	9
0.101368183452722	0.181643121255847	9
-0.00261674166326298	0.322054224447142	9
-0.051401967046185	0.494403880500571	9
-0.07195074819105	0.478862964557909	9
0.114249960344952	0.312056163182598	22
-0.077181642564625	0.997341304338212	22
0.088501695837396	0.272183393140022	108
0.01315656729309	0.406214259788497	108
-0.047136868549698	0.529067421433179	108
0.051566689655	0.389829748299444	108
0.121889699739113	0.299790257709392	22
0.108179671459071	0.305598682848427	22
-0.060937493414145	1.03591103297188	22
0.017330644268081	0.499674536126505	22
0.085297030973303	0.406683541153754	22
-0.093360976950789	1.26740048415214	22
-0.042114978823534	0.418935483750268	107
-0.027917396201814	0.205962223094542	139
-0.122587081353577	0.242574156802219	139
0.067464110052573	0.0941758280759728	51
0.00087337965133899	0.147667776215454	51
-0.110632367373933	0.438635495009872	269
-0.101725354114664	0.54248185886815	269
-0.066529759564499	0.519581169371809	269
-0.012571326705448	0.362939610165987	269
0.038720923674234	0.302067383305865	269
0.070326523600433	0.20016430799502	167
0.038866580922135	0.290901935495265	167
0.107341728504251	0.239064797325839	167
0.087615248297082	0.267100741022253	167
-0.063779018193941	0.482882918621209	12
0.054295215019488	0.278984728160929	12
0.019632035779585	0.306005830758921	12
-0.092209694839573	0.545557496505116	83
-0.010758172142612	0.211182305583025	26
0.00366772895588899	0.326637658538929	83
0.021872873501471	0.170849133189913	26
0.022123294330002	0.170656982987083	26
-0.10416129574831	0.327534451670262	26
-0.039352288371458	0.336419357655046	83
-0.122263450220365	0.669228632564688	83
0.028420330114503	0.388302949716169	83
0.067539905862765	0.276842554742705	83
-0.092334660344342	0.509912304663487	83
0.02777628770839	0.328369996293009	83
0.102880250178826	0.215312439097537	41
0.090628751137707	0.240830465418543	41
0.103451196760031	0.214325246295269	9
-0.051590606808135	0.333872594602861	9
0.00435091025675899	0.272214670349453	9
0.091916456343248	0.158970766965222	9
0.054554627096514	0.258828790766057	9
0.094386496650376	0.22055634849229	9
0.092272355880765	0.237809780522878	9
-0.112503443711063	0.539779703228243	9
-0.096234403825869	0.670246004046986	7
0.015769386925841	0.358024344976453	7
0.067016368808631	0.269464646558647	9
0.097806149494071	0.249590039122499	7
-0.092653686093909	0.510539706665597	7
-0.09332140377792	0.61696016949075	7
0.117018686158894	0.187996786349781	7
-0.09529873601377	0.43965733892349	9
0.096128999708473	0.137047618756153	9
-0.103805074415015	0.508319750383177	9
0.11709521511452	0.187882869668375	9
0.108006485246358	0.18810899545472	9
-0.065465845121767	0.517190967488559	9
0.00162099419977599	0.380102860349787	9
-0.120501367251114	0.916297868955436	22
0.064282595437743	0.514581991942818	22
0.017618103896444	0.675007239095641	22
-0.010364925355993	0.796913745533769	22
0.099918856162014	0.239182618928841	295
-0.10259880265372	0.700151347416364	295
0.072819623320459	0.423378107964466	22
-0.027753269912638	0.655648574254111	22
0.060986670996956	0.400843135500465	22
0.09106522076103	0.412383163068002	22
-0.059835894396346	1.06496335655423	22
0.061838269914804	0.129300037582445	90
-0.099675704121377	0.36588829771241	1
-0.011161359992067	0.211545148693264	1
-0.041755447047873	0.418283806561545	269
0.040428911142728	0.197605609795454	269
-0.028824284390998	0.384692998525143	167
0.108443636550951	0.231185606849647	167
0.019682030439685	0.305886762645389	12
-0.050119804265846	0.491593544396446	12
0.00929505421607099	0.280502707568373	12
0.032468811127637	0.400067169324567	167
0.00746777064329501	0.394256337346742	167
0.00704294846537801	0.334991103694113	83
0.067374146378997	0.260207134343812	83
0.047018675931439	0.226301551056394	26
-0.120347778070337	0.47022215429917	83
-0.09395547989379	0.437540606869482	83
-0.106562917920783	0.473545984968066	83
-0.117640774315152	0.508524347886548	83
-0.09540369035179	0.400319810941085	83
-0.041845187183114	0.418469013465289	83
-0.030768292497102	0.342326309114559	83
-0.054939531408354	0.371468722224119	83
0.116631134972097	0.244873535249251	41
-0.045591470350726	0.525357459870944	9
-0.093433943720142	0.436631924967107	9
0.068944689471134	0.282423911347973	9
-0.016231260696167	0.44703515489078	9
0.089578484886555	0.17893400611283	9
-0.106261537350414	0.473027833188664	9
-0.080706381867565	0.438868223905482	9
-0.068597043965423	0.405597399731101	9
-0.016187120643346	0.353365498754329	9
0.078594956885886	0.282220245570692	7
-0.080210035583339	0.401423174510297	7
-0.044633764434118	0.375134150315494	7
0.056161772294717	0.338675423295899	7
0.047784016273345	0.362868977441287	7
0.069231748428649	0.329774270436653	7
0.048285329169512	0.361791832099885	7
-0.016789243263851	0.354374813268451	9
0.017632099576871	0.509647730879895	22
0.067489316258462	0.475730935620604	22
0.030352948994308	0.631098986548152	22
0.078610219194213	0.442757522959204	22
0.020594069314397	0.423859305438586	295
0.106560874082759	0.265132205261582	295
-0.114680243168569	0.760886453699362	295
0.111412603053761	0.34105712809154	22
0.089136385045219	0.336612874205483	22
0.071988285987807	0.450881905819431	22
-0.058768622407733	0.24796649465637	107
-0.104964464550516	0.328489243449985	90
0.099590341480713	0.124648096889546	51
-0.022720351892617	0.134676791179326	82
0.000395911321406012	0.147989483806065	82
0.094301164293144	0.147691492549199	1
0.062969852943328	0.128450216265361	1
0.065478272731035	0.152009538760803	1
-0.112104454951369	0.578425572636421	269
0.086447141170381	0.199749790660237	269
0.040003716163507	0.198069000953431	269
0.053983855867975	0.307564048290114	167
0.100252464720938	0.232378407083045	167
0.082818742271285	0.221456773322808	167
0.03026643407223	0.256521116246834	12
-0.076156834735899	0.552545779443367	12
0.09979565295758	0.239465828183415	167
0.029413509448807	0.336680508652546	167
0.099651367111808	0.191280477557988	167
-0.113705023720897	0.671711647261199	167
0.04687762503799	0.33666386505761	167
-0.029195121882991	0.385377555178719	83
0.019031992898496	0.306951703549407	83
0.038621345280594	0.280049615306464	83
-0.00674396035357999	0.312909699454676	83
-0.00282860320595402	0.322437453384292	83
-0.010544366867788	0.359460362670666	83
0.10932146997974	0.149639808862707	83
0.08371825250159	0.220037287238699	83
-0.08261843135292	0.512682394157813	83
0.00608474582686799	0.336639523719888	83
-0.041883535473484	0.600491439832133	41
0.087342286765861	0.190245816182298	9
0.054529733300247	0.278626555128007	9
0.123890910532389	0.141005984184553	9
0.091916456343248	0.158970766965222	9
0.040356081486405	0.309844607077426	9
-0.033032734064937	0.606325426615853	7
-0.067920371331804	0.552987061303464	7
-0.012658810786975	0.524473985410289	7
-0.115394441764684	0.762965848828796	7
0.034773127612427	0.347437586670099	7
-0.031011208962621	0.388426943843084	9
0.106726956837448	0.202581540342102	9
-0.111663372374388	0.577407919936626	9
-0.069417704290746	0.406921874108226	9
0.088469044744573	0.369612075724745	22
0.018819341695111	0.416718598959322	22
0.081446067092257	0.254517087638694	22
0.031629372493226	0.39132351018994	22
-0.107800444101706	0.606736037779573	22
0.018174094019645	0.295206397517215	107
0.107332861627781	0.0992284932351062	71
-0.028112190338071	0.206120824317246	82
-0.091965177038275	0.509181155190979	269
-0.03724011193464	0.381606068052705	269
-0.11704216592536	0.507461803495027	269
-0.093732658071269	0.437094249201137	269
0.029274398792457	0.336942544831665	269
-0.043493055707366	0.562873196178574	167
-0.071761864722232	0.478579489819425	167
-0.101824705429766	0.542659890286661	167
0.022006197252582	0.380067530070119	167
-0.060849104868939	0.582862418487492	167
0.069514820366053	0.273184667856984	167
0.068077446414949	0.258952414747902	167
0.084833941036796	0.202095093349989	12
-0.013975229626847	0.404732000328579	12
-0.033821118494692	0.50431761879319	12
0.011664930776176	0.353228060792201	12
-0.104382237126724	0.509366507239662	12
0.045759989656996	0.338978480787291	167
0.099814348044138	0.233176904923306	167
0.03075226070726	0.414589951684394	167
0.00984368850751199	0.225411378621248	83
-0.124031532957497	0.368579328779259	83
0.099349579729512	0.124858852715532	83
0.091284310401173	0.232828292697496	12
0.097859821594905	0.249464726828993	12
-0.063535913672862	0.482267659575481	12
0.078418279710776	0.267646790913988	12
-0.00432477213820098	0.460860100860253	12
0.09173665180957	0.225061596221093	41
0.099684828025413	0.233419584645147	41
0.124052199302858	0.205337159116267	41
0.008946588244687	0.345157590095883	9
-0.091250474348072	0.61208802427575	9
0.00994412678135501	0.343367253818592	9
0.115159131515703	0.191043747627821	9
0.12184525518407	0.197466491075537	7
0.04647365601153	0.337505460528552	7
0.042565780105841	0.316079313867252	7
0.070611713166649	0.334203325206487	7
0.090182980223625	0.255201343150747	7
-0.071573417696498	0.47819133969315	9
0.083120083429301	0.212846247805172	9
0.00832529079146799	0.281896533623016	9
0.01854786396123	0.364566979575697	9
-0.083922536803848	0.582387904221069	9
-0.115074801041664	0.402641421790312	9
0.069454735184719	0.359372191882277	22
0.026718009564464	0.507049027806455	22
0.021339976513062	0.381641880206265	22
-0.076344869270858	0.676119851201385	22
0.088551954984783	0.453153930238685	22
0.118796807332668	0.281236805125172	22
0.026959650248575	0.594279106357553	22
0.102975863580346	0.363848216930123	22
0.00947355532201	0.763437463014567	22
0.115721584081031	0.31993085233204	22
-0.092194670418707	0.509640993729055	107
-0.013725768524523	0.262669247696001	107
0.102489594164156	0.180087098505063	107
0.077747764576079	0.0704621510143207	90
-0.050604198949642	0.113827694508046	139
0.062679736186913	0.128711059188858	71
0.080978683184078	0.232398551294721	269
0.095343566623162	0.204977405124399	269
-0.025009220165532	0.257284145500592	1
0.069917264326899	0.238236904820202	269
0.005480200142259	0.337653207105113	269
0.006633536192171	0.335719855941238	269
0.00251533824750799	0.328575652389402	167
0.079280144513982	0.243161345482229	167
-0.099985174271079	0.611496764795895	167
0.014496129078068	0.414966384042666	167
0.108513879733598	0.225324252082336	167
0.118688017864477	0.208386610454379	167
0.050212768630672	0.348141596144147	167
-0.034850860467499	0.465833755789542	12
-0.106716009397786	0.64086930257933	12
0.015908485981006	0.357750881875178	12
0.068160225737386	0.275767746910209	167
0.019826601023113	0.361934041921205	167
0.027705439639108	0.389924856096653	167
0.067765357901797	0.161530994505582	83
-0.082369533485244	0.441682598150252	83
-0.050563153023109	0.492513518105317	83
0.021432446471176	0.303034950486937	83
-0.030047799031682	0.53474628271157	12
0.067598175740978	0.259821583322503	83
-0.046438332521038	0.527444484556375	83
-0.053693849721054	0.451663443110133	83
-0.046469740845543	0.455756698198048	83
-0.112452003363375	0.668155759343411	41
-0.102955111781857	0.701154151500025	41
0.09306634345243	0.229679130208816	41
-0.081191402938785	0.402843504718586	9
0.106660691121973	0.196574242240909	9
0.046405760909626	0.32810250943291	9
-0.066668965962187	0.519903623643627	9
0.043796093843437	0.323664790097244	9
0.11912548977987	0.153316032512069	9
-0.054715911179631	0.371112007513125	9
-0.114810879618573	0.847564328910898	7
0.016941370218739	0.355677876566061	7
0.068409142892913	0.258406282165084	9
0.117726673327651	0.125802965956149	9
-0.11665722929908	0.506803359451882	9
-0.092226917309298	0.580537963945656	9
-0.092541173896729	0.546260133850724	9
-0.00935603252760697	0.316884412450714	9
-0.02700040664403	0.666939175232554	22
0.063407649798135	0.517829295304836	22
0.071830304032223	0.507546480513133	22
-0.051260081334008	0.333411589850575	107
0.081849111919395	0.238765431089207	107
0.040586029844283	0.19743548011956	107
0.079339966576134	0.250859422100381	52
0.042557661216753	0.316046817081627	269
0.067382768880682	0.268800601191477	269
-0.036577213613188	0.38052668223995	269
-0.070747971552317	0.679048733072856	167
0.069877385930565	0.220047079422543	167
0.011134311793711	0.441698016242878	167
0.068257433840506	0.299937280274537	167
-0.101651835283353	0.579383330244929	12
-0.030252113098163	0.535324891118403	12
0.079213198246984	0.266145368014405	167
0.02997267436031	0.346531607116422	167
0.06937698897126	0.28959899117832	167
-0.105243067099814	0.510891297625945	12
-0.038208842451893	0.250831378632337	83
-0.121703701032686	0.36574526866941	83
0.112789970363953	0.138327278503218	83
-0.06465622457928	0.329980170851586	83
0.007803114984411	0.282597501666804	83
0.043254517089486	0.207017244233064	83
0.048011043855441	0.343637526506345	12
0.011693486444832	0.440305089106458	12
-0.00280772792571499	0.374824728134529	83
0.107191632086507	0.159502093456951	83
-0.050061577336229	0.491469374459944	83
-0.120269345769354	0.610718165319225	83
-0.051178536386927	0.493928561194293	83
0.08019347441287	0.249349241700318	41
0.114454320132433	0.221652305051061	41
0.109023388617136	0.149975776942584	9
0.117423628758268	0.216018047789125	9
-0.00354170716359098	0.376204860576463	9
0.099252229196522	0.191901907020499	9
0.107973032367324	0.188146618588637	9
-0.064565126795949	0.621365024420371	7
0.057615391096186	0.318271719715351	7
0.069848932568851	0.280571897809189	7
-0.041105243695875	0.572786894982816	7
-0.10933910522721	0.43671683437118	9
0.026987439545659	0.329863795714826	9
0.002014396448655	0.379287923818265	9
-0.046531879188262	0.455949642307103	9
0.099708205502881	0.183960599094323	9
0.067664843472789	0.26830629747096	9
0.068240359246493	0.192721819937155	9
0.107301204155086	0.421227671554067	86
0.112378156526426	0.305294787647103	22
-0.025176298896992	0.932653942551496	22
0.003441611511486	0.754981220044732	22
0.084439977811715	0.430556169417357	22
-0.007653107949392	0.814609916614019	22
-0.028492223380183	0.892447172956947	22
0.020998582327247	0.721958507864189	22
0.119916695077136	0.200995498040057	107
0.067306906576961	0.0942595441750744	90
-0.049397874155398	0.199196406894357	71
0.00117671478953499	0.218043837006951	71
-0.021518688609886	0.443676947050465	52
0.104713613972151	0.20600679733382	269
0.000447355735064992	0.38241872787697	269
0.107973017297191	0.194451370521053	167
-0.034194553306697	0.505213544811675	167
0.112427047556068	0.21237299937419	12
0.011713754580549	0.340012026461625	12
-0.013836095783283	0.404421502431618	12
0.084773323615347	0.210380490890794	12
-0.058041444895011	0.490267356930669	167
0.030407910984164	0.345714019102944	167
0.08136257726906	0.231773501934358	167
-0.068938807668837	0.585030740958095	167
-0.018201143554145	0.397789591843791	167
0.088453259892123	0.180318405290653	83
-0.107305614264298	0.474762726836077	83
0.002951105054535	0.274206107706783	83
0.069599973928171	0.180884089356834	83
0.046097092904867	0.215724772951592	83
0.094467550156207	0.213469942277992	12
0.087961240011546	0.259492672983417	12
0.053862320922842	0.269988546902968	12
0.112656892070845	0.138490374352099	83
0.106525672468027	0.160375049849339	83
-0.012066810604147	0.451801697293444	41
-0.049057391688395	0.412978589954211	41
-0.015314029721555	0.481285377571698	41
0.084502322116279	0.210816424553266	9
-0.005971003205124	0.366301356772525	9
0.025594332725035	0.383524601139697	9
-0.033764114803277	0.463379685965066	9
-0.058116001794641	0.409109597446898	9
0.06850023293357	0.249505757892244	7
0.067853588686781	0.292642947743914	7
-0.03002736287389	0.430091166977617	7
0.101839218987597	0.181029736944341	9
-0.093205232529923	0.582643311178894	9
0.079126537696217	0.251230996794634	9
-0.070479948428823	0.618543423714806	9
-0.091889756870547	0.579704741064578	9
0.027794712140372	0.24675622361818	9
0.066630627652591	0.629254086658678	86
0.097229889224086	0.442078469099683	86
0.111100752964061	0.380459265380702	86
0.083416994386066	0.516531522092181	86
-0.091893540321573	1.0308806830876	22
0.123072553586514	0.330914324808502	22
0.079656120254879	0.371894319337111	22
0.061038988108002	0.535931684141352	22
0.044475833413421	0.615652429924619	22
0.105963295767132	0.372673935149865	22
-0.12316514322846	1.45126244808985	22
0.025019613235801	0.711714413558007	22
0.118675958355633	0.325527265993113	22
-0.022478032238977	0.134552377386226	139
-0.122216076521157	0.242164069834239	71
0.115746845922213	0.19010804505517	52
-0.105568819440721	0.32906222091125	82
0.066036131116768	0.139062626979024	82
0.113686190103668	0.137325405914687	269
0.080537631154201	0.241041396356599	269
0.122512474847495	0.191275572286373	269
-0.0511490660932	0.493758560131268	269
0.122243002183728	0.114242740445031	269
0.015336512604427	0.413105411389845	167
0.09864962424241	0.247936959101249	167
-0.041386581580292	0.417594342727053	12
-0.0733043539095	0.514209885408494	12
0.08081410417284	0.277721883876676	12
0.041414892089707	0.307784665554454	12
-0.098987950081613	0.643719193727533	167
0.112238561694405	0.207161744839902	167
0.035785522390776	0.355577747917602	167
0.083619095489115	0.22019800785491	167
0.059060436049558	0.315163530708042	167
-0.065781375806301	0.486889406606527	167
0.085051313671411	0.209975402685538	167
0.054161909189678	0.288879933670779	167
0.113213260760939	0.205461183401667	167
-0.09462703561215	0.438625100944658	83
0.023242247873435	0.312618263296484	83
0.112830924453248	0.174575654384288	83
0.00367569848699301	0.389250965710752	12
-0.076233399857197	0.583930769031379	83
-0.046027349131472	0.526419246807635	41
0.06716097909922	0.302173411146736	41
-0.071715728366519	0.621676760945808	41
-0.003423578601565	0.424792727494302	9
0.081940661793987	0.222734066093377	9
0.088867099248953	0.257746155608109	9
0.041559702579984	0.307673735768079	9
-0.035240082747605	0.466619815065575	9
0.018121452950116	0.365414653812884	9
0.056020668616576	0.294737193139361	9
0.106799626285417	0.196353794667737	9
0.033639615650118	0.264200721471501	9
-0.045724077805512	0.525659051861088	9
-0.068864138287313	0.614345810011472	9
-0.047094542636682	0.378956292425265	9
-0.034616602083487	0.506178703119376	9
0.09092349084374	0.253743028492595	9
0.075436429107573	0.462123162088824	86
-0.099218377849176	1.27794905279027	86
0.010570892795668	0.606555813539712	22
-0.046733389910788	0.769043638334978	22
0.111160159014211	0.272059479525428	22
0.110922911706309	0.365281701657643	22
0.120977388811457	0.337804275360208	22
-0.121467359043951	1.53151082330729	22
-0.046014121865868	0.293811034251393	51
-0.022091243109116	0.134354832803417	82
-0.094042105383458	0.475972940346483	269
0.037563889279651	0.281802181691682	269
-0.024381509922769	0.393442780835572	269
0.101008917303967	0.182212278693612	269
-0.051998977033725	0.523514214157022	269
0.06992381781102	0.238246964016853	269
0.038872969641878	0.301761103583999	269
-0.042852502365353	0.420299273772757	269
-0.04957131454085	0.41385681427486	269
-0.017993339045872	0.560783136596549	167
0.042284012375546	0.316613810269578	167
-0.039759086814758	0.459536151569992	12
-0.02780861240552	0.544275073017262	12
-0.073903805499123	0.515518328215565	12
0.09426478895518	0.213829218910617	12
0.109461584834214	0.18589190008031	12
-0.100192878760001	0.576078052500022	167
-0.09687824291352	0.705384423491656	167
0.06709509552171	0.277745870154506	167
-0.106063017094876	0.793265468201367	167
0.05934456013251	0.323372429373603	167
0.031550425841535	0.343470193688348	167
-0.100313269738861	0.366695474162008	83
-0.122173487096432	0.47331849874728	83
0.033945491812614	0.263741264212746	83
0.089188827393993	0.263991665500965	12
-0.113334254353348	0.541484338248547	83
0.121353462163827	0.170087792447563	83
0.091574605965422	0.300554674360296	41
-0.1091806372728	0.731547181935011	41
0.024844110699474	0.385347738086673	9
0.027659823311067	0.328624262453531	9
0.00317003994971701	0.273904341808418	9
0.053579694850079	0.260433378481832	9
0.055943847556966	0.294857864487602	9
-0.034149558414882	0.421207024647351	9
-0.065997788738428	0.518418908424395	9
0.010914189513615	0.341584914286177	9
-0.08158519379764	0.475964004044125	9
0.104072925372295	0.207075987952087	7
0.103324418919369	0.214544801235867	7
0.028103439936893	0.339154246547727	9
0.077313581096977	0.28480094795474	7
0.026916868816652	0.247948184822056	9
0.054832151592654	0.287661153932987	9
0.110286806549253	0.352509524851107	86
0.1006542328606	0.388569663657604	22
0.067242608405453	0.393920186280118	22
0.04650433580801	0.522722099651248	22
0.112452328956548	0.259109906241291	22
-0.07615351097072	0.922796343297767	22
0.081974195778801	0.397964122694813	22
0.045516093037511	0.607675247876261	22
0.075622733186576	0.458163839148331	22
-0.068848499933695	1.05406745267299	22
-0.108202595276735	0.434754095484839	107
-0.097644212187568	0.403668729268611	107
0.093918186969721	0.148123167534434	90
0.029875555542763	0.179845515970918	51
0.01309176739254	0.289375333728991	269
0.106299126916242	0.160660615045542	1
0.016423648511684	0.233167154035254	1
-0.104266744339668	0.509154614693871	269
0.116789488007684	0.126831743251752	269
0.100110746114742	0.226346351277856	167
-0.115462608489152	0.763207941471249	167
-0.113677061918822	0.757839740940135	167
-0.083086512987806	0.513638087514934	269
-0.030946749641669	0.431846681088978	269
-0.083573547725942	0.581493515112355	12
-0.06794892793234	0.582493523089728	12
-0.035731908664019	0.424489027923196	12
-0.062080276673611	0.557604723387455	12
-0.092537460982379	0.615165477710068	12
0.098513075951125	0.193007357301465	12
0.03501232243459	0.274120577682036	12
-0.11940570417387	0.699992888387288	167
-0.00550265425950602	0.365422524901734	167
0.122301540945793	0.191646021215603	167
0.044086301974042	0.323102906112979	167
0.121504280212924	0.169863407331344	167
0.00236080601188299	0.424884937108962	167
0.00832892969405899	0.392444094133197	167
-0.047168306216126	0.457197375568607	12
0.093534770998049	0.157068433485231	83
0.026966102113323	0.247893551226544	83
-0.040076375414439	0.337472093943261	83
0.00681382451210699	0.33539859041037	12
0.05193837001298	0.242021560527753	83
-0.070262384495362	0.442457793870141	83
-0.069566432421931	0.407163592010209	83
0.020731359848461	0.304214862421671	83
-0.00786559228073702	0.314691820968564	83
0.010114552300568	0.343078177656629	83
0.086832380950481	0.199236495989779	83
0.087568307978415	0.189942611527938	83
0.058371115463583	0.334073902107435	41
0.053909943242167	0.279742618712071	9
-0.054474277410573	0.529119847678545	9
0.100590009542729	0.189818725074535	9
0.00374400346557999	0.389142952031401	9
-0.000170089365538972	0.383559675124525	9
-0.00293096287789701	0.423777075140483	9
0.100228487799503	0.183298930639484	9
0.031346820364457	0.343826859705822	9
0.113603524812917	0.173406845829099	9
0.091982048035778	0.158900772454496	9
0.11527797382774	0.164814522987505	9
-0.035264310428309	0.423561410770436	9
-0.060292249704621	0.444766418447679	9
-0.038775966869129	0.500009033684593	7
0.068129480603696	0.300232216911965	9
0.086204590507894	0.208182469131055	9
-0.059431828644483	0.522695029211239	9
0.067150104003333	0.260589977507155	9
-0.068268744729125	0.553845393046269	9
-0.109543968014784	0.817158716221568	22
0.076405411349737	0.344887624208333	22
-0.039013408899531	0.886970279419066	22
0.118935060353569	0.321068980516837	22
0.00996626936068801	0.664681341721317	22
0.031027934220874	0.651291659247166	22
-0.080886018994793	1.24144782018634	22
-0.056569885124996	0.757123798050774	22
0.014915874432707	0.682181743480765	22
-0.040206997355473	0.460498610825953	107
-0.051056826050713	0.114043873194428	90
-0.050076100830081	0.199769964396802	90
0.068408998207264	0.171793173143957	1
0.086985079252161	0.19077605207773	1
0.111994033127362	0.175805815447679	269
-0.00468938785274398	0.268383175079511	1
0.03266922937337	0.265641694779648	269
-0.049660122541735	0.414054154752653	269
-0.01442370028172	0.405600816901742	269
0.021266156109244	0.315853041819267	269
0.053444695289864	0.299461668886396	12
0.102065301858582	0.222860855044949	81
0.078304130386564	0.275359922778061	167
0.00757852284091001	0.282935085446787	12
-0.083155763581065	0.675840822423174	167
0.025282987290045	0.384370518815286	167
-0.075902670637161	0.61368552802754	167
-0.103794947451549	0.703519166534562	167
0.019893687910686	0.373457162468843	167
-0.030841985052093	0.342516967060901	83
0.000249053056779996	0.21894649779503	83
0.066403909970628	0.151193077110022	83
-0.122228902047531	0.366447377730001	83
0.029610832991086	0.336168701789405	12
-0.117745777673965	0.605035113845865	83
-0.108193384814028	0.60768904629736	83
0.118739926750105	0.153828654948924	83
0.038662163673524	0.369781301426296	41
-0.042640754413939	0.465430573447344	9
0.123127045218403	0.207076178312017	9
0.057094806298432	0.319314303839686	9
0.00271154835873999	0.274493380057924	9
-0.06785170973562	0.404311564331442	9
0.055672847285981	0.276602952049472	9
-0.018856889065341	0.43812093853649	9
0.00657985463656999	0.383218043669599	9
0.035444725703977	0.356389568591073	9
-0.033039000286506	0.461687107119725	9
-0.075606497933883	0.582438920029588	9
0.014226753067827	0.403860255770538	9
0.056896812731673	0.283777462777773	9
-0.081736283740998	0.671771057849178	7
-0.115204355829129	0.675572895408581	7
0.101060041242205	0.224596415063206	9
0.036596794699326	0.283363034324482	9
-0.012358699338383	0.45243038622113	9
-0.052372970923528	0.876064466526919	22
0.049677615486439	0.457499512254815	22
0.05331128930382	0.426647608234013	22
-0.00991055722656298	0.676035441864006	22
0.076814024837547	0.459776339617677	86
-0.031438271955765	0.97611636373376	86
-0.045915172057813	0.877239431710698	22
0.100829694047164	0.404265928704885	22
0.039019413935713	0.58117931958718	22
0.067697356871003	0.474984149881148	22
0.068069505808252	0.502995797439457	22
0.01011816665504	0.738702789562941	22
-0.074784430735576	1.24696016398544	22
0.074881620578807	0.522477476519498	22
0.089421572733602	0.471234467025434	22
-0.016558296863751	0.353993847283043	107
0.077209369194292	0.0706913846673543	139
-0.04983601086467	0.19959079123509	71
-0.068776695962133	0.584657365619405	269
0.032056919694858	0.266473500367624	269
0.026813785144382	0.248085081244501	1
0.051792708696153	0.242234425809315	269
-0.034627874642439	0.465351508295367	269
-0.014226264939251	0.478629914448777	81
0.099508073588269	0.24622495859637	81
-0.059290817387128	0.52226891160044	12
-0.082920116063052	0.643465778173387	81
0.014347871857649	0.348146991265341	12
0.078592808597062	0.259804776400169	12
0.00266812065139899	0.39126980649467	167
0.089918376676603	0.169958989143225	12
0.104093427621224	0.170750641449348	12
0.00913059844080899	0.402910903800724	167
-0.050465282947632	0.563837081526907	167
-0.104768414006663	0.671231718910614	167
0.056324446317053	0.30318385771919	167
0.020329372583616	0.372541429606522	167
-0.06030729928118	0.52468718868759	167
0.021585365606325	0.241212468060302	83
0.069756042081535	0.180702240699327	83
0.117159885374352	0.12644347894369	83
0.079778042228112	0.272451588836687	12
-0.102465255939796	0.544016143061299	12
-0.050016337974265	0.41468325101356	83
0.051858302347968	0.242133453139331	83
-0.117035804003746	0.767491921493997	9
0.121888153379156	0.16929441723194	9
0.098940937253519	0.241093244461633	9
0.023540854177554	0.312064395791368	9
-0.117390063030005	0.507956823941551	9
0.053938468870005	0.289280288750785	9
-0.053999871018238	0.452268242976195	9
0.099686493358343	0.191246311460375	9
0.052682596061688	0.251492236134769	9
0.054596382882273	0.297410222257644	9
-0.018802176811778	0.398950862020595	9
0.124423185635349	0.182979758389858	7
0.12284001425686	0.142324423086698	9
-0.076658511461851	0.553627841698508	9
0.03188604165282	0.411895108658211	9
0.036204217254319	0.272346709997142	9
-0.02448112296938	0.393606460453894	9
0.058312197320076	0.515144442607653	86
0.017639131177992	0.806624974948604	86
-0.053826602190706	1.02661461062997	86
0.116504385992053	0.265847681251417	22
-0.093149712454934	1.00762830950544	22
0.026011768678942	0.597866450671706	22
-0.11312501864997	1.35175914951202	22
-0.024082724571715	0.392870144087891	107
0.115514094351487	0.0837165305806647	90
0.016310504677435	0.233370763696649	107
-0.022333557581422	0.134487452099993	139
-0.053026418838357	0.450384488755085	52
-0.00406407177097201	0.26754474875753	1
0.10233447303277	0.112814047100568	1
-0.108793129682593	0.435783396836441	269
0.068890725342186	0.290604262926248	269
0.083168572359153	0.212794558181765	269
0.070373299075172	0.279568532796221	12
0.080261850502962	0.249219413942289	81
-0.11710918993802	0.507625459468262	12
0.031192281833049	0.344181932224911	12
0.082514271811479	0.221945855410474	12
0.016161727625398	0.357211632105769	12
-0.061122142652389	0.446367782025616	12
0.079225850396376	0.243246237258414	12
-0.030319016867383	0.341748595672474	83
0.117868138401363	0.154969143747425	83
0.092878642143844	0.223146211113093	12
-0.028875547270844	0.384802359902274	12
-0.034376608778043	0.464789710252103	12
-0.013938896580364	0.262905423514021	83
0.05055792403521	0.233020956362783	9
-0.102966019135059	0.506702096525941	9
-0.031726089558357	0.474818941352613	9
-0.102013638402247	0.504768219824535	9
-0.010774042169255	0.359866971921936	9
0.066566597268348	0.252694726375548	9
0.086533108761087	0.191380496927216	9
0.053092731285647	0.250896214411202	9
-0.00909258203061097	0.409415973182414	9
0.017094814376567	0.232433619591252	9
0.083080862372876	0.221035919120497	9
-0.004575257277805	0.413912558237283	9
-0.057453530059696	0.4890594866266	9
0.023512248246382	0.312137589492937	9
0.115966933021906	0.163857541753455	9
-0.084218445899858	0.549973391130784	9
0.11886684488605	0.179507248267357	187
-0.092513782320704	0.510256369133921	9
0.04338638358911	0.709442269253254	86
0.00883252712482699	0.703190961440732	22
-0.0615441473312	1.20052838785021	86
0.100793943037828	0.310896984991438	22
-0.014961654388695	0.773310756212323	22
0.123312187928988	0.316020137814521	22
-0.04487424842964	0.941266644627522	22
-0.053907743296144	0.964444059406491	22
-0.00176326449116099	0.738411282291928	22
0.021821664913495	0.618371587581953	22
0.047975190760181	0.525090468435283	22
0.091713710857265	0.423995940543956	22
0.115876432113482	0.163980498865524	107
-0.080000277640246	0.18942069044567	71
-0.082097765942534	0.476958645884761	52
0.06889183844749	0.171270293857863	51
-0.030765971780176	0.342426815346152	1
0.122301540945793	0.191646021215603	269
0.00854890339633099	0.281479331767452	269
0.01048280446941	0.342397457682707	269
0.078917364779799	0.243762002697243	269
-0.025157030082731	0.394785222748186	269
0.050261438184319	0.233391623577974	269
-0.00571750678861599	0.416399968419035	269
-0.064541926383043	0.484448164187267	269
0.099052370635993	0.234563178567121	81
-0.074466869588222	0.516756918218021	12
0.085948381369141	0.200525079043034	12
0.107000928654297	0.195968195936611	81
0.094852275683475	0.21287220745996	12
-0.080805032576247	0.47447613971519	12
0.083307385697886	0.212593751185049	12
-0.092872675095507	0.54692342516887	12
-0.046643369760671	0.294557966849721	83
0.031384210502774	0.254921885379317	83
0.112876144390414	0.138245035420825	83
-0.051735055985531	0.494970970492604	9
-0.056587480661862	0.487182905419321	9
-0.035300240997334	0.423545106234627	9
0.11051541078101	0.148194699553216	9
0.113462747218022	0.173587632493635	9
-0.01128739986834	0.450052681635072	9
-0.024723074726834	0.393927591940818	9
0.089766423537834	0.170130145088193	9
0.109356262873854	0.186045827003965	9
0.002513017526943	0.274795124489695	9
-0.022559994005397	0.301918076031348	9
-0.111699588271305	0.577565948261228	9
0.084182426954706	0.211290711497653	9
0.05653710205332	0.302768733835866	9
0.03682630425371	0.283000819363501	187
-0.056999654313006	0.407117804337794	9
-0.00550265425950602	0.365422524901734	9
0.084634285564551	0.210576932890945	9
0.04955383663433	0.714245991736271	86
-0.057281445177735	1.23486519669911	86
0.05367371296653	0.529101821331759	22
0.066998427044226	0.592961903190412	86
-0.012819549086515	0.572617157063676	22
0.043222499974407	0.603427182792252	22
0.10067353144346	0.379946818472071	22
0.045811348461786	0.554601630227334	22
0.056522692013421	0.544438421331019	22
-0.051408627280488	0.114196567167764	139
0.007131271557174	0.283522421407957	149
0.115993688804862	0.0833929609815537	71
-0.00457428246404901	0.268201112056291	51
-0.024226713261724	0.256423591962266	1
0.124277338510405	0.140515466410992	1
0.027798858813665	0.328354764987215	269
0.068763952120414	0.212064609689257	1
0.039578212044643	0.198515509690468	269
-0.016789243263851	0.354374813268451	269
0.029579316065956	0.336269246423132	81
0.111813864542408	0.213484063642825	81
-0.030754619348282	0.431534592702978	12
0.089274771818388	0.243239915892638	81
-0.030922262159724	0.4730081024254	12
-0.024468285920452	0.473864706164764	12
0.0688988695947	0.181714160477089	83
0.043724313556657	0.206511039068333	83
0.069202828616527	0.211468512384744	83
0.04828813327685	0.224694253301428	83
0.10764499124355	0.232742738467651	12
0.120459544419535	0.151545175667983	12
-0.045305328588106	0.376259378160529	83
0.069509094130531	0.211051900841833	83
0.00206863572673099	0.37919618197584	12
0.027937914485232	0.328079444149702	12
0.014449599871149	0.287274821915006	83
0.02168208522333	0.241100855572032	83
-0.062883373509872	0.291237332381514	83
0.120049400612825	0.15209617325182	83
-0.091007947279538	0.542899124509938	9
0.035197825223953	0.346514448511455	9
-0.083070229059243	0.580316475037105	9
-0.04146614739762	0.463108131672013	9
0.016559215108866	0.29771303472055	9
0.00403432946333601	0.388518415794008	9
-0.120109593924466	0.610580034011955	9
-0.035045588631934	0.46626850685858	9
0.017221154974075	0.296737037777221	9
0.052120864117493	0.252385732860974	9
0.070277575491841	0.219361948717964	9
0.03289528727916	0.26531300461504	9
0.120600903383812	0.151354582138463	9
0.068582089411616	0.240440748882878	9
0.088522828525102	0.251473567729517	9
0.061200074771632	0.319280959927756	9
0.052874900481587	0.261551120075884	9
-0.020372067861002	0.401848549054254	9
0.031550425841535	0.343470193688348	187
0.00964405667193899	0.942543428465032	86
0.061429100412111	0.477962937988287	22
0.030889675286281	0.575246174728829	22
-0.041090352764403	0.79900374105325	22
0.100395661908289	0.339636608803987	22
0.057970433916548	0.522908132246062	22
0.069318953386463	0.459290676684768	22
0.020124222828251	0.718411514605568	22
0.066669390862648	0.569723912361553	22
0.022972245252658	0.313074263231597	107
0.063594693445878	0.113556644367664	90
-0.079842810698226	0.189306253830455	139
-0.029480840449124	0.428965370797895	52
-0.011963328209376	0.415216922606173	52
0.090231851147862	0.169577037911962	1
0.016515084039006	0.297707394086112	12
0.003578328112991	0.326783214275517	269
0.014905136674422	0.359681368278328	269
0.094884058575538	0.212819648794867	269
-0.03335061378674	0.503225404217383	81
0.122871787471456	0.167788752735055	12
0.054027667124752	0.279478577250942	12
0.011076832679448	0.354280510589842	12
0.080259662595985	0.241505677575609	12
0.059401640195922	0.331783115046598	81
0.121161270207159	0.170400052260194	81
0.079328774650431	0.265910101583903	81
0.055304214431043	0.286783128763475	12
0.067994729962117	0.172237290173992	83
-0.080556609641435	0.36480622392335	83
0.101459917117946	0.223974721502606	12
-0.075008960390646	0.641795227002395	12
0.067237734615611	0.269067997179489	12
0.069427450368446	0.297571232612879	12
0.090082353135381	0.16976663362588	83
0.053714769711964	0.260206426717972	83
0.041213941046514	0.297624026755893	83
-0.112273456772767	0.539294001870297	9
0.041783445190281	0.307257349393463	9
0.056147139464418	0.312340868125557	9
0.105553093714428	0.161598434298611	9
0.069119496850911	0.230487442759525	9
0.080120708326712	0.241731805253834	9
0.070037597571629	0.219797092470817	9
0.07816692177001	0.260567674458289	9
-0.040334398816375	0.337741614137193	9
0.113400673020054	0.137653459407648	9
0.101285309252636	0.224260668480924	187
0.067949609512036	0.241327617852415	187
-0.045815245725036	0.525882552767532	187
-0.019764766993243	0.477631094598195	187
0.124380760591083	0.285303917023409	22
-0.059452847805788	0.907889355976747	22
0.099025184325177	0.333261356654475	22
0.118346179062855	0.286540371712508	22
0.07232574046818	0.500367313090465	22
-0.00443679280341802	0.870833500003612	22
0.072943332573604	0.538106009068411	22
0.083452721128103	0.423473371689077	22
0.106238674764999	0.100011275402628	90
0.091846260024724	0.224868099345132	52
-0.062560846432071	0.290907996092871	51
-0.123357755245736	0.576847449924596	1
0.114609651445865	0.197543255956425	12
-0.066622969529832	0.367543439026299	1
-0.012975461999078	0.261783565270689	1
0.018188449646165	0.295197499453624	269
-0.010594481376589	0.359544612462275	269
0.090246898931658	0.255089340218487	81
-0.076602108010184	0.584857892507089	81
0.099035838355607	0.234593022827775	81
0.022541837649304	0.379194873662383	81
-0.020222816059648	0.516014729715397	81
0.114020418843821	0.198501003948958	81
0.024391471223571	0.322702766956376	12
0.068034655847353	0.250281977906059	12
0.119576231044899	0.201597642290168	12
0.103315211458701	0.214574771927051	81
0.121032113964268	0.198955559771888	81
-0.096362464141013	0.670611388400448	81
-0.072835437935959	0.714717027936856	81
0.078206986402699	0.268040431187091	81
0.118054999483463	0.209619303369851	81
0.0306890382166	0.345163115709778	81
-0.018257065868255	0.525106484865872	81
0.068459747316119	0.275184100058914	12
-0.101713062813461	0.732403895456189	12
-0.024334147143963	0.47354955609935	12
-0.030906008955102	0.537001571753681	12
-0.066730847982071	0.367889287747494	83
0.106166222485284	0.160819123654524	83
0.090070328762972	0.169783260977521	83
-0.115699267533958	0.638896996133466	9
0.12311537867017	0.212026624550402	220
-0.091025352037561	0.577709704550458	9
-0.057903111129717	0.408724015430388	9
-0.091940286015557	0.544966187521235	9
-0.020121563883208	0.478472532593858	220
0.113813356830182	0.204290797703259	220
0.067451299395118	0.268688473565356	9
0.106832208934943	0.159985337087352	9
-0.025312464712384	0.436483843971884	9
-0.058408546367144	0.409575575993155	9
-0.00307639839782398	0.375340702433792	9
-0.040515824938765	0.461135013323873	9
0.090926050844242	0.233447155790202	9
0.00658469075078899	0.335801704181198	9
-0.061772837876137	0.447596438575462	9
-0.081983773681823	0.609404314389635	187
0.070158136008808	0.237863788022555	9
0.038120732541451	0.280807068436628	9
-0.027226100674674	0.464729265489651	187
0.105850081645157	0.332669583009074	22
0.094066564322257	0.422127182849813	86
-0.085993236274254	1.30948124048682	86
-0.054880163580784	0.792516225878939	22
-0.031612196052012	0.690625467604383	22
0.073934394818349	0.473115707460177	22
0.054178174152126	0.485098024506141	22
0.112334620887238	0.365793339696867	22
0.089952164024545	0.39423049904866	22
-0.070304242459927	1.1719791872025	22
0.071841068350641	0.480332155942559	22
0.047278073560014	0.214253327049846	107
0.115274234977532	0.0838733809435757	107
0.044251267383753	0.205888740839828	52
0.00279719054042599	0.328065540744107	12
-0.0414365705903	0.417637400299093	269
0.105045975792916	0.169455581817203	269
0.117704398811985	0.210272942201334	269
-0.076541617059431	0.76659207042344	81
0.054898322124115	0.25819650355826	81
0.039532876348088	0.289746197616879	12
-0.076470043387708	0.615150598460536	12
0.088637324845875	0.271869263808377	81
-0.083012727450221	0.547250146474326	81
-0.00267339288402502	0.374556054401406	12
0.078583579847423	0.259788280757225	12
0.053862320922842	0.269988546902968	12
0.03970604405824	0.300389139304886	12
0.00877277684478201	0.28126383436916	12
0.020372198625352	0.304795045635296	12
-0.031790452429919	0.389776374625211	12
0.052639963015579	0.261917349404238	83
-0.028875547270844	0.384802359902274	83
-0.060764475966077	0.445653099510698	83
-0.010684213844659	0.35971209753205	12
-0.030070326149956	0.47123278310117	12
0.012038303086807	0.408637507701707	12
0.021330696075293	0.171284192576538	35
0.107282200451277	0.0992352390750748	35
-0.068670793476668	0.405721234304354	83
0.050926746902555	0.232527412345435	83
0.038362835826911	0.434466055445741	9
-0.037713445439834	0.497439284838947	9
0.052568821407264	0.272078686697183	9
-0.092613809855566	0.546354956425721	9
0.117316854098877	0.187509517880511	9
0.040858144179124	0.308915010857419	220
-0.024929170004211	0.513240686670276	220
-0.005367720706213	0.365162671294181	9
-0.054641885112044	0.370961330463199	9
0.014223340844567	0.287636461689986	9
-0.019829288034555	0.47778193414597	9
0.098178565518787	0.193493638441655	9
0.091675641510438	0.159245305844447	62
0.026442190735183	0.248569781516607	62
-0.110193897126626	0.438020787498567	62
0.119804501927581	0.152413582024507	9
-0.052891300554302	0.450116851173944	9
0.068972884188646	0.221239739697885	9
0.098676682983685	0.254077462920986	187
-0.013458822661133	0.490859177963348	187
0.096293892103192	0.252507618992664	187
0.09019349074444	0.241608796065587	187
0.12025163355055	0.227367218031346	187
-0.011141437385402	0.449720662469028	187
-0.093121011214002	0.582508692390702	9
0.039167522081617	0.842025271083451	86
0.047347048615435	0.798961839385321	86
0.032342113992678	0.607180459480646	86
0.027385419100778	0.583731165985701	22
0.019233122060337	0.515273995643517	22
-0.020893669054401	0.554935850700774	22
-0.014048929178027	0.698074833960897	22
0.116143744818677	0.296780480219201	22
0.088677775189423	0.180039703010798	107
0.115514094351487	0.0837165305806647	51
0.05320969357419	0.261031192068428	269
-0.069666244781787	0.441357071453162	269
0.029518988736459	0.257578420534042	269
0.048918370276907	0.332241979630407	81
-0.013355650166883	0.262223698888708	81
-0.08251620539476	0.441940664901444	12
-0.055386339063175	0.37213006858266	12
-0.067474471301877	0.368974731720215	12
-0.00565710919343798	0.544387366553903	81
0.021659948538875	0.241028780296122	12
-0.045380986379295	0.376398680303688	12
-0.100972177753149	0.764681666466956	12
-0.063276011245612	0.481847702407521	12
-0.013265945904934	0.306080305431062	12
-0.081019702344836	0.402757238699562	83
0.094301164293144	0.147691492549199	83
0.095550614720863	0.13761298156697	83
-0.079842810698226	0.189306253830455	35
0.063594693445878	0.113556644367664	35
0.115582247254	0.219562375483482	9
0.025457814828362	0.383970133492695	9
-0.064344565516924	0.484070785133082	220
0.078099420020202	0.29074124553794	220
-0.024904085631552	0.474855031432609	220
0.100918859666205	0.182339823102839	9
0.068625749387842	0.182013049931539	9
0.068951223684671	0.239843293365896	9
0.102493876463659	0.112682937700276	9
0.066927055968238	0.150701651729355	62
0.115034334206965	0.0840269647877798	62
0.043395770300779	0.206874238115028	62
0.035208093370533	0.261751262694493	9
0.067838690448163	0.0939563331089012	9
0.094188351021441	0.147834117331431	9
-0.105964292123649	0.472554330356394	9
-0.060101759684585	0.552719320045627	187
0.035777023467403	0.42219410924895	187
-0.00474713163528401	0.268453402758454	9
-0.076644556716389	0.646336478821957	9
0.122496745693267	0.191276909728186	9
0.026808516730223	0.934922334872877	86
0.104596293968796	0.534873359176761	86
-0.047025267269875	1.38832299306697	86
0.056008503654775	0.403066813360169	22
0.116768452447392	0.217281004725196	22
0.08892134980155	0.368246123489369	22
0.06578337335236	0.390820993471319	22
0.053784229544458	0.456453731666669	22
0.111259604014332	0.039591027620515	139
0.11106265674376	0.0396671757223606	139
0.089354358161871	0.179228616874126	52
-0.113623824296133	0.289359675440868	51
0.086140483184392	0.200240586593331	12
0.062302809205442	0.12897809695919	1
0.079203247016041	0.29574856596614	81
-0.004892396768167	0.462187895476819	81
0.003520600057386	0.273369188999404	81
0.091256804173419	0.239668124958641	81
0.066583110783793	0.278632622630868	81
0.10643169474998	0.160436536853405	12
0.117958331488659	0.125587462237296	12
-0.01431351756032	0.307735734154478	12
0.012878240972963	0.289648955893643	12
0.068762147126388	0.315021065502792	81
-0.032379633732393	0.678858781172373	81
-0.049624782397389	0.561820755632871	81
-0.02277669686029	0.34755995083053	12
-0.094179219031781	0.437911879300379	12
-0.101292041528633	0.541560497080768	12
-0.036832899289833	0.601965116500223	12
0.111678287939042	0.243388160930981	12
0.021799485048437	0.3150436826849	12
0.044241329568312	0.322746612724044	12
-0.080944750988149	0.439264161265316	83
-0.070314297573501	0.408257699896832	9
0.092367989366631	0.230885662202241	9
0.117159885374352	0.12644347894369	9
0.06803342078568	0.161242872968747	9
0.00943565023019799	0.225995069950365	9
0.07869155870543	0.251982705946766	220
0.064240550717198	0.113115012407723	62
0.017251725340245	0.232223277331718	62
-0.055685151092868	0.372608811705244	62
-0.058544047696343	0.491275074482205	9
-0.064768166599113	0.330144981994763	9
0.076112948086206	0.359211588281797	187
0.03116596273563	0.40311371656997	187
-0.070035998335219	0.676899926226349	187
0.02508919472216	0.511987047119231	187
0.111996619099632	0.242709276660095	187
0.058304302750465	0.30807373563053	9
0.040979969561134	0.647262276358237	86
-0.067884316997483	1.51118772362487	86
-0.00878969837226601	1.07763427205606	86
-0.066223030888589	1.48822615950452	86
-0.08315453061307	0.707511545151829	22
0.038295706624727	0.462197562116121	22
0.019089546030825	0.427407494242748	22
-0.00451328729644002	0.638673543231982	22
-0.073126359950158	0.917430993666531	22
0.066597448128657	0.443866370810545	22
-0.086795742461947	0.246753835191953	107
0.069354649170114	0.201409694491904	107
-0.066577717615438	0.367650003646444	52
-0.083410975027359	0.288195912287778	51
-0.022673798441114	0.134647807833755	82
-0.022286977451465	0.134437949441247	82
-0.022235731413024	0.134419762727605	1
0.010018119805697	0.162624868443072	1
0.069593834541954	0.191045287870566	269
-0.010544366867788	0.359460362670666	269
-0.067850303530474	0.404213978741254	1
0.039152398188495	0.198944565444918	1
0.036168365895754	0.188536891350891	1
-0.115785800257997	0.677009633106815	81
0.020609585841821	0.371991561692176	81
-0.053710876037705	0.527521109730027	81
-0.082187003373869	0.477101317586881	81
0.093325183462761	0.222392981076449	81
0.109843590276124	0.14901886557059	12
-0.081677522506989	0.403790343210813	12
0.013033190660388	0.350712861963539	81
0.033945491812614	0.263741264212746	12
0.048960093656681	0.223769542017242	12
0.0701742947424	0.210113720980371	12
0.07888285814461	0.281669430925471	12
-0.00360059488713199	0.459153976254704	12
-0.10512582860304	0.672180140752802	12
0.079117119837608	0.273724051498244	12
-0.058488118071507	0.409740268453087	83
0.094713336180716	0.213103232182415	12
-0.121900613873978	0.472879283695797	12
-0.083341836094033	0.443222720377587	12
0.02153930412832	0.17114955775667	35
0.063471116970056	0.113640626783262	35
-0.04983601086467	0.19959079123509	35
0.033509187604343	0.350079740367844	9
0.053774853477778	0.289451775026611	9
-0.00793848041624301	0.314817880879324	9
-0.00447541350043601	0.268110650416896	9
0.043353957218597	0.206935032659485	9
0.105003411583412	0.205530865440546	220
0.00552910425497399	0.337601154076148	220
0.067981910753922	0.222757192393037	9
-0.00383393598183202	0.267261330139881	9
0.063573497507058	0.141052790413505	9
0.034946188368566	0.274282938415023	9
0.119945920770298	0.152231642806547	9
0.02189373675348	0.170854451279576	62
-0.061632178651893	0.289821626129042	62
0.001307452238266	0.147385274496048	9
-0.028985876112102	0.206842080705569	9
-0.047410372374342	0.625811964388856	187
0.029377739730244	0.396856088423892	187
-0.00438804805301202	0.494845317890621	187
-0.00287978272515399	0.374945758667867	9
-0.099565517126735	0.365713210886221	9
0.119394714301077	0.152976456620416	9
-0.047710042242171	0.410462899438091	9
-0.049376854398186	0.41358024466233	9
0.055449323942117	0.295818600499628	9
0.023287957791063	1.11854830710388	86
0.013949519543498	0.858210060830729	22
-0.110523312358735	1.44135443909	22
0.078037891502441	0.521799464760072	22
0.078094204443975	0.495801622862589	22
-0.026444733687996	0.865032227528441	22
-0.097100571506908	1.25690008874113	22
0.053860962931456	0.588817489555643	22
-0.04935595778021	0.199206631293255	71
-0.039419389249282	0.458669734279176	52
0.066969455108581	0.0944360307961441	82
-0.094329056932755	0.43808589138814	12
0.068889677182366	0.230835426164096	12
-0.099086417939506	0.364956429293175	1
0.111689628023372	0.176225042498307	269
0.022872698337679	0.313250883239269	12
-0.075563441699921	0.612770759079881	81
0.119114614640092	0.17912414994536	81
0.067807211486763	0.30085601203289	81
0.042149115358551	0.381459030927764	81
0.11080798900393	0.215374005211302	81
-0.105814096216026	0.472221722616882	12
0.06925737779868	0.337424848737504	81
0.059798857913198	0.339547312191769	81
0.092798725611145	0.223239777593455	81
0.011637958171342	0.452395452389256	81
-0.101420740368046	0.765765141292152	81
0.030012544858166	0.491472550574263	81
0.113767240207819	0.173172200789526	12
0.000864686264492987	0.381577675334882	12
0.112353338681879	0.206996854794087	9
0.078742603299112	0.274507265714239	9
-0.082847693437424	0.579786975425913	220
0.091130922636893	0.233062575124073	220
0.053444619343134	0.260655346423467	9
0.050706163167043	0.232826559030004	62
0.00189918376752199	0.379522744227813	9
0.026847003025324	0.318245967011925	9
-0.073598495293549	0.514881583127496	9
-0.116975225112054	0.507234352330838	9
-0.081611145756274	0.440459999972935	187
-0.083685084782235	0.54878484254709	187
0.08939838038934	0.249904395385355	187
0.026748457491778	0.31846749685016	187
0.079944357656822	0.315491269267472	9
0.035250156738616	0.356843760965919	9
0.09066428700327	0.247532395491646	9
0.054860014196133	0.258234821064907	9
0.106060787938026	0.48240169920933	86
0.022952362204794	0.92856000553588	86
-0.060935754516152	0.976738723915245	22
-0.065766193973817	0.331364140497648	107
-0.00400702909892903	0.377051475561478	12
0.062923697446111	0.128509324384666	1
0.00212097319972099	0.275271735660753	1
-0.092542119014088	0.473303982676719	1
-0.012919893802233	0.261689135143155	1
-0.098356414404683	0.675918479315384	81
-0.021356627492367	0.443494755006961	81
-0.022470907982599	0.347067126504126	122
-0.058913212164466	0.441964618064544	122
0.080116924394298	0.249469255390025	81
0.002960807354531	0.423609043501525	81
0.060511244891353	0.337939038794621	81
-0.00330905112966301	0.375774967492633	12
0.027381812791065	0.329145838239933	12
-0.082008626199941	0.476797779434999	12
-0.028773265147268	0.384542935216674	12
-0.106938708362027	0.641347382395999	12
0.068482569321428	0.240584452569881	12
-0.067312436587493	0.610029951539837	12
-0.10032726461927	0.576397636202859	12
0.002322747084959	0.328908256335151	12
0.096007556168281	0.203945417337985	12
-0.028112596322715	0.426067048531694	104
0.084086526494137	0.219443488092239	12
0.083017098516292	0.221157815383917	12
-0.10544516917491	0.471526462271808	12
0.018901513989871	0.307035530159345	12
0.066403909970628	0.151193077110022	35
-0.04712341001652	0.295060552299172	35
0.111493408126527	0.208502730375585	9
0.114329143123297	0.198018100775388	9
0.00222734252983001	0.275152726839815	9
0.117209670647237	0.211176035967929	220
0.036504281739558	0.364409977888824	220
-0.038060604184203	0.498383813960346	220
0.079897013488876	0.242114066392937	220
0.037491055475331	0.29317524984992	9
0.044835240434774	0.205177888612749	62
0.096128999708473	0.137047618756153	62
0.067529657077723	0.15011939456042	62
0.066282998849731	0.151287976102112	62
0.00133788153341	0.217877499484525	62
0.025817938293951	0.249344527337163	62
-0.082084722478059	0.328347004491626	62
-0.040905783123458	0.338636055727494	9
0.001541993367072	0.330166367082802	9
-0.081880770566898	0.672173422578443	187
-0.00253260581143699	0.503093365546347	187
-0.066052349799258	0.518525229639205	9
0.00828145067918401	0.346232641873983	9
-0.00733998976171901	0.313850982859867	9
0.02431124851184	0.375419176991327	9
0.044657082488428	0.321973767968505	9
0.10415777268308	0.462840101760349	86
0.098468423685556	0.424440327590372	22
0.069315586965036	0.498440121611838	22
-0.067950365946364	0.844252858125373	22
0.00614057409933699	0.738110641875219	22
0.033516691411463	0.606431839156734	22
-0.066482361767814	0.996071943377487	22
0.00537883337116399	0.688132092335698	22
0.076129149307686	0.413234761835777	22
0.111787121959858	0.343859888482732	22
0.09674215383843	0.386343004486653	22
0.051377284786307	0.631767478821201	114
0.122009708546846	0.192147324602213	107
0.046642962275741	0.215047188593565	107
0.026764630343185	0.248166494144269	71
0.062145496575516	0.129112092801626	71
0.122041097508647	0.114434397902892	51
-0.05010563768692	0.414801358540064	12
0.046993734079719	0.21462730915954	1
0.101379058847406	0.18168926116159	269
0.035050323124638	0.274133497428329	269
0.099281800045207	0.191831141674687	12
-0.090052095750379	0.608908658560546	12
0.104022039355619	0.213327659823661	12
-0.110432802474915	0.820073642453133	81
0.088700262730214	0.251169275729637	81
0.055503793434789	0.267167759208801	122
0.005991678803385	0.336767920889262	122
-0.010179882483047	0.531232652979191	81
0.114824665319223	0.19157284329881	12
-0.030893582731476	0.431796054857984	12
0.080005657023872	0.241941438023068	12
0.116302366556685	0.189176859693103	12
-0.013580757867931	0.403991009596668	12
-0.114433166633356	0.543494549458707	12
0.010680618355904	0.342026182125074	12
0.00690721399784799	0.283821539733971	12
-0.084133765398838	0.28894093844229	35
0.053949697790225	0.259827616898221	9
-0.072080723874006	0.47922652594904	9
-0.022602839185559	0.390134283640607	9
0.068876191275802	0.330592944376157	220
0.069892559989153	0.296589398122712	220
0.079188650838054	0.280941671685597	220
0.068533984324039	0.291312723000363	220
0.068193691407244	0.291998168343151	220
0.098043687091376	0.193696178998331	9
-0.121883074749432	0.472891414700398	9
0.030268068077513	0.179498489752834	62
0.011547034147028	0.353464213238967	9
0.022032677674652	0.302000184222602	9
0.035599144190171	0.18910965013288	9
0.069001478037508	0.248642009915921	9
0.054750272874368	0.297083439202725	187
0.095574180158677	0.273010871652332	187
0.00929501699247501	0.280483833841346	9
-0.040905783123458	0.338636055727494	9
0.014294515125223	0.745414581792099	22
0.12432382237777	0.272392817150043	22
0.010892886213376	0.546782524294933	22
0.084196071012361	0.361826124281735	22
-0.058207682734478	0.992563728876192	22
-0.021356320817517	0.300169225739274	107
0.077287962253669	0.0706637074876884	139
0.02913832228523	0.180510929832556	51
0.000489407091162991	0.147944882664664	201
0.00317003994971701	0.273904341808418	1
-0.0998329255094	0.366097771560211	1
0.003013918069593	0.327745096688113	12
0.053660355962068	0.289762349773083	81
0.068430008595241	0.231522780301819	122
-0.010544366867788	0.359460362670666	122
-0.092688217216538	0.473555859458092	12
-0.00327304542326901	0.375688476506133	12
0.099307855782396	0.184545490463925	12
0.069497891097864	0.256457460620022	12
-0.030765971780176	0.342426815346152	12
-0.013890115656338	0.404593245043929	12
0.036733121105831	0.363901157090377	12
0.088619200678766	0.251332986033767	12
0.106446312076743	0.23509310404802	12
-0.048988748445416	0.533355676078169	12
-0.122251302386268	0.574634035369059	12
0.102696012963081	0.112517074553261	12
0.108023916932448	0.0986975574396042	35
-0.104843093817719	0.32827412302715	35
-0.113259206346688	0.288995615705207	35
0.066524893762927	0.151069914084256	35
0.01757763340513	0.296168011219072	9
0.104399070620685	0.170313957202079	9
-0.039339642190857	0.252037929825215	62
-0.082550403925115	0.328942090774765	62
-0.094850764860617	0.43898146334199	9
-0.06644686056054	0.367448916742322	9
0.102957190228973	0.215193006107851	9
0.078514685342605	0.318834868565165	187
0.050725662343528	0.356219336543784	187
0.027126509444985	0.329593849451984	9
0.052449074588405	0.612243790957001	86
-0.050924633990124	1.34426070548056	86
0.036523537905779	0.699961991292902	86
0.039598641194744	0.501845338871428	22
0.015387857672587	0.516324712472161	22
-0.07363542662746	0.831305234317802	22
0.051241930285503	0.464158467597645	22
0.026161562423616	0.623032232495533	22
0.066323045542564	0.151227888301258	107
-0.021848947526976	0.134213470671699	71
0.011310471140483	0.161646579802237	201
0.067621342606246	0.0940843966352096	201
0.000489407091162991	0.147944882664664	201
-0.056300017338196	0.486531091070252	12
0.102027992421988	0.216778842970634	12
0.053546592140999	0.280370002137156	122
0.091641335240533	0.16782477766145	122
-0.0578234754268	0.408601533465371	122
-0.030989816553785	0.342770107426908	12
0.017446584742166	0.296377562557135	12
0.014809965258172	0.286722107077771	12
-0.041207348812687	0.417185486025037	12
-0.112301918612659	0.578818363891227	12
-0.07006467916517	0.442058777012476	12
0.118016434764955	0.186305576288712	12
0.00588554112578499	0.473820442655301	12
-0.030550251464338	0.575407536672044	12
0.11122889712765	0.214603559294195	12
0.080120708326712	0.241731805253834	12
-0.035609040655594	0.378831366045455	104
0.114867347555699	0.135942892933837	104
0.027798858813665	0.328354764987215	12
-0.092750332400419	0.615665326960828	12
0.100828705597228	0.182461639609784	12
-0.048260212243004	0.41152213210151	12
-0.047965260825373	0.458791857728434	9
-0.051376275875232	0.333587273572206	9
-0.023026154281662	0.302473785808475	9
0.045832609637217	0.216030645507357	9
-0.081397276677046	0.440031734066224	9
0.079988547052425	0.272026859410625	220
-0.038280925771628	0.565374707092718	220
-0.015732418612148	0.51870466274068	220
0.119036182340532	0.179203945012374	9
0.103100085012933	0.112176063409813	9
-0.038977020034866	0.251658025429792	62
-0.05759761339988	0.408203152399273	9
-0.00736785285048602	0.489256304749437	187
0.115414724826752	0.464934035482527	86
0.011482361969399	1.02403496472079	86
-0.037134778936264	0.427143970764413	22
-0.114366518764465	1.06340474680543	22
0.107714341615997	0.311602148774139	22
-0.104337682448354	1.15007467472646	22
0.048196967728258	0.4858829739653	22
-0.093115058796033	0.76141028994282	22
0.033950971849392	0.516189956733615	22
-0.069118504098429	0.406455560787282	107
-0.080216847495123	0.189563353167821	51
-0.011692840234868	0.361445851682133	12
0.029969013598963	0.256897734744054	12
-0.123101861474633	0.242958388895163	201
-0.022710032352139	0.347409070703709	1
0.036532297886557	0.188160473347938	1
0.106818609153958	0.159988243805616	12
-0.007915781687374	0.369795883625057	12
0.017094814376567	0.232433619591252	122
-0.109821939439745	0.437428479864284	122
-0.054333589350019	0.452909296910781	122
-0.121596243631392	0.472422145786247	122
0.044407887345051	0.205694539463638	122
0.052568544816034	0.251611396546862	12
0.026831910331852	0.24808637139592	12
-0.069713608039711	0.407303963595166	12
0.040815061047699	0.384681915946445	12
-0.011459459423361	0.485920429480014	12
0.109948390075706	0.216950898909675	12
0.093464277897477	0.222148997770816	12
-0.093210444102156	0.436229838366741	104
-0.102132172096954	0.504844245666662	104
-0.00280772792571499	0.374824728134529	12
-0.079842810698226	0.189306253830455	35
0.067404020697677	0.0942067543932056	35
0.067306906576961	0.0942595441750744	35
0.103302020765041	0.112000719717952	35
0.046556026189758	0.215175135522286	35
-0.015012458664529	0.444379831768129	9
0.094884058575538	0.212819648794867	9
-0.080648128123382	0.402163346881929	9
-0.046486120334451	0.294365488660261	9
-0.110595641055072	0.613312735103216	9
0.023791687750342	0.387565050548329	220
-0.117322852266295	0.507956831512157	9
0.117784779644262	0.125758001334171	62
0.106955321074147	0.0995100772275884	328
0.079326550609122	0.280728727512968	187
0.050663287858043	0.400616446641681	187
0.058118214903912	0.334606322551892	187
0.069359913131389	0.247996757751725	187
-0.00199193779102702	0.421683565851959	187
-0.00793615665507602	0.314762564621399	9
-0.099361211391292	0.365427293697875	9
0.022244194795763	0.962920262757867	86
0.060159452647579	0.603466262276779	86
0.027565003964055	0.662296740065406	22
-0.029809643881678	0.386395353206705	22
0.05908804023169	0.450728879944776	22
0.113721972167199	0.23388573277344	22
0.111934709902567	0.286431248006995	22
0.039892632900132	0.727253835276297	114
0.032030530767	0.485656890091018	114
0.097244157997548	0.202023169030894	107
0.116614893043226	0.126995509948447	52
-0.034998881457209	0.377675157625613	12
0.113619829902165	0.137403746058579	1
-0.050076100830081	0.199769964396802	1
0.10169908597358	0.181226214526148	12
0.080819670232652	0.284923622151609	81
-0.053558743025013	0.451375963460561	122
0.002951105054535	0.274206107706783	122
-0.114849469555628	0.402235935383536	122
-0.121578808975682	0.472346080131912	122
-0.039199653955278	0.336190040281805	12
0.096388652511833	0.136775865132963	12
0.049781561298837	0.222667560314979	12
-0.081657188327528	0.327778532089556	12
-0.102131265755634	0.543323743332075	12
0.011903756986058	0.45176824346805	12
0.029513431494076	0.396546432634983	12
-0.121207060426869	0.471695703165522	104
0.124620638272428	0.182665889169312	12
0.091982085940894	0.238357522847371	12
-0.104924671202833	0.328456763531471	12
0.039948087268516	0.198124144035511	12
0.054435860892078	0.269017806505914	12
0.11475453421551	0.0842102531397179	35
0.1158938950494	0.0834578236407481	35
-0.071712537809307	0.478485841140277	9
-0.080716028226511	0.47429215740686	9
0.000289662224854992	0.218944075420523	9
0.006764676346254	0.335443490109545	9
0.104814115672537	0.255693359892631	220
0.014518765731879	0.347810569515082	9
-0.080842220809433	0.474476250573526	9
0.121929066663943	0.114556658795301	9
0.00854890339633099	0.281479331767452	9
-0.122720620210223	0.242680985048687	62
0.065536112039917	0.139522345531696	62
0.000693145743242002	0.21855283339033	62
0.09833443747678	0.125729515053115	62
-0.028633896329049	0.206569217545354	328
0.068421088168942	0.171767267295186	9
-0.064294140617648	0.649528439205571	187
-0.059658523953632	0.523232674843761	187
-0.00814462055324899	0.525430791599393	187
0.067644765897778	0.241900961249732	9
0.043649525507891	0.313952500230132	9
-0.081849876287531	0.440771729360957	9
0.039029448667994	0.290588599497134	9
0.035804377932514	0.188901357650998	9
0.118220452301485	0.18053154409685	9
0.053421408857357	0.418313727241369	22
0.047006779704793	0.336351307384309	22
-0.052158926583439	0.898177622804862	22
-0.034611556963369	0.571301882030169	22
-0.119324783228606	1.17504366505879	22
-0.028507532176377	0.807517347742894	22
0.020519047475823	0.614007027488103	22
0.092656791323531	0.329819214085249	22
-0.048384712142747	0.952161990780645	22
-0.013687618429208	0.790011746358375	114
-0.013446603101887	0.262281161601894	107
0.067666093001774	0.161621962748306	107
-0.081825145277016	0.440773967763425	52
-0.122710978863625	0.242645782142838	51
-0.080374313460103	0.189661122443498	51
0.037842368809016	0.281316214087322	1
0.108349536604323	0.150783842639626	1
0.113228011513344	0.137825319355342	1
0.07047330887667	0.21916109923401	12
0.029088577513077	0.39753118302609	81
0.054978465841579	0.277814054692326	122
0.01705102416109	0.232497470567362	122
0.041506948779129	0.318014007717464	122
0.117024691128175	0.162356866501157	122
0.049957763851059	0.233875948939759	122
-0.016252537866825	0.353477946564665	12
-0.053299393473378	0.368769394676719	12
0.102472253062769	0.21599273284366	12
-0.110586108364244	0.438652282480275	12
-0.035742933960058	0.467712418181035	12
0.010333494072986	0.400417041178092	12
-0.113559591457673	0.671283513421504	12
0.069828720740267	0.296736731472394	12
-0.04871219925465	0.532768941260185	12
-0.011542879894724	0.486117398960711	12
0.066992586779107	0.0943910090032767	35
0.00995276134456599	0.22537236495375	35
-0.094559869518826	0.476815825549099	9
-0.069977043463453	0.647118633010172	220
0.013577939321301	0.405274493545564	9
-0.12453639949146	0.675189246334616	9
0.11254946944028	0.206620687952639	9
-0.042803416181204	0.535116825486519	9
0.068979820102212	0.230701796040801	9
-0.045913885618883	0.293635446418092	9
0.065724267802969	0.139357023638252	62
-0.028621295135493	0.206556098928513	62
-0.103516473061197	0.326601519793851	62
-0.06697170004666	0.36820779672937	62
-0.014702358744344	0.308281016513311	9
0.032241904486234	0.411035538441133	187
0.110240786898549	0.216411523448335	187
0.006829010212827	0.395574379043959	9
-0.074734146049237	0.549207426223628	9
0.024617008860309	0.827788869962392	86
0.0322689662424	0.890827467519562	86
0.037994539984079	0.462777636695745	22
0.114822383923586	0.365583243581049	22
0.036265443721969	0.688364762404606	22
0.038838385803744	0.622411185431111	114
0.110924022088383	0.441383203619216	114
0.070103749216192	0.20046509169709	107
-0.043816405340707	0.373792993970543	52
0.110865507306074	0.0397113788160752	82
-0.122844460016353	0.2427719181186	201
-0.113636406192394	0.289363974427113	201
0.053693874367804	0.249952281974726	1
0.069697901410358	0.180773402606887	1
-0.001248299796835	0.466544984503362	12
-0.00137595453045902	0.420353851907319	12
0.030415140380352	0.256322499741554	122
0.00130982429252599	0.460140878661784	122
0.120421594529674	0.151590012960446	122
-0.060764475966077	0.445653099510698	122
0.042855835013173	0.315526840642434	12
-0.019367267543462	0.400023480889691	12
-0.040828486817561	0.416505824399716	12
-0.097277507689865	0.639272916631636	12
-0.050954378061032	0.416281808137403	104
0.021112435680854	0.303543276431821	104
0.117205216602065	0.162085580384255	104
0.105633191549313	0.161498690796193	104
0.100738455102558	0.182577736804149	12
-0.080495684330852	0.401916260154775	35
0.062654800081338	0.128706741269906	35
0.114514673643527	0.0843603481130194	35
0.063603983705067	0.113547393716226	35
0.095406987576893	0.204865038613035	9
-0.068727793080344	0.584490984465491	9
0.022111415117103	0.240569959362349	9
0.00797092996177801	0.393205960780261	9
0.068959563292367	0.282358756615321	9
-0.091134979746568	0.577796018665192	9
-0.08052259858486	0.473886652890828	9
-0.082447362419684	0.512313069053965	9
0.053693874367804	0.249952281974726	9
-0.085867195422771	0.245914933527285	62
-0.047382532232234	0.295379574287179	62
-0.106711452037173	0.473816577900487	62
0.123839184645824	0.141057690925444	9
-0.029651391222454	0.429233456948309	9
-0.060802756008796	0.445776027308513	9
0.097011022804778	0.202392014731089	9
0.040553979762232	0.523743494292563	22
0.081994927923435	0.346632215221631	22
-0.112471772453078	0.94386844882292	22
0.030909185957505	0.720139305984948	114
0.030486290423061	0.256180917984575	107
0.108798089602095	0.150263563605076	52
0.115853638977783	0.0834869347023627	201
0.00457476217118	0.432623821861713	12
-0.094728291602897	0.699707656472833	12
0.123452887160436	0.141566156978411	122
0.010186020913515	0.34287093727843	122
-0.101297728453832	0.541271913647265	122
0.110923025519616	0.177350399817467	122
0.017737601654579	0.295928968922069	122
-0.121932788233363	0.573902994802325	122
0.117779428715757	0.181202730212041	81
0.038093686633459	0.292187847552561	12
0.10904515742871	0.18653362372514	12
-0.053828956943264	0.451941195490603	104
0.116327984326286	0.163315748661975	104
-0.039551970237965	0.336672072022939	12
-0.068820967796143	0.405961162647383	12
-0.113756808213894	0.542287888220577	12
0.063984094229248	0.113295491069645	35
-0.050635596527171	0.332540442323091	35
0.019332943611416	0.37453141088122	9
0.070706684958797	0.209364386515596	9
0.015336512604427	0.413105411389845	9
0.082036472564678	0.230670938361427	9
-0.09540369035179	0.400319810941085	9
-0.091681519006532	0.544285889204867	9
-0.10528668992989	0.328859289280446	62
0.044037505087772	0.206141034378162	62
0.067825194369145	0.172418726420437	62
0.065679582952323	0.151835033820157	62
0.000975351593059004	0.218265358833356	328
-0.123044543907186	0.761486183888691	187
0.116836193885978	0.217134840338501	187
-0.09141723846766	0.578650039838993	9
0.033669665328202	0.370271752060698	9
-0.00340737623211002	0.375950245769681	9
-0.024756076716238	0.435378673763573	9
0.068617455623353	0.282955864693401	9
0.078710678112983	0.259383074732198	9
0.045720825393408	0.319816868164783	22
0.039759127511279	0.300279042090433	22
0.026275563636869	0.724406359210769	22
0.02844281501339	0.53914458744928	22
-0.026279259699313	1.12181808696058	114
-0.069295793099519	0.585897876995736	107
-0.039412497805608	0.252118449166412	71
0.111259604014332	0.039591027620515	82
0.115662274121023	0.190240751732067	12
-0.104562709403475	0.328030298431991	1
-0.026109832638167	0.258370326450795	1
-0.036781533044489	0.536379419087443	12
-0.000579607966550988	0.370448886391435	12
-0.050121183632319	0.414874175036166	122
0.115180431408157	0.164940599243441	122
0.056069350449061	0.266173377062848	122
0.06850023293357	0.249505757892244	122
0.068955517562882	0.330385042869054	81
0.052826764896051	0.240681704983432	12
-0.112696271354531	0.540137352144824	12
-0.015276677835019	0.309122680103149	12
0.109240249362455	0.22395630010762	12
0.122036971475582	0.197120570677197	12
0.113148107145494	0.205572076326904	12
-0.030204317767147	0.510647902708345	104
-0.055178481726301	0.483930899574992	12
-0.081783577738895	0.608866073674509	12
-0.031362664681944	0.343315157616114	12
-0.069556391719794	0.556756769254741	12
0.112631991652408	0.174860424855148	9
-0.105809792080044	0.329381029070258	9
0.037765239455123	0.361642315142449	220
-0.082372454510069	0.641975054930322	220
0.049005092794182	0.350880258042651	220
-0.108387165062215	0.608192148562742	9
-0.092103851271753	0.472474538824463	9
-0.010917631942702	0.211352694019984	9
-0.11156463342616	0.577253475756197	9
0.062877527393493	0.128555647558065	62
-0.11453555323201	0.401849049975358	62
0.098499680047549	0.125651092187052	62
0.014130937273933	0.287777757715252	9
-0.08187670848018	0.328068841663938	62
-0.081919584147949	0.476618580584071	9
-0.00853246118607098	0.31564500940452	9
0.030341585555964	0.256388940419468	9
-0.071168262016351	0.62021688504488	9
0.03971333845853	0.367329857343427	187
-0.053642353738074	0.626777611198721	187
0.041021759796547	0.298027431893393	9
-0.028599932697192	0.467888070570231	9
-0.096221505416992	0.401622570683262	9
-0.057786007729727	0.62092589515785	9
-0.097091452782865	1.99736442238569	86
0.102520993862012	0.544088012106561	86
0.064589350414776	0.422589001620715	22
0.105515495927788	0.436559408366336	22
0.109696527611154	0.344679131466432	22
0.119266091688061	0.380008662397222	22
-0.016072089504219	1.00519483141183	114
0.00164065337354699	0.975733981535781	114
0.122700706697136	0.376423261683806	114
-0.058939866318849	0.41050615043796	107
0.043792062127869	0.449910891972429	107
0.10601212016528	0.197560039839461	107
-0.07935041815626	0.188921946080622	139
0.068326953640587	0.267075815101197	52
-0.033088225014898	0.29747530312746	51
-0.123111493371038	0.242966235418229	51
-0.039117858904103	0.458108728146702	12
-0.01079617175617	0.211216184041909	1
0.12033564241583	0.116068306284596	1
0.079758662599494	0.250099085923146	12
-0.029480840449124	0.428965370797895	12
0.016690219274486	0.297569228267129	12
0.068540258219977	0.240371003044624	12
0.081093808495172	0.240066277640971	81
0.053897934448882	0.269949481529885	122
-0.045931631232818	0.454707967096195	122
0.068915918327541	0.239914566371609	122
-0.094150656799469	0.697999953574053	122
0.084987127375983	0.201862619277116	122
0.090261163850658	0.241477194163056	81
-0.00224411817329701	0.373757474489229	12
0.067269074894309	0.293807460008243	12
0.111127842134925	0.177004627366228	12
0.081480163924761	0.223543157361999	104
-0.00184561324782301	0.320875748835739	104
0.035422447400529	0.27355556141891	104
-0.013355650166883	0.262223698888708	35
0.019772080607202	0.305769522833611	9
0.101151816368628	0.236828273879725	9
0.012979798475426	0.350804814938566	9
0.080048514241414	0.249603101327636	220
0.00212298819753801	0.379071931132189	9
-0.051376275875232	0.333587273572206	9
-0.117567846332318	0.643816773563223	9
-0.109710729799822	0.437293283572468	62
0.017921999707885	0.308644812171396	62
0.087662894466722	0.189849856514066	9
0.08344913110857	0.220456096934094	9
-0.083442286171725	0.479365604582446	9
0.111689918997994	0.208110044135864	9
0.067011109973614	0.26082860726842	9
-0.044536102721766	0.496590664398162	9
0.087169266826297	0.281793841863757	9
0.043703980465964	0.858861284175107	86
0.036647957456187	0.737139781327628	86
0.034400166949384	0.772978979837753	86
-0.013375007287308	0.816204986657236	22
0.076514501317171	0.399745969980425	22
-0.055899058600306	1.16634204618106	22
-0.012385389539057	0.847916049360751	22
0.119013797690517	0.380934026408521	114
0.0462436447654	0.720472539988919	114
0.072689487887229	0.580848518096554	114
0.082437392547086	0.568168844293731	114
-0.00169963224280301	0.320648986959466	107
0.116146528719187	0.127494551320815	90
-0.04945514631655	0.199284680904651	90
0.097474451510286	0.194509788226784	52
0.122567870224131	0.113919919590719	51
0.081262917396188	0.239790960898949	12
-0.058413977295726	0.247620701039942	1
0.063035353453265	0.128429980063374	1
0.115670251189466	0.190241446516724	12
-0.022936219600433	0.34776320383641	1
0.027018688397495	0.329815030688745	12
0.014681580448476	0.360112843108754	12
0.028158480854514	0.339064000791501	122
-0.041098737235357	0.416893039695889	122
0.109408866601384	0.18597622895121	12
-0.030728778566812	0.472724894446795	12
0.082657130233086	0.229632833889882	12
-0.063805463036029	0.48291004823454	12
-0.037014595078545	0.381221971769763	104
-0.056834100645461	0.487741556178471	104
-0.039728303557843	0.459410026962984	104
0.102820080166379	0.172455291267932	104
-0.010905014876466	0.413196442659218	12
0.068936241110976	0.171194301015069	35
-0.122067461830948	0.366246184629785	35
0.06834068810627	0.160937396185689	35
-0.098409643712486	0.36402479027356	35
-0.07489553493531	0.5176350704984	9
-0.092111317294773	0.54532881161697	9
0.089771669294014	0.249176090564345	9
-0.043344651581367	0.493913258572285	9
-0.000139579349510977	0.383541781628108	9
-0.00844939087241498	0.408075090294352	9
-0.082207771715131	0.610014068834683	9
-0.114704397501411	0.402098129428501	62
0.051750110973334	0.252940896992419	62
0.090678126396786	0.16903815627862	62
-0.036262611211492	0.425525852979588	9
0.033488132316249	0.350103558238265	9
0.051204508380582	0.355179406658759	187
0.088135699986952	0.245216020012453	9
0.108370284156231	0.18756198808143	9
-0.103336520064238	0.507406987133234	9
-0.030585080192245	0.867285213690088	22
-0.013102559426997	0.736550445688036	22
0.12004571744102	0.362641188456116	22
-0.00259619971302599	0.73162140759847	22
0.096077422930264	0.362197057662836	22
-0.042674557972017	0.534773755198847	107
-0.022124054994544	0.4447661881725	90
0.054013852193574	0.249446050106421	90
0.035117869329421	0.189516442949152	51
0.083951963943977	0.219658604763075	12
-0.03630006923517	0.468920885253416	12
0.01947761915936	0.362636140472074	12
0.021934277162675	0.240744170411383	1
-0.014477688554866	0.405766746676615	12
-0.066999126198997	0.686225623228592	12
-0.043176410169787	0.604214295395886	12
-0.048810675411338	0.412515199256812	122
-0.032993693138094	0.502384365995224	81
-0.121474603379448	0.572867626027392	122
0.069328799977107	0.289728419644961	81
0.048440865463463	0.361453919838638	81
0.069715087190456	0.304996944106223	81
-0.067449386841423	0.521574697435498	12
-0.016007830273476	0.483029089348734	12
-0.070118170836595	0.61744882335587	12
-0.020639639643098	0.44198835090242	12
-0.047256576415411	0.457234419900382	12
-0.111571602014277	0.702368826156692	12
0.044650371809176	0.331645541929533	12
0.039469222868399	0.28986660659682	12
0.067375167007026	0.242339409722478	12
-0.023668222135526	0.348975058592523	104
-0.023911932332113	0.392594837363657	104
0.029526680685659	0.336377155319977	104
0.086742642673576	0.199360521055214	104
0.104576351538333	0.206245082277971	12
-0.020237485412033	0.40161979673625	104
0.022403592111989	0.314042356134561	104
0.116843784367345	0.162607941840119	12
0.067512239835401	0.276947218527762	9
0.067308163167682	0.27735544708346	9
0.107556287751159	0.19512033292466	9
0.00366723954576301	0.389319373968847	9
0.041160690625744	0.297763576707803	9
-0.122248909135576	0.759182389200985	9
0.083807695685639	0.211819189272109	9
0.081309394481101	0.231877010252673	9
0.003087094514761	0.390432599400785	9
0.091634652661115	0.238977263977676	9
0.017967418039565	0.365759476991035	9
0.057844012801922	0.317761872841394	187
0.056352975207189	0.320797323727675	187
0.041014511858755	0.38416256737551	187
0.032861676680193	0.409471398101207	187
0.072724962043048	0.7647890082813	86
0.073845549183125	0.646017703255043	86
-0.012406431186443	0.86325826332092	22
-0.052857519454241	1.1238245573201	22
-0.108066013170456	1.11865511799254	22
0.058827029442382	0.500360552978724	22
0.080773544181947	0.248295746230815	12
-0.051853763129486	0.523169569988865	12
-0.016288751822414	0.447171229648262	12
-0.097273844830623	0.403173755294189	1
0.101279609871024	0.236567501087067	12
0.110223326699014	0.216451416268559	81
0.011470571454872	0.397957678001704	81
0.05304457659414	0.29085207809976	122
-0.002215315982319	0.422233283679872	81
0.102957190228973	0.215193006107851	81
-0.014029197496245	0.40488811089144	12
-0.08298949813548	0.547236779514358	12
0.079836467485844	0.242199057473863	12
0.055691039414043	0.313265345492412	12
-0.08232808894885	0.477379332127206	104
0.028922003140616	0.258381390172026	104
-0.055461290136796	0.372277318446625	104
0.052901246702492	0.251185316127879	12
-0.052855480479527	0.45001714461448	12
-0.059179037522326	0.410860896467298	12
0.00352661194034801	0.326881617606465	104
-0.058234168380366	0.490636857362519	12
0.098863290352136	0.125324129548118	35
-0.059735574055108	0.52341194022716	9
-0.041197350120349	0.417231613159248	9
0.026678211856454	0.330401950803389	9
-0.090215958910299	0.575709621833062	9
0.017301069704736	0.296591639648527	9
-0.104980443112765	0.671804905007226	9
0.095056040285421	0.219367515255301	9
0.049801527926387	0.234068268382746	9
0.124827341465101	0.15941016874084	9
0.046118026646007	0.215708054029875	9
-0.104765915719372	0.328068730155001	62
-0.055089028645929	0.371681340405277	62
-0.106935532373643	0.474177259966369	62
-0.054714794483162	0.371117114123573	62
0.051872714945931	0.242108376985573	9
0.081039305125724	0.240177467271093	9
0.092194633074051	0.237963747092563	9
-0.052585252979926	0.449413292666364	9
-0.00850435108074299	0.408136112945346	9
0.092921367009505	0.229935096658998	9
-0.089294513612861	0.639817938990406	9
0.050785358200463	0.589207399419821	86
0.082892357224815	0.547083213050107	86
0.094415243533293	0.534609345608796	86
0.108334906111075	0.374119649377467	22
0.076856904547079	0.507923731370236	22
0.045762614523613	0.683868329657951	114
0.097030622498779	0.45291929412626	114
-0.00251651604729303	0.776832205565515	114
0.066620063018499	0.295044634101562	107
-0.108748935136439	0.435740688453183	107
-0.04956116461661	0.561688569491709	52
-0.080964926733957	0.189994679460948	51
0.068363507842613	0.212543571542608	12
0.090986544999724	0.240180832533436	12
0.092609535732598	0.237160505005343	12
-0.022617359262851	0.347300666453253	12
-0.014948600086526	0.406689991677141	12
-0.019600501955721	0.400455804909499	12
0.020241638297688	0.372739419226323	12
-0.030334961329093	0.387068605974913	12
-0.05988949007826	0.552165343266015	81
0.117047149655053	0.22186702116477	81
0.061588237508077	0.360148063775938	81
-0.035356159303204	0.532719821868634	81
-0.00808469666240003	0.314956238487125	81
0.087585629205441	0.34071481333512	81
-0.112555303791545	0.539869511806305	12
-0.097546288956259	0.787513531489906	12
0.01729217005693	0.472067125160653	12
0.108789268782846	0.265342642562445	12
0.067715755072967	0.161581128756247	104
0.065579295535546	0.139461562587237	104
-0.104642095203073	0.32805816986802	104
0.068816870792379	0.221582801239885	12
-0.00815810615658502	0.491241162725995	12
-0.103960716676179	0.327271529731084	104
-0.031619939358553	0.538835715442131	12
0.082310785408038	0.213989922424988	12
0.019632035779585	0.306005830758921	12
0.040160812081685	0.197898795936137	35
-0.061442942930253	0.556098304650626	9
0.03244315280926	0.265966560978732	9
0.085060832824938	0.293119454213444	9
-0.023470798022472	0.391675335311253	9
0.046147640925878	0.338083191496965	9
-0.113526908843962	0.541825479566478	9
-0.040739813762658	0.461597496407334	9
0.068150212046493	0.283957635415781	9
-0.010238766136297	0.577827977408233	9
0.0566624371469	0.302420494672861	9
0.12013908409552	0.15198000804618	9
0.053727835648509	0.270198942815465	9
-0.080773804266139	0.438931945527775	9
0.06804284983504	0.241298326093261	9
0.097611594810526	0.201438246699795	9
-0.091695705489872	0.579318733456959	9
-0.105773941695882	0.673798994215124	9
-0.074901941884403	0.549670421826782	9
-0.028417448919753	0.426720189732753	9
-0.10325435990843	0.852154441133066	9
0.109165085124203	0.224114901046963	9
0.088536654667521	0.180292075354731	9
-0.046101871854759	0.595888701808146	9
-0.010275284283337	0.358942859910175	9
0.090290664272396	0.321858577180966	9
0.091828845357691	0.159075174820938	9
-0.020809961280515	1.39239420631941	86
-0.022847992569937	1.27583725598158	86
0.074053434469736	0.692578612748914	86
-0.109533654970464	1.18652841997626	22
-0.035972394508331	0.965838315968732	22
0.04719561870859	0.570722379532329	22
-0.042102470097158	0.941170044831931	22
0.016289561369189	0.806091726357465	114
0.051271920900769	0.676594404366054	114
-0.021946757622245	0.134275185027705	139
0.106019716418271	0.160992916686017	71
0.114474628687709	0.084371503164304	71
0.009168036313005	0.226245611126294	327
0.098904367457314	0.125286711058239	51
-0.00214582068797903	0.37355964728866	12
0.09360450690446	0.148461288757487	112
0.08722532308113	0.190431960457098	12
0.067021645548502	0.302416498991913	12
-0.119242436583917	0.788033739519327	12
0.004046272858931	0.388447009253909	12
0.115959093825065	0.163827263719208	12
0.117553539646889	0.21054388928148	81
-0.069539320640729	0.586429048397455	81
0.00680272989957401	0.439885629015419	81
0.105733973320367	0.198023970523951	12
0.027744921486694	0.328467409408389	12
0.080227757593092	0.256801288219822	12
0.117887930680729	0.181067862268965	12
0.080092299115983	0.25706651729606	12
-0.022684231893012	0.347365655528142	104
0.069801710487524	0.210640649511698	12
-0.017797351043322	0.396983361514602	12
0.007230933311139	0.334667696429703	12
-0.00650298488283801	0.367199456414302	12
0.00944427627887101	0.280284657903327	9
0.049881451889374	0.233974128371995	9
0.038696314431387	0.291180934290495	9
-0.117594435528372	0.643825465034977	9
0.079621779531723	0.250363241612968	9
0.05538115152954	0.295952142202151	9
0.030485070022887	0.345549685669457	9
0.103179319710341	0.214803251796902	9
-0.048063628486303	0.458980423041538	9
0.124409022788684	0.183022421377711	9
-0.073954302859463	0.547406630763442	9
0.092238087606663	0.224232198082114	9
-0.10385845728432	0.703697899488454	9
-0.057421872613664	0.488975651693774	9
0.12202989047234	0.114450344901364	56
-0.024089636114899	0.304001006694362	56
0.00369460798559801	0.273165929649991	56
-0.06681854133749	0.368003102033829	56
-0.031279096872561	0.388975769110829	9
0.116728990958588	0.18845892226752	9
-0.019098095666729	0.399492722058921	9
0.002181658384937	0.329130838605829	9
-0.019564308257565	0.439638362816615	9
-0.060947361681553	0.526083487862106	9
-0.00630688955115899	0.417512748831948	9
0.117285569048459	0.211011256339683	9
0.043516544227525	0.94942976085558	86
0.077200441183865	0.574948752163338	86
0.117485435173957	0.459670479123795	86
0.05887487777634	0.341608480014173	307
0.057462028412824	0.470282878925529	307
0.059355905414656	0.449869051858873	307
0.110114576361782	0.345058703815128	22
0.022381062889555	0.757157402513922	114
0.0469279172127	0.214707974430858	107
-0.085459280755549	0.24550432709223	107
0.077826292820738	0.0704100607810889	71
0.05244082148742	0.2518973562677	52
-0.024483642829883	0.256703111585679	112
0.068709502944426	0.282819449146492	12
0.052787741971607	0.281657551972269	12
0.001173300943278	0.380992338023642	12
0.054497655531393	0.278712623719207	12
0.052739832941699	0.261773375242389	12
-0.03058890757174	0.38780896069672	12
-0.08312865598053	0.547568682484469	81
0.114832187227483	0.197140222056412	81
0.086255940733984	0.191725604570482	104
0.109769431350195	0.14909701954683	104
-0.082610348912308	0.477900961337801	104
-0.075584582362034	0.58224449452396	12
-0.01037431435285	0.412136079079177	104
0.017395841425913	0.366891554764868	12
0.094079078409634	0.221100277905448	12
0.039791939834142	0.300236387614083	12
0.08019347441287	0.249349241700318	12
-0.104924671202833	0.328456763531471	35
0.064283347249814	0.14054334199968	35
0.114614594622268	0.0842943280439736	35
0.065369502683914	0.139662895897511	35
0.06723947353711	0.162046068101607	148
0.014956609579825	0.286476049777886	148
0.052434477661621	0.2622415647651	9
-0.049518473596021	0.413822219055636	9
-0.00847772628994398	0.355569011716721	9
0.025717951623403	0.320413424850432	9
0.099848370277075	0.183787193969005	9
-0.00186821204155302	0.421476868542377	9
-0.014330825703384	0.307749271638395	9
0.102454163041534	0.216049468355916	9
0.11399163694746	0.136974759536002	56
0.088460865179802	0.180394832360811	56
0.016567492738219	0.233084499950431	56
-0.066638931337076	0.519825239037857	9
0.10366415656896	0.213950115833887	9
0.037217227468207	0.362866599493954	9
-0.023976596206604	0.472721271971201	9
0.102516830207561	0.222085967884199	9
0.123031815145434	0.167493939838119	9
-0.031289669729769	0.43256910795007	9
-0.018532990436116	0.398436556073006	9
0.086040003142412	0.712595725605158	86
0.113364156237736	0.535887564086904	86
0.036521254925489	0.525165379812861	307
0.003590592621593	0.389464241835797	307
0.107901496934234	0.188227320227456	307
0.01985505784084	0.465285185546268	307
-0.053783888555802	0.950044738300533	307
-0.123600815844133	1.12849097668409	114
0.035643095682245	0.189047589840525	71
0.007504381669278	0.283030894369357	52
-0.12168146582189	0.241779824307913	51
-0.022506166455299	0.389934109808073	12
-0.024360106119235	0.349965577747081	12
0.066922097097505	0.162323660025707	1
0.06910493658607	0.1710299997164	1
0.103772454819546	0.171187017415578	12
0.122838070543089	0.190629796720757	12
-0.06386611267398	0.676815179349729	12
0.079203210729517	0.251079328942156	12
0.068439321381246	0.160803559018408	12
0.046621914783145	0.215092358467082	12
0.042864396068613	0.315466736783327	81
0.056029543779444	0.294716678014874	81
0.047989632355092	0.225070197169136	12
-0.070163268064042	0.408075596142678	12
0.0513412859268	0.242891374957376	12
0.055544936382053	0.313560163431662	81
0.068637963767118	0.221813847586972	12
0.081456085291177	0.254481592594139	12
0.115883644616297	0.189892300932033	12
-0.081091471652394	0.439545317913432	104
0.00899666478429101	0.280942074215671	35
-0.011555158455564	0.211933481136974	35
-0.080374313460103	0.189661122443498	35
0.035183984980012	0.189517222622891	148
0.00166032216023199	0.21751826942798	35
-0.120782729846896	0.611967761633605	9
0.068911060580853	0.257512768346692	9
-0.050034875717803	0.199689431018485	56
-0.011438033271964	0.211848280481976	56
0.036026440848588	0.18866640755119	56
0.00266577083356201	0.274582934219669	56
0.1158938950494	0.0834578236407481	56
0.059890505212173	0.364370919097564	9
0.067569065387615	0.251047128028358	9
0.070327599610423	0.200161163022385	9
-0.00845947032477501	0.31558553990897	9
0.069813322858912	0.190777555850623	9
0.011664930776176	0.353228060792201	9
0.07365740444518	0.73093338314065	86
0.124698388448187	0.456533629096661	86
0.107721240242704	0.232611575327718	307
0.114406997066667	0.232441165580308	307
-0.111383356431903	1.03811455461099	114
-0.083368643388302	0.288137723960055	71
-0.022091243109116	0.134354832803417	327
0.076906675776854	0.0708228861667735	78
0.021701674579717	0.302585006987437	12
-0.019403213859643	0.400085060527781	12
0.00737926666174701	0.535315886547689	12
0.014567380279678	0.360325194516066	12
0.00869830162133101	0.281371148322701	12
0.093874563922134	0.148163479360785	12
0.013531568352796	0.288698699015622	12
-0.038960903599459	0.335772049373611	12
0.069721709897665	0.210739344398548	12
-0.082407946988641	0.36743864299297	104
-0.00754667964938499	0.369155281288904	104
-0.069441022083286	0.44091855400685	104
0.089690381692832	0.262976327433011	12
0.106446312076743	0.23509310404802	12
0.029768444791772	0.346932013321031	12
-0.051162019137089	0.333295554030484	104
0.08585874191779	0.200655674005284	12
0.098822168730462	0.125353992901829	35
-0.086296494865022	0.246254870434911	35
-0.058747485328019	0.247963473914146	35
0.097413923429878	0.20173965310328	9
0.120421594529674	0.151590012960446	9
0.082613437523249	0.221780942139792	9
0.068364836392465	0.171843877540519	148
-0.044264115516651	0.374561024386815	9
0.029451727466438	0.406942394145787	9
-0.036936832814679	0.426736779614034	9
0.094832872213209	0.219766305421075	9
0.033879121605782	0.26382411860858	9
0.098912234455727	0.192375948666967	9
0.066847152656553	0.150740293873259	56
-0.123042614153104	0.367488638290614	56
-0.113454156075754	0.289197208331101	56
0.062158108997492	0.129099313284352	56
0.06632368385491	0.151248257186647	56
-0.023498947303043	0.303231506718406	56
0.00262826689575599	0.469727251661264	9
0.02542217324263	0.320936351696894	9
-0.00909258203061097	0.409415973182414	9
0.001988404905158	0.275483475766284	9
0.051789576390918	0.68222862563866	86
0.033176141620103	0.757748536378712	86
0.039794280442009	0.756573942957753	86
0.090574573153076	0.418777265966564	86
0.011097864474639	0.354261517886139	307
0.066996188637622	0.326807198443838	307
-0.123115807533712	1.20518588266475	22
0.022565360588619	0.6064708290886	22
-0.01163027992517	0.741935214840895	307
0.068634461619365	0.249272086712556	307
0.096885493069689	0.426225675989999	114
-0.035923724293584	0.749656476871316	114
0.039309448205155	0.198774259411272	107
0.124926491569458	0.159272179680913	107
0.048064320176974	0.224996895004859	52
0.110865507306074	0.0397113788160752	78
-0.072399762975928	0.479837061781503	12
0.065326426137063	0.139693215020179	1
0.019351858320431	0.306459285905625	12
0.0440673821608	0.313167802569896	12
-0.092409106344914	0.473007154481017	12
0.110256678780385	0.210585323883755	81
-0.048867247685906	0.559943875401884	81
-0.019413196707621	0.513889913823607	81
0.069015569864551	0.181573721025002	104
-0.107305614264298	0.474762726836077	104
0.067610879458812	0.183131843691335	104
-0.06181148474405	0.556862785166371	12
-0.09728617981102	0.673133234494296	12
-0.041426742759655	0.417665926364921	12
0.037057588398601	0.187596790849367	104
0.042932634133581	0.315359149917742	12
0.052099699595751	0.262776269177434	12
-0.051162019137089	0.333295554030484	35
0.078588832075851	0.0700562652286236	35
0.040586029844283	0.19743548011956	148
-0.066248946126961	0.331995565412691	9
0.025564363875047	0.249729226636204	9
0.00213837101887099	0.470958741690597	9
-0.069341007560703	0.40674694059658	9
-0.017880024640076	0.356059283299618	9
0.054534742853682	0.268861344468832	9
0.107724697890926	0.158824076336789	9
-0.045596070859923	0.293280577902326	319
0.102855442716077	0.112381436923014	319
-0.028074274630915	0.20607175620602	319
0.054435860892078	0.269017806505914	9
0.040305805876411	0.288400624688078	9
-0.05837174641347	0.247603423821521	56
-0.056726596694636	0.487506072037002	9
0.068835601696892	0.17133049661302	56
-0.076341281511866	0.61480164571368	9
0.118150356788435	0.154595747870354	9
0.123624559741194	0.161125467992053	9
0.002881663633477	0.390860516905192	9
-0.082084722478059	0.328347004491626	9
0.118902358610898	0.503126925524577	86
0.122547999358754	0.467870123709817	86
0.09148281384565	0.306891512282839	307
-0.051840840977076	0.796704849218541	307
0.07868290202999	0.374595323392078	307
-0.00751752119801902	0.420028512610181	107
-0.059102105562351	0.248283866197002	90
0.099352027167694	0.19175540681418	12
0.00163148956054401	0.330031070272539	12
0.016494513664838	0.356582520659163	12
0.00106702885839699	0.147564346923324	112
0.067089527774118	0.0943819801836264	112
0.00795168752108399	0.282420317076826	12
0.100918859666205	0.182339823102839	12
-0.011756744075263	0.212118222200108	1
0.069113274070865	0.181466221210164	12
-0.109995388194462	0.437772319426422	12
0.01889194694326	0.307175251812609	12
0.101478639295459	0.181519155922525	12
-0.083149521431852	0.51371607991558	12
-0.094254853687011	0.437895822305092	104
0.070218817279994	0.219502843173756	104
-0.027762859699435	0.382699632744855	104
0.070386886903625	0.209761227358785	104
0.00131110646487301	0.276303767618508	104
0.00394906889969401	0.388752836160408	12
0.00215340670820899	0.37901550090645	12
-0.022702415623848	0.390325990901501	12
0.016186744274917	0.357185295638299	12
-0.092450421470007	0.581040621062169	12
-0.094701512705054	0.438764307766092	12
-0.041336831038975	0.417508352338716	12
-0.083810941506573	0.330326778665523	35
-0.048855530124792	0.655898324260699	9
-0.00230367309388402	0.422377692053478	9
-0.093358836078455	0.436512581293045	9
-0.105516769019269	0.471748351737717	9
0.12139009123176	0.11505954877305	56
-0.029349385961885	0.340181653910333	56
-0.058580747426362	0.247798457899284	56
0.123031603083986	0.190349709800224	9
-0.075220755854155	0.672870480887984	9
0.030040389261143	0.256853568704213	9
-0.115275840354234	0.402874032050106	9
-0.040400804022069	0.337889098490783	9
-0.082546379798536	0.512481192407148	9
0.029011883666764	0.965938263891976	86
0.06484016106988	0.624173586885438	86
-0.049324655303183	0.560912044132788	307
-0.028363476902707	0.774314577010339	307
0.110619845842702	0.250918038716698	307
0.073401290583777	0.485809717442717	114
0.026637844735508	0.650563357399266	114
-0.073707733547237	0.514986936448844	107
0.016253808147317	0.233452108716573	107
-0.021559952029171	0.134039665076176	139
0.01889194694326	0.307175251812609	52
0.123372715823101	0.141667407454661	52
0.063727616277926	0.113470545102492	51
0.088034654789964	0.189333828695153	12
0.081031647816964	0.232329940181363	12
0.066812137005991	0.0945275789839454	112
0.011151758919	0.16178079036033	112
0.115234131327121	0.0838998473119463	112
0.088760753761416	0.179999888783544	12
0.036397612529843	0.272010739903005	12
-0.110232524177917	0.612514615610328	12
0.043402626999282	0.397522252296804	12
-0.082373693937902	0.673631168135261	12
0.094991235314398	0.212637742601237	12
0.068381870592643	0.26699613722408	12
-0.113385999131844	0.541571253215509	12
0.043000896967323	0.315242941525093	12
0.036367275385532	0.283721662613467	104
-0.100693802089001	0.577244629831605	104
-0.112592618975248	0.539949862798898	104
0.00474185760534401	0.387135998941254	12
-0.013580757867931	0.403991009596668	12
-0.0402611751109	0.460602070606099	12
0.03853111965976	0.280187590497195	12
-0.045901886303917	0.499634328205429	12
0.110440619267756	0.148291312967238	12
-0.05778705550032	0.246928273264305	35
0.044521784225316	0.322222616946857	9
0.045832609637217	0.216030645507357	148
-0.050917487767443	0.592175569114214	9
-0.051805011997409	0.334151498233582	9
-0.068299476839872	0.405058618924384	9
0.003520600057386	0.273369188999404	319
0.001988404905158	0.275483475766284	9
0.070267615136082	0.209973319867776	9
0.095757529781071	0.272657904350584	9
0.102735308324852	0.215551935475608	9
0.00840652163483399	0.392253045711748	9
-0.076322134441835	0.584162235027822	9
0.021622966398453	0.241161529921093	9
0.102724316811934	0.172569830490654	9
-0.094477760723634	0.438400339183632	9
0.067482138330228	0.708269338048932	86
0.051771738516895	0.389296626586973	307
-0.113335256737243	1.24624809011609	307
0.028016489169294	0.512558241488485	307
-0.00776816105573203	0.785577911133226	114
-0.114482145227738	1.12849253212472	114
-0.013811244079553	0.895015440846007	114
-0.07117756812752	0.444100488947328	107
-0.051408627280488	0.114196567167764	71
-0.010833506523452	0.211275303653512	327
0.010834346244549	0.162020529098644	51
0.100559619813597	0.123710565590542	51
-0.028964961814067	0.384962328352822	12
0.086140483184392	0.200240586593331	12
0.030280243930892	0.179445375529512	112
0.052244056522043	0.241563963797474	12
-0.113156080289136	0.541101134269363	12
-0.025157030082731	0.394785222748186	12
-0.00788014447023699	0.369732039373917	12
0.048362922661611	0.224610498449725	12
0.00743787990845801	0.347731599756744	12
-0.059794633430422	0.523478837739515	12
-0.103311439729611	0.702138689667596	81
0.079713554852901	0.272594444035574	81
0.024651541400419	0.322320857560357	104
-0.035609040655594	0.378831366045455	104
-0.121474603379448	0.572867626027392	104
0.042505876440304	0.316160083606132	104
0.093548434385728	0.222013117548683	104
0.101519105135121	0.181489284298498	104
-0.04983803357232	0.414400182406023	104
0.088163822916676	0.245058286284686	12
0.021247626078873	0.370673326111123	12
-0.031954013794467	0.499623896741884	12
0.083622546232466	0.212100961734638	12
-0.117063816887937	0.6424470797648	12
-0.062156749267177	0.290444336554659	35
-0.050597697386102	0.200136624431954	35
0.070421218710628	0.237422208545219	9
-0.048457176890927	0.459582753870155	9
0.08035753589181	0.233419223365597	9
0.092135249533982	0.158722193094369	148
-0.034098219766831	0.464187766525874	9
0.091633980860515	0.232205491821331	9
0.099015553990612	0.240930440747448	9
0.08394667835406	0.211626946613239	9
0.01662417953133	0.233018695590884	56
0.121872925949932	0.114609044228805	56
0.016310504677435	0.233370763696649	56
0.00338890232977301	0.273597618394626	56
0.030115836004843	0.256753191898298	56
-0.105323018436929	0.672688915836338	9
0.013397819457951	0.288904666574227	9
-0.007639084296652	0.314348717637506	9
0.041772508473377	0.317527331659281	9
0.100865596850697	0.500076654547298	86
-0.026127579167076	0.577821669909998	307
-0.028336937045669	0.868980819183333	307
0.123285305182669	0.267035532659532	307
0.083747821299846	0.375094675708441	114
0.118251525316313	0.321664930076215	114
-0.010716133174432	0.211161839692302	71
-0.030946985730253	0.388397145020692	12
0.069506808730665	0.220589549598148	12
0.051660303503341	0.253071548366764	12
-0.029054473513179	0.385108149101064	12
0.044478588615366	0.341548429127536	12
0.054583108770075	0.278557301700128	12
-0.11815376338392	0.645184683798824	12
0.093493587780947	0.222108185277904	12
0.00832529079146799	0.281896533623016	12
-0.03166167864396	0.343766767026692	12
0.087419046068257	0.181687071428381	12
-0.105997789596756	0.793090696553401	81
0.000500440306099997	0.475016928344954	81
0.05082902820184	0.254285858111296	104
0.106253718082742	0.167746694454134	104
0.053343805539532	0.23986878535616	104
0.014010833618909	0.361384233316941	104
-0.115280449093297	0.638125280159796	12
0.01854786396123	0.364566979575697	12
-0.028964961814067	0.384962328352822	12
-0.062638211573009	0.480461272344509	12
0.024080891084406	0.311153749816213	12
0.079364849781279	0.243019679539296	12
-0.090868828708987	0.506799472310377	12
0.066041775035768	0.15151917740734	35
0.063471116970056	0.113640626783262	35
0.011265128253768	0.161662180062301	35
-0.081240386131466	0.365828097103509	148
-0.119153716925462	0.608211446080213	9
-0.062961397538726	0.449599707065301	9
0.110365728275598	0.148382095732188	148
0.099549462526828	0.124674789504222	148
0.010026930845413	0.401035963815912	9
-0.10196183753561	0.580070351634638	9
0.080375072886451	0.241222220492676	9
0.123459515253206	0.16687333970635	9
-0.032571862729552	0.501351684363134	9
-0.091109589562334	0.577924634581344	9
-0.027760228622241	0.205798917976398	319
0.09366115181186	0.148395071249391	56
0.01693791975354	0.232636150487787	56
0.036532297886557	0.188160473347938	56
0.086241512272304	0.191773301328717	56
0.109097406906859	0.149907856108003	9
0.115278755167549	0.225468417072922	9
0.05689244382375	0.310920607799369	9
0.109240249362455	0.22395630010762	9
-0.075348152218646	0.550715165954626	9
0.081587241581973	0.633239018866043	86
0.00753741338359501	0.801912779071318	86
0.114854506757344	0.258436114545935	307
0.068160225737386	0.275767746910209	307
-0.096517789086286	0.849184990969187	307
0.12311537867017	0.212026624550402	307
0.054775362833526	0.475802050929376	114
0.103057507497925	0.112212543116119	107
-0.050955997008493	0.114002992802927	78
-0.050738469574243	0.200209218201488	51
-0.013857291294276	0.306994947529918	51
0.067924149596224	0.161370295311434	1
0.017206657570974	0.296759952607769	12
-0.062883373509872	0.291237332381514	1
-0.007639084296652	0.314348717637506	1
0.053968264347145	0.289191476667266	12
0.00108032411838199	0.473557191034616	12
0.067724467428777	0.292845979268622	12
-0.053801293665789	0.451821011511759	12
0.047819811101772	0.34413262547858	81
0.053374131655266	0.26073052197027	104
-0.106784543027185	0.473949271859141	104
-0.068372154983831	0.405190328453296	104
0.116377206347924	0.163269937225032	104
-0.069229288675364	0.440557889858121	104
0.115041144613681	0.165123308801352	12
0.038476021824156	0.302494962662001	12
-0.061402718937826	0.446913318398664	12
-0.100359728981415	0.36675076737516	35
0.00906791298287599	0.226389372174321	35
-0.121938809535006	0.242016796759973	35
0.065702753225099	0.139375634354003	148
0.111689628023372	0.176225042498307	9
-0.023893569320963	0.303689568463375	148
-0.010135263127889	0.447352752820832	9
-0.017895981872412	0.397154772016275	9
0.050778535787939	0.23273843824144	9
0.121929066663943	0.114556658795301	319
0.050774680357888	0.232713298519776	9
0.114057925623638	0.136897473788906	56
0.022331983246502	0.170434729765056	56
-0.070059097230463	0.58780341928893	9
0.022119593217447	0.380057490256222	9
0.098647959498185	0.192804995642457	9
0.071756889198475	0.424139418606198	86
-0.114145938672636	0.795877545171528	307
0.113409011257545	0.205099904774647	307
0.100794825429424	0.281516867999358	307
-0.039064582226451	0.592371471481317	307
0.084239330537702	0.385284336543832	114
0.061629642638437	0.383796047004676	114
-0.120241500547391	0.950200237986487	114
-0.014198100010164	0.819812792588513	114
-0.121971969984206	0.574049945395097	107
0.062679736186913	0.128711059188858	71
0.048362922661611	0.224610498449725	52
-0.058183902117578	0.247411086973662	327
0.062836975916794	0.128572817165903	1
-0.080590886176117	0.189793828809921	112
0.00116388210368601	0.147482087793726	112
0.00943565023019799	0.225995069950365	1
0.12368069735506	0.184223287917155	12
-0.101476721997139	0.541839713221398	12
0.106539197281437	0.160351263878482	12
0.033740645108251	0.276064926160474	104
-0.012692706921103	0.30523493447364	104
0.016680783095364	0.232940461404607	104
-0.065351496029064	0.330907662058544	104
0.09461505568995	0.147362264134874	104
0.068620456331851	0.221850515139004	104
-0.00276264101901502	0.322304080832349	104
-0.118578577095224	0.607068469833375	104
-0.094776313184434	0.438836147433731	104
-0.082133955307834	0.328427036751017	104
-0.079881203041323	0.43734091147085	104
0.092135249533982	0.158722193094369	104
-0.080590886176117	0.189793828809921	35
0.030934572899046	0.255553575722403	148
0.112523317565323	0.138630091672248	148
-0.03061651223014	0.34212767734761	148
0.088088293217437	0.180868576166601	9
0.027520807972006	0.328887958952144	9
-0.082456436809823	0.546035739491141	9
0.051750110973334	0.252940896992419	9
0.123825064619666	0.141095275252653	9
0.116876884599248	0.162498993200256	9
0.106978707644024	0.159797187787724	9
0.000169043836038996	0.21909331377389	319
0.1143634202176	0.136540184445386	9
0.061975799371008	0.129233448667756	56
-0.122720620210223	0.242680985048687	56
0.063860515934769	0.113377323003526	56
0.065557677608321	0.139497515661822	56
0.010429301738318	0.224865754034213	56
0.06734848975686	0.161949120067753	56
-0.02404712118721	0.392839022391243	9
0.068610351585066	0.231259762364085	9
0.00802659892113999	0.282323117963076	9
-0.064925191335889	0.330357791539731	9
0.09485919615641	0.14699875837609	9
-0.08101198516854	0.439420431321651	9
-0.065639303014696	1.67433087699867	86
0.098831923113085	0.492173948703777	86
0.016813149757662	0.810606873155262	86
0.095900791167062	0.415642653174397	114
-0.072514666722584	1.01745061744388	114
0.068217232689174	0.28381326114909	107
0.029816228214645	0.257161535226848	107
0.115654036304429	0.0836179024880272	71
0.021935636454999	0.17082293741555	51
0.030513433636827	0.179280259716492	51
-0.102661495314775	0.506040604871488	12
0.067606595144841	0.161686034607768	1
0.098623142020953	0.125508646778372	1
-0.043360606738155	0.421208656649763	12
0.091982048035778	0.158900772454496	1
0.054230156380765	0.269372689768541	12
-0.120891063181534	0.70408022859813	12
0.105340253657259	0.161850331307979	12
0.046486275307041	0.327939722512834	12
-0.093392520845118	0.511941174967873	12
0.054306321581855	0.297934050605605	12
0.081534049420829	0.231509220608949	12
0.014736199279339	0.360024201441961	12
0.013343198386632	0.35011517098832	104
-0.031321842060944	0.432550431623403	12
0.092918834986625	0.215954346539162	12
-0.052656894017727	0.449646118216871	104
-0.010494492546857	0.359340348227044	104
-0.0415167497319	0.417808578176651	104
0.051421352128102	0.242772178833844	12
0.066483966298568	0.151097831921735	35
0.115834279151046	0.127809397004881	148
-0.093896075260279	0.475720774804399	148
-0.049413531854561	0.413615637299918	9
-0.093375165612297	0.547988013265076	9
-0.12160311698312	0.573240538586496	9
0.032145401034831	0.352852482564851	9
0.078873578655261	0.259288449030277	9
-0.014199458525842	0.405168700813686	9
0.109246422524969	0.149734211904041	9
0.088457306865211	0.180380802316047	56
0.06660495554814	0.151006922138021	56
0.03682630425371	0.283000819363501	9
-0.10230457009075	0.505397943627782	9
-0.102012994055945	0.698455541919117	9
0.068610703651311	0.20241363708382	9
-0.029749391117766	0.429477060769278	9
0.098920696454151	0.574496744114483	86
0.044582370391364	0.909760467444462	86
-0.018496468109576	1.16812466967293	114
0.071724786978712	0.463647182055361	114
-0.03225382882715	0.749534355818702	114
0.015637290671225	0.782685064064489	114
-0.020274195807676	1.0527447737718	114
-0.082573616804051	0.477744757767585	229
-0.11988020250829	0.877245504672525	170
0.016510722537579	0.233138032986225	107
-0.080275869226183	0.189581502774135	312
-0.011438033271964	0.211848280481976	107
-0.053026418838357	0.450384488755085	52
0.069727783420066	0.190909651257217	327
-0.011103929059901	0.360420838738459	12
0.043681707159397	0.206508412097398	12
0.069069867192013	0.230560719815119	12
0.00342244408842399	0.326977365549413	12
-0.058791320106862	0.521237774368267	12
0.049109248984772	0.223628622817492	12
0.068459747316119	0.275184100058914	12
-0.097521198294303	0.820424822332052	12
0.079459507370654	0.287884045827824	12
0.07940838105808	0.25073972044749	12
-0.023607694786639	0.471823169178387	12
-0.123710940731968	0.673026966744779	12
0.069575304130559	0.191103700950382	12
0.107610230553357	0.19504355786115	12
-0.00417697511680598	0.494260405947172	12
-0.00658805941851098	0.418161175444829	12
0.077876792044171	0.261076558047926	12
0.04681883564909	0.214783804743214	104
0.092222805059046	0.158600958882583	104
-0.00565882474381102	0.416224665156069	104
-0.069977043463453	0.647118633010172	12
0.118643294255933	0.179865692132793	12
-0.083151749510717	0.547525221331037	12
-0.072956193358015	0.480908169968005	9
-0.075128062030771	0.518106482126641	9
-0.106489999481951	0.473325416461083	9
0.086281309331179	0.200027159075961	9
-0.083096137276376	0.675539125154499	9
0.118650422254574	0.153953900879279	9
0.017337339845607	0.296443538388713	9
0.009108726056588	0.34486625971013	9
0.038398667468276	0.291686963046668	9
0.019594105149154	0.41488090910216	9
-0.115288299877239	0.402929912424602	9
0.090056415947454	0.234870661369443	9
-0.111514713923259	0.823724461302844	9
-0.091956296989261	0.613789417762275	9
0.087715705190638	0.181335521700882	9
-0.072359051388072	0.479762120065268	9
0.057896233332588	0.841683816757569	86
0.100017690214006	0.514464530487616	114
0.04219683496926	0.628809339605943	114
0.099081283882369	0.402260993002952	114
-0.02483611718651	0.957042630461707	114
-0.085048828981604	1.44468906682225	114
0.11758787621016	0.393507635098138	114
0.11819615350734	0.180577439433348	52
0.080807991954893	0.255726811321117	12
-0.045456741564339	0.376522000162783	12
0.027993734730877	0.389281922443851	12
0.050356954165151	0.347838318931905	12
0.00661604859607301	0.396005921313001	12
0.120905792054292	0.19404119478951	12
-0.115271623009436	0.675690783133616	12
-0.10528668992989	0.328859289280446	104
-0.096357861009281	0.401785421332933	104
-0.000899956552676995	0.465721798379745	104
0.116455317875203	0.188950373363774	104
0.00297632331821299	0.327813997021783	104
-0.08128766190782	0.403107048000681	104
0.023256173574388	0.377669363027378	12
0.042508923063312	0.305894445916163	12
-0.00108564352254797	0.419733417651779	12
-0.070858558489167	0.443520421617249	148
-0.068482436350891	0.370288249924928	148
0.049163412914815	0.245883968366147	148
-0.117846504615407	0.64449597693106	9
0.019671540928169	0.305944027063833	9
0.028695143625789	0.32665166386262	9
-0.070059097230463	0.58780341928893	9
0.068255209883951	0.182438278429966	9
-0.093537769659618	0.474965710291953	9
-0.00667047498868101	0.312831265777648	9
-0.044339715974547	0.374672761030733	9
0.091205567427786	0.225936500957292	9
-0.015033905868224	0.406871046322534	9
-0.00726666914925001	0.313777592160643	9
0.104950589490158	0.211685731224193	9
-0.00656980801953	0.418176103594709	9
0.03103025946796	0.333478885698637	9
0.034835944782306	0.262349908378026	9
-0.119581211303772	1.5892255899528	114
0.024435721082332	0.729113458773417	114
0.076692876923219	0.486261303840104	114
0.012374257158594	0.762125451446542	114
0.091180059253686	0.430389965087557	114
-0.024401228043566	0.473713515321728	52
0.005382772284273	0.385801977244352	12
-0.040180732552136	0.415145994075831	12
0.055363189700873	0.277157066533443	12
-0.000448380829868977	0.384114519342222	12
0.00755510042815799	0.394015097385531	12
0.040569130919865	0.37541864340127	12
0.119684276186106	0.206487068243926	12
-0.00225111775108	0.455836201194707	12
-0.071539641918666	0.65140987686344	12
0.096547620821699	0.258437884039919	12
-0.020494438067953	0.441661213935799	12
-0.093780959421064	0.73034446798547	12
-0.081406854114793	0.475656212896002	12
0.02413066864191	0.386868961769688	12
-0.041752339572289	0.600233609511728	12
0.046250071801434	0.215547727021046	104
-0.081317830897514	0.475474909578606	104
-0.091339401509698	0.543633694702077	12
-0.080562445109367	0.402015828086812	148
0.103653349441209	0.207753333875457	9
-0.07417545909598	0.578797133846156	9
0.036807211132688	0.271378167042327	9
0.066154359470427	0.27095891505625	9
0.00977368026092801	0.343588972467164	9
0.080372782295017	0.256538275097028	9
-0.058763619762905	0.521113345312691	9
-0.025690675912174	0.395718615143606	9
0.067513149106306	0.259964285989953	9
0.039342342718857	0.301024319556911	9
-0.006000914487508	0.311734955793388	9
-0.065682685510623	0.486685123792779	9
-0.00237695885578898	0.321736128888809	56
-0.082758753402239	0.329187789000794	56
-0.116217584218272	0.505939142112592	9
0.097003369090373	0.202299767648411	9
0.103682519142443	0.213916727642905	9
0.107355567354235	0.195441370380272	9
-0.055535743680448	0.372374669334684	9
0.080042725445059	0.264556518682879	9
0.024785946418936	0.322086850452679	9
0.113925224443968	0.1370462215182	9
0.066977686042728	0.816020797464928	86
0.04489836295517	0.777040941548312	86
0.103949980636702	0.331546159147493	114
-0.035740282400329	1.12764768774551	114
-0.010800236515505	0.211185387149644	1
-0.109252236714977	0.610218932920859	12
-0.060572940367517	0.445331927233385	12
-0.074253606073589	0.578991735860963	12
0.085419560437078	0.209411912360828	12
0.066906496595247	0.243052699827058	12
0.067888613865417	0.276256384439432	12
0.010958835830054	0.354519589348946	12
0.092563318116984	0.230571451917646	12
0.019951891764351	0.305503689393857	12
-0.117092712189584	0.642682827945631	12
-0.116814184421412	0.642030956891967	104
0.115827733545661	0.164052531102893	104
-0.092701225906875	0.473597274144692	12
0.106738489936239	0.160075001422715	12
-0.083251456839221	0.288014817032554	148
0.06534793836587	0.139683302062533	148
0.047452808071643	0.214024477959364	148
0.114401356523629	0.166019476090916	9
0.043154725947049	0.314862139215038	9
-0.076616280820287	0.615523037648568	9
-0.096318749390844	0.401800949491854	9
0.054017096401571	0.279515246161675	9
0.094125846648242	0.214057060040075	9
-0.108474367920392	0.729563366759777	9
-0.066951968344952	0.520164124359068	9
-0.046594059799023	0.456035192457436	9
0.068816870792379	0.221582801239885	9
-0.080710128345519	0.508569621285941	9
-0.003891279016355	0.267352841422731	9
0.069069867192013	0.230560719815119	9
-0.035942178687135	0.534271004574418	9
0.052893299852502	0.271586734016886	9
-0.016132711713307	0.353233726451507	9
0.111859412179034	0.176000964218569	9
0.069731823358137	0.200894164796797	9
-0.027219801181902	0.424090117995825	9
0.096841248378509	0.202644387038082	9
0.046772552662637	0.903020263222697	86
0.001977010867805	1.28845928911815	86
0.072733705529555	0.677472827526306	86
0.034989611717	0.813350275132368	86
0.050398382124931	0.608971114917955	114
0.00499685527666599	0.679614617856365	114
0.117399642769997	0.358160146015796	114
0.031597180434141	0.681923363586292	114
0.030215782081903	0.631666932234301	114
0.068750177983312	0.212076378117694	107
-0.083043696201395	0.547384934271777	52
0.064373516255362	0.113021827490398	78
0.107150451913188	0.0993673401350934	51
-0.106051056485303	0.329642124197296	1
0.082379720164886	0.222149659982175	12
0.069279024450924	0.220920387571777	12
0.09103725186733	0.246820702670159	12
-0.107790412884412	0.643531703235548	12
0.055025968868973	0.287312181986196	12
0.082710251564937	0.229546040754647	12
0.108959880228352	0.218725969546345	12
-0.024417092574528	0.39350141855081	12
-0.115193380515226	0.675371862613239	12
-0.049296140022397	0.534034525038979	12
0.114299558491874	0.172317176616576	12
-0.076351328719665	0.552908237032917	12
0.104040599513488	0.21328403220138	12
0.094542733955361	0.213363172780922	12
0.080761279069399	0.240657056002359	12
0.09402431034572	0.221180745469475	12
0.112491285491172	0.175017586873665	104
-0.106928891720891	0.641418449338491	104
-0.022391292411428	0.346924995660597	104
0.102889189177215	0.215311028967375	104
0.069441727986069	0.220669813829363	104
-0.00831028927848399	0.407786641449305	104
0.013984323152617	0.288017024915805	104
0.022544276270956	0.367828653951179	12
-0.037963166273491	0.250568182131032	148
0.102738688390849	0.112479172528088	148
-0.08088645725007	0.402465129983331	148
-0.101822734455765	0.579763693432402	9
-0.109730209633359	0.611370535781662	9
0.022467699732956	0.313906543549694	9
-0.001567376625488	0.320395317934937	9
0.015153631836912	0.359202118562923	9
0.098678411374793	0.199713819362843	9
0.122006371930064	0.169112325961922	9
0.043095295192647	0.304771055960236	9
-0.071851686627546	0.478769682620921	9
0.107285146337059	0.159398239905311	9
0.070451944270672	0.189986910347695	9
0.067533417505687	0.251120927645639	9
-0.050693738495162	0.332593828678458	56
0.090829390768857	0.168842413305441	9
-0.082342137925013	0.328688534658988	9
0.053914461717198	0.259894102094647	9
0.007802588326105	0.282631381038577	9
0.029135308104784	0.33719879877001	9
0.068930103814743	0.230766026724191	9
-0.013078442564835	0.402939087913927	9
0.012477487281375	0.351727950103228	9
0.107658120631742	0.158913254133132	9
0.105246340714928	0.161968676639776	9
0.048512219670073	0.224408788763281	9
-0.082384395121919	0.512194616024916	9
0.091411806614959	0.2394078393012	9
0.109547664089585	0.18576243211579	9
-0.02972234516989	0.340801283151432	9
0.041597833740954	0.885490186848439	86
0.059981746369542	0.588337474844597	86
0.080827428900925	0.482635585684263	86
0.118450147788197	0.430361281275578	86
0.018488454934673	0.884828725959065	114
-0.018585771313953	0.765172646114128	114
0.036335837598698	0.632604494164574	114
0.124105686613157	0.313552200926557	114
-0.0516598593167	0.114296718545794	139
-0.109623644860555	0.437197700613792	327
-0.030544158860057	0.341999911532519	51
-0.103350320373604	0.507468493024052	12
-0.047499516657405	0.457881537825794	12
0.055224229859775	0.277414003141415	12
0.053412718411232	0.250398430649633	12
-0.00680847109938698	0.36783799465071	12
0.101708858649414	0.181195228168622	12
0.069725072025857	0.280883152728292	12
-0.060879128833239	0.525930244264726	12
0.092436000240266	0.230784027360276	12
-0.030198562839177	0.430403438592729	12
-0.025499991737778	0.514617810199568	12
0.066636438388733	0.29502095127616	12
-0.047363865811907	0.529672702800077	12
-0.003174718018991	0.375520448759076	12
0.124409022788684	0.183022421377711	12
0.11847406975224	0.180146083776348	12
0.028604887317454	0.338225895318401	12
0.069773555263459	0.180600630195047	104
0.111901168885302	0.207731529513418	12
-0.090669211500228	0.610577855788034	12
0.071069196597988	0.218258513718846	12
-0.107008528013729	0.474317716694191	148
-0.00447541350043601	0.268110650416896	148
0.00929505421607099	0.280502707568373	148
-0.053531058636126	0.45135555411453	148
-0.00593533112848999	0.366205889523492	9
-0.091724802541457	0.508557614444882	9
-0.022244829597367	0.346691531419462	9
0.106685705478208	0.1601700550177	9
0.105420272268178	0.161736548355562	9
-0.109908575260964	0.437632199170623	56
-0.054938587719594	0.371461008352297	56
-0.0467981236091	0.378563612795454	9
0.106405823931007	0.196972568485215	9
0.019340266939552	0.306367886880242	9
0.033107522354179	0.264966809854744	9
0.029161583790266	0.33714199087895	9
-0.053082495121238	0.525902729401417	9
-0.034823828147155	0.422729029803111	9
-0.050566517225314	0.492547916201481	9
0.00877288633506801	0.281248112841102	9
0.025655182979088	0.320520217645616	9
-0.03627198026408	0.379983012812422	9
-0.103432246288505	0.507601626528372	9
0.108839078114991	0.542306173869141	86
0.122042390642254	0.326586362178133	114
0.083632008383555	0.428160674518556	114
-0.042202023103932	1.13543223593844	114
0.082655173795733	0.515363269681368	114
0.055672847285981	0.276602952049472	69
0.069639633699763	0.180835890511397	51
-0.00459082796134802	0.268247945232053	1
-0.010917631942702	0.211352694019984	1
-0.09405554132283	0.475926746734046	12
0.091150851678359	0.226022337000446	12
-0.015405887361958	0.407380194648807	12
0.102209416919497	0.180496750019449	12
0.123010619694555	0.167573748879429	12
0.029943792468949	0.335627391167832	12
0.10285980958166	0.179541987971426	12
-0.046568067303417	0.455994461141632	12
-0.034627874642439	0.465351508295367	12
0.017182549158424	0.36731057985417	12
0.094766991136637	0.213001546230935	12
-0.022904059535719	0.470163540817929	12
-0.083559339776644	0.613502643925488	12
-0.076936933271248	0.554169385367051	12
-0.028559624283211	0.507144099716869	12
0.068595329975138	0.266606246302663	12
-0.082837922400819	0.579665043967005	12
-0.069891486122711	0.441788585196487	104
-0.06660004330558	0.367665390481428	104
-0.057530967320982	0.40805211775306	104
0.11999778412253	0.152170723676204	104
-0.081197165330452	0.365744649963827	148
-0.063328924900821	0.291718901564022	148
0.092637912826175	0.158138478883178	148
0.070232892736636	0.190271194288064	148
-0.102131265755634	0.543323743332075	148
0.070038677890011	0.229066421893511	9
-0.014051490489205	0.404892990935505	9
0.068965172429362	0.257394123676942	9
-0.00384638484850802	0.376719280459732	9
0.103627114083643	0.171387778941241	9
-0.09260874822405	0.473366777263776	9
0.035050323124638	0.274133497428329	9
-0.109839116511915	0.611565978625924	9
-0.083182802008385	0.547694505534886	9
0.052389763658346	0.251948001342007	9
-0.037188052579728	0.381518441952198	9
-0.105125595228806	0.328681805835128	56
-0.054192086490553	0.370246477679461	9
-0.091453152618299	0.470883850372878	9
0.056067932515444	0.275859539065903	9
0.12022866910921	0.151858935127859	9
0.069689496483022	0.238627221066642	9
-0.037639366747631	0.382235938214133	9
0.10519467600465	0.521911607022904	86
0.109136025397618	0.417434026474216	86
-0.045204842389181	0.975471770767437	114
0.05900076001466	0.493058338027193	114
-0.00488051723517602	0.691756244206819	114
0.017220058975991	0.23219184634483	107
0.066483966298568	0.151097831921735	51
0.105216910480755	0.205170854569205	12
-0.119949927549739	0.61015527970912	12
-0.024385495571554	0.256597712791512	1
0.022253721057872	0.368501704008863	12
-0.034237756399689	0.464242575687011	12
-0.0550074241899	0.530176520002747	59
0.052491636072237	0.251822215030553	12
-0.099770823858569	0.645635475199026	12
0.055099779847039	0.296474060303736	12
0.104721307229863	0.206002207806704	12
-0.118517075746379	0.606854034554543	12
-0.117025587675303	0.730715890429428	12
-0.064123742306153	0.620251440216471	12
-0.100319577089334	0.612283680844601	12
-0.084334212592706	0.550126573862619	12
0.010114552300568	0.343078177656629	104
0.000332730751216009	0.429542807561911	104
-0.117205239946522	0.642936034411098	12
-0.09936203818179	0.574085183156155	12
0.044991911243643	0.204977539444747	148
-0.115602167461564	0.403378433967822	148
0.102983282645643	0.11225783260001	148
0.046795910188112	0.214840170672615	148
-0.069491192461296	0.407043222980403	148
0.01315656729309	0.406214259788497	9
0.054689119342756	0.287838161590354	9
0.039877866289699	0.300074544040624	9
-0.00446678403231499	0.363391068786064	9
-0.015931226787957	0.408574985395908	9
0.00212298819753801	0.379071931132189	9
-0.00407903212907101	0.377149463951148	9
-0.011368091327898	0.450211599705775	9
-0.015206474750625	0.351658418277681	9
0.040373459581996	0.197669244378114	56
0.091269640212299	0.168300169181596	9
0.053693874367804	0.249952281974726	9
-0.104654277044899	0.705777451825249	74
0.051648157957655	0.253035815335352	9
-0.083383580400544	0.514170558810196	9
-0.115495123720854	0.676317117919298	9
-0.124016841787969	0.673864601409161	9
0.083203681983675	0.670022710031636	86
-0.029608065530662	0.84400949470803	114
0.087277396772459	0.378673821078347	114
-0.052156638806156	0.334533522487658	229
0.067971724967663	0.250331421835696	107
-0.039246858385088	0.336142205341729	107
-0.08261843135292	0.512682394157813	12
0.062679736186913	0.128711059188858	1
0.106446312076743	0.23509310404802	59
0.079671255739961	0.29471028701057	59
-0.00148563145624703	0.466979514694476	12
-0.040237495504147	0.460499036512253	12
-0.028232131722124	0.54539118642189	12
0.078466879838208	0.282499657647425	12
-0.106114879003492	0.472801644225508	12
-0.036523760955911	0.425794589558061	12
-0.072498258155716	0.480013447539342	12
0.112163791836693	0.175542219372257	12
-0.015524036903919	0.481812142230839	12
-0.08101198516854	0.439420431321651	104
0.025646258056675	0.320450271619833	104
0.067544292527272	0.2599054362472	104
0.119535985150779	0.152788505468431	104
0.069972374282209	0.219858249280921	104
0.043717700955923	0.313840220104865	12
-0.081824069285235	0.366654954935567	148
-0.113454156075754	0.289197208331101	148
-0.042852502365353	0.420299273772757	9
0.112207489066753	0.207252399583157	9
-0.066883979440834	0.368117269312641	9
0.00598738430804799	0.336824914902712	9
-0.123738118420828	0.673173593839001	9
0.047024882605763	0.34575305277165	9
0.067374146378997	0.260207134343812	9
0.069027125587687	0.25728265029416	9
0.034171467912955	0.263393211691117	9
-0.112630586194804	0.539877523845101	9
0.077703924511254	0.268962326095825	74
-0.068969734634969	0.406213917416439	9
0.069589015954772	0.210935887683486	9
-0.061006964565205	0.555036078335798	9
-0.065997788738428	0.518418908424395	9
-0.099055012021977	0.643860895192968	9
0.087010948073134	0.754937888291431	129
0.063530952655873	0.627444330744915	86
0.097340060443429	0.468119279513049	86
-0.040265977100021	1.20158781571288	114
-0.00119033350111403	0.950458581565875	114
0.057382933267646	0.623840509057834	114
-0.090765669902893	1.59794945229784	114
0.059553149071258	0.619302411565096	114
0.076828210067455	0.0708505061620851	139
0.115654036304429	0.0836179024880272	71
-0.068076896963085	0.641300905472986	52
0.069403642017607	0.19127797894623	51
0.03970604405824	0.300389139304886	12
0.044136802484991	0.20599449950313	1
-0.040051673779557	0.502924052285062	12
0.121994929051002	0.169080194630201	12
-0.069275497255686	0.556101299642544	12
0.036835099330796	0.363528627207295	12
0.11243756694767	0.138733489976493	12
0.091429340952661	0.232574714975767	12
0.114909214492523	0.165324833770957	12
0.109582071659614	0.228913867801154	59
0.068314599607283	0.27546895868404	12
-0.028733551328736	0.546671144730901	59
-0.108845755310716	0.646044491911353	12
-0.00258362276422702	0.423017425921144	12
0.000852557898901013	0.428332986026437	12
0.037145953106884	0.282489046328802	12
-0.01544259282621	0.517931981131802	59
0.013431928455866	0.405575082048892	12
0.096017202150155	0.265863550749714	12
0.101817472457267	0.279115768120979	12
-0.101365537117857	0.731323932581526	12
-0.110346704731053	0.438279560099746	104
0.00958540996702201	0.225769506009175	104
0.025649064786261	0.24963259225069	104
-0.054341569942362	0.370512073090354	104
0.022754854700899	0.239740338199436	104
0.090863941325235	0.168754075694831	104
0.06807957183138	0.316419607282086	12
-0.036219696182545	0.379853429944242	104
-0.044186325123733	0.374352852085839	104
0.047059426730509	0.214536889564781	104
0.013158579152272	0.289265563255809	104
0.03193277116507	0.353272320545563	12
0.078099056423236	0.260685046858341	12
0.067666277707797	0.276694067728168	9
-0.054988263371619	0.558070098323874	125
0.122006371930064	0.169112325961922	9
0.022503150382144	0.313873598051561	9
0.054249204807709	0.259336481750076	9
0.024821741828486	0.322009585166936	9
0.046259957238912	0.328396015932966	9
-0.116058766535073	0.505675027066272	9
-0.009481289308434	0.410282966580625	9
0.098912234455727	0.192375948666967	9
0.113681062311924	0.199132254833053	74
0.11618203049885	0.18936640094776	74
-0.082582398046408	0.512607810981664	74
0.00761291047382401	0.393957813657694	74
0.026428254923011	0.381676416603721	9
0.041720432156168	0.317627690053313	9
0.0701742947424	0.210113720980371	9
0.001593253214905	0.330045410891488	9
0.11886225974999	0.427202258280851	86
0.048142298684784	0.593387642238256	114
0.073050950906338	0.476257797340075	114
-0.065071258557927	1.05001125931898	114
-0.0198650503055	0.96617576938563	114
-0.077442128129164	0.586733129766141	229
0.030925030849039	0.460179832254338	170
-0.080495684330852	0.401916260154775	107
-0.021993449480125	0.134278402059596	312
0.076681667763743	0.0708869259391728	139
0.068526905690769	0.266720884350235	52
-0.00282860320595402	0.322437453384292	327
0.068411976037036	0.240718248997309	12
0.12012698234765	0.200615856710659	12
-0.035209586262335	0.532311705093028	12
-0.108071156959099	0.644248390249868	12
0.015938247752616	0.357662546997315	12
-0.035813284940918	0.599065685684496	59
-0.105446592236646	0.825746891025912	59
-0.090105669038378	0.67466864357402	12
-0.018694339741612	0.398636850883115	12
-0.046582705746326	0.378227674543885	12
0.091429340952661	0.232574714975767	12
0.089850560253825	0.170050212043822	104
0.113930858581765	0.172868295161526	104
-0.022406584544907	0.301715886354228	12
-0.08153166179699	0.440318549669671	12
0.030946328806459	0.333653413086022	125
0.078629559682864	0.26725083227866	125
0.069086034337449	0.239613487576055	9
0.00403929499787001	0.325985253858879	9
0.083116950051704	0.212860628809767	9
0.013465945603018	0.405540003593295	9
0.116467383425579	0.163129970127522	9
0.038801510552439	0.279745069350107	9
0.069308447326673	0.230165517560171	9
-0.081984094412442	0.441086685877051	9
-0.00674489051863097	0.367700390224484	9
0.033719497072411	0.264085314448414	9
0.046890923679471	0.346091412725152	74
-0.00793848041624301	0.314817880879324	74
0.012798543158371	0.289791225665359	74
0.068834861539455	0.202128388238535	74
0.023467215088348	0.37722625711711	9
0.047782698797861	0.344006373500194	9
0.034818600376505	0.650091073761499	86
0.117843664980582	0.412680679976644	86
0.109193631262702	0.351934679561895	114
0.062254172879478	0.621936371996581	114
-0.015410583118914	0.824774580287573	114
0.094435517538133	0.213554931934274	229
0.074415516895943	0.377176598986653	170
-0.10025786931895	0.366644210347171	107
0.066726017760071	0.150887706726681	107
0.06308152404848	0.128390331364202	42
0.079827140873783	0.249956964561283	69
0.054273278541878	0.279107587895058	12
-0.09537407680291	0.70150908683632	12
-0.091333029377844	0.578460778866502	12
0.00775807306614701	0.393652822117121	12
-0.031571290390438	0.474452982416527	12
0.070353501336826	0.303621820423072	12
0.009909879233999	0.444671022942088	12
-0.092505412053003	0.581184538185632	59
-0.063555639882254	0.589832404830196	12
0.080247272225814	0.256745084297062	59
0.012054537313452	0.396583272396884	59
-0.067640767760487	0.581737190170151	12
0.070251368405669	0.200251436443036	12
-0.094701560951983	0.438718100126893	12
0.044018587646037	0.323230159816402	12
0.078594956885886	0.282220245570692	59
0.099416698417761	0.191639728547865	12
0.020106451814867	0.373028165103038	12
-0.02036182195103	0.478822850927859	12
0.093185613057023	0.157460355137275	104
-0.051844490028415	0.33419175662953	104
0.020852449263395	0.423157576993359	12
-0.041845187183114	0.418469013465289	12
0.06826519633268	0.222346692723641	12
0.104980745439023	0.169547169242129	9
0.033063122051875	0.350986198642838	9
0.036099396405485	0.272458038008248	9
-0.121242850814714	0.471735968135474	9
0.017417483210524	0.296362989072921	9
-0.068694664234405	0.554826358947368	9
-0.062883082621819	0.449545181875247	9
0.017526469585185	0.296227856378343	9
0.103416684038904	0.171668081325954	9
0.018028600973733	0.295453879818792	9
0.009325166577905	0.390284848646083	74
-0.012772650025527	0.261510435790044	74
0.067267373405213	0.204066107453315	9
0.122920292094298	0.142231980889281	9
0.084795586395623	0.787862367153827	129
0.081188195267048	0.800664872735265	129
0.05799770850896	0.834096061046125	86
0.097847524390144	0.406455814106944	114
0.093220260824629	0.373760179698643	114
0.063266803637182	0.555412056332212	114
0.05834523492778	0.501963932088259	114
0.108856736912611	0.439947998393518	114
0.112930378001702	0.174425583604458	107
0.000729795165336999	0.147789290806825	71
0.023916721850289	0.323585029147254	52
-0.028621295135493	0.206556098928513	12
-0.081880930730927	0.366743957020511	12
-0.023506369470459	0.391812648673748	12
0.119663053324394	0.152592448380094	12
-0.000225262066017973	0.417779007833458	12
-0.093532454679885	0.512187827870118	12
0.000527618705259997	0.429069323194331	12
-0.048106622283364	0.627846764382444	59
-0.00624086145996	0.366799441270482	12
-0.068381171902254	0.61305016319303	12
0.107219972603001	0.233580723197937	59
-0.112463233789182	0.57891291916032	12
0.069379199999831	0.273454586073648	59
-0.036864617841037	0.536587507660412	12
-0.084129213450937	0.614912185010675	12
0.09291274657895	0.229907557162743	12
0.032659004509069	0.351775898530476	12
-0.074492210610791	0.516693536552343	104
0.029888825357646	0.335687318043827	12
-0.011119197452014	0.211537302264436	148
0.050758685826455	0.243688176184322	9
-0.105745116925158	0.673767923143922	125
-0.049713052451215	0.414067366981928	9
0.00944121470367301	0.344239834894125	9
0.034715517869601	0.274636721553529	9
0.103809111193822	0.213704612841105	9
-0.031598707598319	0.389501002129899	9
-0.060853747932784	0.445856755310726	9
0.070068174754759	0.180323387597285	9
-0.00447541350043601	0.268110650416896	9
0.068093073318898	0.161099133856152	9
0.040216352258158	0.197839413779572	56
-0.110433272386787	0.438435777354833	56
0.00891727976200399	0.22650092900725	56
-0.0704217103463	0.442786899646011	9
0.067864765607272	0.250570561274777	9
0.055241357267837	0.305195183399065	74
0.118487757927749	0.208811473206963	74
0.089625547797684	0.249460217069062	74
-0.014307300497596	0.405455037082571	9
-0.076113217819983	0.614229645804389	9
0.09155304472207	0.39619973338278	114
0.062557098775707	0.520971431280057	114
-0.060648232209192	1.13003214959793	114
0.052006045418879	0.667773410608679	114
0.030160967356579	0.763778849971513	114
0.047530071844334	0.681139844567114	114
0.022435757116197	0.170385380231934	107
-0.023909061177602	0.256045494879463	69
-0.10560877145978	0.329164829810967	12
0.069443904580778	0.181060829509768	12
-0.02098129055271	0.480439077885334	12
-0.107121397399853	0.641649032078015	12
-0.091864159749067	0.579688253169739	12
-0.083940162384475	0.549364359705753	12
-0.072489849683189	0.479980009334182	12
0.104713613972151	0.20600679733382	12
0.021811791787503	0.380718298782166	12
-0.108105460869529	0.763926398802682	59
0.058560774605426	0.325052137545267	59
0.032860960711291	0.351421378891386	12
-0.061297639436794	0.555753826024527	12
0.00423918842825299	0.388169232803443	59
0.033654459504708	0.349765005367675	59
-0.107800444101706	0.606736037779573	12
0.069053491865515	0.290273288573156	12
0.094912656229179	0.20561157190603	12
-0.068372154983831	0.405190328453296	104
0.116945688828645	0.126668893840773	104
0.00640432674126801	0.336114265797449	12
-0.093206005903126	0.474441671900728	104
-0.080894134735853	0.474641611789288	104
0.042505876440304	0.316160083606132	12
-0.057229142583752	0.488594220808983	12
-0.042138337106055	0.464433071937544	12
-0.023368451889288	0.303037310781667	148
0.092419364312279	0.158395368108318	148
0.079666564963588	0.272690238208234	125
-0.072906959114406	0.480832147686616	9
-0.014168259108158	0.405175372228644	125
0.022034043212501	0.314657527648298	9
-0.084280857792625	0.583220774652921	9
0.10051923608698	0.225647197307246	9
0.066033314736117	0.234984137225325	9
-0.103481987282419	0.50765074605489	9
0.113905176657213	0.137071059804009	56
0.021791224167262	0.302413568340297	9
-0.101565734005832	0.766118081211477	74
-0.00338112875685498	0.458563731577693	74
0.026902367119668	0.329999698839891	9
0.083349297405782	0.212506433841502	9
0.042497414558959	0.316211311442674	74
0.029918407545892	0.858584337612069	86
0.092278680929561	0.413014110484356	114
0.094603630077541	0.402526230040653	114
-0.068326265638587	1.16675255596732	114
0.09697429632359	0.449405147947165	114
-0.069192341597181	1.33048816972255	114
-0.030333625438482	1.11446080634897	114
0.011106415890617	0.161807118362011	69
0.093464277897477	0.222148997770816	52
-0.11710918993802	0.507625459468262	327
0.036123964277434	0.188588824222948	12
0.002532745365664	0.274704852353309	12
0.094445479637197	0.147539347120239	12
-0.045119133923204	0.292665029678278	12
0.044638838006208	0.312026585246634	12
-0.083554606768117	0.514567417660842	12
0.029413509448807	0.336680508652546	12
-0.123654889499059	0.672948552379	59
-0.083352754609021	0.548066601527894	59
-0.082566883598721	0.579089278317507	59
0.030416315771223	0.334704119313295	12
0.1178032491703	0.186672371324963	12
0.06796313646259	0.267688214904288	12
0.021190639244694	0.370713125352049	12
0.069959709239012	0.272293466914087	59
0.079716348271529	0.265173027901252	12
0.04687762503799	0.33666386505761	12
0.107139738412514	0.195761201448383	12
-0.044845114367069	0.497290332937361	12
0.012862217930153	0.351010655010155	12
0.106938581485099	0.196130262401494	12
0.033573349079664	0.264303950508069	104
0.00892209291221199	0.281044673042607	104
-0.045754992553654	0.293463823098906	104
0.00196464205640201	0.329433129533053	104
-0.121463494571803	0.572914421742895	104
-0.00617732940091098	0.366610178861064	12
0.105401928983075	0.198565722456698	12
0.053126653255013	0.271195618795409	104
0.100778841544669	0.182536489349427	104
0.042364464232404	0.305979657665251	12
0.047146759881189	0.21443223239013	12
0.068791063863157	0.171366733038707	148
-0.00883498932565502	0.316136150586322	12
0.116426189974179	0.163209940993637	9
-0.101211269413282	0.614380015990687	125
0.030979220453952	0.344601346964604	125
-0.010305214174719	0.358892124301324	9
0.035370523927901	0.273651976774084	9
0.093475080964946	0.215005133705646	9
0.068992914943933	0.248615551282177	9
0.019313091645069	0.374593904718383	9
0.039170441658613	0.279115830663801	9
0.113400673020054	0.137653459407648	9
0.067497756982543	0.25117399753364	9
0.000392521252405992	0.462437791862638	74
-0.060931457393723	0.44589759779323	9
0.022268598328129	0.314267491549996	9
0.035794591257557	0.272968265565379	9
0.069756385210314	0.220170512891103	9
-0.024310392761352	0.393209397290788	9
0.103886161005744	0.213579078689242	9
-0.060253784835036	0.444692057510525	9
0.055294877252385	0.697301969719492	86
0.079972326981965	0.485847400286672	86
0.02370590267113	0.705934016799234	86
0.043817112491225	0.637836963066496	114
0.02869705964884	0.72650586627333	114
0.11840164603631	0.352704636573052	114
0.11905934503864	0.36911989705648	114
-0.027383179399773	0.205459804578473	42
0.093177256527483	0.148910369327946	69
0.042292466514053	0.316555817941024	52
0.047824822226447	0.344138755834746	52
0.123547059073624	0.141403865306303	327
0.010041137242741	0.279338438961772	12
-0.083757940428816	0.581728960991038	12
0.068772059600352	0.315013712141703	12
0.099181872318474	0.234332785085608	12
0.099303982289566	0.240353340620823	12
0.086321667854921	0.191662395939531	12
0.10752302122119	0.188809888486566	12
-0.082765423815123	0.546732540798792	12
-0.01675079861167	0.5572397171994	12
0.055220020448394	0.286916839824408	59
0.0401026429751	0.386336677623113	59
-0.11780882404808	0.820713620554932	59
0.091266706638323	0.239673674426115	59
-0.112229526106311	0.578463496430113	12
0.111761192805017	0.213584474318286	12
0.11272590699716	0.206320945584765	12
0.046250071801434	0.215547727021046	104
0.069735342659393	0.210737337548819	104
0.028973183448871	0.326096547238373	104
0.00688743887229201	0.395383394640868	12
-0.057314431432299	0.488755467493255	12
-0.042074504573762	0.418897909387202	12
-0.117371159460924	0.64328091364687	12
0.061679728717368	0.34361361258168	12
-0.110148274201645	0.437988815877573	148
-0.038978093405137	0.500554288276179	125
0.028426399138598	0.388277086075495	125
0.01326248107571	0.448382675322468	125
0.010218543282133	0.443892339555576	125
0.100949376658244	0.231081290894412	125
-0.048952175454905	0.412795990579335	9
0.098712673146868	0.192703629213697	9
0.111439330718526	0.214215816456386	9
0.070843876328021	0.218600882252071	9
0.00146854200890201	0.427036864445463	9
-0.059348292443765	0.522465998731255	9
-0.034786757183089	0.377324390492926	9
0.111391225247549	0.176679613423582	9
0.052972430778714	0.24044791433004	9
0.052477796954664	0.282158109207066	9
-0.01174262100229	0.361554433628933	9
0.044008957915207	0.323245554617381	9
-0.036802764217122	0.380910615415817	9
0.045109890384269	1.11707442723923	129
0.072153470207963	0.637625757529494	86
0.124047811054175	0.445881398753715	86
0.089515561231919	0.540856271219408	114
0.117325435466362	0.35186317443356	114
0.047179189572764	0.641702587672374	114
0.016131786632313	0.748373834844684	114
-0.109978225849266	0.611839196324898	229
-0.023307173078298	0.391474500787601	107
0.09744122884457	0.25031967826461	52
0.031532970826294	0.254704432132707	12
0.099182026516508	0.191996643209333	12
0.093279395923528	0.229293414062279	12
-0.076156834735899	0.552545779443367	12
0.03663219190311	0.364112590917972	59
-0.114603798104657	0.760689265964916	59
-0.020413728934243	0.479132881812717	59
0.121116801029042	0.193683301753139	59
-0.02368605902682	0.472038799221293	12
-0.11014463546266	0.698368270483754	12
-0.08201531768848	0.511428223659355	12
0.067237734615611	0.269067997179489	12
0.052533281808269	0.272184192379734	104
-0.040162207194877	0.337609610539311	104
0.023678243327111	0.376779696471354	12
0.115319689336603	0.164754646084186	104
-0.069596492282447	0.616307267230993	12
0.048615014715942	0.342399388631521	12
-0.020916553818858	0.480258167113119	12
-0.015090148634329	0.444532596181084	12
-0.00875921030353699	0.316033481864026	12
0.000919149695527005	0.38141185944639	125
-0.076513242832916	0.58453597481361	125
-0.072090096511522	0.479090934754811	125
0.119283648207933	0.178857180761737	125
0.026987439545659	0.329863795714826	125
0.028158480854514	0.339064000791501	125
-0.072031614296429	0.479098378178265	9
-0.081265651371976	0.475378381369208	9
0.100318660758496	0.183178217992781	9
-0.091387970933973	0.578569677286871	9
0.08062229606388	0.240891043671465	9
0.054154473520255	0.249220611159784	9
-0.052152244923461	0.448605646803596	9
0.057405022476279	0.318699383306021	9
0.00833895111982899	0.392368707094152	74
0.053193724795208	0.250666998994304	9
-0.111475972885263	0.576864729876299	9
-0.09098233495905	0.542658451977782	9
0.117857805904592	0.181104870301636	9
0.043003021414804	0.325142486574187	9
0.10962709674124	0.713662750979284	129
0.025381560479434	0.717627383098252	86
0.06156342141903	0.567853760230786	114
-0.019244180844462	0.786195101038355	114
-0.060919492519728	1.27623328569789	114
0.116463665553783	0.188920830761846	229
0.027059809728887	0.391333076878568	52
-0.027590454921538	0.205617371965881	78
-0.036508410513891	0.60116803076578	12
-0.027215925894932	0.503811329561609	12
0.039100532919908	0.290504240307532	12
-0.025306402459618	0.552460780755873	59
-0.038222758695951	0.565017580458482	59
0.055662507374734	0.295413483159501	12
-0.082384395121919	0.512194616024916	12
0.088121812517598	0.339326554224199	59
0.040024363547164	0.386487294528128	59
0.00758636539688501	0.438045500119697	59
0.04588901741168	0.338713215726521	59
-0.00492992099119399	0.496386037061599	59
0.024684983867082	0.310072819730431	12
0.088684275592725	0.251216331416382	59
-0.098401413781254	0.790382285445379	59
-0.046248607002776	0.664054408375964	59
0.029317415132745	0.407381114125539	59
0.115688505166626	0.16424457308586	12
0.058018232076721	0.31742999421882	12
-0.011150665376495	0.533893018828763	59
0.068807822892488	0.322872838690336	59
0.029413509448807	0.336680508652546	12
0.067090069299091	0.162191800395903	104
-0.081657188327528	0.327778532089556	104
0.092266111069796	0.158569696332787	104
-0.012599652072652	0.488764021672306	12
-0.014875218022552	0.480255021904668	12
0.095138401571699	0.205246890459778	12
-0.075878254965316	0.674741866708207	12
0.05219955644357	0.262611360982184	12
0.069718811588677	0.229564159455468	12
0.114668259670956	0.171760693898346	12
0.04895986206844	0.223818808174845	148
-0.116367761100083	0.640920537072429	125
-0.109230974235844	0.436478393667268	125
-0.0612193564577	0.555543310472012	125
0.1173533137566	0.243253683377271	125
0.028385586988634	0.24590941244785	9
0.052261341300524	0.252169992649716	9
-0.091966545208421	0.613820003834892	9
0.050630322111248	0.232944048562073	9
0.103034243130692	0.215058665223997	9
0.081148424078729	0.239936472247027	9
0.048193328227266	0.333802398177331	74
0.098647959498185	0.192804995642457	9
-0.00188274434962699	0.712118366606252	86
0.00633811610572901	0.962406135598116	86
0.00687573814906201	0.933740800886267	114
0.100043249302034	0.466950638374012	114
0.099986270008033	0.459019615118567	114
-0.024980090076989	0.931683420685419	114
0.00738738000148001	0.959408998745746	114
0.049632212296912	0.222892341552707	12
0.012003039262109	0.43936175474183	12
-0.052792296337719	0.525318440243071	12
0.001809146650151	0.426243774163343	12
0.095571043182781	0.266771015494309	12
0.055706878824357	0.304240250251016	12
-0.022720334121458	0.58226426844447	59
0.049947406036574	0.348831546846236	59
-0.02933579969043	0.38563835122838	12
0.093855805048844	0.289127581275902	59
0.068955513416146	0.290461018673889	59
-0.011267547731912	0.41391808259881	59
0.066215786399622	0.352197236925429	59
-0.024587070458305	0.43500351032317	12
-0.015073915467145	0.308798329859957	12
-0.11988592942954	0.877902013271197	59
0.066976983177548	0.294364920725399	59
0.071306106100204	0.332525268744601	59
-0.044273866470506	0.496024578653681	12
-0.064173695406812	0.483687110172078	12
0.00973788949523799	0.343549293352845	104
-0.079759843290923	0.36353410191495	104
-0.026207191685934	0.438314876523424	12
-0.024860283638962	0.51307966330546	12
-0.026853386951131	0.579994173198489	12
0.031855086191441	0.353412280114968	12
0.106853658881039	0.196261901056933	12
0.00654826051785601	0.396134340047571	12
0.00789350737098601	0.393358075855906	12
-0.079306155396784	0.43605047486837	125
0.031414664852343	0.343717146923586	125
-0.101797298990035	0.542589263775216	125
0.033286032264478	0.350559311250634	125
0.113164356343637	0.229669832753006	125
0.078285797401033	0.304888376467132	125
-0.025058521860964	0.257326289254006	9
-0.00399037159712601	0.267449837448737	9
-0.033156419237894	0.297656083845011	9
0.089918376676603	0.169958989143225	9
-0.073087075457339	0.481131117593066	9
-0.00634010866238199	0.366986640099179	9
-0.00160544997517698	0.46741573677191	9
0.05713058005729	0.319238177046276	74
-0.012790219602104	0.524845024580093	74
0.032961429312244	0.26519782059174	9
0.03575781073953	0.188958167650332	9
0.09633827732552	0.13683714550717	9
-0.082636855961152	0.367665284934216	9
-0.048063628486303	0.458980423041538	9
0.094023172433862	0.474327467198786	86
0.092031525570214	0.440240577008218	114
-0.016068314537929	1.02387218054207	114
-0.067120040253065	1.2080437912054	114
0.115815900134798	0.37621227622447	114
0.112328343865813	0.433800708487764	114
0.069069507327134	0.432470352487969	114
-0.067449386841423	0.521574697435498	229
0.061646143434515	0.368083447889141	170
-0.04969523558502	0.19947231882622	42
-0.051760517099524	0.114337551940054	139
-0.052467259080811	0.11457564829848	139
0.098983466180866	0.125198702370773	69
0.052070029330777	0.25245374926049	52
0.05625691735948	0.303313238839662	12
0.067065074150181	0.260727004390189	12
-0.083770141142945	0.548996084395694	12
0.00418534993542399	0.388199104072283	12
-0.00837352833224803	0.456996085512493	12
0.022702240382452	0.313504806958543	12
-0.069790478282976	0.407507721629237	12
0.037019560185033	0.373414782139795	59
0.067836818801475	0.292701175534782	59
0.00334783026954	0.327175225476281	59
-0.063780617802721	0.648120285308264	59
-0.011545920009599	0.414461357279673	59
-0.044390794356055	0.496227046358858	59
0.106818609153958	0.159988243805616	12
0.096349438208362	0.265139990110258	59
0.028790536820617	0.387344538245024	59
-0.11003305683783	0.73388359205167	59
-0.111507112494187	0.702152647772736	59
0.047059426730509	0.214536889564781	104
-0.090168023319618	0.505385863572984	104
0.116516519458743	0.163078041722181	104
0.041753160662985	0.307296999590307	12
-0.024904085631552	0.474855031432609	12
0.099303224780608	0.2466135864158	12
-0.019244403812465	0.476311174504791	12
0.0307754548833	0.344953827387765	125
-0.118853606182983	0.735772568606867	125
0.104158635779256	0.170674807617121	125
0.111129808371076	0.214770895024839	125
0.105651745338766	0.204434359856556	125
-0.00846235338733697	0.315586323626988	9
-0.118811300825896	0.607619962607305	9
-0.101960005410092	0.542965508683168	9
-0.091080222378267	0.577780522108842	9
0.113168992348708	0.199968061094608	9
0.103528191300729	0.214203780572984	74
-0.03463254897433	0.506160288983832	74
0.067515761238938	0.285178300997463	74
0.00402577127666501	0.38859860448932	74
0.123787678159639	0.160886293382484	74
0.119772475598199	0.206377023409051	74
0.091928450948757	0.167467228903543	9
0.035074365105752	0.189593682964085	9
-0.023722636266133	0.433175472107869	9
0.037383152889945	0.282050845332948	9
0.099522003684461	0.191480452339873	9
0.096802432677221	0.530541643569503	86
0.083045391606946	0.424605180429943	114
-0.104995008164894	1.41404880667546	114
0.072210385354857	0.587078544239341	114
0.082157023969438	0.52822996273213	114
0.034276726762928	0.797324620799928	114
0.050709268250227	0.232745521917141	107
-0.058705046281601	0.247894074193885	42
0.124532994228447	0.204397295301848	69
-0.063537493778562	0.589800175792874	52
0.110388362785486	0.22170435513755	52
0.069019997531592	0.230612729069647	52
-0.038528139780665	0.251208579827179	78
0.079827140873783	0.249956964561283	12
-0.048886024254172	0.559923904489355	12
-0.109784720046752	0.611498012257429	12
0.067480903792195	0.242033867266872	12
0.025224947747908	0.321235159701997	12
-0.025261706623269	0.47565424254802	12
-0.0000547014411440006	0.383375088283479	12
-0.120891063181534	0.70408022859813	59
-0.039303239913422	0.593127097040319	59
0.088830275970726	0.250949061232093	59
-0.033663855615623	0.646346837669202	59
-0.112416579605066	0.790352835773394	59
-0.000820788379338022	0.498410951737616	59
0.04510871471605	0.330665300973779	59
-0.014307300497596	0.405455037082571	59
0.056106653114495	0.294539318723068	59
0.00423756237286799	0.478174137498654	59
0.049666817836733	0.349441472812435	59
0.087870296636409	0.28027493962867	59
0.020372198625352	0.304795045635296	12
-0.080500067894088	0.364723506280828	104
0.0941317522548	0.147894493229401	104
-0.058275255172826	0.409379451852808	104
0.102531104583301	0.215925717530933	12
0.100120694823957	0.190554722680673	12
0.03895576472839	0.388889718112691	12
0.053375641254532	0.280657213460251	125
0.081655739902008	0.239094917706336	125
-0.00698214559917698	0.45373764068609	125
0.092352080683097	0.224003490548229	9
0.053565689735847	0.270508404206757	9
0.08394667835406	0.211626946613239	9
-0.091640692674745	0.579172483603286	9
-0.050369175842413	0.492184299742477	9
0.088619200678766	0.251332986033767	74
0.078510653489977	0.311807152555682	74
0.101788087919911	0.223381834149465	74
0.010713304911709	0.354908515564359	9
0.038063702253324	0.28097563026507	9
0.114116319415818	0.198379576732931	74
0.052787741971607	0.281657551972269	74
0.040069729511758	0.299745441652025	9
0.103043521262642	0.215010794160406	9
0.085030801409432	0.473306098539252	86
0.114816981070725	0.422636782196523	114
0.043082882603172	0.576361042558428	114
-0.062359912540282	0.558235885767033	229
-0.038485030706602	0.251155141014374	42
-0.051408627280488	0.114196567167764	139
-0.00823546565339101	0.315248580303311	12
-0.031034252152329	0.537415284965026	12
0.058281003388721	0.351460200780175	12
0.069163874622343	0.265437182658161	12
0.000308285841189998	0.382685196901821	12
-0.072219873289633	0.479499733437366	12
-0.024553679825972	0.550279135140248	12
-0.045600450580087	0.453995700763868	12
0.039235271568115	0.290267665424242	12
0.025427402761081	0.394940672562262	12
-0.083151749510717	0.547525221331037	12
0.046066462841519	0.399853351279149	59
-0.077695615893071	0.828397521598632	59
0.030553035448195	0.345430057852464	59
-0.102443658949641	0.882267110521491	59
0.041489942673998	0.392733588614858	59
0.045278324279748	0.310719855005795	59
0.083990003877468	0.315753774672754	59
0.088192105833368	0.265980556185796	59
-0.050705117644245	0.591598012735327	59
0.069047114482878	0.330069293096426	59
-0.00989243270654799	0.608896245819686	59
0.093268978391242	0.328203348253918	59
-0.052984592915389	0.525839455058551	12
-0.099353325858642	0.365410281191816	104
-0.024642450148223	0.256887296309979	104
0.104887185185952	0.162410535352948	104
-0.029144082364473	0.385239758304875	104
-0.029946163913239	0.341155601896534	104
-0.080931577562019	0.474592338634951	104
0.085424233766118	0.305812472030944	12
0.089802557219489	0.1786366850894	148
-0.020552631575214	0.553959253530782	125
-0.068191162192689	0.553640033933288	125
0.026155665523736	0.248973360544749	9
-0.098731687745214	0.60839979406626	9
-0.029228673505354	0.469433111708456	9
-0.0812141664983	0.607311557511587	9
0.035202215500782	0.356893155364119	74
-0.040305964052651	0.528976713340768	74
0.058822564175574	0.333134723031073	74
0.116660536416754	0.18858899218571	74
0.105693714688916	0.242397392517888	74
-0.023162425413973	0.348112103548257	9
0.044208545240469	0.20591725908617	9
-0.049812389828576	0.490949208761337	9
-0.042007725344742	0.533204193946739	9
0.080138636445442	0.26437157509737	9
0.104137670314222	0.759471785336814	129
0.122626778051923	0.452469470220258	86
0.090002948366594	0.578953724208861	86
0.077985190086574	0.631779681530369	86
0.035743991964434	0.680236162858367	114
0.033447811068881	0.711525896320532	114
0.061886193801279	0.561083669554102	114
-0.067079333324506	1.47338445483175	114
-0.035001620645532	0.650459866481663	170
-0.102450042375803	0.505693598830488	107
-0.010179995472395	0.411718592771955	52
0.00885892950998399	0.226609351869021	12
0.101030712552833	0.230935092552603	12
0.02232596895236	0.240297918771295	12
0.110825907820947	0.215300003720501	59
-0.042595688732242	0.602520722584117	59
-0.114892851642322	0.761532739865272	59
0.04659167542229	0.317989079140899	59
-0.028541045794833	0.507054701281352	59
0.00649455604412399	0.335963616834672	59
0.0872106418095	0.274760439705183	59
-0.069701938810461	0.586944068892974	59
0.048073452288664	0.36226129818226	59
0.068988490421294	0.298488553447033	59
0.023967097704901	0.387147399886321	59
-0.00317384096824802	0.458123119891179	59
0.021034966773075	0.371116315879868	12
-0.035937744035438	0.468169080868496	12
0.082314334535721	0.230187329665691	12
-0.057810634990161	0.408544339068862	12
0.079473652799297	0.242814925769721	12
-0.028580234990536	0.467939870062291	12
-0.00628878753386802	0.417608379333204	12
0.086550464194028	0.199651205279818	12
0.022208203799101	0.24043436710435	148
0.091741055369245	0.159159571764721	148
0.026527378408968	0.248489864938114	75
-0.08341398981927	0.613142680037254	125
0.00617510751717501	0.336504409480794	75
-0.093851499462593	0.512783911299242	75
-0.091387970933973	0.578569677286871	75
-0.101060338507534	0.578072535419255	75
0.118806618975233	0.179603203303381	9
-0.00830855179150303	0.315303106641711	9
0.00847445554305101	0.281693013893141	9
-0.050900156086626	0.493347541654589	74
-0.009665507507022	0.357831711795888	143
0.085487262611575	0.201187037185934	143
0.024991923831819	0.321639906775073	74
0.05292889531454	0.271558718932145	9
0.070252665840932	0.200269420073731	9
0.02071226744241	0.604135097828004	114
0.058600623490661	0.422462864230431	114
-0.08411949757339	1.1511579492891	114
0.075033247292459	0.463663003245187	114
0.076605241381608	0.405719205531934	114
0.064286726174496	0.496595982585326	114
0.107905386729566	0.331284812943194	114
0.088965080843099	0.493104959555221	114
-0.077333668567725	1.09859256227742	114
0.116239263696496	0.340208282432802	114
0.032310786524895	0.266125862844278	229
-0.00975948207551403	0.410824269109376	42
0.066969455108581	0.0944360307961441	139
-0.070040096142524	0.587061621821386	12
0.102089402011038	0.113005296853886	204
0.040935995263936	0.298168652430996	12
0.117744332381591	0.125819698151443	12
-0.043500005150845	0.421448638330983	59
0.068290417288846	0.231737277887166	59
0.057667560083335	0.300494830649879	59
0.052300227516297	0.252102612226715	59
-0.058651177814571	0.520825009032486	59
-0.056707086574657	0.4065480357795	12
0.041729200727985	0.307337050354302	12
0.012167321136124	0.352329755614821	12
-0.082464982151356	0.367525988002286	12
0.070176924995896	0.33524687453567	59
0.076655290369922	0.323200918298522	59
-0.043828140171535	0.631611209210448	59
-0.00807132830330598	0.421217061327093	12
0.090585103499383	0.254433398234081	12
-0.059245476034637	0.411008599395065	12
0.084974886534832	0.201905626557762	12
-0.014809607815793	0.40643349940751	12
0.066001561562331	0.151553800098176	148
-0.085979871866386	0.246016647550902	148
-0.08659176112135	0.246584127201005	148
0.119368208858659	0.178716683533147	125
0.068729628317644	0.323005556341034	125
-0.035491640287029	0.46722887706025	9
-0.022643451259975	0.347216965564397	9
0.017634470344466	0.231768587251637	160
0.098712673146868	0.192703629213697	143
0.122679371082929	0.11378294277222	143
-0.019552202542571	0.58688627995938	74
-0.011459459423361	0.485920429480014	74
-0.077084222237523	0.647396479556278	74
-0.10536656216214	0.328912387009731	9
0.1063497775847	0.70032596126482	86
0.035410132236584	0.493700794285604	114
0.080493986354487	0.446942673948037	114
0.021835921773727	0.618359509487706	114
0.12423459052878	0.268725672480307	114
-0.081220814898976	1.31572518655683	114
-0.094923295550385	1.36528215146087	114
0.087491408819413	0.181617260251789	229
-0.100314359737268	0.576186765606605	42
0.067814901687089	0.161471400542399	204
0.065869426247923	0.139222594941011	204
0.064373516255362	0.113021827490398	204
-0.079626243728322	0.189153278119227	204
0.039522405404852	0.198562003655507	12
-0.100525946043238	0.366947926706935	12
0.050357734887634	0.357134291739561	59
-0.044273866470506	0.496024578653681	59
0.108798089602095	0.150263563605076	59
0.023758339686703	0.438154889117718	59
0.11189455695006	0.175947762340737	59
-0.071323130770733	0.444367534989808	59
-0.107209440018152	0.642125248395203	59
0.079438561039422	0.234838968333712	59
0.119894344159587	0.177841439397817	59
-0.120920246757961	0.471253628661845	12
-0.11665722929908	0.506803359451882	12
0.094608688103763	0.20608724109202	12
-0.11815376338392	0.645184683798824	12
0.076902184387015	0.329750561369877	59
0.078055691370422	0.29825192114298	12
-0.113064022973319	0.288732485677411	148
-0.00390869537302402	0.376877843888252	75
-0.039087317432279	0.458051132882911	75
0.002092337516228	0.329286988103088	75
0.069209601512475	0.230350878550041	75
0.113334091151485	0.137723785423131	75
0.078091423807718	0.290732001152508	125
-0.057969736331544	0.408860728490804	9
0.063736827199425	0.113446529586672	160
-0.08147696860384	0.40338688367035	143
0.034348347070072	0.348346463993693	74
0.065326426137063	0.139693215020179	143
0.069573646015625	0.328999821494937	74
0.104234710949185	0.256949649347202	74
0.054161325190198	0.298188582978108	74
0.103271314410398	0.171854788189231	9
0.016995706469394	0.297092320008157	9
0.119333937403584	0.463145007493179	86
-0.022632019362643	1.062799429279	114
0.014411781582882	0.697895951627543	114
0.121175932217367	0.349658070865178	114
-0.019186020106501	0.932725277835249	114
0.100423007450109	0.44132869968561	114
-0.014589514108592	0.577549052602419	170
0.085538372398971	0.201106712333557	107
0.122198046884891	0.11428623391595	12
0.09229292901255	0.22413192987454	12
-0.091474110310161	0.543946604834556	12
0.027691097680715	0.32855253626087	12
-0.062803963353885	0.291157976995208	204
0.068132460575879	0.161155760246022	204
0.000709678570625011	0.331464809496539	12
0.095161831384392	0.212368475014615	12
-0.08174179312026	0.476203800549314	12
0.119188852137744	0.234468293652592	59
-0.050676760938704	0.492866998625531	59
0.033626279446673	0.407455599981323	59
0.045349573372674	0.330267603000591	59
-0.074172716262012	0.516025555690915	12
-0.00826234753057697	0.456673149154932	12
-0.00764486288022798	0.420379753603134	12
0.089477915450134	0.24287191965862	12
0.119834649115354	0.201136092221104	59
0.050349845016974	0.366309263172212	59
0.057039990770606	0.301781340401872	59
-0.113142048387227	0.541015441845755	12
-0.04029184897744	0.460667267502412	12
-0.064824792441289	0.51570142925811	12
-0.064775387399651	0.484907819322666	12
0.081170511050139	0.232105447102856	12
0.013971326662169	0.287958562433357	12
-0.083410975027359	0.288195912287778	148
-0.054863592849036	0.371277755935104	75
0.042002229784978	0.31712994139971	125
-0.100403184202912	0.612505820468202	75
0.104423908141265	0.206469963358075	75
0.054166898252493	0.269493403196064	75
-0.00223101639366102	0.321501583720689	75
0.117956526948047	0.186432982045535	75
-0.024447986076975	0.434723300974715	9
-0.074968275148859	0.517777641291765	9
-0.057058472917028	0.488224396984973	9
-0.048779975889157	0.488597936855954	9
0.05103540455036	0.243321773790274	9
0.117943121088927	0.161021410963228	9
-0.058129021735663	0.409109770479121	9
-0.082194335413116	0.36714830148118	143
0.069389523278762	0.230055251395999	143
0.054080949026124	0.279426465290578	143
0.069358126209002	0.201440317214853	143
0.106405823931007	0.196972568485215	74
-0.00228016500835199	0.373806465674253	74
-0.00193551118862501	0.421630830848594	74
0.038902092836119	0.290817089545625	9
0.039620178980849	0.300532869201489	9
-0.083661797810925	0.54871069630394	9
-0.065356545785066	0.516916215820208	9
0.027118418048336	0.2476952026715	9
-0.105650458960385	1.90570388520272	86
-0.100514395297063	1.36881944337559	114
0.034787815914279	0.681689585499405	114
0.074535403142959	0.635108592990237	114
-0.111442586599497	0.537480393862785	229
0.052369832565711	0.262357008008165	229
0.063984094229248	0.113295491069645	42
0.00899666478429101	0.280942074215671	42
0.001527922252575	0.330130741607096	69
0.067631981935198	0.250957598073335	12
-0.097914507949461	0.640937928291338	12
0.030353917955934	0.179433540571591	204
-0.02845162837745	0.206422562975268	204
0.105845979870431	0.161224978380167	12
-0.106414386395833	0.473262145349941	12
0.107579429424809	0.195081507502984	59
0.117445183205428	0.187272230755909	59
0.105506777426245	0.204682890040941	59
0.04334258378549	0.314532111646617	12
0.01471249359273	0.402731605355431	12
0.118335101654656	0.180363157800651	12
-0.073231530662132	0.514059619553568	59
0.120830515044312	0.170887712822791	59
0.005800689582938	0.384823343600638	12
0.080676645453575	0.240803389892507	12
0.053909943242167	0.279742618712071	12
0.066483966298568	0.151097831921735	148
0.035318353688749	0.273721212179366	75
0.103627114083643	0.171387778941241	75
0.054161909189678	0.288879933670779	75
-0.074428621160573	0.483505686557801	75
0.037070927678415	0.363185807622114	125
-0.076045907018496	0.552224770513033	9
-0.109506336888601	0.61085891073438	9
0.039309548877823	0.301052800550365	9
0.053553311110015	0.250177873669267	9
-0.045905019496448	0.377218909022982	9
-0.053968360897467	0.369890103796512	9
0.040858144179124	0.308915010857419	9
0.040530583503779	0.197492490640924	160
0.096655996324224	0.136519293970447	160
0.069581238741869	0.180889650717973	160
0.117802028218444	0.125753600776023	143
-0.080581515387882	0.402032181276665	143
0.031009939236523	0.255464345614851	143
0.038113102356711	0.280907448204342	143
-0.030818961045216	0.388203202001996	143
-0.081022390947598	0.669665432759503	74
0.077820691410933	0.283811961206134	74
-0.038956463872676	0.50035027018416	74
0.02078193204056	0.304145872528212	9
-0.073035434779794	0.513637413094357	9
0.102643063873523	0.91278215909022	129
0.07277196370407	0.566918292730708	114
0.01184645495785	0.666981668305503	114
0.049285194096346	0.58251895741668	114
0.116441570147557	0.361404117421767	114
0.029168490653234	0.69640181126655	114
0.107790321760748	0.402592572694501	114
0.035002678528021	0.736233123637049	114
0.033980451767768	0.349030122027504	229
0.11106265674376	0.0396671757223606	139
0.09837819182192	0.193206263029485	52
0.009644469173136	0.225764909855716	339
0.067128008509316	0.150511691546902	78
-0.013248568583729	0.403216588693011	12
-0.068669871946302	0.405615140798781	12
0.02629239248913	0.331125215581051	12
-0.01985471314514	0.440314887276626	12
0.030113456974797	0.256719380352384	12
0.037701337105382	0.361797888256076	59
-0.054356072858936	0.556497660552859	59
0.065585049012566	0.305250104304863	59
-0.121315636670061	0.705182043027687	59
0.083216824719713	0.212723516700655	12
0.067966409023474	0.29243455602476	59
0.068727466789288	0.221702115756118	12
-0.017330909810285	0.396056237895141	12
0.12368069735506	0.184223287917155	12
0.010967460657837	0.399065513911802	12
0.00337712087556299	0.389889963029637	12
-0.093776261507569	0.763595392186095	59
0.113299088847579	0.173877933820194	59
0.121075593146658	0.170522584830421	59
-0.06661306632695	0.549712643359024	12
-0.097139326458554	0.40282586742428	12
-0.058413977295726	0.247620701039942	148
-0.029796667641667	0.34092032149872	75
0.086371125430613	0.199908488185509	75
-0.044545646444518	0.496696263327477	75
0.052479202758839	0.251784380982891	9
-0.066469590185487	0.519367369125595	9
-0.055862467892672	0.587557048120626	9
-0.069652880260749	0.441170527573864	9
-0.070210262158806	0.442358529305373	9
0.048437611931491	0.224517446145924	143
-0.048669205196798	0.412224476095263	143
0.111689628023372	0.176225042498307	143
-0.00297808661482102	0.375149180812504	74
0.031009939236523	0.255464345614851	9
0.030584155510536	0.334380440920253	9
0.002951105054535	0.274206107706783	9
0.113773999183259	0.785327292843861	129
0.115748679748231	0.802498557795608	129
0.116233013452171	0.779724482982742	129
0.081527567698291	1.09917756160559	129
0.051277845905182	1.17616862313682	129
0.081960608150744	0.6799900437401	86
0.105681443459438	0.591851457145093	86
0.054453593154052	0.818093992302726	86
-0.00738871743567099	0.794101070845195	114
0.080309622996248	0.479843027600087	114
-0.078792744066511	1.6078522142545	175
0.112510459236819	0.236377302836911	170
-0.011597404294437	0.211988788923198	42
0.102965427535525	0.172268489538482	42
0.040216352258158	0.197839413779572	69
-0.104964464550516	0.328489243449985	69
-0.032847696644712	0.502044226379889	12
0.115785835986654	0.164098520723522	12
-0.079972856202961	0.472780648030252	12
0.000586445766673993	0.3821452830828	12
-0.069341007560703	0.40674694059658	12
0.091044183226388	0.240060515134005	59
0.10359616221258	0.214079605370688	59
0.08136257726906	0.231773501934358	59
0.121267878710386	0.170200081617834	12
0.036093377249443	0.355037685964329	59
0.081208535646705	0.239881001785403	12
0.100557664861364	0.182792603522644	12
0.044117532030291	0.332645985710122	59
0.046585548971108	0.337246969899265	59
-0.062983801897541	0.617159304151367	59
0.105293301002723	0.205042614267634	12
0.004162488114691	0.388319123271836	12
-0.000865666946646027	0.384893807991058	12
-0.115175292331297	0.402792747498135	148
-0.074663011056044	0.517157391025636	75
0.080398676267309	0.248939879014654	125
-0.048027497274539	0.458876668349182	75
-0.064578015503623	0.484542692655669	75
-0.059803701175104	0.523568319474758	9
0.11763572383634	0.210393974599995	125
-0.041665802128544	0.418083419315009	9
0.040549737365604	0.309429744894767	9
0.017868570380494	0.295665841451771	9
0.117668438805497	0.125841599555569	160
0.098945400275748	0.125241551830535	160
-0.111893317407571	0.703154009144966	74
0.078530461775266	0.282401869020248	74
0.024080891084406	0.311153749816213	9
0.107077556726301	0.195903675912386	9
-0.00480500309471899	0.268510121785739	9
0.081468663349084	1.38041022547806	247
0.035217498711934	1.47730355424584	129
-0.012651624972108	0.839141427686412	114
-0.015885320603948	0.973046800902847	114
-0.040495281876578	0.82495516065628	114
-0.09302264316188	1.21613233209746	114
0.115545726141507	0.441689830074569	175
-0.029706618526703	0.386300569633544	229
0.067237734615611	0.269067997179489	42
-0.122453566160504	0.242448039725143	139
-0.034211060174677	0.298992061044328	69
0.110274927915418	0.184601583186096	52
-0.040709157196732	0.461554388048693	12
0.040525536908838	0.309559667878759	12
-0.00118192282081703	0.319801096298082	12
0.117900608511288	0.125650147877769	12
-0.122102689879336	0.473239156487025	12
0.053491548936867	0.290072142029964	59
-0.043980078206358	0.564114601525647	59
-0.096783120493715	0.671758860853727	59
-0.041845187183114	0.418469013465289	59
-0.010354761386245	0.359065326010285	59
0.010318535196341	0.400448776555874	59
-0.011563672764459	0.450673704779636	59
-0.104302966917749	0.509051577133114	12
-0.045456741564339	0.376522000162783	12
-0.02522785075685	0.436268980180661	12
0.027574755290026	0.328771388234795	59
0.035050323124638	0.274133497428329	59
-0.064847563787204	0.485061586131169	59
0.067036392259032	0.277800184407228	12
-0.039190689301378	0.501037224010879	12
-0.046000162268565	0.526296659069978	12
-0.052366933223016	0.524275307945314	12
0.096413441550385	0.25868703501606	12
-0.07479100640087	0.549371554652188	12
0.027050204319174	0.329696291604622	12
-0.123070198163921	0.474726572250254	12
-0.00280772792571499	0.374824728134529	75
0.107981623445261	0.194305328151824	75
0.045480405086112	0.329993817409489	125
0.000835854615934995	0.428437775175583	125
0.078669350901516	0.282104856173417	125
-0.075627813391992	0.61296145047861	9
0.079503869178471	0.242789056144869	9
0.00774286894548401	0.347233060853572	9
-0.094776313184434	0.438836147433731	9
-0.06498129198864	0.330423394456968	9
0.047649749925077	0.213776613085457	160
-0.048649463718422	0.412120393721275	143
0.117337187295068	0.216173401954959	74
0.01817321696955	0.418234828983549	74
0.049414334467842	0.368446038092743	74
-0.075383129779493	0.581879901585283	74
-0.090078643352259	0.505180047223647	9
0.123457519800185	0.934601081546186	247
0.104987440089605	1.05737965648348	247
0.092957355397198	0.558444386493417	86
-0.083037456542981	0.829301918645296	114
0.095727546087712	0.266473281813524	114
0.09141520100929	0.475481032230413	114
0.033996508539999	0.507134889046619	114
0.00131826045359801	0.778714123870453	114
0.091842567278692	0.492774019325711	114
0.095326204018578	0.483475467371877	114
0.050007637593981	0.870259449117487	175
-0.055089028645929	0.371681340405277	229
0.027602014667661	0.340055049498594	107
-0.112963446258288	0.540727483301457	42
-0.113454156075754	0.289197208331101	139
0.040853797581472	0.197125039678685	69
-0.09325261604128	0.5116819636545	52
-0.061349578703506	0.289419688560645	339
0.02210231074764	0.170685484068617	204
-0.023295671203496	0.348395553760376	12
-0.040753269879029	0.338436783795616	59
0.052721921175816	0.251471183359681	59
-0.056556056870187	0.487163898386677	59
0.099303982289566	0.240353340620823	59
-0.005701146885361	0.365773713243191	12
0.015322381196666	0.358898080447493	12
-0.036868796827844	0.380999810798635	12
0.079988547052425	0.272026859410625	59
0.107564654852329	0.159010328931316	12
-0.027992818158384	0.505756005118181	59
-0.00797013405448599	0.456053274711756	59
-0.015292573766288	0.444999670186099	59
0.081849111919395	0.238765431089207	59
0.00167681887360699	0.393049597385552	59
0.121311673115422	0.193365199652249	59
0.047187245185098	0.336003150650038	12
0.0880202942238	0.189328447795027	12
-0.120812431205081	0.703825893319059	12
-0.050018573289042	0.199671977905798	148
0.021163886793239	0.171430268073356	148
-0.033200824638324	0.297706977371765	75
0.090393200491364	0.254793421422322	125
0.094416095915917	0.220453552810843	9
0.027337696476508	0.247390659853325	9
0.099024549416908	0.125173372750424	160
0.035134940171798	0.189562541025434	160
0.063603983705067	0.113547393716226	160
0.097233219489801	0.135924214752819	143
0.07024059985509	0.209988506611568	143
0.052401789028912	0.251949161270343	143
0.014454583921079	0.403341283066385	74
0.101143784161534	0.230672378643381	74
0.099152422335937	0.192042547413656	9
-0.10827792371904	0.607853196802531	9
0.053546592140999	0.280370002137156	9
0.00968303203495599	0.389491236783039	9
0.120940867225764	0.557444921762779	129
0.084122226082531	0.773371607266418	129
0.045561435364344	0.681709952921338	114
0.06745639379133	0.499518413598915	114
0.052491185282666	0.603517411760798	114
0.078882834169136	0.515995958644971	114
-0.109854572484197	1.66935566768245	114
0.111517149861656	0.470974190723539	175
0.106628957986787	0.0997371383769578	139
-0.012160115573907	0.212468680263162	139
-0.045805054843179	0.29354928529882	69
-0.024680643049438	0.474348998015468	52
0.023678243327111	0.376779696471354	52
0.001260754114845	0.147376678732226	78
0.067001739443035	0.233614762732576	12
0.033711020552058	0.349684144540956	12
0.014347871857649	0.348146991265341	12
0.109633773933401	0.18562773053047	12
0.079173253159543	0.258741244241773	12
0.115180228634032	0.196555320836022	59
-0.00959427802043	0.410506557043961	59
0.019580747297955	0.426236359456535	59
0.069531872567261	0.321279352860664	59
0.113250961144423	0.210781660571779	59
0.00551620258239799	0.474860467675905	59
0.096282841894466	0.210491867781541	12
0.110809577698979	0.209683562930392	59
-0.119276757861605	0.608699557632996	59
0.091147935654309	0.233052293391295	59
0.114064453627125	0.233176365150621	59
0.020667063636919	0.371855841032366	59
-0.10891430034008	0.730878599744581	59
0.04570673779978	0.329541560170435	59
-0.031275685932288	0.615904631714548	59
-0.109623644860555	0.437197700613792	12
-0.122391011844893	0.57490525538404	12
0.018254056671503	0.295090492871573	12
0.056097604744075	0.294594403736689	12
-0.009034854862422	0.409329111741823	12
-0.054738909497144	0.453623655864997	12
0.00833228896607599	0.227135828540322	148
0.117645723734045	0.125916328328986	148
0.093704546825699	0.148349050867667	148
0.093234103406423	0.148849785884869	148
0.06803867720634	0.172195953922542	148
0.055541207718815	0.30469110170382	125
-0.122874783607946	0.670876541003444	125
0.110949552568556	0.183565439083908	125
-0.042074504573762	0.418897909387202	9
0.080024604748821	0.257189487699003	9
0.054385336414955	0.288476631706476	9
0.122074817762761	0.192023248567494	9
-0.112852749090619	0.705727930384821	9
-0.035129378808575	0.466453866759812	9
0.115417059716847	0.164616462883734	143
-0.069641770828527	0.407265973286439	143
-0.102501211223803	0.544063014919067	143
0.105720233105948	0.20432121756405	143
-0.08390922948216	0.549283312464587	143
0.079424396525324	0.26574773243317	74
0.030680147734403	0.345118881668061	74
0.079816526463341	0.27979007039344	74
-0.040067885876888	0.460194232398523	9
0.119211962883006	0.412317315968826	86
0.015028342010879	1.12898658724653	86
0.037935696374935	0.820747802028989	114
0.113239845773444	0.485333189882352	114
0.030715793469459	0.179083052551378	42
0.029746422870049	0.17999511301714	42
-0.082243559988179	0.328522921007424	69
0.100123209067036	0.232601662588731	12
-0.093431603372828	0.474855341074415	12
0.078973537565063	0.251478730287638	12
0.010821577878592	0.399381288327653	12
0.105081783041299	0.217317240990774	12
0.101873395333312	0.2293473178579	59
-0.085123714678519	0.649129965947442	59
0.039007300076456	0.379001511390576	59
0.056811428162692	0.311095456720071	59
-0.042984037173161	0.561499902147473	59
0.094930388466505	0.280607186008103	59
-0.098061674396574	0.979798074680338	59
0.018811527712199	0.416740395087885	59
0.094501617092918	0.281502716524066	59
-0.024747688099133	0.474482682686251	59
0.026966102113323	0.247893551226544	12
0.097601193667716	0.135534911902843	12
0.068666390456823	0.171456363014284	12
-0.051648994850537	0.333928194860062	12
0.017299529161239	0.461083623904673	12
-0.122696683960011	0.474164941888737	12
0.06667943413884	0.261354671710771	12
0.124558622108257	0.159801812624162	12
-0.053431776941684	0.451128350702558	12
0.084795511964221	0.202160702596841	148
-0.070130500078171	0.442242486059497	148
-0.072130070325844	0.479305192965916	75
-0.029105668668893	0.385223059211352	9
0.069361600476734	0.220797228751357	9
0.017609113012591	0.366468827868439	125
0.098108421816146	0.193593457331465	9
0.054149378294317	0.259508646540541	9
-0.00599842165271303	0.416977640392208	9
0.10536980753202	0.204899697640031	143
-0.058488118071507	0.409740268453087	143
-0.068448259086667	0.405333623041981	143
0.107867690172269	0.188313880965834	143
0.02858763253121	0.456710708711257	143
0.115701444064564	0.22461004059119	143
-0.093062448213789	0.435862392395328	143
0.00869830162133101	0.281371148322701	74
0.068941870251732	0.290366180594674	74
0.095571267414041	0.619633246309143	86
0.002084502586887	1.16808754528081	86
0.124325344168622	0.380475427429561	114
0.116702859729384	0.426661508557516	114
0.102940612315712	0.415192209069814	114
-0.015037460129983	0.95909273765105	114
0.100548140794973	0.520391425798584	175
0.1115079346847	0.455441764954661	175
0.123432891685656	0.427454243971377	175
-0.10864097200047	0.608761844898866	107
-0.068393998162349	0.553959227935705	52
-0.050149534965781	0.331840026107822	339
-0.010492336033707	0.448199538818328	12
-0.115419727069388	0.638495637184703	12
0.113517844615495	0.199327469512738	59
0.067853462261755	0.30889320806857	59
0.057105192953838	0.33684318012894	59
-0.09102728470915	0.611497157901388	59
0.059373516875811	0.331939709626379	59
0.026879722061426	0.330061188823347	59
-0.037903729339034	0.564282369828825	59
0.107191632086507	0.159502093456951	12
-0.051184922067371	0.416665362890715	12
0.052210594335033	0.252248466418521	12
0.078093584149553	0.283191100702504	12
0.055884454528621	0.29499907210637	12
-0.074914422305553	0.611057732374612	12
-0.041945137970485	0.418533434370608	75
0.042478788388728	0.305916238119909	125
0.032145401034831	0.352852482564851	125
-0.018758890598747	0.475179462344528	125
-0.012491061443141	0.401705022167875	9
-0.123815962352301	0.577770366267717	9
0.044018587646037	0.323230159816402	9
-0.092144337847534	0.509515368318896	143
-0.092395317713884	0.580843312659497	143
-0.061956664464566	0.557155930201727	143
0.006265374639781	0.336358077688423	143
-0.00875642487039502	0.315982002026419	143
-0.124239466455275	0.674434359431623	74
-0.062760015567724	0.587867090020987	74
0.067963316548761	0.250396954356169	9
0.038866580922135	0.290901935495265	9
0.117483925829253	0.161693451811516	9
-0.109888285318824	0.437461006794852	9
0.079630067471734	1.40158502734919	247
0.097580638318741	0.668131753096049	129
0.102108042815672	0.455312779463804	114
0.119272005237367	0.415511044560386	114
0.065138005349857	0.713424384401332	175
0.071428317203222	0.7006280406792	175
-0.06391908036877	0.619718882970466	230
0.077669140239254	0.0704991966259504	139
0.101365845636182	0.113571684419393	139
-0.105534061178577	0.67323180488615	69
-0.016132711713307	0.353233726451507	142
0.00948562945498599	0.225934072411092	265
0.121663621116292	0.169633476179729	12
0.054252075808227	0.27907685184683	12
0.049423566268829	0.349800075095434	59
-0.102562128046688	0.734854414779427	59
-0.030744727617279	0.590583083776344	59
-0.098260742523144	0.641700472972105	59
-0.034080289751421	0.609421252220881	59
0.060204375969961	0.347117951692518	59
-0.109914640389764	0.818256876715545	59
0.058434276938999	0.307801891131808	59
0.069560059467991	0.256280616447118	59
-0.01211608617448	0.451840808379551	59
-0.020146144055602	0.51587351785879	59
0.043999166372939	0.313301091781105	59
-0.061029100394012	0.55498378413597	199
0.097710418269645	0.20127860513682	12
-0.118013333135087	0.509174033895757	12
0.085794311313403	0.298327635947434	12
-0.012682993807769	0.488943713210177	12
-0.076467012733946	0.766387955519543	12
0.074892272676627	0.334474056844703	12
0.09535087813109	0.204847644339772	12
0.00877277684478201	0.28126383436916	148
0.096965610991666	0.136187382472204	148
-0.045049145329814	0.497811672289358	75
0.00960409992206701	0.401934733378773	75
0.090406195192997	0.241224896376905	125
0.06957542027273	0.21095203509688	9
0.119591710744568	0.178355010975379	9
0.08841821810924	0.258590895302227	125
-0.078318973494277	0.619686766300802	9
0.068910248962885	0.211870683258344	9
0.030707580903533	0.345052941248758	9
-0.043668008480674	0.37353020605454	143
-0.034356211024971	0.421791604089032	143
-0.084527647171975	0.550625730455167	143
0.052939545973266	0.261460248483008	143
0.040972033792424	0.287192515479288	143
0.066763742195512	0.252359284631301	143
0.116106103581565	0.163659642652684	143
0.121928987033982	0.192267280399605	74
-0.04157438598664	0.463292041265456	74
0.067565061968162	0.309455027304112	74
-0.081637148518312	0.47609710741223	9
0.080851266926108	1.64586624686791	156
0.099166375794529	0.770103260551287	129
0.020397296730616	1.34895938372483	129
0.104690738347264	0.493916510015419	86
-0.05583707592534	1.14729001743889	114
0.090500440204718	0.538061716205403	175
0.110982866461437	0.484089459313122	175
-0.00307639839782398	0.375340702433792	229
0.052116656401222	0.371073138428499	230
0.056894852598701	0.302068312958381	52
0.110865507306074	0.0397113788160752	78
0.033866942566591	0.349332997056814	12
-0.058559607459159	0.247787454402326	265
-0.021802274974299	0.134180973455966	325
-0.020929973672778	0.442619447966532	12
-0.106112913469278	0.472798039006803	12
0.06918274754269	0.290024368404379	59
0.08716929788429	0.288580755780324	59
-0.008928814924553	0.493303765321523	59
0.02292384095083	0.418135950173602	59
-0.018667583491735	0.398697670682026	59
0.00380404376464799	0.389034465213794	59
-0.045320841111239	0.498302761721857	59
0.123505968256158	0.231683938242749	59
0.070546828424955	0.334349320734715	59
0.044766181240928	0.33141515693008	59
-0.07479100640087	0.549371554652188	59
-0.074063524842825	0.515880506238975	199
-0.053900577896843	0.452052858612912	199
0.010345195930606	0.455522346392359	59
0.113709833174929	0.228556157104406	59
-0.056583007138407	0.589675396674039	59
0.078175244868958	0.275605021457716	12
-0.01630872863028	0.447139903747696	12
0.067973666659919	0.161316405646062	148
0.123598899586237	0.141382289193604	75
0.02267357802765	0.313573401584335	75
-0.00759582026995098	0.455214959725187	125
0.099756697573124	0.19112870597046	125
-0.11665722929908	0.506803359451882	75
0.039739033714778	0.300306124588684	125
-0.113010944081526	0.792434290124246	125
-0.062339359235559	0.586800858513318	125
0.020184121736317	0.372852547657065	125
-0.024043633854044	0.472882184935491	125
-0.048431017877049	0.459679922558713	9
0.116517071960029	0.127113002326686	160
0.122299049221199	0.114191492787381	160
0.040003716163507	0.198069000953431	160
-0.061352015953797	0.446793348715184	143
-0.057662725181165	0.246867679689734	143
-0.114434763998958	0.401724410828819	143
0.037891072882064	0.281175978477065	143
-0.02060753790511	0.479603791753646	143
0.069062282860933	0.33788040370749	74
0.069776563658389	0.304838452983301	74
-0.093644551949847	0.548532701310244	74
0.01251796298573	0.395592731574966	9
0.068765345402989	0.990060936662502	129
0.059676325505667	0.674915900649763	86
0.097026034185494	0.398875589502147	114
0.103733901044325	0.46461716414118	175
-0.040694209672803	1.29539193826471	175
0.106875154789159	0.608350108924293	175
0.078536047541981	0.282376933820619	230
0.084688511407248	0.218459568477064	230
-0.040224587193438	0.252891984003705	142
-0.050515433485827	0.200002757018845	265
0.011151758919	0.16178079036033	265
-0.050955997008493	0.114002992802927	325
-0.082149829518135	0.477052773609042	12
0.122496745693267	0.191276909728186	12
0.040347600242909	0.299232962733047	12
0.02755604623618	0.390162519565984	59
-0.00317796221667999	0.504762278754849	59
0.06436520526347	0.394562011610456	59
0.093927427654891	0.228118374591535	59
0.081758691432868	0.231138963764067	59
0.027993734730877	0.389281922443851	59
-0.064426900246543	0.649984897989933	59
-0.000457066050843002	0.464514814749515	59
-0.092926898696921	0.474003494149352	59
0.117400171547788	0.161763467864365	59
-0.06085203404997	0.525482898237988	59
0.069311425573123	0.273578652810828	59
0.037290993972375	0.455919842207971	59
0.02334179226197	0.312443999394381	199
0.019402027511307	0.306365806178648	199
-0.122011790401878	0.574040692780243	199
-0.067408863781017	0.36886238542443	199
0.112809517106655	0.138320019120557	199
0.043096896921258	0.37917620494633	59
0.02145730199266	0.492602399215114	59
-0.01623659443301	0.483503116968872	59
0.00959349562141601	0.280059365340216	12
-0.063272896201489	0.617980842788504	12
-0.04283392182426	0.603299841833923	12
0.081175732620771	0.223995037977324	12
0.038304059846173	0.302797699369558	12
-0.046328854206305	0.294162125023781	148
0.014930105982989	0.359625283662369	125
0.113359187081651	0.205195103702625	125
0.034763713338323	0.357854606039519	125
0.051204508380582	0.355179406658759	125
0.106540231907791	0.240673673504013	125
-0.024886665418872	0.394339625664566	9
0.107671975277361	0.0989738943125252	143
0.054999901764339	0.277814807654858	9
-0.069419847541544	0.406811081578798	9
-0.010962389736346	0.866164242755275	114
0.011747316489824	0.930486026160085	114
0.105027186101969	0.463515271081708	175
-0.023530016463596	1.25416854293489	175
-0.000569058652698018	0.846812644362148	114
0.00302226899538399	1.32350331168478	175
0.055235669865723	0.965860621789955	175
0.090616429171501	0.510954028082423	175
0.027294575400554	0.340641254494489	229
-0.104234284425822	0.787343779586445	230
-0.115815719953147	0.403658439438391	230
0.039633934875867	0.198457807182076	69
-0.079783682732456	0.189267657676448	78
0.064573554335767	0.140276901464727	265
-0.022018769769472	0.346310420971264	12
0.088123270370911	0.266111970172251	12
-0.039047020589593	0.335950983802001	12
0.031587717203072	0.468011072350926	59
-0.083709429141889	0.581879655289319	59
0.069056541130698	0.211671949870672	266
-0.028221331870538	0.506285121567459	59
0.120645245477773	0.22662342604677	59
-0.090970260143509	0.611366622026172	59
0.109858668342118	0.185277272926614	59
-0.076078607243527	0.675430264553072	59
0.067723417462641	0.309177903417185	59
-0.009675291070808	0.410608426119434	199
-0.081622957482285	0.475873562974051	199
0.035666671387458	0.273021741450214	199
0.087037460779203	0.28886742661111	59
0.021241822725281	0.303373770484293	199
-0.093956170504811	0.437488438449853	199
-0.092334660344342	0.509912304663487	199
0.026121192631594	0.319676699291034	199
0.079912028477746	0.264822266194069	59
0.079353220632942	0.316804492255819	59
0.097520387837455	0.268775598136081	12
-0.119837052443594	0.827303770142977	12
0.117472335103319	0.126107584049342	12
0.069202828616527	0.211468512384744	12
-0.0516598593167	0.114296718545794	292
-0.122977964865057	0.242878747706938	292
-0.103866282995743	0.508447407287153	75
0.041216690780356	0.318578682106207	125
-0.038804136281001	0.25146444538314	75
0.00761291047382401	0.393957813657694	125
0.068280861542476	0.316058175400421	125
-0.022218826921433	0.445240437500427	125
0.035460981857661	0.356397079410574	125
0.122476065832062	0.16839318506431	9
0.107324240155817	0.159242682751668	9
0.063594693445878	0.113556644367664	160
-0.011597404294437	0.211988788923198	143
0.104379530835398	0.256639641739249	74
0.048093683156077	0.352945150465529	74
0.079653947638511	0.365589901586853	74
-0.066910505548051	0.714530964287113	74
0.109171275457247	0.149822786598884	9
-0.091556992298302	0.508289079438744	9
0.046633752885167	0.337001341734295	9
0.025475402406663	0.38397679312172	9
0.108364763868964	0.75706304117323	129
0.079947113187616	0.689972615311009	86
0.108251482228521	0.361099245061769	114
0.124869459529039	0.539259547176823	175
-0.095223908706151	0.439573926495584	230
-0.114434763998958	0.401724410828819	69
-0.022478032238977	0.134552377386226	78
-0.123408791979077	0.367912043419646	142
0.09795357665079	0.255556167859298	12
0.00659170726751501	0.335731605647468	12
0.116426189974179	0.163209940993637	12
-0.032786054721958	0.297153695107015	12
-0.01952866503969	0.400211419392707	12
0.081831220374406	0.246355224487953	59
0.058880992971473	0.333036179452592	59
0.11085486563145	0.215291207224346	59
0.1162920492344	0.223421376572953	59
-0.070726798257192	0.44332322701334	266
0.00709122161214701	0.439236089681145	59
0.101320451177202	0.217970672470492	199
0.106714672295352	0.196488620764515	199
-0.121139695690997	0.471626054396333	199
0.102873987665723	0.221434396160749	199
-0.073035434779794	0.513637413094357	199
-0.03876217972405	0.566690067852823	59
0.10909598816868	0.224237905900649	59
0.086533108761087	0.191380496927216	12
0.111865702539773	0.207855765656556	12
0.079003534236735	0.296100693977235	12
0.024481322318285	0.32257221956527	12
-0.040334398816375	0.337741614137193	148
-0.00659713600342299	0.312715358070326	75
-0.054266407437457	0.370319603417019	75
0.050558634966288	0.356670104526222	125
-0.020689113284236	0.479793571388551	125
-0.050870851390091	0.493237294619858	9
0.052952196604629	0.251116891736535	9
0.052398816065552	0.272415373807781	9
-0.113661223245795	0.289291734140708	237
-0.071344333954458	0.477728181653043	143
-0.108657555402987	0.849168053636948	74
-0.01674589922337	0.52118030757338	74
0.050438215438906	0.244164787022371	9
-0.065803890271149	0.517922953706958	9
0.070265844063821	0.311735134390657	9
0.102366392928143	0.962086170254986	245
0.094164487665586	0.890363944630496	129
-0.038244594128876	0.850307912282118	114
0.086818391470345	0.391133606512022	114
-0.034980775397921	1.05041207463317	114
0.102911841964535	0.474222221022662	114
-0.085640703825952	1.37203577199966	114
-0.119236079938628	0.699319518841135	229
0.001307452238266	0.147385274496048	262
-0.123111493371038	0.242966235418229	78
0.000586215491743008	0.147897284378335	78
0.026899067539839	0.247995430640287	12
0.051980357494854	0.252596316116158	12
0.069988780960168	0.229127345568738	59
0.080398636870073	0.241275512437996	59
0.123437003785094	0.189645195021851	59
-0.01595243633607	0.310036206153242	266
0.095578641500009	0.211665951789939	59
0.068535898906719	0.249423290610685	59
0.067032183863186	0.251939923770499	59
-0.01174262100229	0.361554433628933	199
0.00914582944151901	0.280713495724648	199
0.112667131271355	0.174784922382675	59
-0.057282857977178	0.488701430537234	59
-0.039504923828194	0.33663891462196	12
-0.092688217216538	0.473555859458092	12
-0.070050783389111	0.442108845861291	12
0.100498717546733	0.182919303075744	12
0.032536780112267	0.265793167676311	12
-0.105045971154876	0.328561698139012	148
0.010834346244549	0.162020529098644	292
0.022394176110026	0.170362723326877	148
0.113228011513344	0.137825319355342	75
0.121446008332016	0.144011884492659	75
-0.115545612332609	0.403291496501067	75
0.01022073029645	0.225111753388348	75
-0.117623223735904	0.643973893038371	125
0.041112178324353	0.308496644522824	9
0.02231093657509	0.170485018707542	160
-0.00399037159712601	0.267449837448737	160
-0.038894388284334	0.335702026242902	160
0.00899623251470999	0.280881987261564	160
0.064107562062462	0.113201100422931	160
-0.045747053415552	0.293450687794045	160
0.0000586775736340084	0.148235683550258	237
-0.00563758830416	0.365675025744916	9
-0.093711651673117	0.512524694525547	9
0.021050753427847	0.303651005063543	9
0.023476795915397	0.312212985509816	9
0.029891750187826	0.257065144864836	9
0.110007902417401	0.598337318815843	129
0.039043104842832	0.451046941143819	114
0.100046819943499	0.340643812915871	114
-0.062008481497034	1.23380908967759	114
0.099182026516508	0.191996643209333	229
-0.11209547504488	0.53887341459342	230
-0.079567062871245	0.189102748087155	139
0.022380073334107	0.379547577976289	52
0.036147780381526	0.365169811354868	12
-0.05085522540367	0.113929791311759	325
-0.051509428217989	0.114203380422749	325
-0.00254885408730998	0.37427803183521	12
0.066955599773343	0.269551408333838	12
-0.014670595336869	0.406169097031098	12
-0.087433554746377	0.885724349728657	4
0.027785987198912	0.532014466812212	4
-0.101459872289	0.76614422337248	4
-0.013781852068503	0.262701651984356	266
-0.001473894001503	0.320277036505287	266
0.094581136605813	0.268821350481754	59
0.044782979677024	0.321641964361751	59
0.066671043976	0.261350656201267	199
0.05378358649787	0.249813680687476	199
0.022283647184083	0.5457478731046	59
-0.094179219031781	0.437911879300379	12
0.0000181439544749973	0.46341892805971	59
-0.02268995291678	0.302127764819202	12
0.066752211641873	0.0945422760073786	292
0.01058494668197	0.162220283724955	292
0.062158108997492	0.129099313284352	292
-0.013243921329417	0.262121399206364	148
0.011718208034617	0.353159485139052	75
-0.013695444422222	0.562025983523355	125
0.052627778208449	0.436512389677133	125
-0.037478771600564	0.603940444659366	125
-0.029600642242846	0.572834159401359	125
0.116999517670516	0.216841342816043	125
-0.038890521463065	0.251598081027703	160
0.00585547905009501	0.337021068540423	75
-0.028464162277704	0.206423910146317	160
-0.058580747426362	0.247798457899284	160
0.107489628608857	0.0991126283555716	160
-0.057731153297353	0.408360153169499	143
-0.063555639882254	0.589832404830196	74
-0.081689348338597	0.476177617221408	143
-0.123111493371038	0.242966235418229	237
-0.023127021473719	0.30272814504019	143
0.047202807111124	0.481237777624354	74
-0.092672644259357	0.615493305464401	74
0.117159885374352	0.12644347894369	9
0.036339433335381	0.420720116938585	114
0.056729877575422	0.805411452699914	175
0.02336581761299	0.763504859851741	114
0.018984950992153	0.669581613704226	114
0.018456698634474	1.01802165123812	175
-0.110297520859926	0.574529756532789	229
-0.035575583333901	0.712385523568215	230
0.077590419964501	0.0705269291433486	139
0.01032990379928	0.224973327491381	69
0.076681667763743	0.0708869259391728	262
0.063860515934769	0.113377323003526	78
-0.100457036236612	0.763012937236666	12
0.00480330688692401	0.432125111665774	12
0.115374126011431	0.0838105155869475	265
0.067246759682515	0.0942982306112401	325
-0.00373837600097499	0.37653471067778	12
0.083017098516292	0.221157815383917	12
0.022168915973632	0.379988223572256	59
-0.108539518145169	0.80074168872678	59
0.003846237114216	0.326310507140018	266
-0.030691885512745	0.342327047487697	266
-0.086743170627775	0.729604577279414	59
0.122301540945793	0.191646021215603	59
0.055187296894612	0.405346532170875	59
-0.00326832569110003	0.549839749752814	59
-0.083187674157947	0.916030277007729	59
0.068129008704693	0.292119541263567	59
-0.019931802913767	0.440502122288628	199
-0.08276614543186	0.737630421296409	59
0.01247928693495	0.290242668578905	199
-0.04389185692043	0.373917246923305	199
0.106212814285311	0.197289519733523	59
0.026640001818935	0.497500102180586	59
-0.064549199592523	0.621354021104882	59
-0.086551021516095	0.760933830504815	59
-0.041347514567253	0.639836775529036	59
0.1037224733475	0.171245316751057	12
-0.056811820592735	0.487653429023514	12
0.087828467060479	0.266677874082644	59
0.038805455443239	0.379395130596728	59
0.052249081942586	0.252142115618477	12
0.067459204514638	0.26005996314786	59
-0.086387788919509	0.246404983872412	292
-0.022333557581422	0.134487452099993	292
-0.021946757622245	0.134275185027705	292
-0.010674119420208	0.211124837866105	148
0.079041826970418	0.235487403677855	75
0.068332969277211	0.258402487779863	75
0.106650535795677	0.234683637723514	125
-0.031586597916181	0.343647401332765	9
-0.04590535791912	0.293666212209163	160
-0.028099671434405	0.206123441305219	160
0.069113274070865	0.181466221210164	160
0.030271936545346	0.345955435689418	74
0.123823366032469	0.215282259447245	74
0.086260148747046	0.290557427819461	74
0.101788931649324	0.18108595893592	9
0.054358733193064	0.278955458151743	74
0.017592095394284	0.296156614647098	9
0.123170091368586	0.2118896898558	9
0.058310536596822	0.316837275648562	9
0.124345887258845	0.22982657246703	114
0.104482400242509	0.616899895839757	175
-0.121396392240941	2.18428514971708	175
0.069545544946587	0.468683440992654	114
0.088920004552394	0.614247462412924	175
0.103626719753101	0.592331661296215	175
0.12197943196322	0.258664609996315	230
0.016571221498584	0.410324141938975	230
-0.046223272017415	0.294066023166342	127
-0.052112495471293	0.114466940015057	262
0.00985943419421201	0.162729266655973	78
-0.080531750478295	0.189739709538567	78
-0.122196176349309	0.242238734612479	78
0.056003638308284	0.285494677296842	12
0.027148317163529	0.440087634228251	12
-0.049877676704523	0.199599255757215	265
-0.071323130770733	0.444367534989808	12
0.032605449060509	0.569078397991654	4
0.10757684809801	0.232888495454649	59
0.03250597690402	0.410330173976483	59
-0.084022712592797	0.515470221828823	59
0.077758708243652	0.306258124742373	59
-0.11986854209562	1.03177812565548	59
-0.083128517036547	0.580447117683684	199
-0.02815413357405	0.54518271647258	59
-0.109776554810451	0.437428597456827	199
-0.095225509339379	0.967598396770948	59
0.058392652531314	0.31666528131451	59
0.025649064786261	0.24963259225069	12
0.069505465078976	0.201252444198059	12
-0.010404548962383	0.359200978587972	12
-0.076149745425193	0.644993117131073	59
-0.117841908392151	0.508779205435279	12
-0.022673798441114	0.134647807833755	292
-0.079567062871245	0.189102748087155	292
-0.082967186450455	0.329425608468766	148
-0.040515170484171	0.338077617207668	75
-0.01467560596223	0.515795446671705	125
-0.017698728418622	0.396798775686362	75
0.098483361754152	0.192989459787802	75
0.116789488007684	0.126831743251752	75
-0.09211045917046	0.884367104399585	125
0.060367623412994	0.379225523419277	125
0.040338040103027	0.375879062079044	125
-0.038117190282597	0.498561515218497	125
0.105927281364638	0.197669532467563	9
-0.092111317294773	0.54532881161697	75
0.068681600868818	0.240289598861384	75
-0.086138185291258	0.246144287310473	160
0.029746422870049	0.17999511301714	160
-0.086546094468107	0.246532677249654	160
0.096234466917573	0.136940040330766	160
0.031627693302993	0.343298191785615	74
-0.040972628847935	0.338736639629408	143
0.122036971475582	0.197120570677197	74
-0.02290845069464	0.302430748203843	9
0.068979820102212	0.230701796040801	9
-0.035659198740262	0.467565042001883	74
-0.081543697518934	0.403541836245081	9
-0.020060695019784	1.30486610426275	86
0.120116908711974	0.443422281557644	114
0.123463061244076	0.401929203146804	175
0.071874684472735	0.673205570738176	175
-0.02218908576236	0.134407792765905	262
0.078352196062898	0.0701732353428605	78
0.080027942047905	0.264526554568385	12
0.05337997340524	0.260722353256081	12
0.069426438453053	0.305614334568307	12
-0.061789583074375	0.556905236556061	12
-0.074957281030958	0.517629365100314	12
-0.091168372326295	0.543136367805399	12
0.077342692559202	0.299765537992036	59
0.090922103854119	0.177105594119957	266
0.056894852598701	0.302068312958381	59
0.040973135910903	0.30874955200109	59
-0.117176805599041	0.818546046490029	59
0.078222455074667	0.244852124371476	59
0.116694364345598	0.239841686635999	59
0.118068987506251	0.209561626210366	59
0.109516824149175	0.223447239058295	59
0.00847395107377499	0.28166812385464	12
0.099017537381258	0.192251662228334	12
0.000683043325648003	0.147831479835287	292
-0.02459332016005	0.256832700747948	148
-0.00146053203742902	0.320174585944893	75
0.068567844170381	0.307417483102205	125
0.079520374805591	0.272984952351329	125
-0.070422685117478	0.906419066085612	125
0.069628629989803	0.229694708324784	9
0.123000523725253	0.142134634362724	9
0.066726017760071	0.150887706726681	160
-0.039903678479434	0.252580374656003	160
0.106251331298545	0.100009827818944	160
-0.098409643712486	0.36402479027356	160
0.019746695271934	0.425839122827463	74
0.050636355840602	0.356499673836671	74
0.078352872887962	0.319259779684079	74
0.116746095043873	0.162749272079157	74
-0.114184940494434	0.795729136215314	74
-0.102031933406303	0.543087780718792	9
-0.015961879772916	0.352984252463558	9
0.069808897287255	0.229426112650249	9
0.067884646417259	0.182855089838497	9
-0.047200057907189	0.625181965025668	9
0.09391481492636	0.944919158756293	129
0.079921046227122	0.675484459190007	114
0.031175754388976	0.708474111046833	114
0.092568133065345	0.54308888144426	175
-0.093285518928946	0.474629511123549	229
-0.034324376558271	0.299127265139906	127
0.031564861241102	0.353948587319405	52
-0.113623824296133	0.289359675440868	142
-0.086071166451734	0.246103746203283	265
0.120779818196168	0.151099176293951	12
0.087470220554979	0.274156235306233	12
-0.010034875310782	0.530850346984091	12
0.090306336233554	0.169497432273099	12
0.008008587376478	0.333261661946472	59
-0.03549927864688	0.613460606175997	4
-0.00426151344688702	0.267832916475948	266
0.102135314335629	0.210171310459125	59
0.050770377695202	0.356176559277825	59
0.066736929392782	0.278398216009372	59
-0.093285518928946	0.474629511123549	199
-0.081678401203735	0.440552519178094	199
-0.03948133185511	0.673477721093711	59
0.04694885690265	0.214626981563556	12
-0.00357846535287099	0.266933985798239	12
0.094574416800727	0.213330814878601	59
0.078525364974826	0.282382374918642	59
0.101238983299309	0.181885838801912	12
0.066654848067526	0.0946113815907912	292
0.065202925148598	0.139797090780993	148
0.119818437347692	0.152403991407131	75
0.101306850763401	0.304325290873977	125
-0.029244572726691	0.709326147915143	125
0.046738977120466	0.441764127381386	125
-0.058153515396064	0.6219474037007	125
-0.082180916694617	0.641301813401419	9
0.107671975277361	0.0989738943125252	160
0.030556282223395	0.179236276714058	160
0.06195080831739	0.129237775238204	160
-0.011438033271964	0.211848280481976	237
0.003038799910032	0.436100502321457	74
0.119192029407224	0.229664469923521	74
0.023773918856684	0.387616274622189	74
-0.038555464965804	1.07575344995781	114
0.042991445775376	0.731288334949186	114
0.082935102172557	0.687827687278951	175
0.010743647532768	0.162095570844531	139
0.01693791975354	0.232636150487787	69
0.112745951978109	0.26342752664541	12
-0.052759346981215	0.693874018073216	12
0.062158108997492	0.129099313284352	265
0.036693680013736	0.187992006831888	12
-0.015549310301647	0.481866704419189	12
0.104125777688291	0.262776554950221	12
-0.054418395571682	0.370591365953782	12
0.04970816522043	0.234063438497673	12
0.116704615166494	0.162811501515343	266
0.113524474498144	0.234259408506842	59
0.022747789924089	0.563466753378764	59
-0.05485903579095	0.557748626690094	59
-0.101127625707519	0.614166117979118	199
-0.053523357360207	0.626417866292863	59
-0.040422181806144	0.596481732106537	59
0.092575409729111	0.223622735401303	59
0.069337248752362	0.337241812807602	59
-0.031426355357098	0.616358371345037	59
-0.007078314998054	0.368321777697136	12
-0.086275146632749	0.246282813413928	148
0.00105600717481899	0.218164469912512	148
0.081619831167825	0.231367148098218	75
0.074599975340763	0.335146044590402	125
0.060624852021814	0.394204211389439	125
0.07401070714905	0.364772558687328	125
0.077090027921752	0.314995974903311	125
-0.121851407567631	0.847482192843172	125
-0.011764572912479	0.260218657493904	160
0.048885424983683	0.223928494633532	75
-0.109689619365072	0.437296523809795	160
-0.043592631294773	0.373399393411065	143
-0.099589305704977	0.537747882340129	143
-0.082688674135674	0.768109921100495	74
-0.072237930236156	0.683358696301264	74
0.06792762760287	0.250422808466678	9
0.106163520384236	0.203504260854665	74
-0.034454059583439	0.530378483415437	74
-0.00177942398077602	0.32078170655141	9
-0.080781720672007	0.402367170705752	9
0.108041846370595	0.891804690658221	129
0.074532801918361	1.00117007904691	129
-0.00166906774036202	1.17789990359813	175
0.055090964922101	0.912757984050286	175
-0.041649449125703	0.640744478361027	230
0.092205249239626	0.231202448233172	69
-0.08352809471513	0.288290637168323	142
-0.058559607459159	0.247787454402326	142
-0.082818718544796	0.828509578411893	12
-0.040525946652048	0.700405088295836	12
0.111258043538864	0.24428236082404	12
0.06058642720426	0.386549650577137	12
0.080845942170874	0.240504122022107	12
0.098018911135088	0.249175882220272	59
-0.11466784615155	1.064674981986	59
0.053444932557069	0.393558433427833	59
0.120733422220432	0.176505410494453	199
0.104210795204456	0.25124874550007	59
-0.037051123064843	0.641989040520436	59
0.080744708245069	0.356310833044761	59
0.034661810303845	0.415156854826441	59
0.001182017471623	0.517874277918768	59
0.04491724332488	0.340661960519088	59
0.078141598988502	0.268160592594184	59
0.00486722624045799	0.431972484674417	59
0.110874833654062	0.209580837451887	59
0.100373467849732	0.225897765079528	59
0.087436050611809	0.301131745800666	59
0.000186671618021994	0.429855700709619	59
-0.043774631551616	0.563628698346365	59
0.075648044910891	0.32550374694038	59
0.029630031771027	0.180096310199489	148
-0.062481211529762	0.290753386710968	148
0.026307908348202	0.248781751332073	148
-0.033043800118015	0.297512447714275	148
-0.024264344644494	0.586650651555774	125
0.038795188248794	0.379476211029291	125
-0.052902864680011	0.624436970526982	125
-0.077587745981547	0.740590827032915	125
0.046803084544645	0.415687405791393	125
0.033744428961733	0.407288053925159	125
0.042702461287913	0.305497356476018	9
-0.025425455252719	0.257710600760358	160
0.11628693401039	0.163404822009698	75
-0.054162701058323	0.452540633634704	74
0.006805622196805	0.48365597418061	74
0.068684390779228	0.181958821375353	143
0.040451782346115	0.455979571319985	74
0.008091844859029	0.533105746781063	74
0.057305230003459	0.318880490319083	74
-0.063706316391534	0.619142450259481	74
0.071719615518071	1.01621126584664	129
0.118064770748308	0.646510263900795	129
0.080113114296097	0.791386121477298	175
0.109953553218004	0.612659725201702	175
0.006314002850213	0.336253699156427	127
-0.00393318240482898	0.267335122815456	69
-0.017303168123297	0.685480749805077	12
-0.119190533863744	0.825335467276445	12
0.079239485453882	0.360277968581615	4
-0.119917929370985	0.962649656264607	4
-0.089011330813653	0.704254787328735	59
0.103656226193408	0.252383849618595	59
0.096522260126626	0.338116047297493	59
0.123505968256158	0.231683938242749	59
0.043222787476347	0.397890865008794	59
-0.028613427017275	0.584939772920631	59
0.042138973945515	0.3168877596141	59
-0.05856861711302	0.520711061840457	59
0.066980074206841	0.260856727303743	59
0.109993329699593	0.148822223467761	148
0.084544103079661	0.210733054363455	148
0.043635002669825	0.406086761139903	59
-0.12149485954712	0.919599935211128	59
0.03808468236789	0.37108893643345	59
0.101252345806732	0.218077493393889	59
0.105779653369005	0.16131728172153	148
-0.08183063978784	0.476420748823328	148
0.049518002885121	0.340430090528803	125
-0.12195001713877	0.885050432930053	125
-0.115246885259247	0.849126172155082	125
0.118250502071974	0.180499170076217	125
-0.030562793208656	0.613807375644788	125
0.090680317855132	0.247501706859335	125
0.119943441854817	0.228070918161287	125
-0.090825023713769	0.611017626156443	74
0.056242682926696	0.294312174031326	74
-0.00980084409265097	0.460159142542482	74
0.046607059125584	0.41632649302378	74
0.03649877244184	0.354071475406209	74
0.035879793615201	0.431605546532601	74
0.122390489713488	0.168514606108387	74
-0.00647503546717299	0.367232088953051	9
0.043664652862254	1.03083237067329	175
0.114751245122749	0.466907251834945	175
-0.112244312837535	1.83260162168853	175
-0.040593194303183	0.461171854871515	229
0.010789002823596	0.162066058462592	127
0.11243756694767	0.138733489976493	127
0.096912182453407	0.202544466083479	69
-0.105045971154876	0.328561698139012	69
0.117748960090356	0.181282364853059	52
0.055756051826514	0.313156313308357	52
-0.092985279197828	0.435715371935726	12
-0.03080651097798	0.388136018431193	12
0.00220750755210999	0.275196101589376	132
0.066562963361939	0.261586392962591	132
0.112462212033269	0.175119579539027	132
0.124091597482403	0.16046712287834	132
-0.073769350296277	0.515247974535607	132
-0.00426151344688702	0.267832916475948	148
-0.014752880240497	0.308364707825577	148
-0.022732549049385	0.30208175110441	148
0.086511980824957	0.19969513161201	59
0.087888795413003	0.189535846060547	148
-0.071811428497854	0.478623101027573	148
-0.00895072990951101	0.409119094611522	148
0.053143349846381	0.250793772253821	148
-0.044936086344358	0.375667613190385	148
0.068996264954893	0.181579464243223	148
-0.092701225906875	0.473597274144692	75
-0.070844981431631	0.443313692882466	75
-0.027993039462691	0.38313698272698	75
0.068237355814998	0.275628274647367	75
-0.108750129719151	0.609065480780969	75
0.119625589152818	0.152668477600066	75
0.05244082148742	0.2518973562677	75
-0.022856435078268	0.347668606686479	75
-0.008538178737657	0.315672918417354	75
-0.06414723786276	0.483627165870427	74
0.068840328522726	0.181771700852149	9
-0.094701560951983	0.438718100126893	9
0.030415140380352	0.256322499741554	9
0.047059426730509	0.214536889564781	9
-0.051709653283511	0.495051955601871	9
0.020462133615697	0.30466565035415	9
0.067235163751902	0.260445640603745	9
-0.012661285180968	0.261403716275777	9
0.009630128198028	1.41285664926931	129
-0.017298346677091	1.43604148636076	175
0.060445286532306	0.94376452448513	175
0.032501278316208	1.16035178659814	175
-0.080433392197757	0.189696029834789	139
-0.033156419237894	0.297656083845011	127
0.089002617241972	0.437938594380125	280
0.123899923947783	0.226333013223076	330
0.016837640136297	0.232760526649519	46
-0.091358437602866	0.578354095067819	12
0.033915682701753	0.604880322714973	4
0.017130610496429	0.532053094338795	4
0.11043385330168	0.216066369366029	12
-0.00575749484367599	0.631351866595728	4
-0.074333004528884	0.729921677253758	12
0.048149279775339	0.501857699204029	4
0.08835981340899	0.279184346681681	59
-0.010769675371411	0.497861460952342	59
-0.046728577364077	0.456330280765686	132
0.073293024219948	0.406471587742661	4
0.086694539264758	0.349015301537743	4
0.070253471077085	0.200230506479417	148
0.089850560253825	0.170050212043822	148
0.052389740328698	0.241351246081462	148
0.116575242873767	0.127054944399492	148
0.121929066663943	0.114556658795301	148
-0.013198566133414	0.262010727077956	148
0.020641714231969	0.304375616136362	148
-0.099513912174471	0.725636614437042	74
-0.120602106725575	0.792220319616246	74
0.072772866470109	0.388380853828271	74
0.071046306378252	0.40667997248388	74
0.055055539550117	0.287248939938713	75
0.090754206493623	0.240560722789297	75
0.013078739321459	0.289363009145752	75
0.074249012846333	0.357260255443618	75
-0.00708398269006699	0.535720705013145	74
0.045626232598705	0.329704702568604	74
0.017609113012591	0.366468827868439	74
-0.093292282693171	0.511674431907246	74
0.098640889219105	0.297804294820748	74
0.021284175403905	0.577836671069756	74
0.020501467192262	0.304598963737037	9
0.095970185649893	0.137199867941905	9
-0.004892396768167	0.462187895476819	9
0.05017495978107	0.233550069107358	9
0.06729871501854	0.161991897427914	9
0.11942185985544	1.08057388312945	129
0.028408501372534	1.55968622328864	129
0.118916328118862	0.542164414836408	175
-0.03662718138177	0.843026740613767	175
0.121448899884989	0.240753392328916	170
-0.02290845069464	0.302430748203843	230
-0.022235731413024	0.134419762727605	139
0.00119275283499801	0.517885491962729	330
0.107652516607254	0.26273480441097	330
-0.109470735965125	0.436952860546801	46
0.102349197741193	0.464083581468359	4
-0.09136617259081	0.507957122349097	12
-0.020608408400064	0.924316440177926	4
0.068204919820213	0.347471988279567	4
0.039125264314325	0.450812004486636	4
-0.0645268360816	0.678839433944171	59
-0.070761603512224	0.679071447262841	59
0.00163735072069199	0.559161994208934	4
0.055725624926313	0.285993968752006	132
0.067090069299091	0.162191800395903	148
-0.049976812809268	0.199695961940604	148
-0.038006143030306	0.250606502352525	148
0.010993050614777	0.161905443744543	148
-0.00480500309471899	0.268510121785739	148
0.062561886198241	0.128786767697525	148
-0.083251456839221	0.288014817032554	148
-0.065828639864365	0.518011838501341	148
-0.116358311595184	1.11681662209574	74
0.083232579467691	0.370557054553888	74
-0.076590411072448	0.941767806304501	74
-0.082475865799004	0.736779736962077	74
0.024893215040923	0.33358382117023	75
0.112590166921937	0.138563108410024	75
-0.03422438889215	0.29895578676638	75
0.07589742265781	0.332129766466797	74
-0.047516167996492	0.599756935029946	74
0.116600289600129	0.188709128223107	74
-0.098004165263636	0.641169664707122	74
0.020309266540948	0.372580113113898	74
-0.073351862456822	0.716333437129504	74
-0.03237424926024	0.642291148260109	74
-0.098618655281719	0.642649273648585	9
0.096778720726791	1.59025735168955	156
0.063125016899941	1.07727050773259	129
0.047136761006927	0.818115971704271	175
-0.092910556584722	0.85593088878575	330
0.104108413231824	0.21317787460881	12
0.100853235184471	0.37499952838982	4
0.014744408443987	0.566049596736692	4
-0.105059141366424	0.671969729353679	12
-0.01103464654842	0.612723973805504	4
0.105490368473563	0.278278804751425	4
-0.010684213844659	0.35971209753205	59
-0.121916455372022	0.847760806320064	59
0.027466974189949	0.328977025047257	132
0.051712656756744	0.242351644106767	132
-0.029513852852442	0.548652092063567	4
-0.122339630190652	0.242337181124196	148
-0.04993536714852	0.199651491268449	148
0.061793511331295	0.129362951522058	148
-0.086637441092242	0.246610798484585	148
-0.101725354114664	0.54248185886815	132
-0.014752880240497	0.308364707825577	148
-0.02845162837745	0.206422562975268	148
0.099024549416908	0.125173372750424	148
0.087451190044036	0.190117748216117	148
-0.110177993516338	0.612372246520291	148
0.122887525901106	0.27615695252547	74
-0.012485367999292	0.558453178403963	74
0.081098244722358	0.255167240087973	74
0.080072981344769	0.376928963631808	74
0.000370749258384012	0.218894774807635	75
-0.028281926782148	0.206277305804774	75
0.099308711841434	0.124910330419924	75
0.043609756611235	0.206633779328663	75
0.068046195432234	0.259042323904074	75
0.107920303981981	0.188237785316227	74
-0.00600313283217901	0.545293926336415	74
0.060081194289788	0.371960759988747	74
0.115730801361672	0.190115041482573	74
-0.090892468415502	0.611195615859961	74
0.1213611627937	0.198337386708938	74
-0.08429319995605	0.28907826179728	9
0.073634970905624	1.31102832987348	129
0.09205709700096	0.712260536900819	129
0.10102071066225	0.459689514445209	175
0.055224229859775	0.277414003141415	230
-0.080059352563962	0.18944886748509	127
-0.048942574026845	0.947149496396938	280
0.06397819519291	0.438436309102082	330
0.113491635063822	0.354843019109431	4
-0.093128280554773	1.12091022246498	4
0.066277041659864	0.526420424053952	4
-0.056743846882571	0.888097330077924	4
0.115332637526396	0.326690028909716	4
0.116857683989187	0.244357483280573	4
0.102798460130904	0.179572020930334	12
0.068447280268034	0.240661803013351	59
-0.00984399036758499	0.495600495950118	59
-0.036378436255987	0.600758050411981	59
-0.00356503398397401	0.538224590977916	59
-0.122877996949147	0.76106836215169	59
-0.076972282726406	0.768028530631088	4
0.042402914296651	0.399952866763073	4
-0.065642762857578	0.682313901804953	4
-0.118357118982267	0.908718054609477	4
-0.094434118268262	0.830140871155694	4
-0.008954359944643	0.527830278612345	4
-0.074942629117709	0.672032067627696	4
0.063397188202774	0.1281321838144	148
-0.105165470487472	0.328705320616135	148
-0.03961541917174	0.252322425515145	148
-0.034110760333782	0.298873324234343	148
0.00943565023019799	0.225995069950365	148
-0.030703378664559	0.614217461942423	74
0.077854324189318	0.376873734700804	74
0.046407293619085	0.451104955289128	74
-0.106346630629356	0.908562950549575	74
0.068530051967554	0.323507955044788	74
0.00769745942626299	0.481291082663107	74
0.029333109498711	0.347750594883479	74
0.071599344490484	0.23542147483503	75
0.087461224172204	0.341079332275898	74
0.104674995560876	0.169969381306889	75
0.105605308315881	0.161467494585386	75
0.05934456013251	0.323372429373603	74
0.090599273639604	0.247659905597591	74
0.078695003195258	0.267119275872855	74
0.120490274164231	0.217130244519347	74
0.087729680530678	0.27378298893453	74
0.104748769438098	0.255824952142287	74
-0.094970467308979	0.734012095049247	74
0.102949868289463	0.179414086266842	74
0.085705830630328	0.31170155930631	74
-0.051474212341236	0.333709791740158	9
0.094288616579794	0.147719085602294	9
-0.09143778397736	0.543822004538252	9
0.048213243690078	0.224768675391998	9
0.106161184568664	0.728852555273641	129
0.100318683437611	0.742627692151626	129
-0.067102647877269	0.368441090749305	98
-0.031288744688168	0.343223139181949	127
0.047591810273669	0.495714711184308	330
0.030439658390837	0.179316750151107	46
-0.03167194740764	0.539068664446317	4
-0.060298422758718	0.524644763355706	4
0.00642066305397801	0.526711879439534	4
-0.017713660881824	0.523884880841381	4
-0.097277507689865	0.639272916631636	4
0.115159131515703	0.191043747627821	4
0.113845943553911	0.292465876688581	4
0.096704816004757	0.332277712118421	4
0.067229946853973	0.269082066579027	12
0.124843212697816	0.203819996739311	4
-0.038839729016998	0.566926583260215	59
0.087816819327248	0.273529336695611	59
0.076395368371988	0.286582887570446	59
-0.091582320808756	0.645781252303253	132
0.116403118125137	0.217930066178172	4
0.109931159148819	0.216973422783482	4
0.006167407927227	0.336469480154429	132
-0.069118504098429	0.406455560787282	148
-0.08061181865143	0.474028839428585	132
0.113065008273557	0.174227779128152	132
-0.094701560951983	0.438718100126893	148
0.102594434794317	0.172752167431998	148
-0.042089762293945	0.53342812801811	74
0.047889428368619	0.353339254784201	74
0.00255617236456199	0.424471622392128	74
0.073709931138957	0.365560282064623	74
0.016639531948053	0.462792633706803	74
0.052602841181492	0.369862050737191	74
0.05905617213432	0.323992268323807	74
-0.118598136622518	0.735048372446333	74
-0.016704001869883	0.447931686149979	75
0.118335101654656	0.180363157800651	75
0.123452887160436	0.141566156978411	75
0.104078399777728	0.170783279837254	75
0.00237436762710999	0.328819922033187	75
-0.111636042674432	0.702565097996978	74
-0.068772134414007	0.554997011005477	74
0.045305325468052	0.320655127499724	74
-0.064922350065093	0.622269130359576	74
0.059150077540093	0.349546242282106	74
0.107386360611818	0.195407742658785	9
-0.075248708961267	0.581552751239035	74
-0.083771591999834	0.614035833322573	74
-0.00419774952921498	0.460485874572171	74
0.101514914710206	0.911703316220203	231
0.110491747697341	0.685426819946205	129
0.117568575009203	0.595976623688688	129
0.060823288605766	0.849301785193655	175
0.062158108997492	0.129099313284352	46
-0.09075755460061	0.610821340913065	4
0.061509661975058	0.376300899728787	4
0.060216624507429	0.468379938022026	4
-0.045560218159271	0.764572504622014	4
0.036209829155407	0.421064007700749	4
-0.053999871018238	0.452268242976195	4
0.013784422556582	0.558690675666348	4
0.051274661509925	0.390543414396058	4
0.121365013209853	0.30129643351708	4
0.026343401104947	0.442108131779449	4
0.00868690967682201	0.391672237572149	12
0.00387861151893701	0.388862703007725	12
0.067947523699792	0.300402785088884	59
0.05698660806009	0.328340692046784	132
0.034227169482271	0.416200451792305	4
0.067308920219165	0.334132131881016	4
-0.082380084441964	0.477480231452571	132
-0.11531374608367	0.504198928792655	148
-0.105069462459598	0.470910381729013	148
0.103895476628586	0.213548250499793	132
-0.068830067789797	0.555084284432869	132
-0.110063022284933	0.61208529372883	132
-0.00928548839175303	0.494196426074742	74
-0.096525549752894	0.771941911692157	74
0.038153412810303	0.370928846893867	74
0.095823269471872	0.272506335169885	74
-0.090219110976747	0.642311755461109	74
0.086061843323627	0.31085113506728	74
0.00450210947951499	0.520455616674709	74
0.05457919484847	0.288120917974022	75
0.0908515515768	0.240402435078578	74
-0.013698913824182	0.527247337205016	74
0.087621514000029	0.267104378208442	74
0.11146102357441	0.271334168063586	74
0.033744428961733	0.407288053925159	74
0.022402900688195	0.301342655370536	9
0.053984917501244	0.259737414747265	9
0.088388267530916	0.18047458826665	9
0.00695288948350201	0.335161805366118	9
0.011178756594672	0.398607445773714	74
0.079802184131279	0.257596907540197	74
0.100436629822955	0.23822564943621	74
-0.00410239941997098	0.460363166050584	9
0.1134291802571	1.11306506179921	231
0.122251773943308	0.622390542327049	129
0.019111610457146	1.25283071479238	175
0.00613078931625999	0.589792226112938	170
0.069683018789272	0.462093518641127	170
0.064240550717198	0.113115012407723	127
0.072355965298951	0.389464053542361	330
0.063214596413086	0.113805847152787	46
0.061430315542597	0.368629488154143	4
0.00683142433938599	0.536920802280637	4
0.083665058664793	0.375333973147881	4
0.00205032784421799	0.620805498158465	4
0.02882353297593	0.456047830616643	4
-0.006410925112732	0.725677291228243	4
0.018094183059358	0.376892403503517	12
0.099446497144198	0.252453019772788	4
0.103211269685483	0.294302608329078	4
0.010644835276667	0.342055850750475	4
0.00781296717385299	0.437502537905895	4
-0.035992744871833	0.638833237755589	59
-0.120769975362227	0.843787413815847	59
-0.110666158808074	0.575353530056165	132
0.046310322225292	0.337841415010571	132
0.083990003877468	0.315753774672754	4
0.032084501897512	0.485570453508988	4
0.028885773851136	0.445768885699348	4
0.040530583503779	0.197492490640924	148
0.094401740670411	0.147599689096242	148
0.023125024141521	0.239256606772289	148
0.053131444751839	0.250824329224181	132
-0.00422039890632803	0.2677669185127	148
-0.013938896580364	0.262905423514021	148
0.086624517111982	0.282915511298989	74
-0.083909092946872	0.772034440745949	74
-0.014840467410544	0.565325553739688	74
0.086813049765793	0.28254042672784	74
0.081885222648971	0.333995246043324	74
0.068637372309472	0.368784168165018	74
-0.035100935943688	0.466348983073784	74
0.077818637450223	0.334488841491421	74
-0.052191830754072	0.595533611516204	74
-0.099765215741568	0.575042598782193	75
0.00488579512236001	0.431918800726919	74
0.113619829902165	0.137403746058579	75
-0.000876462892132002	0.319284168851493	75
-0.01969915808504	0.400621688162709	75
0.118911326616181	0.202782083650504	74
-0.096965277248904	0.672064216402189	74
-0.119474306780082	0.788525084175113	74
-0.071816044398566	0.68216137126535	74
-0.104561521220251	0.822914067415427	74
-0.00850129917891401	0.539589602180366	74
-0.09914959042864	0.609442006727809	9
0.080549595415762	0.233090666558199	9
-0.104544560007204	0.822878428067527	74
0.040848564603364	0.374763787453265	74
0.081903638160955	0.238654740742407	74
0.086689145175216	1.33823740324992	231
0.118098026385705	0.764630369598346	231
0.072012000823677	0.782482839924924	175
0.115060599070304	0.253183924684257	170
0.028129648388183	0.339082089474391	170
0.113456106162039	0.326755400364697	170
0.122548085334946	0.142695532700564	98
-0.080315124726085	0.189596993255749	127
0.06323935430617	0.128264710220096	127
0.066017007604469	0.397426845062307	280
0.035550271146457	0.189164198750947	69
0.060397916934519	0.417489475657067	330
0.011151758919	0.16178079036033	46
0.059919713475133	0.426279801608703	4
0.067816884771544	0.370866908209435	4
0.097785702636079	0.294273543249554	4
0.097049076693859	0.257413977455721	4
-0.047002934863136	0.598408021598061	4
0.047530562588901	0.422477885908642	4
0.050167242376965	0.401819075781023	4
-0.046458217255499	0.596849333665443	4
-0.110018700027903	0.853823631211609	4
0.106039380755965	0.241665359371164	59
0.047801075880303	0.344099718879833	59
0.00153338163328701	0.426887431398412	59
-0.069629775405102	0.646069016151708	59
0.103921058985273	0.263204524518374	59
0.100799136984101	0.237504296016327	59
-0.023821423617513	0.585543925795595	4
0.086009135790012	0.304459995043311	4
-0.031149519152151	0.674898300858491	4
0.069351320119513	0.344712709808364	4
0.010967460657837	0.399065513911802	132
-0.109980503165844	0.697772467928439	132
-0.00710629806067098	0.36829849194386	132
0.086089325687104	0.200323456250976	132
-0.1229983203953	0.474617910336333	148
0.079690208829324	0.2502344759247	132
-0.08340691088597	0.548199224277444	132
0.123810691007136	0.14109842309735	148
0.086627689385698	0.19123810446215	148
0.083307385697886	0.212593751185049	132
0.058100205789293	0.317275815934882	74
0.087069439855176	0.295465881017597	74
0.046518800018384	0.433878619563737	74
-0.065972287987365	0.654320153843986	74
0.061827028583764	0.359646619644924	74
-0.065432555818114	0.681677503424036	74
0.101955235941063	0.346739430281263	74
-0.06440507393904	0.8046390696232	74
0.050357734887634	0.357134291739561	74
0.100317163261025	0.232258906822775	74
-0.012538687971363	0.48860886456121	74
-0.11746460790033	0.731926351634041	74
0.053514641398452	0.280408890857112	75
0.069216459085754	0.211444338601462	75
-0.034822582332717	0.465780714997448	75
0.043941186573901	0.323386373238444	75
-0.00331958191115	0.458479466098971	74
-0.041358145957327	0.531552605181717	74
0.102253172197649	0.266934025471163	74
0.000701087849979992	0.474491541635571	74
-0.00916439102509697	0.528414903715241	74
-0.106403913802588	0.794196147005609	74
-0.05320383200189	0.553462103344131	9
0.020667063636919	0.371855841032366	74
-0.012710800748878	0.524606389015081	74
0.101788931649324	0.18108595893592	9
0.123212234532235	0.141855244084266	9
0.108456676238158	1.37758780971577	156
0.040758359422325	1.35128883159886	231
0.029417357277363	0.618785206059465	170
0.043453213650767	0.206821933229914	127
-0.104265609031033	0.669866070015473	46
-0.066577717615438	0.367650003646444	46
-0.080210895334675	0.866212515637572	4
-0.010066904624422	0.411493181875956	4
0.080073461007569	0.257008038290935	4
0.091556216095747	0.34398946479909	4
0.046159105864747	0.408561465471603	4
-0.115522048234991	0.763373499629436	4
-0.057065327602323	0.800572270145582	4
-0.031203985891286	0.432409630101653	59
0.016494603143413	0.463149394751698	4
0.09228984517946	0.292621945409593	4
0.061810149407374	0.375551107738692	4
-0.075102166203044	0.83685229901256	4
0.091565743657325	0.232334466633907	132
0.036329715666637	0.188375409886179	148
-0.107209440018152	0.642125248395203	132
-0.023002842467075	0.347919489456747	148
0.068411095764753	0.182251094535267	148
0.116204772989908	0.127435206307785	148
-0.105615773808163	0.511525151976159	132
0.115598118539984	0.164373493841008	132
0.101525453432886	0.2238667109012	132
0.082401902217372	0.31942360821755	74
-0.097319638080578	0.884017142449932	74
0.076567014497487	0.323428324721807	74
0.00547608550736201	0.529398908047494	74
-0.068213548338814	0.818644952181271	74
-0.026770139689171	0.478788581635183	75
0.068457644366044	0.212478775578057	75
0.053444619343134	0.260655346423467	75
-0.02717337882673	0.542567134578202	74
0.113901877464543	0.172971756834864	74
0.079170877413021	0.281103388911606	74
-0.032799833971108	0.657942249355147	74
-0.039398192380223	0.568365223126937	74
-0.111507112494187	0.702152647772736	74
0.035916506589935	0.188799339696225	9
-0.081192078298881	0.327173875707069	9
0.047915014718075	0.225181273735357	9
-0.014635086146979	0.308148061334091	9
0.06895728330614	0.181648196883985	9
0.116523699906545	0.188834654447806	74
0.103185727805151	0.270414490632572	74
0.026068181378568	0.331531797642354	74
0.00315506497802701	0.327515322620766	74
0.066377573466003	0.311858034071728	74
0.102313429174697	0.847508806668237	231
0.054862897938954	1.08060716821006	129
0.00403929499787001	0.325985253858879	230
0.122881874231437	0.113606308174972	98
0.021896787227482	0.240837597658388	69
0.026313509396004	0.508271829459625	4
0.084710443621712	0.307446835131825	4
0.112871911923242	0.206051620129135	4
-0.036635004089962	0.53600295759645	4
-0.040974831431007	0.598026159003253	4
0.045025785259146	0.420531933151137	4
-0.123274897410113	0.90290195102917	4
-0.084426027536633	0.583540432498902	4
0.11399855121024	0.233315685688557	4
-0.060928569725664	0.554787038073352	59
0.068430614170113	0.307719022990064	59
-0.025966237571709	0.477232588811581	59
-0.077139265029364	0.647616142734668	59
0.044086301974042	0.323102906112979	59
0.067016368808631	0.269464646558647	59
-0.083363761583672	0.800415675877317	4
0.085599782630959	0.305302675751807	4
-0.032888111379286	0.542190078037919	4
0.029135151807349	0.386647798746256	4
0.047187245185098	0.336003150650038	4
-0.068152437987302	0.369860570814275	148
-0.054714794483162	0.371117114123573	148
-0.024182310659785	0.393074777132233	132
0.088588089303192	0.171533965958988	148
-0.014222060867247	0.405280398804259	132
0.106762688817262	0.24024825486681	74
0.037864947945684	0.371541749324825	74
0.119788618215962	0.201219051888345	74
-0.00951958115108198	0.529418409496201	74
0.057037420227919	0.336981895463012	74
-0.047569961757406	0.626200546663693	74
0.036790315511008	0.438725710917105	74
0.00278353736883999	0.328137352736919	75
-0.102754694002566	0.50630034899739	75
0.049104383423742	0.378133445664149	74
0.12406280312902	0.205298773708251	74
0.043854126404912	0.3135893987679	74
-0.034466413480359	0.570869477915892	74
-0.059206232641091	0.680353330720592	74
0.10735639181585	0.233281815091096	74
-0.014980125529577	0.406766945930561	74
-0.024736287816558	0.474342097506895	74
0.005242339827042	0.431080597517861	74
-0.021201938641182	0.591846891151537	74
0.087195156908575	0.267934721339472	74
0.098725513144717	0.247790488194629	74
-0.00517550440551201	0.26897262561406	9
0.089113218508304	0.257292937272318	74
0.068642109702479	0.282977244893328	74
-0.118678859605532	0.510279834738576	9
0.08235782194758	0.604526358223309	175
0.046403049566539	0.215364430315195	98
0.008909106896235	0.226549937805474	69
-0.025979432409459	0.628182817343722	330
-0.086433455756814	0.246441115696819	46
-0.039209643599338	0.25190755836314	46
0.119702061700538	0.228610359514769	4
0.09170224200623	0.232070522113559	4
0.099015553990612	0.240930440747448	4
0.041183446014092	0.38379152074645	4
0.050781134076377	0.356162371374983	4
-0.105627058307917	0.791751455325407	4
-0.115204355829129	0.675572895408581	4
0.00723618011938201	0.394548327504855	4
0.034770541199916	0.424776998777705	4
0.00433030620479599	0.562313518228664	4
0.067684785073534	0.325372188919858	4
-0.018935622660067	0.549354518517809	59
0.036899592072062	0.447753073570119	4
0.059587381232113	0.340030981185979	4
0.066034913375642	0.287936656996366	4
0.00781871161966599	0.492748257123466	4
-0.00400642615531999	0.506995452055597	4
0.01693791975354	0.232636150487787	148
0.116575242873767	0.127054944399492	148
0.093818019857085	0.148232551080253	148
-0.08198221741812	0.404223500300935	148
-0.097501245835247	0.639876560323422	132
0.025166677447476	0.502004290196704	74
0.048025534874881	0.353084324979854	74
0.069808897287255	0.229426112650249	74
0.04171487035352	0.38242920866251	74
0.058877317945868	0.315649519710303	74
-0.072956193358015	0.480908169968005	75
0.055517520633146	0.295677172361965	75
0.096112862000954	0.271886347270297	74
-0.054631564177063	0.453394448488955	74
0.048351464629985	0.333478002048819	74
-0.003402070433354	0.505230596162093	74
0.114029571321671	0.198528703025783	74
-0.02522785075685	0.436268980180661	74
-0.098915484627982	0.758203072127132	74
0.00198839424727401	0.425780329811834	74
-0.050705117644245	0.591598012735327	74
0.109620665386533	0.149199705301969	9
-0.081324545531042	0.403190294825503	9
0.03736355453011	0.362542329608881	74
-0.036370226526885	2.40621324579841	231
0.058520853872358	0.316396032186863	230
0.026527378408968	0.248489864938114	98
-0.094254063445018	0.438028980224623	98
-0.123092483221356	0.242857267104401	127
0.102536614204509	0.112648149822168	127
-0.040773697267912	0.701191002300515	330
-0.032879728670681	0.72996607126846	330
-0.071337345233577	0.444284496171511	46
0.115243401764492	0.190934613629746	4
0.098464874659803	0.254516313063043	4
-0.097864102109632	0.885910343569854	4
-0.048865324565075	0.655881666551066	4
0.105944742223516	0.253223921944369	4
0.024441428505004	0.436435563905182	4
0.08310090097824	0.33725538600776	4
-0.043938521515542	0.537709375570441	4
0.022609255713024	0.489349380115217	4
-0.0102008021739	0.496480643615916	4
0.046471172442367	0.327953596855288	59
0.079604213100322	0.294877266336894	59
-0.067791191543828	0.789987581093731	59
0.042398929022342	0.295469127540029	59
-0.066540126379277	0.655859854512808	59
0.109140951828407	0.259415341965888	4
-0.094051567215255	0.764484931818967	4
0.118481101638565	0.208817887951541	4
0.121194953350707	0.225416583716341	4
-0.054063378534301	0.452382793333521	132
0.02827823507987	0.327440890747867	132
0.10984969298431	0.21709812286684	74
-0.04635623023666	0.596590502042925	74
0.029840654751627	0.406343512268047	74
0.076852363275217	0.300791931192532	74
0.100713483452973	0.237677994053314	74
-0.119397208520678	0.788420569117293	74
-0.099388579304881	0.759557267237089	74
-0.101173754263194	0.695959420681278	74
-0.0287114492508	0.427355770419418	75
0.021441344709989	0.421825814640484	74
0.041003164235433	0.318962006836729	74
0.029273453247068	0.386304491939793	74
-0.107783907796327	0.763256892243254	74
0.019725078322214	0.465613376017827	74
0.121260306022105	0.198553316116092	74
-0.060662424876975	0.445498291970519	9
0.034991404353385	0.357326388831113	9
-0.013816191077888	0.491708313779104	74
-0.01544259282621	0.517931981131802	74
-0.006637707504205	0.41829017192675	74
-0.016928647012812	0.557777510832018	230
-0.050248070984005	0.331949886925669	98
0.083417410412454	0.370047927937882	280
-0.013607275385447	0.608374697303864	330
0.005305324265138	0.475411602519722	4
0.123314738613371	0.21161302386739	4
0.067979378393357	0.370485430202777	4
0.029725849528618	0.396049250829975	4
0.068419012385548	0.354551374057936	4
-0.014538713978813	0.564288392879877	4
0.059882266181124	0.380475112930773	59
0.016944423625464	0.462023201463009	4
0.024757375647156	0.522638676158163	4
0.029888859997355	0.395562041446309	4
-0.056060922639876	0.8054733847218	4
0.079554980841748	0.265504771240651	132
-0.074503261383732	0.516790281339209	132
0.084833941036796	0.202095093349989	148
0.037424606125439	0.282036738210231	132
-0.082456524086399	0.512168346864087	132
0.090718894841559	0.240596742915902	132
0.114957882345627	0.19693537462521	132
0.055899072346845	0.304005703851485	132
0.00154801080872699	0.472369607305489	74
0.060233195935802	0.338589969535732	74
-0.027741623115177	0.544077759898951	74
-0.039640039982001	0.568906016018528	74
-0.017624849001121	0.48684010621267	74
0.076886409946754	0.285643099723586	74
0.098722505318375	0.241512767868386	74
-0.092207086831347	0.82267403480591	74
-0.068336439661159	0.553994434207254	74
0.081665298579782	0.347378810187683	74
0.068210661721841	0.308158467681256	74
-0.00140768376566902	0.320172866468752	75
0.120690410045633	0.15122940058825	75
0.053309543191003	0.260872315914064	75
-0.023812339586818	0.392407429069484	75
0.00311736755042	0.512483978507246	74
0.02734796860118	0.390723189598203	74
0.091087708897674	0.253436206784579	74
0.097395227126105	0.256720500967392	74
0.038568396849056	0.433895644583938	74
-0.112153313830584	0.789725500179412	74
0.098292536033501	0.248641600342085	74
-0.069493701888379	0.616001530409147	9
0.070763761295268	0.218714407185165	9
0.056836888693282	0.328567829644312	74
-0.00314873290962697	0.457873945796861	74
0.055278914423296	0.286833701719622	74
-0.076591401439747	0.584802150335648	74
0.038229008590554	0.370769508297213	74
0.089346333496905	1.11883655698717	231
0.096433406854833	0.854674105372066	231
0.034426926256158	0.65871448785789	170
0.058353499319423	0.307942513223001	230
-0.011006015097561	0.6681477934935	330
0.102169268208785	0.180540719762822	46
-0.00905428899248301	0.725351161454417	4
-0.014809607815793	0.40643349940751	4
-0.00480411088642002	0.657314318024493	4
-0.041210013031748	0.702723743872887	4
-0.051204324520621	0.688798402349659	4
-0.070835400948009	0.649468371634164	4
0.102265266508986	0.266892992337631	4
0.09624063637314	0.265364683494831	4
0.026106572948071	0.382575466434647	59
0.090899183638086	0.240312429766452	59
0.039670095463119	0.484504200678284	4
0.123370153607222	0.236329260801243	4
-0.089614852229523	0.952958607229228	4
-0.116605340609805	0.729485117364574	4
-0.00628878753386802	0.417608379333204	132
-0.042364594497463	0.534067142410209	132
0.094691835515064	0.213098606863291	132
-0.060716199159063	0.554280176587169	132
-0.123028411718064	0.576257538728352	132
0.03247959974509	0.34158850694803	132
0.034359037195466	0.348331362096134	132
0.108959013162445	0.186667399165017	132
0.019811730962696	0.305727142901155	74
-0.011060505257275	0.449513552732332	74
-0.023229006640678	0.348273789265623	74
0.121796070718456	0.254936538956916	74
0.09680278501455	0.337344011436409	74
0.000528091046092	0.462145816497564	74
-0.015863237913011	0.44625854602109	74
-0.091495583073322	0.820114454097812	74
-0.077394867703163	0.739793797210747	74
-0.037971887129368	0.49820735434356	74
-0.091134979746568	0.577796018665192	75
-0.024578092491512	0.512379774278901	74
0.029187637938891	0.444946960877756	74
0.032938867261982	0.351244075546392	74
0.056113329111815	0.285277628093324	74
0.117910805150691	0.209883519795319	74
0.036285796648099	0.374712586928485	74
0.08572879676199	0.357642463354974	74
-0.00871238805302799	0.457704421052088	74
0.05350066763878	0.384960430586895	74
-0.082881135958194	0.643014145226129	74
0.112956083499222	0.200330556237046	74
0.012674407798208	0.395274366430648	74
0.122283704302317	0.694802113346983	231
-0.010055569440207	0.706488582442499	170
-0.012622612513184	0.605218374647175	170
-0.024861667684703	0.257053785806181	127
-0.105165470487472	0.328705320616135	69
0.023596831466893	0.486495154716754	330
0.092157035025338	0.158655277678809	46
0.10549711806648	0.168828569851653	46
0.103466385536899	0.171578105997487	46
0.086140483184392	0.200240586593331	4
-0.120824206182723	0.703903171105201	4
0.081627369936949	0.366331720154245	4
0.088620081115218	0.337950957642373	4
-0.019777189761165	0.587538885630437	4
0.098605283391576	0.260258900674218	4
0.093138188168676	0.296898593963045	4
0.067231142722015	0.27748639449401	59
-0.041541745515752	0.66486089001691	4
0.124180185122392	0.22573599681577	59
0.001197648782408	0.601337031451373	4
-0.106847677645836	0.760415736001729	4
-0.072984188270373	0.801267079725123	4
-0.00313434062496598	0.517177177787891	4
-0.037681212767557	0.497473649209103	132
-0.046190508178093	0.455093196222937	132
-0.047939243619281	0.458555725842049	132
0.035353741230962	0.346216290335939	132
-0.029610299003128	0.429205797199344	132
0.053323026037001	0.250538700606267	132
0.0991510102092	0.246941424198291	132
0.116714592584538	0.222565746474738	74
0.079416638156201	0.250710415046642	74
-0.036338156452274	0.380035592200082	74
0.06774346711195	0.276537400303235	74
0.016761833232772	0.40990686019023	74
-0.036556292285156	0.67875276168116	74
0.086135204237567	0.297536590707969	74
0.001027518503634	0.601956076296918	74
-0.067271953489517	0.551469445312956	74
0.060879146863019	0.337110217535473	74
-0.096184631270374	0.770886755940931	74
-0.06926352285582	0.585820885316334	74
0.080116166918064	0.293772652805152	74
-0.042298583810163	0.706300147505782	74
0.107143845815173	0.233701984073985	74
0.051214019273542	0.381971617177935	74
-0.062823975752816	0.588007787473229	74
0.048230169907008	0.352643302100922	74
0.023413587313009	0.428129646329014	74
-0.066193320344906	0.683924883505865	74
-0.069465338283201	0.645592042467685	74
0.093818019857085	0.148232551080253	98
0.10612381119305	0.276819047966955	280
-0.114281076430687	1.03011703482132	330
0.017061189197712	0.296994446203465	46
-0.115879322449922	0.76441927232494	4
0.026680511703195	0.507140680837646	4
0.043267012299145	0.407071227602146	4
-0.091732978165305	0.613136623403618	4
0.118474927000077	0.208793182443973	4
-0.018023269260875	0.510145692146203	4
0.086544502348877	0.32231055153545	4
-0.031291907884784	0.638705069108756	4
0.105605433898652	0.305540792738613	4
0.075555149419688	0.347032867068766	4
0.108614742151891	0.187150026447561	4
0.102762557698279	0.265809070448567	4
0.04091010473707	0.394122010632486	4
0.120905672597008	0.204201331573397	59
-0.00374239649939601	0.493155242269578	4
0.123205984017919	0.211814541935388	4
0.060113291433342	0.355578952599607	4
0.050362559219646	0.366235876304692	59
-0.042344974795519	0.667298416155996	4
0.119279146274833	0.250232261956836	4
-0.026111525014963	0.650405354153107	4
-0.027078692224165	0.580601001832243	4
0.091826973784635	0.238621808435671	4
-0.082558421475171	0.477793278591629	132
0.119625589152818	0.152668477600066	132
0.018639222755052	0.29444829512846	132
0.08646084371918	0.199783169526497	132
-0.030348227464326	0.430676884235931	132
-0.050671345435404	0.415828315719368	132
0.079456075366317	0.273102549086444	132
-0.105486032089244	0.637467626706393	132
-0.022465257455203	0.389749710319882	132
0.098801593139285	0.24762936800092	74
0.030431064766934	0.394356216143378	74
0.011446881568429	0.505717439755536	74
0.00398164202134399	0.510032826513087	74
-0.06313539148083	0.747240214739213	74
-0.000715106125188991	0.566147535568927	74
0.085769004712216	0.200779677021993	74
-0.092111317294773	0.54532881161697	74
0.097938436647146	0.193797721084204	74
0.057639069478948	0.326965432666438	74
0.029985590619955	0.406003003179768	74
0.094015871606159	0.282648087366453	74
0.067435036761425	0.30163625691968	74
0.069814829767535	0.288736858966531	74
0.011903756986058	0.45176824346805	74
-0.000840067782997	0.465501151925977	74
-0.042198920312821	0.626624077274029	74
-0.100504431220221	0.829983503809867	74
-0.031290436936281	0.473905451817225	74
-0.08360425792632	0.801364035279743	74
0.106378362533811	0.235219813611199	74
0.037744244771848	0.281516338089319	9
0.106436759249035	0.196932848179092	74
0.00989571142950099	0.389016417372045	74
-0.060879910588558	0.525831706856073	74
0.11043385330168	0.216066369366029	74
0.00342939072374099	0.511568579556418	74
-0.068444496354871	0.613213665208751	74
-0.044200546857319	0.564735030913696	74
0.02425136033545	0.310818691635174	9
0.087842533269881	1.57512823051346	231
0.068178583842156	0.33214431139484	170
0.021351603468922	0.171292968567958	127
0.069599973928171	0.180884089356834	98
0.053779380181279	0.260110880533226	46
0.111649579409992	0.265976386728752	4
-0.05726053879574	0.488577316945116	4
0.099015553990612	0.240930440747448	4
0.052167083911857	0.437713822662984	4
0.099070174300993	0.285466244021567	4
0.012298858372585	0.503372878678574	4
0.025874231162791	0.509624805649948	4
0.068917315166681	0.338225822326075	4
-0.098449746665297	0.790550383752887	4
0.092164971021669	0.286679199166503	4
0.0784332034296	0.275089292552273	59
-0.106580680638669	0.640451114032271	59
0.041593800572277	0.382836603807903	59
-0.092054166465612	0.973626193297655	4
0.080328509346781	0.350914035369552	4
-0.045882078715083	0.526074066281184	4
0.049225515567462	0.34105022959444	4
0.050613024646189	0.243872243421775	132
0.122920292094298	0.142231980889281	132
0.017723104105848	0.295920325949459	132
-0.095298392972164	0.439694937013659	132
0.005662612473575	0.430102090638283	132
-0.067997719484894	0.553084773936121	74
0.007545195452173	0.394095776215682	74
0.040157334172595	0.482996495535502	74
-0.015587520163913	0.518321843755853	74
0.04187145786443	0.382156515137348	74
-0.00958666131937402	0.357646897296469	74
0.066842182290824	0.243088717559249	74
-0.037610305195416	0.471535613786222	74
0.101788087919911	0.223381834149465	74
-0.053041509807061	0.597669342282919	74
0.05028368995162	0.366452559545508	74
0.084626453622756	0.320642330122451	74
0.109444438643919	0.28102821829849	74
0.094243251785294	0.213839035531076	9
-0.110586108364244	0.438652282480275	9
-0.036445310492369	0.380231448044383	9
-0.119241792882439	0.647622403000409	74
0.0316829111288	0.254455019525783	74
-0.061370101934789	0.584205061319475	74
-0.00294206309676598	0.375086283275422	9
0.02406885631216	0.375896350207899	9
0.071326276486492	1.25304620816706	231
0.124299762453229	0.82330965916663	231
-0.037963166273491	0.250568182131032	127
0.090948683090561	0.168688358217153	69
0.028293781901765	0.53045155433597	330
0.034982720325354	0.274137313869982	4
0.042577470948343	0.399532282581918	4
0.053520172965233	0.393353267976159	4
-0.113026095268362	0.876853637830438	4
-0.068849627899618	0.916409078844238	4
0.086555700209269	0.355346812177275	4
0.007368428936606	0.546501511107215	4
-0.012677686736121	0.605421071190362	4
-0.117665727799046	0.941495750826304	4
0.093536830653641	0.327522466826156	4
0.119349850482232	0.202012085358905	59
0.119349850482232	0.202012085358905	59
0.032911205169326	0.501464755149902	4
-0.040152705831818	0.460353901485902	132
0.092992300729604	0.222954157437303	132
0.104407873701483	0.256520925460968	132
-0.056123818823844	0.560815313049696	132
-0.114633628668416	0.674142367378617	132
-0.00538948051512	0.497383216728634	74
0.102744157846685	0.215560315508199	74
-0.099733734778452	0.610619866496815	74
0.040700182740957	0.298603551324937	74
0.014499053193525	0.497024602204044	74
0.117623324722757	0.237854690037514	74
-0.011193584641445	0.360599226821607	74
0.053579694850079	0.260433378481832	74
0.04392237646934	0.313450870905435	74
-0.09723077321048	0.819402737877708	74
-0.00535932196978101	0.415626900343292	74
0.020222403000828	0.464267553173714	74
0.021957745353925	0.380425386818356	74
0.114164025356871	0.136732729687292	9
-0.054583594054751	0.557029886601653	74
-0.041670042501924	0.640517181268751	74
0.102732651799912	0.227711704706275	74
0.121370655275997	0.225066806625149	74
-0.013321780453007	0.490512754841561	74
0.117784779644262	0.125758001334171	98
0.062404071095612	0.128890864681717	127
-0.064932058471276	0.680156889124679	4
0.065361674449852	0.354145458115026	4
-0.0000079147007279734	0.43025017556066	4
0.048512219670073	0.224408788763281	4
0.108111931657019	0.187928942951956	4
0.021010836322303	0.472847124940801	4
0.076256093424097	0.338315460491191	4
-0.016513433475813	0.63783849917861	4
0.089315124212424	0.318214894924952	4
0.066947599127328	0.401939157464751	4
-0.082661307320217	0.798214591024922	4
-0.020217940451603	0.58872199833194	4
0.121858983419647	0.23981712057564	4
-0.056791247211335	0.758591136304863	4
0.060463981441819	0.362987376309863	4
-0.065296223340198	0.652217793037594	59
-0.022624850826534	0.7120492834431	4
0.072623649527855	0.415014264600868	4
0.105992213893978	0.321069791344832	4
0.044227748080281	0.38601192735143	4
0.085537851944443	0.352187916926316	4
0.096172548265756	0.315112977812205	4
-0.028236950672768	0.383558091197087	132
0.100868841222968	0.182405434895615	132
-0.119884792652011	0.701282315183963	132
-0.040662685261491	0.529892994727879	132
-0.11704120126091	0.93919576303808	74
-0.013923350465427	0.527876967296868	74
-0.092560289537065	0.581274326078183	74
0.106938581485099	0.196130262401494	74
0.099143747259034	0.246933691566098	74
0.105580573729262	0.248366387470279	74
-0.061230539700311	0.555585005090372	74
0.118261830207976	0.209198208174519	74
0.095125857801096	0.274027328866301	74
0.093511553465698	0.283714041532939	74
0.067394681049234	0.277132464399682	74
-0.104589885399614	0.788536579834203	74
-0.105644670140737	0.756617864370363	74
-0.076530221481137	0.707297077783699	74
-0.038329712555138	0.499053985105948	74
0.00200291896371901	0.329431294988237	9
0.105201919024342	0.205096044175216	74
0.09660095728379	0.308479388388798	74
0.037225726847353	0.372957040068181	74
-0.090881543050156	0.676734247570808	74
0.031054077498257	0.530422751513287	98
0.068415364251789	0.315783892965094	330
-0.028658740035894	0.206537880179856	46
-0.039369158847519	0.252043370583076	46
0.01086774983554	0.53586590646547	4
-0.00459082796134802	0.268247945232053	46
-0.050076100830081	0.199769964396802	46
-0.058747485328019	0.247963473914146	46
-0.072776757643833	0.480481322422891	4
-0.031097160653697	0.432131208449613	4
0.039951346850399	0.29987310558799	4
-0.087822620896894	0.827162615408765	4
0.032689846630707	0.42007660370777	4
-0.00836741948818498	0.813965952217002	4
0.01710152666672	0.420669482875346	4
0.037526559629487	0.293136177027567	4
0.052548187174462	0.42066561107828	4
0.11786018280955	0.204636806167053	4
-0.042785461096952	0.560920432432615	4
-0.00168538606112401	0.454405899265978	4
0.067386236598645	0.463595362983917	4
-0.025011001693433	0.835669032255293	4
0.019768871217187	0.465435296404595	4
0.011456817567616	0.397992197311209	4
0.033479982189068	0.526530640249881	4
0.066385096088212	0.389084632755142	4
0.06166364581491	0.391365701960559	4
-0.088082282321737	0.765953950060366	132
-0.082140973290712	0.609813015925571	132
0.108078999611324	0.284397794873941	132
0.041159245162093	0.196716842002366	5
0.00772835039216399	0.282722585842457	5
0.011666621622392	0.291420564173513	5
0.103624468347492	0.310777342792859	74
-0.047703905749993	0.600211444807472	74
0.090070328762972	0.169783260977521	74
0.074887013627724	0.341639865342861	74
0.118056309540021	0.232039276172433	74
0.035120684534525	0.357102544662131	74
0.00842586105290399	0.332490787989776	74
0.089031018257444	0.257460343996141	74
-0.115501875405078	0.403209848721881	326
0.091610102806078	0.159323819540242	326
0.090425149798977	0.16931299912923	326
-0.0325165340573	0.296803052606645	326
0.079228884612913	0.266064501815329	74
-0.082868094749565	0.329307871529372	74
0.100778841544669	0.182536489349427	74
0.081451588188734	0.223493663188387	74
0.045426779987912	0.410604596511483	74
-0.03117015344383	0.537721921750391	74
0.089924862636227	0.354196596888006	74
-0.102070022129117	0.733445972386419	74
0.112784859405998	1.05213293164759	231
-0.123118123198332	0.576415948889442	98
-0.078912136535224	0.96163034612016	98
0.028943628731416	0.455736853535417	98
0.065421596754839	0.42031137535708	4
0.00539773745727101	0.430534556250151	4
0.032480526065919	0.493652616139029	4
0.00636452273905	0.526726013160025	4
0.060658969510519	0.431335780916419	4
0.084912332988846	0.210179940122469	4
-0.114778735312031	0.636756491533319	4
0.102317339907166	0.266785385341319	4
0.069222090169994	0.345087207686567	4
0.00848121857371401	0.404248194610823	4
0.094072638858075	0.326126796238985	4
0.041092362586976	0.505507039931191	4
-0.022364730418359	0.50676088202164	4
0.070975812183922	0.413347989994441	4
-0.050287785138385	0.961220035540943	4
-0.122200334581216	1.48263876908485	4
-0.03395899523924	0.46387417698203	4
0.068925853758755	0.35327179394476	4
-0.067035771078418	0.998702777701201	4
0.090163546156049	0.316162704276279	4
-0.00401602373922499	0.539673097501956	132
-0.03065322351969	0.575802766659202	132
0.059387362172878	0.340507251402956	132
-0.100451086403814	0.796968678577663	132
0.044391017079086	0.404204081574345	74
-0.03078687140718	0.47281312509563	74
0.039370009792949	0.290025611130488	74
-0.014168259108158	0.405175372228644	74
-0.00276264101901502	0.322304080832349	5
0.049058337609875	0.369247187308174	74
-0.082008626199941	0.476797779434999	74
0.00684189095441601	0.608778252407392	74
0.038459220296433	0.461628927911118	74
0.113919696914653	0.233472827530467	74
0.087284343405234	0.301479094551762	74
-0.029654417790095	0.470389423648055	74
-0.006365963652263	0.417764205896663	74
0.016083217964149	0.233621084987138	326
0.017735069457802	0.231644873824589	326
0.03439553462425	0.275128886550454	326
-0.02282041029903	0.302278011193345	326
-0.00186821204155302	0.421476868542377	74
0.056470374556303	0.311747064475158	74
-0.091695483161089	0.990767977524163	74
0.0600149139335	0.447840803437837	74
0.033066038373052	0.49180145144353	74
0.124539556447312	0.271818549137658	74
0.022721269130378	0.499188869291219	74
0.073002646534997	0.394326510912366	74
-0.00969916250094399	0.495232820987806	74
0.052491636072237	0.251822215030553	74
0.074511834720705	0.376880079089479	74
0.034717347409185	0.424819067283254	98
0.106942697232033	0.0995091883743052	98
0.075406681815076	0.326038339214933	280
0.113181443393074	0.137900945305346	69
0.062290513114122	0.12896056082405	46
0.090070328762972	0.169783260977521	46
-0.123042614153104	0.367488638290614	46
0.000370749258384012	0.218894774807635	46
0.015227689148047	0.505870949777056	4
0.00766855903842001	0.437861594413512	4
0.097319331269161	0.314271022790576	4
0.00602596452664001	0.638921882354701	4
0.023034944440585	0.640060802280922	4
0.032220835404583	0.48517155978767	4
0.06990955197327	0.409951744887238	4
-0.112643935863188	1.15178923478238	4
0.117823301935249	0.302105303238747	4
0.036180072660291	0.584016295809358	4
-0.031259180608431	0.759346067956684	4
0.11323367873756	0.278499454445171	4
0.04009703302251	0.457015859598555	4
0.029084015775861	0.455336748923354	132
0.090348495690816	0.241324574542231	132
0.011290502606478	0.353840334541715	132
-0.061945927293669	0.5572658209747	132
-0.054925706579655	0.657405404427295	132
0.114711310447323	0.226603553686027	74
0.096560634095526	0.264689541997671	74
-0.00853732160737097	0.457339911652936	5
-0.070666526675631	0.782735948753676	74
0.069632421156428	0.424151032792439	74
0.018229352979599	0.564270416841054	74
-0.079348301759833	0.805496915025785	74
-0.012831961245094	0.559447058282073	74
0.116839443311395	0.249098043493357	74
0.069952233098718	0.335751984900208	74
0.043796093843437	0.323664790097244	74
0.044781081562878	0.331407224886446	74
-0.109167475998285	0.609964449343792	326
-0.00367603821838602	0.376452249599022	326
-0.013495584387073	0.403822235809784	74
0.102658537220554	0.21564905044062	74
0.0776905778153	0.327860658462538	74
0.112263273703219	0.175406452933235	74
0.076061268535962	0.302434524004261	74
0.111100483819754	0.21481896687338	74
-0.072333483065806	0.798425951640169	74
0.10502558952269	0.284657233738912	74
-0.103037870589089	0.701299871691037	74
0.124600671496136	0.224824468309266	74
0.113988229396792	0.718695010374343	244
-0.039658849806901	0.252370503664904	98
0.005251111239051	0.33803921204957	98
0.113047959707131	0.138031367808613	69
0.047365529715258	0.214152680698175	46
0.081764577607654	0.238907673512143	46
-0.00814826205824498	0.491301395998603	46
-0.053729648699897	0.45176176523278	46
-0.11035273812622	0.969065120996783	4
-0.02844556134981	0.838916876485626	4
-0.073556633793393	1.08617508720313	4
-0.047707250354422	0.941472390611877	4
0.077151669463568	0.458654778854522	4
0.078084205894559	0.401226482522945	4
0.065224248834018	0.434766451369617	4
-0.029827403873337	0.719401329112325	4
0.111352194724203	0.287887716313358	4
0.10435927834668	0.325525676676484	4
0.052109197339348	0.476914609096899	4
0.038744798127999	0.478539605376874	4
-0.015133883898664	0.645877533732422	4
-0.019205904541101	0.438830827230132	132
0.012648836531716	0.351332289349943	132
0.121257597992732	0.220576875956097	132
0.055173619014429	0.305351147601886	132
-0.010169755555435	0.622212752894976	74
-0.081750379890998	0.764912231135825	74
-0.064604554680702	0.484443309908088	5
0.106830750705674	0.196282174961046	5
0.098343103820855	0.193245482652408	5
0.046358313062796	0.337636425183063	5
0.028758008879182	0.528756778349747	74
0.100008145733882	0.283347230620076	74
-0.038108631706858	0.743673569698034	74
0.124486580711383	0.204502577967017	74
-0.072538827526773	0.48012106923174	74
-0.062320818901602	0.586686756125692	74
0.092922515052411	0.297404538939354	74
0.103933511672246	0.251821362760565	74
0.110467722693278	0.251252288053467	74
0.03325542757603	0.41869073385215	74
0.085716726761565	0.305141947342251	74
-0.076066239511284	0.614045249479027	74
-0.029218721502158	0.469380086058673	74
-0.056325411798361	0.58908079022702	74
0.040972145294244	0.384284303786115	74
0.006290727688432	0.485013163694962	74
-0.096993468500941	0.672322872189945	74
0.104201801582683	0.262596440768708	74
0.067730354987713	0.333188862063766	74
0.077387754931468	0.328576295289684	74
-0.098586951162698	0.756919897985032	74
0.080736538344131	0.270535458084446	74
0.008474116009347	0.392126637090676	74
-0.075461226001226	0.582087012635029	9
-0.054126793989325	0.698116938213351	170
-0.086342135333983	0.24634374920067	202
0.063461747475134	0.113635101043314	202
-0.011093689552795	0.360406312467221	46
-0.033691446542635	0.504050334137185	46
0.104078399777728	0.170783279837254	46
0.094288616579794	0.147719085602294	46
0.07033768929138	0.190082623124539	46
0.040539564728293	0.197444384318772	46
-0.115018343772893	0.402575945111863	46
0.040373459581996	0.197669244378114	46
-0.067846318279962	0.369489809194892	186
0.116458772956378	0.127165281666966	186
0.098238501440248	0.18597696354037	186
0.115034334206965	0.0840269647877798	5
-0.122510711425761	0.366663981732609	5
-0.046498000282124	0.378092608600611	5
-0.014129585220995	0.307316045691779	5
0.034596288297269	0.262643929392867	5
-0.055834561291802	0.372832385175563	5
-0.036126168358819	0.379741896884553	5
0.016467333933104	0.233198672911146	5
-0.051509428217989	0.114203380422749	5
-0.022996669802896	0.302541421058826	5
0.061793511331295	0.129362951522058	5
-0.051760517099524	0.114337551940054	5
0.067924149596224	0.161370295311434	5
0.123261508809898	0.113186827292479	5
-0.104602381261403	0.328056691729767	5
0.106420994129785	0.0998896567832979	5
-0.013097445422898	0.261795886511077	5
0.068213268952523	0.0937207562626381	5
-0.120987515061372	0.471331642553697	5
-0.0505775815894	0.332469585977352	5
-0.011119197452014	0.211537302264436	5
-0.084133765398838	0.28894093844229	5
-0.00464872671668798	0.268296333127668	5
-0.028099671434405	0.206123441305219	5
0.027051357707448	0.247790405840849	5
-0.086275146632749	0.246282813413928	5
0.107489628608857	0.0991126283555716	202
0.023397629425618	0.238867791400648	46
0.062969852943328	0.128450216265361	202
-0.011194309763646	0.211613082868056	46
-0.058768622407733	0.24796649465637	46
0.098904367457314	0.125286711058239	46
0.095760827290033	0.13740747630617	5
-0.10936098008891	0.436573810655708	5
-0.067693260077115	0.369285063824879	5
0.068469837562802	0.182200204223326	186
0.069002262875536	0.19177559258368	186
-0.051005924355056	0.33307233953025	186
-0.028061396699976	0.206014186931025	186
0.066881339659383	0.162387936409147	186
-0.079941092824388	0.189365351737144	5
-0.067627554660289	0.369179470165109	5
-0.062520033269937	0.290851214878666	5
-0.123635886856546	0.243229152977715	5
0.030034978920386	0.17971683741465	5
-0.028124589603074	0.206099122684088	5
-0.106051056485303	0.329642124197296	5
0.067398205123229	0.161896958905498	5
-0.100045358869903	0.366375107598207	5
-0.050806085130586	0.113875559395298	5
0.067524311203472	0.0941313907174703	5
0.06702943529801	0.0944154915212594	5
0.102812776312544	0.112407023934731	5
-0.050456951861651	0.20004576912434	5
-0.021559952029171	0.134039665076176	5
0.110419856553328	0.0398333964039841	219
-0.066381617836052	0.367320464667354	46
-0.02108370408327	0.442891906469501	46
0.010426249726101	0.162335407706025	46
0.036547706459453	0.283441915392934	46
-0.023577561011052	0.391970780432532	46
0.115417059716847	0.164616462883734	46
-0.091999114204468	0.579669056042504	46
0.021382598966595	0.370378957915397	186
-0.083213585240511	0.547734531591703	186
-0.113245118786588	0.541303315685389	186
0.123320664921145	0.161548661798562	186
0.081501532919694	0.231533224413241	186
0.085057506174103	0.209943138175296	186
-0.082042258227806	0.511360663478051	186
-0.024535320805265	0.474003180575836	186
0.067374146378997	0.260207134343812	186
-0.084454861325867	0.516216439828542	186
0.122476065832062	0.16839318506431	186
0.101568928970293	0.18140543097539	5
-0.062358755096234	0.290679925669707	5
0.048810887977096	0.224028767058256	5
0.04828813327685	0.224694253301428	5
0.05170018346402	0.263349677907074	5
0.115853638977783	0.0834869347023627	5
-0.105518443377313	0.471743187124073	5
-0.00305445337393301	0.322781102800839	5
-0.09089602099661	0.506835120684407	5
0.030787766345035	0.255793478265722	5
-0.093657497945873	0.437026027012445	5
0.008921278256388	0.280945889546881	5
-0.046116567916284	0.293916867066751	5
-0.122795150731258	0.3671699044473	5
-0.099038831878364	0.365005811927084	5
0.113905176657213	0.137071059804009	5
-0.034211060174677	0.298992061044328	5
0.050330177098993	0.233363034624727	5
0.044507282945213	0.205539150105086	5
-0.011395823705382	0.211804066472134	5
-0.106037789710035	0.472628694560486	5
0.051617824974558	0.242416354215301	5
0.083151651442369	0.220942249944437	5
-0.081240386131466	0.365828097103509	101
0.062679736186913	0.128711059188858	202
-0.12224765344708	0.473380450274122	46
0.07698504518675	0.070785908309144	202
-0.080983572403392	0.365439557775414	46
-0.051914856199834	0.114354350621344	202
-0.022189299924397	0.301396599819785	5
0.066122095794129	0.138971050062387	5
0.118172256251646	0.125352798444619	186
-0.011555158455564	0.211933481136974	5
0.102419993223939	0.112726277066795	5
0.067398205123229	0.161896958905498	5
0.099226844154252	0.12498978523617	5
-0.023280328789114	0.30293961529788	5
-0.061995438760652	0.290260658095558	5
0.102855442716077	0.112381436923014	5
-0.038282385774658	0.250922325946582	5
0.022123294330002	0.170656982987083	5
-0.028269340568904	0.206268642627317	5
0.064117026820609	0.113202284867335	5
-0.010833506523452	0.211275303653512	5
0.000299070608598989	0.148080019848136	5
0.110295664471298	0.0398561976774745	267
0.064826483304247	0.140114977779492	5
0.106472510511195	0.0997948207243742	5
0.107294692539762	0.0992458609970103	5
0.062679736186913	0.128711059188858	5
-0.04969523558502	0.19947231882622	5
-0.087520308127403	0.247302804861003	5
-0.080433392197757	0.189696029834789	5
0.010630302153423	0.162181165434051	5
0.000729795165336999	0.147789290806825	5
-0.123368826863722	0.24315268189551	5
0.063718159645187	0.113460053513999	5
-0.027552785954818	0.205615983729417	5
-0.023811310428105	0.255934591067754	5
0.108023916932448	0.0986975574396042	5
-0.083612855725513	0.288412511381304	5
0.077209369194292	0.0706913846673543	5
0.094345242747766	0.147662996315393	5
0.00081421706884699	0.218422748999324	5
0.068153185971277	0.0937382702930525	5
-0.122329725591541	0.242364824091801	5
0.076828210067455	0.0708505061620851	5
0.000105447506085987	0.148201435039586	5
0.077209369194292	0.0706913846673543	5
-0.122310812875911	0.366566281888176	5
-0.045337278244841	0.292904035524849	5
0.028935487073562	0.180671474735051	5
0.010380882175542	0.162368226199913	5
-0.0000381306960159922	0.14829839657631	5
0.010539579278	0.16224349199548	5
-0.051760517099524	0.114337551940054	267
-0.05130788380924	0.114155707724385	267
-0.122463298464792	0.242471644868516	5
0.078050209638925	0.0703285960960095	5
0.066765987785577	0.150857208881542	5
-0.051157712421341	0.114050761703072	138
-0.05186123248638	0.114344294945834	138
0.077669140239254	0.0704991966259504	5
0.09979246158169	0.124458552986155	5
-0.062238177583122	0.290528240529907	5
-0.0516598593167	0.114296718545794	5
0.047676104302083	1.03356337777155	246
0.122780650734882	0.113702905362569	101
-0.051408627280488	0.114196567167764	202
0.077209369194292	0.0706913846673543	202
-0.08498506587157	0.289696332341147	195
0.025943031560777	0.382842674825197	58
0.080705328817747	0.248403225079924	58
0.095760827290033	0.13740747630617	5
-0.121513576201167	0.573047947585925	58
-0.108073538891409	0.764051141046627	58
0.121233161296199	0.115218366688908	5
0.028386059818648	0.327235637044017	58
0.085548175343008	0.352106766089277	58
-0.099903963746222	0.761373337506188	58
0.030513433636827	0.179280259716492	5
-0.105206986478378	0.328705585449503	5
-0.080571788247113	0.43857701933679	58
-0.097642905546029	0.674079432134215	58
-0.018887149418953	0.584575925015447	58
0.074061455842628	0.378154057910554	58
0.033320783696209	0.418516817812688	58
0.05264793531189	0.378529131999795	58
0.0466842485373	0.337071678357259	58
-0.053622904918129	0.527278021380655	58
-0.010736765644294	0.412863306304488	58
0.120369998572955	0.151668279029672	58
0.006911410305631	0.335211821464201	58
0.084085632344861	0.211430402335589	58
-0.122710978863625	0.242645782142838	5
0.110741291212149	0.0397553524568051	267
-0.122082388576059	0.242100142232175	267
0.099267800059344	0.124953874332584	5
0.068675123880244	0.221785671969764	200
-0.057924273678318	0.489964624915854	144
-0.051283335720972	0.521763243899625	144
0.068763952120414	0.212064609689257	144
0.045484883468013	0.339521173144938	144
0.095343566623162	0.204977405124399	144
-0.122391011844893	0.57490525538404	144
-0.039285973832552	0.336303157947714	144
0.10233447303277	0.112814047100568	5
-0.028087032871128	0.206107362871535	5
0.025209474143107	0.250178740923583	171
-0.122329725591541	0.242364824091801	5
-0.05130788380924	0.114155707724385	5
0.077669140239254	0.0704991966259504	5
-0.027917396201814	0.205962223094542	5
-0.104765915719372	0.328068730155001	5
0.11206166710802	0.207505146984532	136
0.036329715666637	0.188375409886179	136
0.087276702768098	0.190367403310301	136
0.078510435433293	0.663162927318775	246
0.100377476093414	0.238256625560476	101
0.067600926719953	0.232746669019727	101
0.118270832547064	0.300812606448264	317
-0.113276130634412	1.2861814440002	317
0.091208907660752	0.369310379189342	317
-0.08372991827601	0.288516100121342	202
0.099751665339563	0.124488352372196	202
-0.010380538156527	0.610608025825322	58
0.031967227690764	0.342593822633378	58
0.067628632086407	0.449944044852412	58
0.052541137778996	0.475548476704319	58
0.088727168163207	0.278455410659987	58
0.026826033539641	0.330117450471849	58
-0.011395367908971	0.601101770503805	58
0.092100458434671	0.394423265849886	58
0.093722561706451	0.283276845474984	58
-0.023718905932463	0.510248110142162	58
0.092774760791429	0.29160971241664	58
-0.016886821670054	0.683986993228575	58
-0.050255465944025	0.844089815430967	58
-0.037396193996661	0.718696132176608	58
-0.035065534379215	0.635895114986893	58
0.080056795658727	0.249589355812951	58
0.070041434049681	0.210297357971839	58
0.078445420324567	0.304741353360026	58
0.066872174901971	0.0944992699355236	267
-0.058538412454802	0.247755590269435	5
0.053776689905339	0.375703477027479	200
0.037344974365135	0.362577413474078	200
0.085955865544338	0.284305530929522	200
-0.087675374218949	0.667791164235658	144
0.100357289705281	0.23836795460858	144
0.11999420628584	0.223136747575864	144
-0.119484217355542	0.700132677485316	144
-0.00107656315462201	0.452802683245063	144
-0.045859268591568	0.454475067835178	144
-0.00779285110311101	0.314528629180349	144
-0.083134193747456	0.287824865721139	5
-0.006996082815869	0.419038657544584	171
-0.085912849565885	0.24592842046532	5
-0.105045971154876	0.328561698139012	171
-0.051202174258827	0.333297037392807	171
-0.123235332324392	0.243065213858136	5
-0.058726293331861	0.247939672360579	5
0.088159706259451	0.279678009208593	136
0.022043177537336	0.431467570322754	136
-0.062907786602783	0.481060589129968	136
-0.116507012498212	0.641252741267205	136
0.019947721481739	0.425412938781143	136
0.089729655184784	0.178729884296139	136
0.024144927919045	0.311007295312967	136
0.023743223348517	0.376656416291744	136
0.017198701598105	0.616827231573733	101
0.073298098891399	0.45838400716156	101
0.088685039192571	0.180105319183735	202
0.069327604269459	0.181214971741041	317
0.082227948162203	0.391320419610334	58
-0.122612214295728	0.850171246834702	58
0.120394460811381	0.262625257289513	58
-0.040277381550846	0.636690087469744	58
0.08992708485574	0.404366277277352	58
0.098648358464375	0.241639450068736	58
-0.119117140530254	0.608259255575463	58
0.024785946418936	0.322086850452679	58
-0.075024699437662	0.611176119013793	58
0.104244110863729	0.212949721823698	58
0.059566734424049	0.427301395722818	58
0.044109939461633	0.404948131742592	58
0.10982294958294	0.275246566648632	58
0.018382674461993	0.528209499071125	58
-0.093453084623166	0.858389110764294	58
-0.068481694185254	0.554338795749451	58
0.009782037871889	0.343669515781814	58
0.077240873846029	0.292492094675631	58
-0.088432555674073	0.702676708575779	58
0.104995794116295	0.20551726564968	58
0.012186174484227	0.290687307390613	58
-0.028960524186138	0.206778067063531	267
0.065036379425466	0.139924301104564	5
-0.061349578703506	0.289419688560645	5
0.090002486667347	0.169870117022029	200
-0.04220104485893	0.559378503356758	200
-0.119945450330086	0.790225230532436	200
0.05711249885885	0.319302595723641	144
0.00611274587034699	0.397012036062039	144
0.052271908356976	0.252037270744183	144
0.087510022768785	0.19815875193137	144
-0.086296494865022	0.246254870434911	5
-0.024752071283209	0.25699650481679	171
-0.058567735765672	0.409887812237405	171
-0.118272749455708	0.606214482822098	136
0.119199116797586	0.178992995248052	136
-0.055702171679636	0.559814508243216	136
0.088144979912527	0.272916921171442	136
0.038579449959819	0.369970810839754	101
-0.058601832495018	0.247788679069041	101
-0.069303632785461	0.615552141512003	101
-0.112362593386916	0.539472151052833	101
0.000923457190470989	0.14766120173444	202
0.109246422524969	0.149734211904041	317
0.028848997224286	0.258458079302439	317
-0.013715043881206	0.262649334408888	317
-0.00447541350043601	0.268110650416896	195
0.00911800439968999	0.226324811470939	195
-0.039572017153307	0.252254280187876	195
0.041647725210706	0.196198890164484	195
0.035660060891306	0.189040812191712	195
0.098499680047549	0.125651092187052	195
0.117316110880799	0.126277222831494	195
-0.122844460016353	0.2427719181186	5
0.063461747475134	0.113635101043314	5
-0.02443453990001	0.256658534517664	5
0.067089527774118	0.0943819801836264	267
0.077287962253669	0.0706637074876884	267
-0.058580747426362	0.247798457899284	5
0.106980915079852	0.0994873690844118	5
-0.086841435598378	0.246771021229559	5
-0.122844460016353	0.2427719181186	5
0.000970194625030008	0.147626639702204	5
0.062679736186913	0.128711059188858	5
-0.122205999733037	0.242249655732621	5
0.000489407091162991	0.147944882664664	5
-0.080964926733957	0.189994679460948	5
0.063718159645187	0.113460053513999	5
0.064449969407648	0.140416007800066	5
-0.080216847495123	0.189563353167821	5
0.063205313923754	0.113805169151436	5
-0.022380222512124	0.134456407532062	5
0.011106415890617	0.161807118362011	5
-0.049637754290612	0.199402762004695	5
0.067149732159226	0.0943343972146475	5
-0.028243809199577	0.206191684475096	5
0.065224592681359	0.13975883140336	5
-0.045596070859923	0.293280577902326	101
0.022073083323447	0.240572185136625	317
0.085196230259476	0.20971491511398	317
-0.116803786872101	0.507063828227109	195
0.020785556192976	0.242165128869175	195
-0.02916813689022	0.206973553548065	195
-0.115501875405078	0.403209848721881	195
0.099631176245712	0.124613610547532	195
0.048885566241614	0.223912471937268	195
0.031120312492018	0.178672057392083	195
0.096655996324224	0.136519293970447	195
0.00974613268719399	0.162736240129668	195
-0.046643369760671	0.294557966849721	195
0.117316110880799	0.126277222831494	195
0.063205313923754	0.113805169151436	5
0.115374126011431	0.0838105155869475	5
0.06534793836587	0.139683302062533	5
-0.122463298464792	0.242471644868516	267
0.077826292820738	0.0704100607810889	267
-0.104562709403475	0.328030298431991	5
-0.059311220613405	0.248443221820701	5
-0.086387788919509	0.246404983872412	5
0.114894447424672	0.0841209444567602	5
-0.062479263941895	0.29077352525634	5
0.062719704969682	0.128674676604713	5
0.000155505412384988	0.148152220863438	5
-0.122596894930282	0.242559161476007	5
0.065181309871941	0.139823905904776	5
-0.080098474023555	0.18944389906838	5
0.021518392314839	0.171146925409231	5
-0.028426201740457	0.206360771798105	5
0.063019173359628	0.128434301911772	5
0.010630302153423	0.162181165434051	5
-0.113089601171979	0.288833281039867	5
0.082263454329899	0.987380659054494	311
-0.040034258884502	0.569997390902555	101
0.032137011706027	0.266385604499912	317
0.070367842610708	0.342291429022376	317
-0.048156824844182	0.627816856319504	317
0.01761788066247	0.36644224212979	317
0.113029822901494	0.174270341511902	317
0.019176539389353	0.415869376581079	317
-0.00119773327246803	0.385407247825397	317
0.00169601702959801	0.426491011891516	40
0.053514158552454	0.250203680704811	195
0.015963281762429	0.357623617873212	195
0.092395043627724	0.216777068097367	195
-0.090027949317864	0.505067535743469	195
0.097233219489801	0.135924214752819	195
0.00174923433820801	0.275733840616919	195
-0.034859733761434	0.42280871638615	195
0.00635554718648201	0.336200495945293	195
-0.042353555250363	0.419387187377679	195
0.062877527393493	0.128555647558065	5
-0.058747485328019	0.247963473914146	5
-0.046432505387135	0.294314357329932	5
-0.062601703656589	0.290944811335875	5
0.00927681293399499	0.226164273083048	5
0.039532527935193	0.198536734197521	5
0.121917367376173	0.114530801447931	5
-0.028633896329049	0.206569217545354	5
0.02189373675348	0.170854451279576	5
0.00101558373955399	0.218201176692922	5
0.064804870287343	0.140133303772381	5
-0.051648994850537	0.333928194860062	5
0.099631176245712	0.124613610547532	5
-0.033526807296712	0.298142572589099	5
0.066887125582495	0.150726134266155	5
0.02028805028313	0.172067658124002	5
-0.039252947918301	0.251969536651065	5
0.035501339624123	0.189206788593297	5
0.004741283405786	1.52098814535224	248
0.076685103846828	0.824777856673634	248
0.07956983105231	0.745069647476687	248
-0.070903061608782	1.47844578407551	248
0.086262201887181	0.552273401712648	248
0.101576677130143	0.418705543446819	40
0.046026510651389	0.493056759618378	40
-0.036442231348737	0.640044547501008	40
0.07359291289612	0.535454267964419	40
0.073389653252674	0.521729293663132	40
0.10113015712432	0.369596418275727	40
0.119085227781023	0.29451827769913	40
0.080549595415762	0.233090666558199	40
-0.088743929321136	0.670922592950325	40
-0.083201768843971	0.612603462915913	40
0.109742670509508	0.280375610661624	40
0.100778841544669	0.182536489349427	40
-0.099728236567818	0.538072123529875	40
0.079017537418212	0.273976299636491	40
0.010495801143244	0.485541394049352	40
0.060184651778733	0.533265475684336	40
0.038674608718892	0.582503959309241	40
-0.034089009698597	0.889852557651282	40
-0.051107231878441	0.893585767740116	40
0.039254736426452	0.609677680753022	40
0.118957482177936	0.336413517687709	40
0.078617558553849	0.282098621571326	40
0.027712343443564	0.695654536620457	40
0.029665697992003	0.336133220961642	40
0.026539119016358	0.330672177741136	40
0.113212989269938	0.262315857132864	40
0.089103518604449	0.407100145310123	40
0.003090973099661	0.617229486044651	40
0.118232614051003	0.296871563739779	40
-0.041612783533885	0.970289868642292	40
-0.114816371465441	0.761328158668775	48
0.069070134573861	0.211633202171061	48
0.00197877491151199	1.19436381844987	248
0.000949744164884997	1.14056528539193	248
0.01815861333177	0.686244940766794	248
0.107990711700248	0.405161046436518	248
-0.041199232905089	1.05639549567214	248
-0.053352099707957	0.450660470365934	40
0.000768093991636992	0.47429453532237	40
0.116538427371299	0.276602589324445	40
-0.019847663411459	0.601294426722233	40
0.028633619339242	0.387808454190211	40
-0.11622970624917	0.404080098891465	40
0.018465066851856	0.294690866180255	40
0.09153525982887	0.338450732149034	40
0.080756842474334	0.248303002121984	40
0.068683955993464	0.212176244264099	40
-0.017482139462258	0.355487777778917	40
-0.014877504500858	0.444046753896681	40
-0.121284393797081	0.572534643180438	40
-0.057890162662089	0.408711054153876	48
-0.00215116466658299	0.321378465310213	48
0.049801527926387	0.234068268382746	48
0.112218168973249	0.138974359212681	48
0.084453825968981	0.210882375511479	48
0.118419577286563	0.154256201559543	48
0.016680783095364	0.232940461404607	48
-0.050697084707695	0.200207420527573	276
0.067621342606246	0.0940843966352096	276
-0.021462158069	0.133981374578208	276
-0.114019963669896	0.400958966527452	276
-0.064443351926448	0.329679558648415	276
0.080008411161057	0.264583430827002	48
0.108257521525118	0.158120794767655	48
0.067690258941565	0.183056440912099	48
0.086050628199452	0.20035662541501	48
-0.092194670418707	0.509640993729055	48
-0.029647622990016	0.340685278858445	48
-0.084091238306827	0.28887008804013	48
0.066433725019925	0.138712619327061	48
-0.085571991174216	0.245579105198212	48
0.063081739353814	0.113891941310612	48
-0.058768622407733	0.24796649465637	48
-0.080334780482762	0.18957009973194	48
0.065369502683914	0.139662895897511	48
0.035643095682245	0.189047589840525	48
0.001988404905158	0.275483475766284	48
0.099631176245712	0.124613610547532	48
0.122679911918874	0.16806805289705	48
0.021935636454999	0.17082293741555	48
-0.012864408365285	0.261578506089308	48
0.098904367457314	0.125286711058239	48
-0.069790478282976	0.407507721629237	48
0.063338227030819	0.113726725452198	48
0.078127827345204	1.50068894922718	225
0.019721931561696	0.305871735381434	40
-0.055745702125932	0.980862480416934	40
0.01287995926493	0.501725751167519	40
0.00759402198672901	0.393832535439633	40
0.021730081109263	0.431775632431604	40
-0.029554655898406	0.661673912548257	40
-0.049778910794328	0.589032171284986	40
0.103211210850922	0.259060243203864	40
0.02356623347414	0.376942319979311	40
0.055807516971488	0.295145085832744	40
-0.11378960036767	0.7948179812524	40
-0.116507012498212	0.641252741267205	40
-0.050795936051358	0.564648091924884	40
0.02304750912779	0.32500953984206	48
0.036293463642465	0.272200079245388	48
0.049109248984772	0.223628622817492	48
0.091100732392752	0.168508454126019	48
-0.010913860602515	0.360118766290118	48
0.115180431408157	0.164940599243441	48
0.012723198083297	0.351287424105485	48
-0.022856435078268	0.347668606686479	48
-0.030026250427611	0.386852387950516	48
-0.08199655039255	0.44105321322033	48
0.118612271424721	0.154001123862171	48
-0.048507637322018	0.411898949156014	48
-0.069863896577489	0.407612651755529	48
0.069136523277503	0.211562107538571	48
0.091697589915019	0.159216639744512	48
0.00133066075637001	0.27631651093194	48
-0.00523278764398399	0.364895419832091	48
-0.106658097173624	0.640530773044701	48
0.097908808089506	0.193895249958058	48
0.119394714301077	0.152976456620416	48
0.083856382155666	0.211775244752409	48
-0.09899153826721	0.364889486628207	48
0.027136437936743	0.247656478805486	48
-0.082736032552967	0.367860589113602	48
0.039791002783897	0.198294380579228	48
-0.07006467916517	0.442058777012476	48
0.017221154974075	0.296737037777221	48
-0.074699382568273	0.51724729913535	48
0.09756830915838	0.687988237316431	248
0.084796359677874	0.599191582332018	248
0.05515493963665	0.839337355406015	329
0.027074671879227	0.65661946146591	134
0.075902526225266	0.504186297326969	134
0.06223426646018	0.631548952189757	134
0.003517751422144	0.876422737041783	134
-0.055268914787625	1.02665681569592	134
-0.034876099290043	1.03346451237488	134
0.082573195087107	0.505266574010981	134
0.114383564963155	0.370446814400281	134
-0.000186281024176005	0.803392871280679	134
0.00210739205938901	0.609546772450658	134
0.121336478143665	0.338482208699875	134
-0.105407187545465	1.12550850784116	134
-0.121531646085192	1.0854263586378	134
0.119467964406249	0.264921887953012	134
-0.072840847305181	0.872828396677468	134
0.081821915571083	0.398442138114093	316
0.016090430717624	0.58169640828102	316
0.064686061538441	0.422402373399635	316
0.114868120844159	0.304571196410487	297
0.116866314446518	0.284436975115711	297
0.058834979765445	0.465905673705239	297
0.083755400954721	0.335753737702621	297
-0.017471704463392	0.686125921185597	297
0.077610897820145	0.299140520465888	297
0.039125264314325	0.450812004486636	297
0.027372873628409	0.449768367388594	297
-0.049881574556654	0.725668628456101	297
-0.112853020272444	0.945252539670886	297
0.102431247592727	0.350091114524631	297
-0.003636916849872	0.658263943745488	297
0.059103876874644	0.499381453289139	297
0.086035186941298	0.409678754140887	297
0.11076627572416	0.309764582435276	77
0.069623090191766	0.366180406924424	77
0.036337291007516	1.11346740371573	248
0.123866732071116	0.459691204447684	248
0.0883928521398	0.581057362358877	329
0.122030371491673	0.477699849148991	329
0.105801998054688	0.520119395992263	329
0.121973740689936	0.42303754218193	134
0.08267688092913	0.54209929909511	134
0.055943958137224	0.599833531310328	134
0.024161754273185	0.715604502865141	134
-0.123983121946177	1.42702994508664	134
-0.080655083812843	1.23197403882101	134
-0.054937565573215	0.95519361546263	134
0.008998499517406	0.734812363357191	134
0.020698715080655	0.531067826051398	134
-0.0866807296333	0.930394078183038	134
0.068257255613308	0.391071530579934	134
0.121834813550164	0.254844267133334	316
0.023113983172659	0.580993712176853	316
0.08029227185819	0.388431666656349	316
0.015985876344901	0.56183932536576	316
0.00320828638468301	0.686519911815365	316
0.050749735083953	0.550517939901977	316
0.094699413173194	0.381380106794658	316
0.123744352075378	0.246050298332179	77
0.019256181339405	0.642092030079288	297
0.119300563433888	0.342055178773886	297
-0.089392060206016	1.21241923453507	297
0.106917028909091	0.269718167868052	297
-0.051486887698454	0.59370467459528	297
-0.063327730458248	0.791123878480972	297
-0.102317442540942	0.768665100250022	297
-0.094191373847235	0.73165287885694	297
-0.016106046080431	0.555435662347361	297
-0.026645965366305	0.665812005667514	297
0.020441534714264	0.580626146726412	297
0.050958992940722	0.531872152439966	297
0.054832151592654	0.287661153932987	77
-0.041897510572534	0.600668473947754	77
-0.04701479414509	0.59844610299979	77
0.054227649596722	0.431791725117733	77
-0.015905805524779	0.482746936908679	77
-0.088896105803341	0.830860345025867	77
-0.078215686165613	1.0282372072966	77
0.100191576548064	0.543650326092209	248
0.006660656565255	0.928017994610892	248
0.084169175737102	0.373799748297955	40
0.068228037832376	0.616580323923647	329
0.085944040803113	0.430313034087346	134
0.093243960054048	0.405135587346074	134
0.07868326076377	0.387106311282168	134
0.078469063777007	0.503774210310469	134
0.060755597370195	0.605481847951016	134
0.094639662165479	0.381549521952954	134
0.092998017168868	0.297232281280639	134
-0.078151315903769	0.931272938048942	134
-0.064977092666448	0.780429648369813	134
-0.089166934671761	0.921910226793477	134
0.059996100029818	0.39586395977954	134
0.086345353783574	0.297059377445976	134
-0.010275284283337	0.358942859910175	77
-0.102913740511143	0.582065524338086	77
0.093933466397159	0.21435712882313	77
0.069895079659951	0.210491003268536	77
0.017395841425913	0.366891554764868	77
-0.00193911216427101	0.545646053648011	77
0.000194702487817999	0.551759369920398	77
0.00241202908771199	0.328747608632903	77
-0.110297520859926	0.574529756532789	77
0.091522436504725	0.159410982119327	77
0.036916491344082	0.282858421155836	77
-0.015505268097219	0.445466939514134	77
0.05488687609761	0.287569646291268	77
-0.025583553094988	0.553172018864728	77
-0.031484530447281	0.653862498224176	77
0.095345933381815	0.285715918406256	77
-0.093072953868486	0.474280228823613	77
0.054459984632038	0.29764541787271	77
-0.008081095232498	0.571187849923153	77
-0.026503058962646	0.501981842977742	77
0.121949623326543	0.14342997672321	77
0.037219038080128	0.187414118531394	77
-0.07253401379585	0.512494191185986	77
-0.081840680047372	0.577165375467352	77
0.002971491635609	0.481342150823108	77
-0.012765574715856	0.453314515291837	21
0.068555050151052	0.376218053197325	21
0.023202511176761	0.428652237710605	21
-0.0361277680475	0.4252567019979	21
0.035191619925675	0.273905499235868	39
-0.081781285010794	0.510927085982177	39
-0.024155241538086	0.304073751320444	39
-0.012716925986773	0.261464647938104	39
-0.122932414347818	0.367318046151688	39
0.113905176657213	0.137071059804009	39
-0.105999839386463	0.638998543698156	39
0.095774419886845	0.204307947715656	39
0.0500338286915	0.233768939209672	39
0.117900608511288	0.125650147877769	39
0.000826616566799998	0.147734590135752	39
-0.122592686267895	0.366906074154397	39
0.063347430239236	0.11371260792063	39
-0.023082610786726	0.348022828052681	39
0.029667609811386	0.257373156588681	39
0.096604004222007	0.136565734142485	39
0.067368600179078	0.150274759854707	39
0.039689574089866	0.198388567839986	39
-0.100461644540056	0.366782532078089	39
0.066822447259787	0.162457049701791	39
-0.12227217359761	0.473448175304439	39
0.107163356312413	0.0993484770620998	39
0.062315229087023	0.128983751372794	39
-0.058162700811487	0.247361925010599	39
0.067874573454482	0.161414818580212	39
-0.109908575260964	0.437632199170623	39
0.069929703946493	0.180434859756298	39
-0.080216847495123	0.189563353167821	39
-0.051056826050713	0.114043873194428	39
-0.079409651753692	0.188988434748855	39
-0.123245045495593	0.243030014710882	39
0.03026788344266	0.256422462009414	77
-0.085708874532977	0.245739676699477	313
0.010380882175542	0.162368226199913	313
-0.011194309763646	0.211613082868056	313
0.000923457190470989	0.14766120173444	313
-0.03294304959337	0.297377958613688	313
-0.050604198949642	0.113827694508046	169
-0.079842810698226	0.189306253830455	169
0.115134307407614	0.0839673653379408	169
0.062327772764235	0.128977999072392	169
0.077287962253669	0.0706637074876884	169
-0.081619427572206	0.510398132817071	21
-0.036433329723033	0.425840318575531	21
-0.107157069858587	0.474547570452612	159
-0.049554487015148	0.19933961049586	39
0.039264115695874	0.198835145806105	39
0.104835333355136	0.169744052219001	39
-0.012212361493229	0.36226116588142	39
-0.095074552447827	0.439345708778031	39
0.108349536604323	0.150783842639626	39
-0.121905986375631	0.366029146926945	39
-0.08064991164873	0.18981823898626	39
-0.113793458131553	0.289505013153202	313
-0.014617673650482	0.308186682368255	313
0.091100732392752	0.168508454126019	313
0.09934717380407	0.124858257802163	313
0.122287659231162	0.114158301247652	313
0.016040205668815	0.233700828237046	313
-0.034638112997783	0.299506072469933	313
0.089766423537834	0.170130145088193	313
0.06948361961285	0.181027977463228	313
0.064117026820609	0.113202284867335	169
0.05215960414753	0.252302428746346	320
-0.105045971154876	0.328561698139012	39
0.040262305965866	0.197763886266208	39
-0.064925191335889	0.330357791539731	39
0.124327860022947	0.209611863210011	65
0.039362637213845	0.368197501798558	65
0.094696731437382	0.262120538110286	65
0.041213536703801	0.393365900746474	65
0.101224845808054	0.230551959386188	65
0.123226714810535	0.141851340582222	190
0.035916506589935	0.188799339696225	190
-0.024971219910522	0.475017364964744	190
0.030034978920386	0.17971683741465	39
-0.02794241903371	0.20595264310102	39
-0.122551676817542	0.366800044007609	39
-0.024330677113418	0.304267845554958	39
-0.060522122991257	0.445210369235364	77
-0.09405554132283	0.475926746734046	77
0.029256230861244	0.347862963859172	77
-0.050174963176635	0.491763066453245	77
-0.101964391843303	0.579883571756878	77
0.022708993778697	0.313469301810489	77
0.086824686962383	0.190971563589269	313
-0.06219744147575	0.290496190091859	313
0.00020224925380799	0.148149855464518	169
0.009862374929337	0.225460960746381	313
0.037866966938889	0.292486876159241	256
0.00862367705390599	0.281443890118401	65
-0.00369364170584602	0.267041438224873	39
0.053069604212684	0.603818879062651	65
0.00687613643621199	0.646232681048976	65
-0.039790454711733	0.337072387011988	39
0.066564945894354	0.151043317821617	39
0.069970149818939	0.18044050470275	39
0.089698632765838	0.170225964257877	39
0.025496896261203	0.24982424960068	39
0.111678287939042	0.243388160930981	65
-0.019446075208657	0.439333299910651	77
0.123127257587897	0.330844745039426	65
0.038104756746068	0.46272032984878	65
-0.00865906645665798	0.629025675123961	65
-0.040539233823024	0.461148156954927	77
0.010270426149787	0.225042956715304	313
-0.031589353232801	0.578436702624497	65
0.12397108383305	0.140908621591245	313
-0.08130580644852	0.403217857690057	313
0.012220692177338	0.3522382039987	256
0.018752056971149	0.364169587135304	65
0.099226844154252	0.12498978523617	39
0.082415097713047	0.222104075256868	65
0.106504065641953	0.339813604888077	65
0.108564645112525	0.416372027890088	65
0.057129740305028	0.583664095099484	65
-0.077370829109671	1.11421077734929	65
0.116196806418202	0.28191028181177	65
0.058981099451629	0.458252013185209	65
0.016881242654013	0.232686846195487	39
0.081958276612395	0.238525149735013	190
0.051750168793773	0.231319934690776	190
-0.032673582348832	0.297017289920053	39
-0.086387788919509	0.246404983872412	39
-0.032874815170034	0.297170328659057	39
0.001030485311204	0.427993786697188	65
0.110887883998744	0.147729680210278	65
-0.00351420445343997	0.686537681005149	65
0.005480200142259	0.337653207105113	77
0.024626824585193	0.679015043394966	65
0.080494159379661	0.408309626609269	65
-0.051599435591808	0.494724172881993	77
0.068898593248858	0.191927326756894	313
0.03047055766413	0.179311411601539	313
-0.06401245626226	0.48337320966383	256
-0.059019544032332	0.410641203423025	256
-0.050076100830081	0.199769964396802	169
-0.049554487015148	0.19933961049586	169
-0.012478721408308	0.212682772691583	39
-0.118159081716945	0.733913050305062	65
0.115270794455171	0.457408876137313	65
-0.077986834647894	1.1719698630242	65
-0.082270724311629	1.27927765338158	65
-0.022996669802896	0.302541421058826	39
0.024874308888644	0.445926685554515	190
-0.121883074749432	0.472891414700398	190
-0.084968121960262	0.951982551778377	65
-0.01397738005574	0.307131037527392	190
0.046858321071562	0.449766224803002	65
-0.108411581065971	0.72939570541438	65
0.10480875635457	0.376499328115676	65
-0.042762515037155	0.420151320033948	77
-0.031169451928077	0.838440240192508	65
0.0891973267356	0.391362642540084	65
-0.105997789596756	0.793090696553401	77
0.055704792731863	0.276519018638963	77
0.021141589034147	0.422509405153163	65
-0.096046023935113	0.401370282777049	313
0.107143079918686	0.269179297811304	256
0.1033210715536	0.171782443446453	256
0.067788468844039	0.370979520571358	65
0.078615171700394	0.252091328884613	65
0.111416832981039	0.406906791033755	65
-0.086304170352587	1.46025795007334	65
0.031232700090475	0.725214023733415	65
0.00633988821284201	0.703768932959714	65
0.033674408205804	0.6549211724541	65
-0.00451328729644002	0.638673543231982	190
-0.103588180462371	0.785094342065384	190
0.120459544419535	0.151545175667983	190
0.05403241649645	0.269723884782702	190
-0.049707610883082	0.562064575845028	190
0.017686017198354	0.366319037662306	190
0.11832436547375	0.252411893701317	65
0.052495972794632	0.387507526135903	65
-0.105390676831374	1.00146439498946	65
0.081261723333481	0.38216415342024	65
-0.039002996519921	0.783131629328514	65
0.081995283887609	0.443991700201515	65
0.095302700245833	0.346841303632156	65
0.112679283197514	0.37148615177042	65
0.079752925561549	0.371577295130168	65
0.014038065968092	0.348734300400704	313
0.031756771051758	0.254367859920779	313
-0.00426151344688702	0.267832916475948	313
0.119229285636222	0.178933262154374	65
0.047611265370826	0.344593402261605	65
-0.051916118039823	0.691150207533947	256
0.06073427191472	0.337445703154697	256
-0.061021248925592	0.977304606118384	65
-0.057743885754257	0.408462260288473	169
-0.052360453259592	1.045144007974	65
-0.119289904430966	1.12985147329255	65
-0.005168028239455	0.640946977340914	65
0.019822256722302	0.47613799357561	65
0.098794043820862	0.370535438231798	65
-0.00312973777238801	0.769796448893408	65
0.118263862579139	0.325198329099032	65
-0.012288687767652	0.74475567742592	65
-0.07024583540982	0.931407640096267	65
-0.091954785587027	1.04950888176136	65
-0.085073756849431	0.952446868415217	65
0.080975497457052	0.477316905638471	65
0.04162774068237	0.536283603458547	65
-0.000435028058684006	0.606754220323275	65
0.026362069614831	0.587722386870527	65
0.060580305923291	0.416928940110286	65
0.080060914170789	0.415490456454058	65
-0.045221561381482	0.763450435329771	65
-0.076448162212498	0.99423755454512	65
-0.02447561325118	0.692608406337175	65
0.119963904188124	0.299866192068098	65
0.025210512899193	0.60952386391568	65
-0.017331975277546	0.486156680438615	65
-0.036216209257406	0.468738605310646	65
-0.094515488546382	0.69906331191227	65
-0.116960420588479	1.69289143317345	65
0.121616052854161	0.300553882844725	65
-0.12007919118816	0.91477832930168	65
0.035392018477336	0.614574147586564	65
0.023523852372615	0.588790143662589	65
-0.042821364932407	0.877633233257907	65
0.034645282802015	0.682335169945247	65
0.121165703672391	0.193615151209414	65
-0.012837771219881	0.681468738111947	65
0.094447221101022	0.377031131527328	65
-0.106558309809771	1.61367535245401	65
0.085107949444407	0.454576543980064	65
0.035665534252168	0.536690170852484	65
0.115101873903602	0.317984699710718	65
0.051917407013441	0.528602731466309	65
-0.090017862436565	0.895544307445079	65
0.083039726447226	0.424794398046181	65
-0.062029277540924	1.09691867182133	65
0.036141056945661	0.603910413074754	65
0.114083979731469	0.408693270108493	65
0.098300140410719	0.440551079819397	65
0.073672466357768	0.520639161648556	65
0.009981572392355	0.769559951343101	65
0.037483532573127	0.613542568051471	65
0.028783391943308	0.637333528847966	65
-0.040249483928373	0.675956434325874	65
0.110780090799599	0.289335639402976	65
0.088654294600521	0.357718850628253	65
-0.02691686462357	0.666692592037092	65
0.039704322677665	0.691690220955583	65
0.062778531147112	0.482902314506666	65
0.00041874588539001	0.604007618804152	65
0.114922705001376	0.226177975358474	65
-0.093315985576792	1.14895369788479	65
-0.070630616189455	0.810438745727688	65
0.039087327930993	0.459937925792383	65
0.00459468443650099	0.633549259079945	65
0.035307725806724	0.591750404121171	65
-0.031339388987243	0.689701382411746	65
0.082993242294759	0.383192708712165	65
0.115997372109653	0.32857528238971	65
-0.027680757620845	0.804089076760165	65
0.020220885478996	0.305025813763088	140
0.066071265247051	0.664378422307473	27
0.024321715972044	0.67206523979682	27
-0.090381933989556	0.642695594565127	193
-0.015258216789986	0.407303985208503	208
-0.023936403627342	0.303798638773007	208
-0.072219873289633	0.479499733437366	208
0.123146513326909	0.141950638771098	208
-0.003669726066308	0.459303506750209	208
0.069047952410022	0.221253063266037	208
0.001926328595799	0.816487493304555	65
0.100571044518719	0.373961041540258	65
0.031972869049658	0.553978613873223	65
-0.107944049697527	1.05545233544726	65
0.117471323926748	0.23819571010956	65
0.044410211935358	0.578467124264978	65
-0.114704397501411	0.402098129428501	152
-0.011320829805423	0.211715643517186	152
-0.07596009548181	0.519775464510114	162
-0.00288010282062501	0.265958062191307	162
-0.092456289616859	0.975388067646744	65
0.09068588532898	0.254191584775609	162
0.068059291787623	0.485772634574607	65
-0.053959308228085	0.72305108381858	162
0.036802401069748	0.668873370778228	65
0.077732392726995	0.580532631802251	27
0.079422025321313	0.51091286907607	27
-0.049141800087705	0.656784267143936	193
0.104384220444505	0.170366869408668	208
-0.00200521086206101	0.321143992560612	208
0.122628331068087	0.142597165867886	208
-0.067673196795306	0.522052253794741	208
0.045502706613849	0.428077609515361	65
0.123827185000031	0.210615078273515	65
0.056786981803507	0.514099363292807	65
0.064968000153652	0.421699541425582	65
0.020939349820431	0.706968358381624	65
0.078565233688915	0.325665048765441	65
0.030672980108417	0.17911937281781	152
0.068364836392465	0.171843877540519	162
0.052681094522384	0.240910130245312	162
-0.082488264058987	0.404982694900301	162
-0.117780810712065	0.820892713594474	287
-0.070555605450833	1.14425852191138	65
0.00821832882381099	0.901165424795753	27
0.055582540053197	0.286235006707713	193
-0.028501640125105	0.584290891324019	65
-0.102211885705497	0.543290800922935	208
-0.00289464752024798	0.322535412029032	208
-0.122836286997899	0.367239060622387	232
0.06887618146537	0.27441869709397	208
-0.03616363654066	0.425346525250308	208
0.067947241272237	0.276168592361355	65
0.00322469733605699	0.61677007273027	65
0.009312694314137	0.610590480288151	65
-0.013620878059062	0.68441776864181	65
-0.019618632119096	0.47728224875505	161
0.010400470949747	0.662939675720533	65
-0.023586941389569	0.509797341321554	65
0.041246453962796	0.297618729823249	162
0.10970372104389	0.217348564325223	162
-0.068223300359869	0.40496014806962	331
-0.011034948829614	0.211472636281748	283
-0.082903192814801	0.706541014891623	65
-0.00605554131699299	0.577489312270763	65
-0.08345559022529	0.514366936701178	193
0.117062308540409	0.243910006819958	65
-0.099851897520029	0.76113230755876	65
0.06308152404848	0.128390331364202	232
-0.021704448369369	0.134133840380632	232
0.030396801759499	0.179381890674393	232
0.00625441123924	0.737651568625736	65
-0.089242994356162	1.14479579277849	65
0.058538617448075	0.367549332359887	161
0.068750177983312	0.212076378117694	161
0.102074030667132	0.307534201147993	65
0.098243307110329	0.193401658155393	162
0.052210594335033	0.252248466418521	162
0.041435540012922	0.196456070240018	152
-0.012762818891687	0.261513067986462	162
0.102175100581772	0.112940339154786	162
-0.05130788380924	0.114155707724385	303
0.103030430199411	0.172180822445993	162
-0.06799937758684	0.369682007484608	162
-0.105667057069946	0.472026776254335	162
0.089932852229747	0.169952125882539	162
-0.080590886176117	0.189793828809921	162
-0.07235087066162	0.479674461469677	331
-0.099424002025626	0.644790057685344	140
-0.058900038336398	0.623682657986572	287
-0.081307337756138	1.44391442938588	27
-0.088608676397403	1.41360813796801	27
0.09604473393483	0.278046619146571	65
0.066672526005501	0.162580143277346	193
0.116106103581565	0.163659642652684	193
0.117472335103319	0.126107584049342	193
0.089850560253825	0.170050212043822	208
-0.039252947918301	0.251969536651065	232
-0.123235332324392	0.243065213858136	232
0.103386973360518	0.111895991645741	232
0.065800258488177	0.151728259960278	232
0.048586690479026	0.224303024353047	208
-0.00498295758029999	0.496413879741329	208
0.123292498286241	0.141763769708414	208
0.044706522896274	0.341075286827695	208
0.110466419203716	0.319446765971353	65
0.071843614960111	0.496911221526819	65
-0.03634787974016	0.600616398856874	65
0.116854849464782	0.217127625472872	161
0.038717161730547	0.369611992792873	161
0.049961595011577	0.233841276560949	161
-0.052984152798631	0.825076419917925	65
0.11106265674376	0.0396671757223606	303
0.097137680474331	0.202111347539095	162
-0.033997645834716	0.298725937594382	205
0.09290644216155	0.149181106078427	205
-0.066558764823701	0.855353204427376	287
0.099626961371769	0.473966431591037	27
-0.111318839834105	1.1453484195707	65
-0.012975461999078	0.261783565270689	193
-0.08562701005193	0.61843681853576	193
-0.07494610631099	0.935005372602138	65
-0.083485753176304	0.288193150723929	232
0.01673730360898	0.232849380679931	232
0.013531568352796	0.288698699015622	208
0.020092530370361	0.425067339964005	208
0.032615263526254	0.341305527174553	65
-0.0321533857008	1.00691765817384	65
-0.012560043913817	0.812616334540466	65
0.078419786550852	0.459535760077256	65
0.121319870715875	0.379018312550529	65
0.091804696923593	0.453784705360671	65
0.102753257056371	0.21553133294085	162
0.090661649976347	0.169061348329436	162
0.063974550327791	0.113279573615383	303
0.063718159645187	0.113460053513999	303
0.009976193461571	0.401176456926615	162
-0.014692500627146	0.406067808272303	162
-0.059076579034908	0.652540015687522	287
0.040353758717951	0.865898597543293	27
0.112061779207223	0.242583678514518	193
-0.101512775825298	0.579089336302781	193
-0.058023784722383	0.649365330369592	208
-0.0340939184103	0.647664378051743	65
-0.038290407227049	0.565274924404272	208
-0.054889302888422	1.1718009104526	65
0.00956803764074299	0.656367641931441	65
-0.039619500394632	0.842646099350695	65
-0.08504658335084	1.07943703393948	65
0.086301304022412	0.403559825456346	65
-0.029695895518577	0.710917472116718	161
0.043418739341281	0.40664098118899	161
0.104959245659092	0.418570115669124	65
0.045359781814659	0.462451533833484	65
0.093918186969721	0.148123167534434	162
0.054941712404364	0.287455700115771	162
-0.059232027420278	0.522262935156679	162
0.00848424227934999	0.592746102293343	65
0.00686029996569801	0.47126861026261	65
0.009856555650718	0.538969712517759	93
-0.068448259086667	0.405333623041981	162
-0.033689466868704	0.993785224517175	27
0.103146049047293	0.439169197431936	27
0.079683958671732	0.491664007779625	27
0.09822098583775	0.413499028661644	27
0.042074722307752	0.550299000309636	27
0.110581702125173	0.310272816276953	27
-0.117648632444372	1.35975757718701	27
0.066386902521714	0.529173027642444	27
0.098487622536869	0.465081860516645	27
0.004761485217399	0.705903311233941	27
0.040458388596069	0.563633462210055	65
0.063469799178255	0.411610696588301	65
-0.011281389295913	0.613523746636442	65
-0.030170159976069	0.801692087921168	65
-0.000484038657101005	0.786734798899215	65
0.057462028412824	0.470282878925529	65
0.099784785519792	0.308099534221672	65
0.036665221132172	0.574383766633405	65
0.105110143246284	0.348499676051945	65
-0.101979052839478	1.03774418415391	65
0.074277588769692	0.35718756097714	65
-0.05905003712022	0.775783261468176	65
-0.027669402022708	0.655620463750279	65
-0.037034820582292	0.870904772231142	93
0.026543121454004	0.545371240616123	93
0.119958939667355	0.296054841253213	27
-0.00175200244699297	0.545462143041307	65
0.120188880654187	0.258714272055778	65
0.00717206119191599	0.671033229051322	65
-0.00914176934328598	0.908173474240844	27
0.03010576976102	0.726810867907051	27
-0.105409964726999	1.44977416002493	27
0.011204053860665	0.669429201417985	27
0.104833237239989	0.368275442054104	65
0.119830679930626	0.305650345745239	65
-0.070266345131208	0.647899962366088	65
0.047185440462472	0.465266823421805	65
0.018462429628778	0.538138318188197	65
-0.02921582850464	0.682280392344866	65
-0.016205628742409	0.77846503479614	65
0.073245551788926	0.522328211848447	65
-0.048030272064652	0.983876232634627	65
0.063900287877143	0.491773733329582	65
0.053038343141328	0.496244229980132	65
0.046407403643521	0.491856987988178	65
0.078075104361167	0.449989128847717	93
0.065053181613095	0.442182315685134	65
0.049846070220184	0.647441842682238	27
-0.028351590420118	0.657785837337274	65
0.079960648386711	0.279490872570012	65
0.01590773888672	0.788831801811926	27
-0.023581316405425	0.852446110959766	27
-0.039110954219045	0.84028392716475	65
0.079538857632616	0.378436635881223	65
-0.090374615208945	0.985141780801994	65
-0.068986310658701	0.992332093651128	65
-0.071272771521055	0.73862379355367	65
0.078365858974401	0.312126437394457	65
0.013843614641665	0.45851850662728	65
-0.008666040275076	0.45766053160276	65
0.003802407207879	0.62558535062126	65
0.082355381965868	0.416092824627904	65
-0.083031064132709	0.989334434627298	65
0.07300115290596	0.465173955750943	93
-0.075904588814667	0.991781158944168	93
0.044114174938875	0.543026072332164	93
0.068247211414908	0.46701274991943	93
0.117289361201416	0.343845370471067	93
0.048373969830462	0.361586817690816	65
0.084956500089307	0.445703586224936	27
0.065542399547477	0.485947797782636	27
0.00117337089880401	0.651989238596333	27
0.080350675236202	0.425863336693341	27
-0.057556509057509	0.953107633890178	65
0.08067790545488	0.389930460928351	65
0.09986880783735	0.362560024800746	65
0.049153139072361	0.513617111247817	65
-0.039620629645303	0.569008113096939	65
-0.089046026539258	0.736999426174958	65
-0.00713848549565599	0.453977497891737	65
0.094205642795657	0.294353877804644	65
0.040113066282239	0.491724993596705	65
0.092897149959933	0.396722168631571	65
-0.030291822099232	0.802279135286305	65
0.063138213159093	0.481632289457459	93
0.046738826525792	0.602932407310009	93
0.047459588199677	0.640441634697047	93
-0.054397562254013	0.974538876195123	93
0.101322797307528	0.466915338239137	93
0.080434662120177	0.564283713605082	27
-0.096653648362836	0.943423571529326	27
-0.088576339365073	0.890159001861379	27
-0.10473680778332	0.823385304059403	65
0.053219829919458	0.38567301022153	65
-0.015717219113504	0.962862986576208	27
0.013946794974855	0.802866446521537	27
0.042736091186612	0.547670362556016	27
0.086825222755096	0.470819942125459	27
0.097631549803542	0.383489334679845	27
0.092845818474557	0.379983000811566	65
0.00998635310225701	0.72143315977235	65
0.00927614621300099	0.500359340835513	65
-0.02241112151755	0.595362355711616	65
0.049727819452383	0.339957003784674	65
-0.040359528609901	0.699624039268588	65
-0.057139446248859	0.619034269428688	65
0.110917173192455	0.245012056670621	65
0.092508807497544	0.335873875481996	65
-0.124108133400053	1.0742156657698	65
0.048497679468233	0.492959501249243	65
0.057339493148797	0.512074166005061	65
0.120393253290278	0.286869323370801	65
0.112790698984334	0.416685873080939	27
-0.099921646148557	1.28175772062089	27
0.072844791507743	0.394845858900703	27
0.016446185311834	0.590304516686741	65
0.019508621677509	0.626852238311594	27
-0.001858240114195	0.701847001220894	27
0.067846553389818	0.406279093364684	65
-0.093687353966061	1.01011222879397	65
0.092016373953245	0.409255978901693	65
-0.012659808659072	0.704379177968495	65
-0.065833719667316	0.852598060258248	65
0.112715962307627	0.268279032930899	65
-0.124763993013967	1.11201061539485	65
-0.066161097067176	1.07781069763715	65
-0.00745922933347298	0.719150249937446	65
0.00100043938074801	0.61329660156185	65
0.063772683350172	0.473076705670826	93
-0.066552370793131	1.14392571105025	93
0.054745460709175	0.531975598940882	93
-0.064915560494777	1.11997499932352	27
0.113495402987035	0.370167124004584	27
0.013345573807173	0.626784356040602	27
0.077149770069991	0.458635721078964	27
-0.111064031591968	1.52130757660385	27
-0.089909079908211	0.92487298861654	65
0.107482554595171	0.285868296519871	65
-0.062285078644922	0.744298026722368	65
0.060186790622395	0.440121975083303	65
-0.089564261873368	1.16315452585039	65
0.016203562175817	0.524481102916183	65
-0.043916855513674	1.03735358099065	65
0.094302287893114	0.220711352667714	65
-0.059722612514947	0.681949270786102	65
0.099369850671502	0.342551712224777	93
-0.081899861836806	1.17857809318315	27
0.099287706496081	0.409737861139999	27
0.113424884075695	0.441900481513309	27
-0.014971210402753	0.689408882181835	27
0.062923864321916	0.469255975010999	27
-0.030789275329921	0.945033618787949	27
0.074838522289764	0.441544531748356	27
0.070325917582256	0.485814629846961	27
-0.064345035012717	0.888463908841174	65
0.091850782540224	0.337628461917232	65
0.114701058379819	0.249141100119039	65
0.020027669118201	0.475622820456803	65
0.035144056577244	0.52982644003256	65
0.122636176975999	0.272830566398763	65
0.057787884354001	0.476388617285931	65
-0.078583743338253	0.933062939787539	65
-0.118590207030998	1.26602266607075	65
0.097903149817551	0.373331785622223	65
0.079007052085465	0.418817223616398	65
0.047405863064549	0.488665694600279	65
-0.083379935455173	0.990834361139967	65
0.016395788766347	0.560406651835195	65
0.078244448667285	0.394602322323567	65
0.053184444983535	0.402563508220062	65
-0.077327537828489	1.02410190782209	93
0.054155881548964	0.424245541142092	93
-0.076569093701419	1.0862198551176	93
-0.014966108187044	0.812610850081333	93
0.068679323286799	0.361337351317753	27
0.093443468652418	0.395016223524528	27
0.095872116655649	0.304514051924492	27
0.09889662804523	0.452873117749421	27
-0.00987269837824101	0.411107653055901	65
-0.101374470929714	0.731168537410043	65
0.111194311988144	0.21463583720205	65
0.09409017117708	0.378318711141031	65
-0.121866122966329	1.08693294586139	65
-0.038186374865486	0.862817959277806	65
0.006945352110513	0.625014824969232	65
-0.025177466514525	1.06855329740326	65
0.028350703821256	0.749548301646212	65
-0.110833844663421	1.41791197968556	65
0.069463388034548	0.444181720924304	65
-0.07679773239631	0.553904540612773	65
0.114268544555694	0.203549443687035	65
0.053552070566784	0.580619410160003	93
-0.068123501280194	0.55350118388353	93
0.02434118741298	0.68013868654044	27
0.00576477705244099	0.650271005808817	27
0.008798073095727	0.612446916548963	27
0.029079071144162	0.628194542250083	27
0.02276519377546	0.729348745379107	27
-0.085388372038201	0.925208196187496	27
-0.077210675412608	0.739174867161829	27
0.058662984444662	0.532964888904885	27
0.041271536561482	0.49656492586106	65
0.00842056013431	0.53209355605269	65
0.024648612863711	0.503545100803675	65
0.067548343985928	0.498992595024063	65
-0.122130533571924	1.23285722114327	65
-0.081046549447438	0.997887248766268	65
0.033552947864838	0.582317070609581	65
0.122282849463792	0.31093177076793	65
0.084589365887998	0.218620715841611	65
0.110790458074095	0.215414718514815	65
0.072140074919605	0.396869987391715	93
-0.02628941596265	0.615185102025212	93
-0.08251249639421	0.797618105815949	93
0.037168986485053	0.564598817254254	93
0.060691948258987	0.345959601569597	93
0.053708881337388	0.448906124837498	27
0.073400309407114	0.452187102670887	27
0.079888003433607	0.421702101303082	27
0.114126085567438	0.377901275246627	27
0.050047118525785	0.642956256026224	27
0.093746672610539	0.389258511500987	65
0.011220745022739	0.545772436516613	65
0.032008113580749	0.639785166355481	27
0.032886937922309	0.559499265936876	65
-0.013389019892525	0.725311558763387	65
0.104799702345561	0.353816396263115	65
0.099122513185013	0.374150372989299	65
0.108023932774883	0.326495423754147	65
0.035637662507576	0.628200947786263	65
-0.013435728559094	0.91714202532405	65
0.069724302223532	0.534090172487825	65
0.034202722717873	0.752650937234382	130
0.067702247318614	0.526416168599737	130
-0.011063388668537	0.612813708509525	93
0.099369406482278	0.409450190743094	93
0.028109391106048	0.563149347521673	93
-0.098846611079242	1.19669916106682	93
0.013465506152335	0.606417437008217	93
0.015369499269681	0.64798118879204	27
0.040646221132359	0.515253250172866	27
0.021903360956351	0.566268369924803	27
0.0284688560745	0.55729298407271	27
0.034481749749455	0.651527168321907	27
0.117245748461672	0.368227298074386	27
-0.013421693532304	0.766922939417479	65
0.019467359901971	0.659013821517841	65
-0.076994627427778	1.2676728971147	27
0.00988488423595801	0.655166381908295	65
-0.086044117207761	0.984818730821839	65
-0.087734208075226	1.12824523072011	65
-0.042037251026013	0.953026734066658	65
0.079087743778109	0.435598220005174	65
0.072660815555235	0.466339452378123	65
0.064289018951746	0.496524282234582	65
0.046352821361148	0.706243611028965	130
-0.058219088086278	0.720828074023976	93
0.115881141064721	0.332680542122265	93
0.078978390818458	0.44891393996749	93
0.124624977128618	0.318272047525119	93
0.085487845345312	0.411415884223005	93
-0.027904392568316	0.805052828237178	93
0.031506115143378	0.649333393891296	27
0.046126412265745	0.500679521620015	27
-0.042171634938214	0.533612114764647	218
-0.044640335411433	0.565723746538103	218
0.077632337164244	0.299150547661079	218
-0.064294140617648	0.649528439205571	218
0.050991492999173	0.664201340232472	27
0.090814244424828	0.518573018622548	27
-0.02230919429069	1.0609243385745	27
-0.043148195607648	0.899828739000653	65
0.00182910604525199	0.558605368287259	65
-0.062078808028397	0.812644982730554	65
0.018730970811952	0.537279070365011	65
-0.092323527236584	0.758617213327057	65
-0.009209548761276	0.606729417400906	65
0.045438498654609	0.595001871549986	65
0.020460780029147	0.71694211552634	65
0.038593696250596	0.369912214016367	65
0.11131390948319	0.365704804793427	65
0.052911489708184	0.580669397535505	93
0.052599198754524	0.672291999187432	130
0.051142677810749	0.599971264568352	93
0.10513459723908	0.407251915022452	93
-0.00922874804983098	0.703402723256106	27
0.117211576356008	0.216430448975341	218
0.081983320518712	0.230766225001712	218
0.029468666777882	0.336570244532848	218
0.063223897468713	0.524349050448964	27
0.084879917504708	0.485070031184188	27
0.051667420599346	0.597830877382843	27
0.080331657349657	0.535980485452006	27
0.054194583500198	0.587423880266079	27
0.029545309448562	0.702003430623305	27
0.046475807259044	0.499544699408075	27
0.001851541224273	0.785428289915358	27
0.028998006768853	0.546500702456562	65
0.080125122808733	0.249472542458957	65
-0.017366903073711	0.396129529147687	65
0.088399948560574	0.258662161137751	65
-0.066608613535828	0.812879169912763	65
0.081131880004903	0.342338300713647	65
-0.06290882052374	0.92311842541581	65
0.088760654061594	0.363139911739812	65
0.039079882749144	0.742804383147959	130
0.011304304021776	0.820021950648051	130
-0.007428896034678	0.729979955002752	93
0.093269391860925	0.446018415688148	93
-0.057474025411492	0.718613768545651	93
0.100132157202128	0.335367416707892	93
0.043745765507787	0.559341155280928	93
0.112694936581776	0.246329570844368	93
0.044669463502992	0.640449489715539	93
0.117353617083641	0.293449413234349	27
-0.061632534664057	0.447338981979376	218
-0.00678293505880601	0.418609517348831	218
-0.053577171625127	1.23391100980953	27
-0.012787448986629	0.874981295161336	27
0.074030232947513	0.568060975759922	27
-0.017303840236808	1.07484393285524	27
-0.034504080681161	1.14471563415383	27
0.099567366139512	0.324500673708386	27
0.039293883817763	0.368368655134544	65
-0.091115473673052	0.611704131082319	65
0.031976423003957	0.342614714169425	65
0.022243177192639	0.480009232111201	65
0.037549948033112	0.648488015774581	65
-0.1100277232902	1.10757299098751	65
-0.101645472285889	0.732194365874032	65
0.124017939158853	0.320176168870001	130
-0.046193002058962	0.704219942703077	93
0.118153552228212	0.291278830893454	93
-0.030305618341137	0.865977860660401	93
0.055641043455928	0.547615164904878	27
0.012416976729924	0.753876240832159	27
-0.118439646124507	0.908848777112528	218
0.026400800116565	0.527119336028061	218
0.121713270680226	0.273558405469383	27
0.064971504538981	0.523339590259302	27
0.078183191842675	0.470701310556891	27
-0.00230471360151702	0.924254206236985	27
-0.046998864567512	1.04183048696838	27
0.109620489178872	0.41684011051853	27
0.067839844300306	0.544554724111666	27
0.00579821615809201	0.686476808987901	65
-0.023584692087558	0.702654806992568	65
0.112092879462988	0.320940021618817	65
0.06918499883672	0.352648070126858	65
-0.041847572363796	0.719503452849508	65
0.122185710368745	0.264149481479877	65
-0.060343185935479	1.06760893202853	130
0.119833349459222	0.321936992344591	130
0.073600632196966	0.535446034604198	130
0.123631668836103	0.318288276597508	130
0.059988175935584	0.551794554351611	130
0.064253916187724	0.502690176056049	93
-0.030109832633992	0.833761137667104	93
-0.088095992227805	1.1038155221312	93
0.066861032505186	0.38072194191674	93
0.00122016673041001	0.876075699244205	27
-0.050592556375345	0.492675968316604	218
0.052632112774941	0.251601431512477	218
-0.069551997761852	0.615982505856245	218
-0.066571179655893	0.741235903376757	27
0.08604220179744	0.549617198625513	27
0.110189873009533	0.436052370359604	27
-0.094230551258278	1.38401904849644	27
0.073668035048798	0.427117620354479	65
-0.037840275990875	0.742627684654708	65
0.075376432123217	0.421813685146883	65
0.014322846074969	0.675628216857183	65
-0.021116741328597	0.794108461478848	65
0.091119955664921	0.42605269297839	65
-0.08278959203816	0.67475287984432	65
0.113310346286578	0.27829602093934	65
0.109306215575737	0.359482338204006	130
0.067630172762844	0.597007607965373	130
-0.081664943764622	1.2233584040761	93
0.074632301190461	0.448085460904537	93
-0.048538981805843	0.799291365957854	93
0.124453109609432	0.297473531600052	93
0.07259378742693	0.569860803809371	27
0.063506038240046	0.622682178896956	27
-0.063285157841738	0.972860029536255	27
0.058456306175731	0.333960376751169	218
0.124752510192157	0.224518881290492	218
-0.02157255187801	0.924903384916888	27
0.117890783702962	0.40718734257531	27
0.121250045651964	0.352424783218754	27
-0.08251537825836	1.05773540532297	27
-0.029944567825468	0.962373450956085	27
0.033240329822456	0.663856629550541	27
0.001558906908599	0.758749643114607	27
0.103448450282075	0.366730999186864	65
0.062642883956483	0.502450816324975	65
0.114431918465994	0.327885326087502	130
0.080799964959928	0.368681450555401	130
-0.047616447513065	1.22370979831764	130
0.115832464147922	0.394525265276557	93
0.082534624833908	0.442231977246925	93
-0.00714396388487598	0.728864342022059	93
0.082161785637866	0.550445636058073	27
0.081548229955265	0.381302490836305	65
0.023013465979327	0.378204781018829	218
-0.09859234673231	0.6080286956419	218
0.104078399777728	0.170783279837254	218
0.10423882624299	0.170560499491295	218
-0.01211204054189	0.362178583320794	218
0.119349850482232	0.202012085358905	218
0.080673761617024	0.473713831490823	27
0.108399539988555	0.485081672777936	27
0.084262989521056	0.531262104262177	27
0.047473760577902	0.580218286503033	65
-0.062869486087532	0.645378488327479	65
-0.089140027393984	0.671816572249576	65
0.116912917306191	0.217007793802973	65
0.033085420957481	0.408965972383567	65
0.037665502810174	0.620069069061798	65
0.089601890739371	0.449322377072817	130
0.015637367419379	0.782806133712563	130
0.09825802119702	0.328088804807734	93
0.024868439652963	0.584077819680927	93
0.094133957709521	0.221003305743844	218
-0.075595666345226	0.582401632076854	218
0.117991391524877	0.237024592084193	218
-0.096873013034932	0.850478718027141	218
0.084243159975896	0.399014891776782	27
0.102114788483966	0.441785416196641	27
0.088792279234936	0.458946867034444	27
0.102891245280405	0.39094478877052	27
0.079350819799455	0.488183950145831	27
-0.054999946010948	0.9774420822627	27
-0.114345955873706	1.52718146508631	27
-0.120661020149141	1.49034463481793	27
-0.060371760299456	1.12888146860784	27
0.00340637356652701	0.745774990225534	65
-0.020039210670777	0.588269683664187	65
0.104907155316026	0.359536251270518	65
0.060304844109018	0.402711916314033	65
-0.020479904769164	0.589696335822592	65
0.055447134686362	0.435842310411415	65
0.042087462462054	0.493949644748361	65
0.08542730475327	0.400973378745322	65
0.035959594848524	0.659229598937443	130
0.118980058870271	0.409152220174144	27
0.050873977526933	0.569851070233022	65
0.047533762743461	0.503912642718315	65
-0.097020691512474	0.975355339943904	65
0.100368393104097	0.306714561458318	65
0.058522537739469	0.533482855628181	27
0.047848776478038	0.611042718275413	27
0.085511923176889	0.462469783285899	27
0.07504842565992	0.440847835947923	27
-0.037691958386682	1.00975019339272	27
0.120645017416012	0.381466705109722	27
0.051601850024985	0.680196342664613	27
0.02303802518226	0.477635381382858	27
0.028320336213338	0.62310966117699	27
0.058040472708417	0.408718377653986	65
0.00117188449939001	0.662811331587061	65
0.08112196357249	0.348918239179284	65
0.045610231904562	0.555418581531546	65
-0.00232888112228802	0.559229423130434	93
0.119142818852547	0.3097205494683	93
0.041194182649285	0.52968742183853	93
0.00181931740097399	0.649566585923114	93
0.072700874062065	0.546505883315206	93
0.033457339005293	0.6875864945401	93
0.037150236074312	0.800779127545459	27
0.028012948836959	0.616059090804365	27
-0.120685817830548	1.55281578607801	27
0.104664537952182	0.416185121055747	27
-0.06108298844217	1.17092819882242	27
-0.031703688888811	0.654553019896565	27
-0.014588312091089	1.10720273620354	27
-0.01540142884696	0.803643177507878	27
0.123225821410836	0.247272291766351	27
-0.094982788672628	0.734038708551968	27
-0.066968359397479	0.770035054344675	27
-0.00258471545600603	0.825078942358579	27
0.099158600169979	0.406139261189281	65
-0.00193317822711098	0.702135509312809	65
0.101656716407049	0.429470444548014	65
-0.059904661910172	0.795044009140258	65
-0.010030002968215	0.746758509917455	65
0.013743840733088	0.644637765629272	65
-0.054054681282934	1.06113318499604	65
0.102047979824807	0.409443430873105	65
0.045508315071869	0.560088652642489	65
-0.102560705740523	1.39028223333482	130
0.096294815572569	0.265286719561059	93
0.00146615221473001	0.622774626912563	93
0.078198319268366	0.388540279693228	93
-0.076259466097903	0.614612196156481	93
0.086902100406644	0.438893369915836	27
0.061092383122525	0.501552273114962	27
0.041710249630951	0.606899304384753	27
-0.118497989120455	1.56394432842669	27
-0.107606986843525	0.978749840663634	27
0.116889665693818	0.399071657033524	27
-0.095298289903498	0.701376147536203	27
0.086443149442382	0.349595329890296	27
0.097181054850366	0.395655182025128	65
0.04934866850422	0.512928081326471	65
0.078162075048346	0.394858628110385	65
-0.090076737807437	1.24915518187574	65
0.119112977747958	0.352302703926306	65
0.107398712277713	0.373467833895194	65
0.11645283670649	0.276805590027503	65
-0.017435117108778	0.918423055131244	130
0.047421301059001	0.422694984795321	93
0.089947653262256	0.389073092586606	93
0.052789306533112	0.489729936630626	65
0.004426302903491	0.550386418361723	65
-0.103240053068825	1.14473046011711	27
0.029465578715997	0.669555573093797	27
0.05330892751093	0.602873146399506	27
0.053742052339318	0.441106772072842	27
-0.00404309508381201	0.648408937499675	27
0.043202605694076	0.498481882675691	27
0.080545614410482	0.375525321604977	65
-0.000238496724732973	0.742000716607341	65
0.108386266134604	0.329881451708862	65
0.065763407809856	0.499782731530725	65
0.00086465722222101	0.737389588757512	65
0.04580828329295	0.586819479961222	65
0.083785235898326	0.406009792924405	65
0.00823856326157699	0.738103790760557	130
0.010334608659203	0.653435267945029	93
0.11296223669741	0.314183228220758	93
-0.087433554746377	0.885724349728657	93
0.044002683894212	0.414294300512318	93
-0.100611008882906	0.970620719991728	93
0.025148267243762	0.555244600389953	93
0.034941284064129	0.512835170570476	93
0.08314349479844	0.43499351409417	93
0.105525344930846	0.331674530264865	93
0.025993721313896	0.432440859736908	93
0.041711883297767	0.519926792718784	27
-0.027451526782568	0.770671781599123	65
0.06867798241786	0.353867078957771	65
0.107494934967979	0.285867412751722	27
0.097978973173348	0.356591822258942	27
-0.119911897139336	1.31435920877607	27
0.05279978891551	0.436037533696383	27
0.117579814785487	0.29279060362194	27
0.066271911073936	0.550975324047448	27
-0.120629625907094	0.965525697869637	65
0.020775020705381	0.613184331909902	65
0.040745803910831	0.489739496791496	65
-0.016007007241748	0.806383527925883	65
0.063528057496896	0.48038676237924	65
0.00968436944630899	0.609572484923295	65
-0.017192243623537	0.593070401494638	65
-0.004083507433225	0.789107944170035	65
0.101048034896776	0.372413723537306	65
0.077299951694237	0.484114027224579	130
-0.048381130515236	1.01783105660252	130
0.086228671132544	0.39298187406432	93
0.121605660574907	0.296860608353186	93
0.06161184458136	0.449898307853521	93
0.00626484771314001	0.589335999384145	93
0.022623971028157	0.663212817838666	27
0.072358800065277	0.396245281787383	65
0.068856397913647	0.306822935495045	47
-0.04972526685159	0.788634803790808	65
0.039969627643272	0.500656931194798	27
0.012379943619972	0.630354477421262	27
0.031175739268498	0.574196710668533	65
0.02992839553751	0.56124383240249	65
0.014304125949068	0.57770771125346	65
-0.032670562926632	0.844667038448775	65
0.047422751769765	0.448138859349251	65
0.086567546207389	0.355296325881763	65
-0.072288112691791	0.940286633487427	65
0.124572757082447	0.300573726780449	65
-0.028338357412959	0.806787728224724	65
0.072987268022993	0.470883337268783	65
0.066094981774219	0.411329038770972	93
-0.056846588352992	0.758857864742889	93
-0.063663038303354	0.910696312812943	93
0.016847025319972	0.803163435063192	130
0.094189021174704	0.43022508978496	93
-0.117590433463587	1.08939444817639	93
0.113373725643626	0.302520789637418	65
0.089740774439703	0.276243932543642	47
0.036367794249723	0.664282584960464	27
0.124053852669017	0.324726395671197	27
0.119038986488925	0.355685105068219	27
0.106541795036778	0.362786349722496	27
0.104938803799076	0.404359676163703	27
0.069180196852042	0.531197315440991	27
-0.094248963838046	1.0595563477695	65
0.029018851720122	0.455550289510258	65
0.07822840709988	0.382194563786163	65
0.073054225648094	0.447384837469817	65
0.039174689146911	0.468566108527854	65
-0.075729669928642	0.839160820555527	65
-0.061971262571446	0.918890455906765	65
-0.034239702005271	0.962000283295681	130
-0.097867867299233	1.15456292515861	93
0.024928430485044	0.583855657901984	93
0.034566880286987	0.735238616624475	27
0.02488162487752	0.64950655069163	27
0.092889504950174	0.23660447379087	47
-0.015941224499432	0.6026473773707	65
0.009577936588021	0.82088625892358	27
0.113060632431412	0.361258083731635	27
0.106507331379593	0.416150396426885	27
-0.03057306002991	1.03062024097842	27
0.053681323736063	0.571345105535536	27
0.096565001373934	0.417529786295505	27
-0.063530259825607	0.818088622512332	65
0.010941516831323	0.660923591880684	65
0.060658303955793	0.37850510651228	65
-0.047878400344669	0.734300362813191	65
0.061017548373984	0.465767159559321	65
-0.017207569531838	0.449044823888724	65
0.098657159766274	0.247922300781562	65
-0.077728903917858	1.25849555967502	130
0.053802132517007	0.567406766809522	130
0.114680738683695	0.290272171722822	93
0.107104888062703	0.333644613147195	93
-0.00627289216183702	0.865790225993095	27
0.014208556625362	0.508739709476137	47
0.086189866150838	0.283850827005904	47
0.019176539389353	0.415869376581079	47
0.093271577389703	0.290492394541658	47
-0.03972862801521	0.674273070777952	65
0.00969769100433401	0.794987281519347	27
0.121021450422396	0.356079488816273	27
0.052437216002382	0.550741016455995	27
0.00232422056120399	0.882821002648328	27
0.101882353803506	0.421299495854432	27
0.032992885619788	0.631347193584307	65
0.096095331325185	0.315277661361747	65
0.115413469783127	0.263848885776332	65
-0.06028183391677	0.82207395776963	65
-0.016802574042191	0.683714232921525	65
0.11112086972697	0.369883218921132	65
0.06140517649275	0.407168080476965	65
0.091274995139898	0.374485946280501	130
0.104404234623111	0.339586652071745	130
0.027949810095625	0.668335073699913	130
0.08417482321071	0.436499026518754	130
-0.000273831895950982	0.716338886407043	93
0.073878360076257	0.450621725210642	93
0.044279353494204	0.585941560348734	93
0.10746736422109	0.332592462285149	93
0.113091380531967	0.323826847307706	93
-0.068975568914233	0.848183201699337	93
0.00737687107414001	0.794600939768103	27
0.094598499427349	0.324743063132129	47
0.123336303466438	0.246994488731307	47
0.081060930601322	0.3554337403785	47
0.090217657467187	0.388239174918879	65
0.031320902671369	0.582023481669525	65
0.035917252142032	0.544114536089731	65
0.118463518484701	0.304230392081571	65
0.123720451501582	0.345171627837609	65
0.124917592176171	0.300989546704323	65
0.114748847439196	0.314905970572246	65
0.117624040216503	0.258610930978208	65
0.111352194724203	0.287887716313358	65
0.097482940772343	0.294984978541135	65
-0.109164255064443	0.850945960477363	65
0.109508037060667	0.258590539930878	93
-0.000000881451464984639	0.807994425123367	93
0.113120109269205	0.404740074584932	93
0.058173856592953	0.392695471996885	93
0.013845029267508	0.487669222371924	47
0.069222090169994	0.345087207686567	47
0.014227708404188	0.497903213464572	47
-0.096983114869167	0.913966795592205	47
0.079017023828245	0.430179591464632	65
0.058590329929597	0.527019797522864	65
0.00690002102302101	0.64619142622055	65
0.071380497218958	0.418860260980682	65
0.120981252395415	0.275498831524038	65
0.076414517646414	0.424459566442518	65
0.056200210865613	0.548241372554694	65
0.075318370277025	0.439945960493735	65
-0.04816788513312	0.774355955946146	65
-0.080856432787891	0.896893051879575	65
-0.011946455031635	0.659482434069737	65
-0.105699476789925	1.03459808585446	65
0.088835279740638	0.374023900199635	65
0.114407131552083	0.266181198190441	65
-0.028025928563683	0.817936373913626	65
0.016379952802722	0.580813067626063	65
0.038609773874697	0.619221708339325	130
-0.019472012940782	0.550975064755191	93
0.100511259810472	0.306332687737178	93
0.117571886648797	0.323656073722393	93
-0.11330605078338	0.912384018258406	93
-0.00177352636115402	0.588118934933787	65
0.000103252389570013	0.463208661084657	47
-0.054674093775376	0.954221220657901	65
-0.031874766849347	0.712897747692386	65
0.00506995010533601	0.652785247557301	65
-0.072135376522455	1.12424466797515	65
-0.113495855287002	1.05960066726531	65
0.124604447970353	0.305355315178634	65
0.058774826796386	0.507123615070232	65
-0.112191349415844	1.15983580469482	65
-0.072117335993224	0.741621910410999	65
-0.038043297442649	0.629612569393725	65
0.076712978463768	0.357640978050383	93
0.042569949874522	0.567557940910979	93
0.081947888078466	0.340306570641859	93
0.122414568691367	0.294581626731666	65
-0.015587520163913	0.518321843755853	47
-0.038319512707213	0.606281520041062	47
-0.027933925627663	0.772620018566129	65
0.108687565065516	0.365347001185968	65
0.034578107292734	0.636620132479439	65
0.107780189660421	0.35065583243011	65
0.035241616187054	0.484893224515224	65
0.123758819944808	0.273902869487598	65
0.106503956190744	0.344239570520421	65
0.121089938097515	0.285001663236948	65
-0.027259539912652	0.875674990026636	65
0.081912499806061	0.386333112769639	65
0.114725192422526	0.285667327875586	65
-0.014779718374056	0.644680990780633	65
-0.034274755709163	0.951017154908697	130
0.118265921911921	0.290937799192296	93
0.042946085951972	0.554803383964505	93
0.01295547389393	0.561477184103469	93
-0.110800344205336	1.23355696689516	65
0.053113903600631	0.450779894202361	65
0.017623535823634	0.520232730070252	65
-0.062454889933125	0.717657284673535	47
-0.030301369879633	0.865834786139296	65
0.077429307459708	0.51725495413806	15
0.033287568689279	0.670602827818355	15
-0.100758631316854	0.940003426297267	65
0.094877456235781	0.358430488788924	65
0.046043211624633	0.57910451661517	65
0.053001454997448	0.54493986629804	65
0.046022966536715	0.501030673774874	65
0.124877904132836	0.332392535884771	130
-0.096582737979696	0.881201403472314	65
-0.080610755687792	0.790788539511871	65
0.098755681397023	0.321444576804786	93
-0.093153983099525	1.03674576172553	93
0.110259605423858	0.386876791140762	93
-0.05237828436998	1.10898055215566	93
0.026898776193306	0.534934810004491	93
-0.022562325784434	0.858911339120426	65
-0.113934878962857	0.914974218489341	65
-0.10899792931176	0.731076687439022	47
-0.064149249026351	0.64914146175376	47
0.029702235785032	0.5349786980799	65
0.093716814107944	0.361951979867395	65
-0.046860821024769	0.867324606951587	65
0.049028086548914	0.54306232018213	65
0.121080104784912	0.302144804815241	65
-0.096186417590994	1.16332093815601	65
-0.056846837859917	0.972089257149494	65
-0.050947927434101	0.92892842341237	65
0.086984599278304	0.365634726624176	65
-0.00444947029074	0.678907069876068	65
0.001941977833779	0.707487752563869	65
0.053697978892504	0.522309340251626	65
-0.079170158548341	1.20151175223622	93
0.072159999542848	0.444165156011088	93
0.095103892840578	0.422758279543173	27
0.02776547375432	0.752326365416838	27
0.111322160356638	0.276451005596838	65
-0.103355467335815	0.70229659153846	47
0.120337255885363	0.200234707666915	47
0.062804011801594	0.514109611967303	65
-0.011238450260883	0.711142528869353	65
0.083249119451088	0.449702518655149	65
0.050813714273278	0.550279003446058	65
-0.018180196172891	0.999401929878893	15
-0.080960542743763	0.952776879408759	65
0.053866539408344	0.493486897502726	65
-0.055389414619323	0.834515523129699	65
0.08228582089296	0.402763188071513	65
0.026602303013238	0.629437351531571	65
-0.007447418710335	0.757535153619286	65
0.110089511312379	0.356830480876977	65
0.076214399192359	0.345388454467031	65
0.123596628407701	0.25053721799308	65
0.088654043379481	0.369051413684207	65
0.094020242282212	0.388385039851392	65
-0.019817652432147	0.669081348749188	65
0.064943403258408	0.556354119625259	130
0.100856936193808	0.305488503100278	65
0.093587448705241	0.466748627679309	15
0.005993338683802	0.863047191836058	15
0.096889402447513	0.45344619863279	15
-0.096847973531859	1.44757991641989	15
0.030420140335453	0.729300196324103	15
-0.098870102503673	1.16944841511167	65
0.119668194207652	0.329367192941992	65
-0.010439487900273	0.833126743450483	65
0.072444212050338	0.510337944718991	123
-0.00379892283016797	0.844952232192677	123
0.009815656286809	0.731219896783975	123
0.116012192845309	0.282386177953497	65
0.047525325436051	0.548584974662856	65
-0.036466365090191	1.08503080771699	123
-0.00439290646027901	0.870153691908458	65
0.057965758750423	0.48281203751032	65
0.087005319139353	0.461364366885404	93
-0.066132920332069	0.921112096990657	93
-0.038725188978479	0.985998147653689	27
0.076936013562897	0.329418176156699	47
0.00724246517162799	0.438853421150965	47
0.041484657736346	0.373250700680026	47
0.104061448108616	0.467521333663514	15
0.098051905772587	0.433882932670813	15
0.023064486249776	0.720672153816639	123
-0.124381715067162	1.59612954123551	123
0.110251314783766	0.251723188884709	65
0.103012216593494	0.317429586682145	65
-0.011932123481251	0.923775242595848	123
0.108529652379866	0.426069108359028	130
-0.00804563722007001	0.822322675730847	130
0.042393121352407	0.675824027919249	130
-0.027384724021232	1.01767592085462	93
0.115350843986821	0.357117610951619	93
-0.022508602608473	0.913536708418996	93
0.108290548632438	0.231491579778117	47
0.023678818918267	0.438370874326304	47
0.037673646917394	0.371872417482829	47
0.095545462365192	0.412641042911671	15
0.108072692124606	0.443185847519627	15
0.014130170348705	0.769903303983129	15
0.082845252287106	0.493055762774764	123
0.118187847569876	0.268067889891775	65
0.07837967079684	0.312126812108149	65
0.111153450178131	0.288366083142692	65
0.018196840152963	0.51848707085861	65
-0.07799307931783	1.02712137453429	65
0.023796290773191	0.437998623734131	65
-0.04118350068946	1.08011271126345	130
-0.000167433775467019	0.866599957282811	130
0.022827844935026	0.818186008688525	130
0.06242675706438	0.536344224283582	93
0.02452470253968	0.702374694057187	93
-0.112512366454664	1.49730347289643	27
0.034228396529133	0.532833852911664	27
0.073848251855067	0.36506902267471	47
0.058783974678808	0.742911753303659	15
0.014436708454697	0.856053061557694	15
-0.120603336583928	2.04921434695182	15
0.018347235137395	0.885610328112821	15
0.01446758089925	0.833630623579117	15
0.01675605050008	0.700470585633377	123
0.101139682688353	0.224503844779081	65
-0.111564205291265	1.40539596140653	123
-0.058233695496011	0.593992245496013	65
-0.119311757039515	0.995333152601277	65
0.02347533825859	0.551434611338674	93
-0.105643300745203	1.50722221029075	93
0.085292069840836	0.528431754466058	27
-0.106397966953095	1.13031068014135	27
-0.066359071592196	0.367319425514439	47
-0.025455873527277	0.39532267220211	47
0.108392744246171	0.456464432370721	15
0.118027810019169	0.391827727399155	15
-0.040949905961511	0.59778027455926	65
-0.0247025446082	0.47428979112974	65
0.124483978844595	0.22508234439389	65
0.019749539194085	0.362087438659459	65
-0.081765534645726	0.7345451711365	65
0.100224494463624	0.330040665709002	65
0.069816707392096	0.63290214560377	130
0.085800044438604	0.530041017761952	130
-0.073274750248184	0.92781822939898	93
0.092290029389987	0.408342392639073	93
0.065447680240646	0.406155407031724	93
-0.068656433098693	0.941076630574781	93
0.085028843075683	0.529672920536487	27
0.071487631102624	0.519162207328145	27
-0.019080298437438	0.842961352985708	27
-0.121525314496388	0.572835655241879	47
-0.094587619463276	1.68570753102713	15
0.018741328732012	0.591875559843929	15
0.039877441997143	0.483888752634036	15
0.05508730779209	0.413672340725444	15
0.031056286236216	0.787464160393103	15
0.010355754307509	0.987784369695381	15
0.074859606813376	0.493084476767846	123
0.103747037932894	0.310452990262544	123
0.081504285155067	0.347884607607996	65
-0.10796387814515	0.914536810456594	65
0.088293084624227	0.27935468203494	65
0.053394551726121	0.418378656637985	65
-0.073090302902156	1.10723694631099	123
-0.037756302425394	1.17522785290206	130
0.116076168257807	0.447892223972451	130
0.074195518703968	0.377784797366724	93
-0.027491768030016	0.737197505438629	93
0.029878489520735	0.463065269232952	47
0.049503206491825	0.637432172678109	15
0.12437754833508	0.356908156955776	15
0.106334350740763	0.436528043469935	15
0.119274749719411	0.354869208810428	123
-0.094613830898046	1.12834842914162	123
-0.024978285078681	0.887338103888764	123
-0.00832761362830298	0.838594206646392	123
0.046424262328202	0.620447327872824	130
0.048123684578887	0.683846235814252	130
-0.011164017946348	0.779337377564455	93
0.112464989911632	0.345537523846576	93
0.059949014315219	0.51570441219698	93
0.034956161974697	0.568760728510433	93
-0.00689068150099298	0.623199059811757	93
0.060469192912691	0.40189564575031	27
0.069092975117614	0.345390990342372	47
0.098994599669842	0.422602354901644	27
0.012732388004974	0.82448516198553	15
-0.01279209853527	0.839815888876924	15
0.021962358023046	0.80903464335228	15
-0.057711249329145	1.16469888788636	15
-0.00485356155383898	0.766756499848305	123
-0.027335867388831	0.857621434472952	123
-0.042646818573418	0.783026435437419	65
-0.0295231596594	0.90377472443418	123
-0.09684541041812	1.2036596940215	93
0.065081174133988	0.499779992088417	93
0.047917038536676	0.585097125959099	93
0.09475351259288	0.318743672083469	93
0.054207572809746	0.630314574333478	93
-0.0905824804251	1.42667688493633	93
0.05451678000802	0.51934356587032	93
0.032077991365736	0.595992716642846	93
0.036023605894232	0.702384480183051	93
-0.018345459105411	0.676697612274475	93
-0.056200163996356	1.31840842000138	27
-0.020576871907456	0.717151595126084	27
0.059789584122388	0.372700178838108	47
0.00482087300349299	0.912298456742209	15
0.123764875951628	0.311297648679227	123
0.114299362451883	0.341238737199831	123
0.030827381307394	0.716644541927479	123
0.020850131168046	0.612888057853677	123
-0.097374653229217	1.23277577417941	123
0.00946586582810699	0.800948475506952	123
-0.011583443916267	0.741908524084251	123
0.122385223948927	0.315506959183457	123
0.099224765713031	0.455128745970121	130
-0.08875638833158	1.4073078952542	130
-0.078591384952444	1.0132541389344	93
-0.121917277732601	1.46082003482269	93
-0.03578427825608	0.897710461534704	93
0.073591220149013	0.358907202261343	93
-0.029981239636542	0.894517743590017	93
0.012307476937408	0.620333600555407	27
0.07544648015328	0.534178500037614	15
0.068608995841413	0.571290240622017	15
0.094242642771658	0.51738895085931	15
0.049743492334885	0.638804637345504	15
-0.092249368389007	1.62303508800061	15
0.079491387258738	0.487648824571672	123
0.03108508847248	0.702030530227504	123
-0.011502599894642	0.780825751459233	123
0.10541505170629	0.406286026392695	123
0.054131875581447	0.534232930858017	123
0.037988412264064	0.676982537907498	123
-0.108201756148914	1.2383592212917	123
-0.075264731765411	1.10353970112184	93
0.09640520507343	0.436064972135893	93
0.098330139348278	0.327883949621312	93
0.116838059020991	0.377013350192062	93
0.116370320822319	0.346899503862651	93
0.108050755534509	0.40514083524301	93
-0.110783449263285	1.16209498557191	93
0.064131636609102	0.578323452651846	27
-0.02951465298302	0.855257214733972	27
0.035086899069183	0.634489325744982	27
0.10606882403758	0.417831789096242	27
0.00408835864666801	0.645903878172671	15
-0.079802018572879	1.0612096995154	15
0.120282198267592	0.33557110440098	15
-0.071460402817348	1.59691950988799	15
-0.122998634526829	1.3528938349356	123
-0.022622126723036	0.971365881080387	123
0.037348363940418	0.628514636264062	123
0.033865190902951	0.654160056642515	123
0.115239757297562	0.441526055011444	130
0.113405685743787	0.331017202725528	93
0.092936693929074	0.447251233302052	93
0.023732153541535	0.569567482244709	27
-0.00594548947545098	0.57725060929005	47
-0.014091022368957	0.808675496485201	27
-0.094197694907827	1.09826394676586	15
0.114022075582074	0.385993646212969	15
0.094033465873683	0.443126662072739	15
-0.042961794171268	1.02582583262909	123
0.06734933976595	0.499992225580617	123
-0.01803692251454	0.842484915333162	123
-0.018294994103838	0.833567245871858	123
-0.031746725570827	0.932264055749952	93
0.114809152091274	0.304727548415398	93
-0.041310607892988	1.05254392953311	93
-0.098081326237134	1.52311719707957	93
-0.075525900148772	0.810195945955418	93
-0.032192476684924	0.922900742443787	27
-0.00339552725201198	0.697064377334042	27
0.123222821805567	0.361026257781441	15
0.113728885731279	0.412962221932807	15
0.123454151138444	0.403263796523777	15
0.037298135771821	0.72092177619494	15
0.109449785063691	0.425571851605659	15
0.110523651520966	0.444683271189904	15
0.010557182891837	0.775099242039547	15
-0.023044675366511	1.05616322259268	15
0.09797641749453	0.414288111383097	15
0.116313890512799	0.371488863322668	123
-0.045116558551934	0.929500920180592	123
-0.023025686043284	0.746092727897348	65
0.049787364359135	0.540295593981302	123
-0.038388272363588	0.966269620217298	123
0.017840902997148	0.819331054242375	130
-0.058327173719186	1.16832522238136	93
0.00438816345967399	0.782834544685842	93
0.09868210940173	0.407799950702566	93
0.12148698567317	0.339353203615993	93
0.119552074799679	0.32973701390178	93
0.11922415202378	0.298137789662997	93
0.106915240679112	0.495982230551892	27
-0.117993637507506	1.59440029517266	27
0.105279843757654	0.395818776306861	27
0.083787253986117	0.368940107488919	27
0.00705243107040401	0.482942673468209	47
0.053258539334038	0.569505913480106	15
0.124789988283316	0.417253515031185	15
0.113789141353728	0.450531528422695	15
0.062837019689408	0.654348979141111	15
0.016718114427471	0.986603259750427	15
-0.048518114617521	0.874388559988164	123
0.038570976373397	0.543269845158274	123
0.111704647163547	0.208129738167942	123
-0.00919889932781998	1.08430865846195	130
0.05051027968166	0.618050423626701	93
-0.02643565491434	0.811283418606092	93
0.025545267871936	0.749362021632848	93
0.092791820041014	0.459976780761114	93
-0.111360468252093	1.61119120456757	27
0.070543415281545	0.618638468781288	27
0.021913362073696	0.868025154314693	27
0.037858005331156	0.592970968558511	27
-0.048709594800137	0.860691297657185	27
0.118430603116411	0.308164468328628	27
-0.023842116633712	0.781218990412908	27
0.050388438820806	0.670135725017202	15
0.10413624723695	0.469016778743891	15
0.031883350637261	0.680617585690215	15
0.053239766528924	0.614642977206753	15
0.124237720051514	0.391668267446391	15
0.09133917104122	0.475788265494331	15
0.008066168480763	0.747409826306458	15
-0.102401604426575	1.3051843496204	123
0.122112814608264	0.337251492946271	123
0.074115441588609	0.437929742526685	123
-0.00217310015121802	0.863373423092588	123
-0.012924515752894	0.952014897930395	123
0.122344773218006	0.364232457104165	123
0.070114166720713	0.522341179923295	130
0.042668045109485	0.735852748493011	130
-0.00183346158058501	0.921641320681596	130
0.069490503118992	0.480654640663541	93
0.02878694536008	0.519423622078021	93
-0.074002861561677	1.15677939815991	93
0.108351516010834	0.309791597057767	93
0.068863624222075	0.565389113450172	93
0.02561765939418	0.716391754664245	93
0.023145825313469	0.727649525600077	93
-0.02522482699414	0.98501007050693	130
-0.073956222381253	1.04904621358047	27
0.011635920853481	0.749021685616197	27
0.114847429352314	0.379910260504635	15
-0.00454452954984602	0.81570859002845	15
-0.066461297969172	0.971653694735525	15
-0.041395195316037	1.10844237717374	15
0.074037494669693	0.563646726416744	15
0.046419944417342	0.645113697183331	123
0.068558791234786	0.512333129922167	123
0.102728214997988	0.465682013650971	130
0.071030903338291	0.419927705201575	93
0.060718834390123	0.548922476659445	93
-0.00451033199870099	0.893432071395918	93
0.085819619766892	0.447477452865605	93
0.111822219422499	0.355011213817175	93
0.068556225623311	0.551803168168781	130
-0.048724948308512	0.69696999236085	93
0.043637318425027	0.785652342916067	27
0.078833789625085	0.633077796210334	27
0.090147261191208	0.468430042339261	27
0.024345745656088	0.76179268448418	27
0.038940803075445	0.701233734608146	15
0.067715335657035	0.63026695840003	15
0.048827059623369	0.699494463689666	15
-0.094270621152543	1.49548633708457	15
0.06610662990221	0.498503342257842	15
-0.00225658304888399	0.800040237032232	15
0.064797507753155	0.556926217157314	15
0.025959322332507	0.764479189218204	15
0.079583527365332	0.487174690488784	123
0.10762093099016	0.355282116966823	123
0.092741466890954	0.426737487001071	123
0.026096652547238	0.835858384135472	130
0.088282970623145	0.494233115368176	130
0.101697803513368	0.450252699363356	130
0.003930409453578	0.761946653505411	93
0.105078924147947	0.344119509768671	93
0.061805190394734	0.398586955235082	93
0.122933169428918	0.305499038406913	93
0.105560876203885	0.347023870072361	93
0.071617414302867	0.398347103187044	93
0.003897800207882	0.673635601330808	27
-0.078162310068135	1.66765547602032	27
0.049496924406887	0.616363974609428	27
0.114905054783473	0.371845802168094	27
-0.02155289724475	0.918965548168597	27
0.00726099706038899	0.781827796884507	15
0.096982385912353	0.531583206826744	15
0.089202887315195	0.396580411913048	15
0.107382016603026	0.430552978659632	15
0.113610603452504	0.347201981038166	123
0.053980810967173	0.660829106087853	123
0.115115768081629	0.375744175542688	123
0.103986863195741	0.336179811968089	123
0.097922180079134	0.441818151723158	123
0.040903772429117	0.666691590275209	123
-0.084170716038225	0.966228655457644	93
0.072968271031467	0.482022467636615	93
-0.032610598944787	0.970988192376197	93
0.099232221040368	0.285165482574541	93
-0.02854287788701	1.17170975202211	27
0.02670134238185	0.554052568251108	27
0.111763131974962	0.379559537517005	27
0.110640192303316	0.36794915045869	27
0.115566733004407	0.395531812979213	15
0.117911228258716	0.39225277912756	15
-0.000970573572094013	1.00616864019386	15
-0.095981726807647	1.4029483603404	15
0.004619209505898	0.841800777258242	15
-0.010799401554998	1.03863771602899	15
-0.045614587116862	1.18373580218327	15
-0.060337347437764	1.2599997057359	15
0.12282301324128	0.328663051675609	123
-0.021814837890591	0.785126661504563	123
0.093391485657642	0.437275606594772	123
0.123648132065327	0.368739091289651	130
0.084816079779997	0.360091676424917	93
-0.01429044550428	0.717549251602398	93
0.114157687922395	0.328709238058424	93
-0.026169940450261	0.711868450053057	93
0.030258291009299	0.646889353345346	27
0.044532316604027	0.760785892556555	27
0.092958227803142	0.419656916551253	27
0.113856926581568	0.401944624829141	15
0.052449198078231	0.652151423114497	15
0.107560958255811	0.465704751854331	15
-0.033621158635218	0.976455944548838	15
0.100611123366586	0.424196011093144	15
0.088119742842265	0.441158708238706	123
0.086659322965058	0.530224340846655	123
0.017427210890579	0.697775261673854	123
0.079399351276867	0.483205061484423	123
-0.045839357559843	1.18515624704179	130
0.109072184462935	0.229936878211386	93
-0.05188822556369	0.621773040149651	93
0.097057364378488	0.3899099998044	93
-0.013812336539676	0.807574449985151	93
0.110158261461619	0.430003901677263	130
-0.055772808817284	0.820575958221535	309
0.097194267060837	0.389463346256606	27
0.021263694828859	0.568409900118036	27
0.057891110637872	0.591683871318154	15
0.00827728651451601	1.01970240444372	15
0.112413669918533	0.488016755168231	15
0.018450515137022	0.881682921684029	15
-0.030338940884241	0.822132856861489	15
0.032285084024847	0.746172490533343	15
0.045354145004631	0.911575136618267	89
0.100901475087481	0.428640479746634	15
0.013831365003595	0.634703558760532	123
0.052216236597301	0.513469103586898	123
-0.00973340834207698	0.845398099555949	123
-0.000602524779507008	0.733526125336265	123
0.00719875651499399	0.8644662309573	123
0.082328786040496	0.527375631006756	130
0.11881382852279	0.390050227009662	130
0.089686011415051	0.431096278334726	93
0.078060024428831	0.438972006789439	93
-0.10826656715438	1.05708523820422	93
0.016583750847372	0.920936060633684	27
0.107918152980069	0.267411653693918	309
0.068932342393076	0.338152221092358	309
0.076288528368458	0.345030711644344	309
0.065821844521201	0.652847487248322	15
0.053890162007311	0.666388338979751	15
0.115345674877014	0.410714382677379	15
0.045188059006741	0.650456858479336	15
-0.00334106018984098	0.68592754581918	123
-0.034306126798283	0.610052579626645	123
0.101282433450945	0.386382897409299	123
0.080638161715716	0.483383142451452	123
0.021253633061953	0.805004701821955	130
0.100132833624511	0.435196921687754	93
-0.027719744766116	1.00965005165343	93
0.050412942784283	0.630129538280298	93
0.094334317334148	0.4395104589496	130
0.08269041145391	0.475634883824406	130
0.015822187195027	0.58253563387378	27
0.119928683165518	0.385852897922426	15
0.021209935196869	0.853158499151036	15
0.074220362497164	0.636652287669195	15
0.120471482982674	0.421319798044219	89
-0.04875279971389	1.44236570758161	89
0.086126224263183	0.362398713040684	123
-0.00576765658175299	0.619553529633613	123
0.122622977060161	0.309902114997107	123
0.089010387055047	0.44709429029386	123
0.084001963345153	0.49909547004035	123
0.073070150126365	0.579125388492935	130
-0.010690847012996	0.849782280540297	130
0.124065699531253	0.324647886753289	27
-0.070405694308727	0.678022115016471	309
0.03175408703374	0.412200681803194	309
-0.043981273550071	0.735750471296019	27
0.00547520672816099	1.00881431980235	15
0.099114701960626	0.517005953695247	15
-0.015751071185563	1.00861010874377	15
0.124909901193148	0.416734012612783	89
0.039153671833578	0.721775729100749	15
0.071927360708734	0.403860054744035	123
0.065464669526127	0.523871671868774	123
0.088499950853121	0.369514477044669	123
0.111280451689366	0.449824696850233	130
0.053307799305537	0.602850912367959	130
0.063770080298356	0.645411841272667	27
-0.111933276795351	0.578046007061106	254
0.08525668872362	0.201514164366928	254
-0.00639754523813002	0.452386710688952	180
0.104336988262129	0.516004744740722	15
0.099911661330321	0.487380326075444	15
-0.094291580579229	1.07079789339738	15
0.11436436951396	0.310185280397536	15
0.106757652470549	0.554392782242238	89
0.078325022609513	0.682947896860904	89
0.025646926912852	0.812656396393311	15
0.11103791098411	0.350086163493432	15
0.07809351740373	0.275766281936572	28
0.090738676889745	0.314748291136285	28
-0.00410064732795901	0.552255073767685	28
0.020754815241849	0.371680756888728	28
0.108681432253993	0.18708616884183	28
0.111056233274428	0.29783773253482	28
0.00746287976746299	0.596137866015123	28
-0.081816139661481	0.328008184227772	234
0.116950299401593	0.188120986010559	234
0.072681084410567	0.668965294462673	130
-0.122962389686151	1.55105115533533	130
-0.033304883702312	0.916806007291573	93
0.087961198896894	0.584453214465095	130
-0.068447019742479	0.405344091073074	254
0.068372511409402	0.182317753319468	254
-0.066529759564499	0.519581169371809	180
-0.075290608866291	0.642591881484916	180
-0.028027419911342	1.15066977632554	15
0.105207293226799	0.386900403434786	15
0.11678895964141	0.530349372405179	89
-0.00178118922090897	1.07577072558892	89
0.062975067426282	0.684566170020341	89
0.040410503392871	0.68500142741161	15
0.103044666177448	0.503069936471596	130
0.043803785779	0.871274004944316	130
0.093293199221836	0.363201661080688	93
0.122554353045248	0.329489831380983	93
0.053937957035022	0.424860797023473	93
0.106400903383762	0.350633003451997	27
-0.068523442024022	0.405422237033821	254
0.111799260571541	0.237818359176524	180
0.05387411128002	0.408928890766644	15
0.105014853464455	0.471294424288581	15
0.106805201902037	0.556887028181285	89
-0.070379099834231	1.53646664842491	89
0.070457241790344	0.560663668842687	15
0.00333341550347199	0.327169000484412	28
-0.053246193266109	0.625578518892113	28
0.108316043864979	0.417369439409204	123
0.037559996686595	0.56315071903976	123
-0.038475379216713	1.17030288999493	130
-0.048833482170451	0.838518745090416	93
0.064604596100408	0.482970965724161	93
0.059278736308356	0.457275849105924	27
0.092791190185442	0.157960038994693	254
0.010170975318344	0.225166887804816	254
-0.070458555112961	0.648371239941164	180
0.071815800002422	0.50232828232558	15
0.078721518254005	0.318409837657552	15
0.091839377038919	0.661194907668443	89
0.120648967169237	0.45488495499007	89
-0.081265335739434	1.15164190083339	15
-0.025355606644102	0.514261263247452	15
0.113552723838219	0.379932195739807	15
0.043602682146305	0.323964728632541	28
0.00967478583933601	0.343811090580476	28
0.089044620852937	0.264279496500603	28
-0.06094311637185	0.446043606799194	28
0.103614685238482	0.214018764219271	28
0.023093372275627	0.508108691967696	28
0.091445720411853	0.300807076020072	28
-0.123188655539836	0.367542258091981	234
0.045593114143518	0.216341626136436	234
0.039534230891135	0.896268100209816	130
0.101674395307812	0.273897234082856	93
-0.100912659983519	1.09348271304268	93
-0.105640621406074	1.56917785730689	27
0.00975341114283701	0.225632128569064	254
0.033700698611356	0.805873793233496	15
0.039724740052101	0.49294936919793	15
0.117457480973421	0.544908025259626	89
0.063515545560407	0.876155596406357	89
0.117694961509983	0.378715674492121	15
-0.00833845377153303	0.931634185214534	15
-0.013986742713886	0.56288956162021	15
0.048229054100782	0.361917135483729	15
0.109768388013022	0.217208234701224	28
-0.029731863249049	0.470545724530721	28
0.118015746561679	0.268485986619393	28
-0.109825792865333	1.59218773803852	123
0.00951875691158099	0.280166757750697	234
0.115600650416842	0.433790271516527	130
-0.025823062404141	1.35228239807307	130
0.043666378777595	0.970335249857047	130
0.058642551451787	0.779546952655269	130
0.11993840754409	0.45085430734102	130
0.081839813667674	0.34064540249002	93
0.018327347304331	0.593700820691305	93
-0.124231508632335	1.55928122797076	93
-0.00509209030625302	0.731363303353572	93
0.104740123624455	0.16986586604491	254
-0.060309183590479	0.412568260223829	254
-0.112696271354531	0.540137352144824	254
0.002564386265791	0.799838421395281	15
0.061552845919725	0.693711941433151	15
-0.075411414459587	0.979827765714069	15
0.074404824098259	0.532168455379332	15
0.116285833520064	0.409743277958563	15
-0.00874060592054998	0.752385545724816	15
-0.029425291558695	0.385787451773881	28
0.092962833729497	0.2230113827838	28
0.019011562962691	0.46752781439271	28
0.094655390685349	0.281234823724262	28
0.098047632479428	0.414103950217211	123
0.040534291514451	0.930219681298474	130
-0.019299695178724	1.35154071167927	130
0.113502125793563	0.459266068394415	130
0.044037505087772	0.206141034378162	254
0.106086231715721	0.16092948544725	254
0.031243706236348	0.402990227136099	180
0.037174244334357	0.876006050156309	89
0.047566906300726	0.783799609254936	15
0.022361351039264	0.664154200767134	15
0.100799637083258	0.615376487124708	89
-0.073953198104982	1.7095194029063	89
0.05977405753386	0.689477128408491	15
0.094035962908032	0.462966291073548	15
0.098188458067264	0.42559645416242	15
0.112569570416288	0.369917263823312	15
-0.024895203878884	0.435667268546342	28
0.112612286675578	0.241424036792737	28
-0.104691350966694	1.12192362907489	28
0.041526225763342	0.520549533749415	28
0.013279077656121	0.54995139235944	28
0.113043197254166	0.327802214320116	93
0.107874449459815	0.480943748363888	324
-0.028625217978383	0.658707513049147	27
0.039036825747156	0.290569251343372	254
-0.115715527693875	0.40348112489362	254
0.050532991230675	0.244011785711896	254
-0.099696420633195	1.36410049902778	15
0.071714421549302	0.569185471142677	15
0.124415758491392	0.483366006320425	89
0.090821240934992	0.524294924567397	15
0.039240500427923	0.74481082420371	15
0.087675181288722	0.500687642840448	15
0.111785092316871	0.207999517566508	28
0.000671257510712009	0.381984254575618	28
0.121955940714499	0.234992066336298	28
-0.047023012576669	0.770187046862878	28
0.027072542138632	0.329718195684668	234
0.010271427648322	0.597050637869723	123
-0.038105332242505	0.895789271652291	93
0.060956693365144	0.623004339929168	130
0.040588292123987	0.455577228159542	27
0.104288808626916	0.170474303771448	254
0.093063176573789	0.149009807835606	254
-0.081083607553079	0.365606808282064	254
-0.039504923828194	0.33663891462196	254
-0.123595136089505	1.31499987377168	15
-0.021080255288061	1.51695120303722	89
0.021897521439513	0.986404752876206	89
0.022206634323637	0.831502477916504	15
0.063647223115588	0.553831462684779	15
0.098488578284856	0.350133498177891	28
0.023299869106712	0.477016353840397	123
0.066675927537538	0.665529218375734	130
0.086297571548424	0.604259748022324	130
0.081852231017185	0.434080572167965	93
-0.044009060882231	1.03095642984104	93
0.036414743817678	0.827075417749587	130
0.076700762288168	0.595465898562247	130
-0.046541217972626	0.294400694853452	254
0.025583537515025	0.320647051959131	254
0.097577054232651	0.554248058631534	89
0.118530063305783	0.329430782067819	15
-0.013952489698638	1.02473399088971	15
0.016920049696872	0.890293335880712	15
0.07331849293214	0.393474703989735	15
0.097812261497076	0.318508708218032	15
0.056189411399262	0.303435006745749	28
0.050146025939893	0.357616145312661	28
0.084481981330842	0.307937919616646	28
0.106069876047498	0.276933099922662	28
0.086838197934076	0.336639398213212	28
-0.026141686311605	0.698665558674702	28
0.113837476317772	0.315853043368888	123
0.053570589170933	0.565470156082058	123
0.101354104684947	0.400200696727234	93
0.084846380058423	0.326637710819327	93
0.056470150678204	0.793720749502031	324
0.120877733034473	0.306402268952247	27
0.055726461863447	0.276491692839565	254
-0.102874278152703	0.916386682036094	180
0.029130225179935	0.967120382856226	89
0.121688906229031	0.439391316188622	89
-0.02567061695789	1.16215034785852	15
-0.00479768321170698	0.496035052411925	28
0.000364480630198005	0.828769915851018	123
0.110247752407733	0.452440982106191	130
0.122557695646559	0.425993782658892	130
-0.025299241923184	0.62613542143261	180
0.030892782145692	0.45034162629903	180
-0.026058931333566	1.33970098335909	15
0.081636559138555	0.702588887783488	89
0.063903198276069	0.787016995694559	89
0.066360736378049	0.687232546493512	89
0.014533481111431	0.79230886404415	15
0.087666005215011	0.411794457596724	28
0.104098347251476	0.414684506896281	123
0.067913512897378	0.600319162874234	123
0.033600327426122	0.59820845046675	123
0.108233113974704	0.424046513988481	130
-0.00561990614402203	0.876689245877435	130
0.016131431041138	0.961115012968261	93
0.079756137959851	0.404637014247811	180
0.11320048149818	0.415033044192171	89
0.107582766690757	0.469989730520126	89
0.061190091860678	0.6853581109009	89
0.018374053949987	0.968475041594296	89
0.072125173612952	0.562492508668598	15
0.079378303749192	0.624744998607305	89
0.099995664360197	0.411183764149591	15
0.090392617125261	0.382433251668095	28
0.123942689873927	0.286522577201266	28
0.078665178398322	0.4935826366275	123
0.086211226702224	0.403822834993841	123
0.03686542840859	0.637575653446337	93
0.058447519083922	0.333952366278258	180
0.088478428602363	0.612372231624394	89
0.091404590668865	0.561421415313626	89
0.116208471625135	0.419572889373767	89
0.061351756150107	0.616244740073022	15
0.09660581685051	0.427341919076854	15
0.116912867261706	0.294683854273151	28
0.028382207457079	0.457287204742694	28
0.00324856872332799	0.480666148876261	28
-0.021294892226167	0.707089034829602	28
0.097873793563229	0.36861384688055	123
0.117249118926922	0.321002489137557	123
0.05454175949612	0.591869849972488	123
-0.067721058084602	0.745179275522508	123
0.00835537853521301	0.884966269323964	130
0.045773160536371	0.672264701496829	130
0.11348956803008	0.433545202709849	130
0.058601744407098	0.539292248484484	93
0.00847604247397901	0.71379727460578	93
-0.00626626172006201	0.763105981586442	93
0.096100472500131	0.45855388544326	93
-0.015766087704919	0.723404852567848	93
-0.072786813064369	0.714672913952282	180
0.012429629291323	0.822059308716759	15
0.032902733313231	0.88934681006503	89
-0.080995344806619	1.33496763572987	15
0.074721387082506	0.376323182006308	15
0.076545812477157	0.330593972009027	28
0.054482346028748	0.42331360124198	28
0.097723410101033	0.24338859964109	28
0.055011202298004	0.429621519701186	28
0.082460586677602	0.325931856493018	28
0.097724946639781	0.357360221535667	123
0.115127289094321	0.441010566480119	130
0.074067847469911	0.591510377957992	130
0.101108382107473	0.45931071976865	130
0.01603506342845	0.89888989939139	130
0.104755861226757	0.358288923453877	93
-0.094253767053509	0.438012503174942	315
0.067766206729789	0.250736759687305	315
0.088149055433903	0.292970692319931	180
-0.097402194322421	1.03680466711151	15
0.064577359091747	0.60871993328967	15
0.084661826492164	0.659089156956318	105
0.123256287585326	0.459862369170414	105
0.077143687654026	0.652208080572631	105
0.040868962833849	0.497853047713547	15
0.04558911400134	0.436479976294049	28
-0.037444267036245	0.777166813529971	28
0.007130100350664	0.960882571933864	130
0.066043354979098	0.680905152240359	130
0.104277028148081	0.509172524471498	130
-0.00835466351281999	0.711388897526299	93
0.090791678389496	0.391553404687566	93
0.047565050547897	0.511524170551119	93
0.083727396539162	0.44799252258291	93
-0.120466339161736	1.55148826110952	93
0.039563004774304	0.449561680217781	93
0.097069837293605	0.195107629282911	315
-0.069520588393917	0.441101554964031	315
0.01194277101745	0.352746605852817	315
0.072942027723901	0.39450912888854	15
0.055409799640552	0.841458423712169	89
0.006495423391155	0.526475613897886	15
0.112390184470361	0.264260259173037	28
0.035229108523273	0.273868285431721	28
0.011438718829176	0.545094280607587	28
-0.028060104034649	0.692026565310598	28
0.107984233037176	0.284675750709468	28
0.117129931812136	0.469924567209608	130
0.077568893648224	0.706526505772828	130
0.103434952351255	0.548715200021555	130
0.091968341869736	0.372418390453321	93
0.112956359886202	0.378726974083438	93
0.049401481175435	0.616787236824704	27
-0.109325129801444	0.73200381902557	180
-0.00620518233788397	0.366733789283428	315
0.100941538353208	0.616858982632917	105
-0.041954352169684	1.13411531931696	15
0.124667458268404	0.522947855653531	105
-0.029817136711198	0.684456391566391	28
0.046179683282235	0.328525507676997	28
0.081811853723205	0.231040918456046	28
0.030439036225372	0.461564813703507	28
-0.015485839412478	0.481743660873739	123
0.062330312324626	0.464437082548757	123
0.112938596577538	0.465633320865726	130
0.041790368370985	0.754336661613125	130
0.06385361336286	0.516154925823195	93
-0.038630238318848	1.02572439085672	93
-0.012199256779724	0.934325458505001	93
0.078847432691336	0.380443103727506	93
-0.045470413169607	0.661566551225353	180
-0.084427786727613	0.516217575205408	315
0.084495218850166	0.210769098111902	315
0.078986677227623	0.266581991309151	180
0.108002555586785	0.412002628820534	15
0.095964167406922	0.747987068327696	105
0.091747926008786	0.649564408058198	105
-0.021947355922036	1.25703355064831	89
0.112542330633675	0.304849467715835	15
-0.06597898075742	0.836630273998363	28
0.078656403005359	0.304267509227902	28
0.1055203820439	0.300807893518854	28
0.052540084234768	0.262052913768969	28
0.025955472189842	0.589193867866383	28
0.00117129876514799	0.673428024213054	28
0.103110038738166	0.561186100154222	130
0.114889581522135	0.504029306773576	130
0.114642241494443	0.469303965021434	130
0.108407512367899	0.479659978125729	130
-0.095831106462171	1.32373902417421	93
0.078815169549467	0.529550180969723	93
-0.01254144472431	1.03284424067926	93
0.086092903335747	0.432045110721286	93
0.100760077309933	0.189594032974703	315
0.098277271743557	0.655904389554092	105
0.113427175788133	0.468078137788973	89
0.114614124731165	0.27044388171234	28
0.049574734908249	0.349613933957649	28
0.038786913233104	0.301940001040836	123
0.097676014947476	0.347378876877235	123
0.07810210261546	0.574757062426972	130
0.084614135129065	1.05946868573915	109
-0.020203005395876	0.478632474905785	180
0.059025542422875	0.332722137203079	180
-0.017387429950232	0.685808713948102	180
0.049057404955905	0.459367040948416	180
0.085779932694252	0.757843955069181	105
0.00431770032239501	1.19014044568936	105
0.114857655882565	0.465008948349803	89
0.122495388068568	0.420715811398556	89
-0.082670325623378	0.737395000975036	28
0.040372774193078	0.465045608852423	28
0.052479625730946	0.50536456012805	28
-0.053461834324385	1.10822518726191	130
0.031018410854813	0.887765334310628	130
-0.00123405334346199	0.974136574797293	130
-0.065005351798421	1.3266552198883	130
0.102232428578526	0.461185532792603	130
0.119069403262654	0.420404049043956	130
0.112820647800379	0.473591712612114	130
0.068524622393273	1.28274778943251	109
0.11715753469871	0.325021946652015	180
0.12065961001181	0.295655677917859	180
0.105968721873712	0.294677093972545	180
0.018571247323108	0.547608649875384	180
0.044260707341249	0.490447398944543	180
0.110012613614286	0.532878196392912	105
0.097829425522185	0.629481583412756	105
0.092925455970212	0.582072202198576	89
0.070855620959739	0.60449763452055	89
0.11606280814137	0.282258974039457	28
0.08958833908452	0.317568042835305	28
0.104776071976303	0.302735820860274	28
0.049172243495046	0.563282642561333	123
0.104500956711792	0.390911258210587	123
0.069521942538102	0.519417755295651	123
-0.024566735698719	0.991064950909959	130
-0.013195746032464	0.891812898252518	130
0.060920367361446	0.649811020715228	105
-0.106005578939054	0.972455858728885	180
0.058933677479818	0.451218402624189	180
0.071633316616644	0.430870765729181	180
0.102073148933792	0.628738098424124	105
-0.00141345889227801	1.40570600636276	105
0.083638259091522	0.647312590504262	105
0.094848173498421	0.573861718036803	105
0.070486313796493	0.691572560037133	89
-0.026313397995565	0.810710357289196	28
-0.038682040004315	0.782035186284465	28
0.115399278792376	0.356955608278413	123
0.04958042634582	0.760836255828342	130
0.025403389385843	0.833418470087171	130
0.116991129154373	0.378244937143852	130
0.088832024997905	0.485736947769298	130
0.047057270169348	0.674575358612139	130
0.072955669064174	0.608933885585212	105
0.080617704477074	0.369195536008852	180
0.082581155713458	0.781317248884404	105
0.09396940929279	0.611052143437251	105
0.027385397847768	0.901642260934374	105
0.122178851902428	0.430724761408787	105
0.087758240667549	0.53416386154495	89
-0.06887791787965	0.967142904994507	28
0.077117166916047	0.322053650897991	28
0.017719544021031	0.459976988081872	28
0.046643847751909	0.638086441347334	130
0.092866101541334	0.508168700636608	130
0.053450205949967	0.63916294652473	130
0.054206415289692	0.677878831499447	130
0.115772804257038	1.1949204876193	103
0.080000425465077	1.38004972535182	109
0.00745129781082701	0.481896427050472	180
0.124050250582576	0.269191002488504	180
0.038104009202742	0.545000959545715	180
0.114781031329817	0.489016101757153	105
0.059694094578253	0.851517062347641	105
0.019090952347407	1.27095600710685	105
0.02346544279641	1.09818255800111	105
0.093458100877387	0.543637707675158	89
0.056740820901435	0.728373809440478	89
0.050245635675289	0.63668015361381	89
0.052441616669145	0.512729842500668	15
-0.073695287357515	0.80383203856287	28
0.069104055546579	0.367542398951053	28
0.037603030106641	0.72041910462992	130
0.058785278657971	0.562208703820786	130
0.095379566691512	0.568127207893378	130
0.069249478648018	1.18764335498962	105
0.103291104603629	0.358464011811834	180
0.105642871513023	0.322041376861801	180
0.122740151412914	0.527749194946557	105
0.076946974504381	0.87726771807736	105
0.038372815919035	0.944850947700688	105
0.105873390556394	0.411690643483768	89
0.083365017272128	0.454045326610944	15
0.067213700827988	0.470447793436119	15
-0.017376100104512	1.16868903402558	89
-0.031038875102026	0.723885930035256	28
-0.059167288036603	1.08186696032331	123
0.086806494672751	0.483804701835083	123
0.109653914183814	0.395802554656311	123
-0.114001211470188	0.915237103404389	123
0.051241397915218	0.697834896227728	130
0.091106214366652	0.591623795843855	130
0.054381675394334	0.769987479860703	130
0.116090868432828	0.375459202365039	130
0.00648323961056901	0.91047149769847	130
0.109481007005031	0.35894551319047	130
-0.016378664058915	1.05970452786916	105
0.086983444609269	0.684991843423543	105
-0.08061560330485	1.8207979374833	105
0.054687203021369	0.735364785473553	89
-0.071533384241996	1.61757764351232	89
0.108824425664771	0.533898891710027	89
0.080506842132435	0.547524816087025	89
-0.07174275413508	1.12248272524714	123
0.098909068346213	0.291597724440923	28
-0.050998546460696	0.943070085642485	28
0.02158429151002	0.731451845533605	123
0.061279430421048	0.608649761591435	123
0.060187779903533	0.598134521055062	123
0.106652205376121	0.485277054503799	130
0.11702080279388	0.435335706260752	130
-0.040240354845905	1.4390318969425	130
0.108968769397903	0.414877007292098	130
0.053396485351221	0.70415209263309	130
0.077965472307514	1.18755791093184	105
0.110289107193086	0.547626423741332	105
0.073715854524171	0.761566861141095	105
0.077528601624564	0.606960177529815	89
0.069101341870085	0.665215631607896	89
0.109829026942038	0.484847961105378	89
0.023955681050407	0.862980837913254	89
-0.065189754384675	1.35173592720739	123
0.060674040280799	0.703359984757729	130
0.058625059608663	0.743808391993473	130
0.031158676898617	0.742511668950808	123
0.0147597086639	0.96075443099843	130
0.076069224599458	0.413526657130133	130
0.058555028161944	0.656279836449998	130
0.015632802227501	1.69769608419198	105
0.097761943115501	0.783355994197134	105
0.100985861110477	0.569012068883612	105
0.105384898432071	0.647288975194057	105
0.064684414546583	0.89326694677899	105
0.113700421037803	0.583158744960864	105
0.102750270004531	0.334917398170191	123
-0.103275593916747	1.25746137314043	123
0.089837795686842	0.489599528247197	89
0.092404003845572	0.540710698390473	89
0.091722178416638	0.518276568599826	130
0.103502771570586	0.510668066184256	130
-0.00512544111005703	1.11864307434985	130
-0.04919063186568	1.31739088739408	130
0.121346394434875	0.362164338752925	130
0.105050260447134	0.481151761259265	130
0.021036922346149	0.656206565169233	130
-0.086172780836568	0.821130672234526	130
0.093495872325093	0.430714565418973	130
-0.104379460523199	1.37657230768956	130
0.05316232061639	0.597612191310332	130
0.107923104625625	0.439461245120861	130
0.103835413760443	0.431608188924159	130
-0.058134545685562	1.35741254156643	130
0.113482460727604	0.277834698444818	33
0.124852796690412	1.05509850907121	16
0.039412479681565	1.69076373070174	16
-0.04142871700059	1.14692409130588	130
0.070633667360709	0.414521720724276	130
0.05932454700632	0.464169304271323	130
-0.00941661964297602	0.877225565977755	123
0.077719858576986	0.467226813279643	123
0.026045395051612	0.703193696665057	123
-0.115228662004477	1.4635291240116	89
0.105784899949859	0.544071959114181	89
0.098187834984545	0.51997494829191	130
0.105672693722777	0.417254390656358	2
0.12471959622633	0.459808656246067	130
0.011813967520107	0.940209144996183	130
0.07756662348197	0.541562788787667	130
-0.12012067916458	0.701953078510834	141
0.034277278265463	0.358830532976027	141
-0.031730943729646	0.65464004431254	141
-0.095933285867999	0.835040037754449	141
0.078670568872758	0.399385726592237	33
0.033975650965895	1.12974219504443	105
-0.05266354820922	0.650481909090746	130
0.023417149895281	0.388354484940914	264
0.023873329858083	0.376381264217861	264
0.077062579908802	0.391830402400975	123
0.058522857677134	0.480970945409684	123
0.013543063212917	0.626030186709165	123
0.037234691869457	0.749464837881076	89
0.105458169689346	0.448075030552157	123
-0.044400429364794	0.496359638637251	141
-0.032929428067349	0.345477799471284	141
0.026313509396004	0.508271829459625	33
0.113941356436201	0.276728186324288	33
-0.112276361520391	0.908755683596125	33
-0.065780722811486	0.968904643895701	33
0.068295006697047	0.339361562850539	33
-0.115782140267785	0.639434971329211	33
0.026309052334466	1.59257839137733	105
-0.0973375310357	0.91536944112339	130
0.088446607491492	0.332465456878859	130
0.084615746778185	0.202389039741683	264
-0.016461923981605	0.604300649677012	123
0.116030053819645	0.282328512559611	123
0.111886538348213	0.360146685901968	123
0.063834350998204	0.741823983725604	89
0.029891208297324	0.771450867732982	123
0.00881200188776601	0.87535875569574	130
0.11407224742213	0.325019234924704	2
-0.082460297408656	0.736744368370799	2
0.077251120344636	0.484262308835762	2
0.056604643890782	0.30262873512192	141
-0.093529743633638	0.88966780661053	33
0.100007287224162	0.288975007971468	33
0.020012327600397	0.413778880620082	33
-0.055066597030745	0.933154271464477	33
0.020789361873176	2.38446834265699	16
0.120602413917481	0.445583859090102	105
0.113979705396194	0.292120728938132	130
-0.037552850995894	0.943651149698015	130
-0.000998358891024009	0.933106072066944	130
-0.00811434001355599	0.370132618315607	264
0.00535482160380099	0.529771354241874	123
0.025721385004978	0.538603077666223	123
0.045836062784771	0.606611328102258	89
0.055006428261264	0.642771992324734	89
0.080906794159421	0.509684876036571	123
-0.016668882660709	1.04056622665647	130
0.036024802642422	0.552297831934582	2
-0.100646534430686	0.577125300105499	141
0.053354363433625	0.280665255391504	141
-0.071898317465277	0.711811336020252	33
0.062061765693224	0.342720273096863	33
0.086301455026279	0.843118967902962	105
0.086015836033288	0.889088609562577	105
0.092982502371536	0.5887213577556	105
0.047202442101012	0.431809019909215	130
-0.021581965424421	1.05161859130298	130
-0.0538200068887	0.723034622117606	130
-0.081837382932434	0.44084056532454	264
0.002336050139644	0.328809147287326	264
0.113809829969649	0.335185998993706	123
-0.00000733313728201734	0.667086245041513	123
-0.013041888263816	0.736262260002137	123
0.041027701022438	0.630064439671317	123
0.091188399727686	0.491603424342834	130
-0.009097879802484	0.781083155154579	2
-0.043113154462918	0.669890215408996	2
0.041852055030345	0.195961749194177	141
0.04355843391171	0.387601379039529	33
0.064739037584385	1.4265392003856	16
0.111194633494658	0.673988493069421	105
0.027288205673404	1.14658797496006	105
0.111672345780208	0.583400419091114	105
0.079379419796792	0.506745940041175	130
0.022957513539554	0.32514332441056	264
0.064531411450042	0.443756835046755	123
0.104273937350019	0.36581066743635	2
0.060604468871861	0.362646345615497	2
0.029022379693483	0.33742147581706	141
0.099281800045207	0.191831141674687	141
0.069927781762646	0.190644288955917	141
-0.013568712491144	0.262465517294745	141
-0.101211399876973	0.730902052049067	33
0.094770432510438	0.274789622197071	33
0.087947890536668	1.02640788488204	16
0.119269044136813	0.746208310092391	16
0.123881412407215	0.564070056161659	105
0.079764251678952	0.586524862942799	105
0.122717179991605	0.414344090861334	105
0.08644455659217	0.40834909950579	130
0.0000538413794030079	0.383142324522143	264
0.067947241272237	0.276168592361355	264
0.029720674327798	0.336069364688782	264
-0.000891166384075992	0.46566429834014	264
0.059962359924091	0.462268182935439	123
0.040151763618258	0.456850488948165	123
-0.03963905037344	0.941844931480693	123
-0.104911894536454	1.83054072525963	130
0.045999574162683	0.637010397408675	2
0.042185042537488	0.534359901952048	2
-0.105369832251126	0.471446217320057	141
0.051935917223795	0.397434910020477	33
0.091154900150817	0.307675335316354	33
-0.071382545121444	0.710402020362746	33
0.048143482249118	1.70703344216871	16
0.08736706937755	0.5860891624225	130
0.087149139946164	0.29528168168416	130
0.087070983177836	0.373656432941761	130
0.027567116711211	0.390247689032541	264
-0.03002736287389	0.430091166977617	264
-0.080946930176657	0.637973759476199	264
0.08258122508297	0.384293400489522	123
-0.07670359136504	0.785007219967616	123
0.065403296812888	0.427304926806493	123
0.029185180825241	0.594676863834672	123
0.089231783741071	0.43264215394018	123
0.107739110911504	0.50194190991516	130
0.072620573987701	0.585469386252684	130
-0.116715350371717	0.972679133533524	2
-0.010502938923016	1.02913432300003	2
0.12235976665214	0.330004142087304	2
0.122508485080087	0.168348959068018	141
-0.00323705214701098	0.375568577557625	141
0.12097958996719	0.21618048844185	141
0.051841391107892	0.514728640524077	33
-0.081459122097336	0.475729819209775	33
0.122458176054919	0.583483757883577	105
0.051285787218585	0.684448720159384	130
-0.00211902939599101	0.729572858219622	130
0.050276133551587	0.545450415909008	130
0.08009357496052	0.364395728782597	130
0.015148104825072	0.455291494694288	264
-0.00222909708519198	0.514839592413203	264
-0.036053052476082	0.820300266783653	123
0.027240253432525	0.719278866374729	2
-0.116208564636766	1.25336572354412	2
0.100966095970915	0.231052278930449	141
-0.000984403790116994	0.465823890735294	141
0.065072466708871	0.428379618554993	33
0.032792265360893	0.464553399607595	33
0.100631187666093	0.384427742829378	33
0.069166321467289	0.273862797987657	33
-0.064360551323	0.649764445325384	33
0.114317029940591	1.38735479710963	137
0.015489035287736	0.888586963110489	130
0.040711287061653	0.298570320702401	264
-0.12046750730968	0.880043240452492	264
-0.098532326049437	0.981671309652435	123
-0.06984195950921	0.646685021111766	123
-0.037332064354374	0.754950786852384	123
0.110868660973482	0.309445275667578	123
0.101905211660073	0.347012323211486	123
0.119718245510491	0.340683729879513	130
0.087556553876558	0.383416268443342	2
0.00751708845274399	0.643889037970752	2
0.101824855714288	0.303019799854039	2
-0.082459380412392	0.930929569153351	2
-0.064308468462538	0.483982487533376	141
-0.071032009875344	0.443822531277269	141
0.014959745969001	0.359596799192142	141
0.117547368226593	0.155370400024968	141
0.07833426123148	0.297653136568573	33
-0.094659598786268	0.862665877600679	33
0.031267049585482	0.487953932027742	33
0.117824455359574	0.588030733998269	105
-0.086511904630039	1.04202240353558	130
0.114081277543957	0.291864305659627	130
-0.020475373992417	0.84315143231746	130
-0.071302229257478	1.1987779830613	130
-0.014658136358892	0.889557668691946	130
0.068409016679019	0.544479266101984	130
0.053734367798773	0.710091232537641	130
0.046542065348567	0.641634026838122	130
0.120077358219534	0.243840410378089	2
-0.00729469603538502	0.612652409928256	2
0.088343302256019	0.265643157329862	141
0.083564243789606	0.428382166160444	2
-0.073831807837282	1.08761726505565	2
-0.00108383843544602	0.511843307938342	33
0.086305126338515	0.896790721707634	6
0.07070859865053	0.545155384331839	130
0.10309628175908	0.405684299091823	130
0.00461406921930901	0.932128260002149	130
-0.03094293877076	0.967232202572802	130
0.033452467595031	0.756188816168518	130
0.109026878408342	0.448027967465631	130
0.055989523255709	0.588357615778354	2
0.111581793218941	0.287331498202601	2
0.070844156914231	0.464166338605299	2
0.084270871262615	0.328086229018191	2
-0.028194920630721	0.868256619724897	2
0.082026641846397	0.487093013886679	2
0.091892502348259	0.354136216142244	2
0.008055794144472	0.696807506221554	2
0.069543629819437	0.988422179025039	105
0.092565166101488	0.520053818436873	130
0.114213159559469	0.425111751501148	130
0.079637598067083	0.631887268151855	130
0.124033183611647	0.3826944998734	130
-0.010252845707545	0.564973620209745	2
0.092794171623146	0.359158440457108	2
0.056835097658841	0.486547847219486	2
0.0523771290975	0.483616497833819	2
0.082969997776418	0.479087522541023	2
-0.047455124655747	1.03220184821594	2
-0.041405073967121	0.987817834788706	2
0.12275383422938	0.266737709658451	33
0.119150493750578	0.793575591526616	6
0.096495195594368	0.902088078103476	105
0.075134500988313	0.950205268417691	105
0.04529412927712	0.849371544056841	131
0.021009888591919	0.870477932646478	130
0.090638479357131	0.598262453678418	131
0.082859693245494	0.573746861495441	130
0.095559590761273	0.471843322273393	130
0.121748746539722	0.386771414423367	130
0.085585155834166	0.536961885263193	130
0.099255178267469	0.537794190850574	130
0.08837700363895	0.599408905466403	131
0.088629720531882	0.610229089050775	130
0.022808963338314	0.99945231422839	130
-0.073394125905691	1.40784785922682	130
0.024530848030037	0.728626695242487	130
0.086683088040001	0.541150660938455	131
0.093568557850957	0.515576180724161	131
-0.00683985131430098	0.923322466265036	2
0.089655350711718	0.444663414140353	2
0.123956480414487	0.512708013420234	105
0.097457452817651	0.654591616115769	105
0.071520489588926	0.771272354886213	105
0.120436233422775	0.414555111706269	131
0.07401502408898	0.426041499216488	116
-0.046266865271557	0.767283811429352	116
0.053404741287328	0.584704757551219	116
-0.00517470037331103	0.944367451250983	116
0.083203683488968	0.529560953308579	130
-0.003402070433354	0.505230596162093	130
-0.018430615209861	1.36457982699136	131
0.045960042401562	0.599455798428409	2
0.024120313861366	0.756044825952072	2
0.054535532146612	0.707960816641143	131
0.123785801148423	0.548291782249036	105
0.099034592386492	0.633233678120652	105
0.01769130376683	1.0546904146768	131
0.122026969773602	0.379042110753686	130
0.109542731058157	0.495777845197	131
0.061552099733514	0.562406560411166	130
0.093309288625169	0.585847722402596	131
0.108326861883939	0.330036082807585	116
0.053291775997726	0.569402946018945	116
-0.042537250516952	1.09375418863714	116
0.069250126310172	0.692819000129229	130
0.084795227885499	0.585680240037676	131
-0.062379219909962	1.51496652711706	131
0.033666246665678	1.55539022153686	6
0.117992177300414	0.672299417223461	6
0.035472300453055	0.999534977970948	105
0.092124306383639	0.58192290588255	131
-0.029253095351976	1.03353520742897	116
-0.034638450721456	1.00458024465597	116
-0.110267146527029	1.28772122534089	116
-0.025097227289386	1.23345394871308	131
0.054761376649195	0.763667853427639	131
-0.037112852399514	1.17123946036823	131
0.05428629720431	0.672476392839507	131
0.03546966024295	0.674848465208902	2
0.082310029062511	1.84824582502642	137
0.063956356978706	1.24155394929088	6
-0.000332492158966025	1.15293636601896	131
0.078811984704759	0.648186214154791	131
0.018262704395875	1.10227938236648	131
-0.015709561697462	1.16799045142564	131
0.110255190356724	0.511256562971046	131
0.112265611133769	0.438643246182131	131
0.090762831389718	0.544970365841032	131
0.114474350612375	0.794076268541624	6
0.059874727415341	1.46110107185061	6
0.101194710810949	0.88115405179442	6
0.044159764686128	1.13390145853712	105
0.08952589198437	0.704466475864526	105
0.117747067167681	0.350380057941832	130
-0.104400114519057	1.89967101470031	131
0.120651575020962	0.272219212382407	116
0.089970603823356	0.416054823564881	116
-0.033836015019877	0.790371025432511	116
0.058092961153672	0.535071179186111	130
0.109772091300062	0.401944999248372	130
-0.024561254488411	1.19779498556043	131
-0.035588452473206	0.712347165024889	130
0.1148220186361	0.418284768701131	130
0.040318703466938	0.870752650481482	131
0.06845037765628	0.593365605576444	131
0.059420616605768	0.49160923694935	2
0.121982766170703	0.828358745709197	6
0.087839391644261	0.970651965410581	6
-0.051642743832906	1.73036263581524	105
0.105839365558769	0.422040925306137	131
0.102711928376853	0.395512819354627	116
0.09390796837724	0.478518912526748	130
0.039594065872517	0.676235462467457	131
0.08601166976666	0.53291704934915	131
-0.079032833239686	1.55248188278024	131
0.12191932325409	0.911256159580288	6
0.095068752662207	0.974877955569278	6
0.097695214572078	0.808431553108402	6
0.114371132866158	0.516275074480928	105
0.057251070970817	0.793286363176415	105
0.120425368895638	0.455631891154788	131
0.058567316771487	0.636375656113006	130
0.122053014153341	0.428167374046637	131
0.094766860555176	0.595073569419133	131
0.112312530519656	0.514672188011548	131
0.122380415744525	0.364086572080131	131
0.000888025247777008	0.817414964955054	131
0.087372815857708	0.509720135357696	131
0.034879635137538	0.601278649100962	131
0.074825115639521	0.588134633591937	131
-0.014705240006909	0.760905677379396	2
0.118986180816258	0.772443965011384	6
0.106706294117745	0.550220073197657	105
-0.03185603955363	1.33090113279319	105
-0.051694937940905	1.27158147718667	131
0.065941676322173	0.697445161952027	131
0.077654308396276	0.626272788165971	131
0.121480176506484	0.383726509036108	131
0.041752150944079	0.82703676412101	131
0.046052658112835	0.894133284607795	131
-0.02073411461543	1.36340120798854	131
0.043948615810339	0.618046679731373	131
0.057338231903656	0.750848846286708	131
0.027985490358809	0.757690623561538	131
0.062869626299883	0.495360248972457	2
0.117538445785411	0.35768071038903	2
0.071992812122812	1.35262215867886	6
0.101135604615127	0.66384245706891	105
0.103225067179075	0.460449976416409	131
-0.00728858482811101	1.15032678106433	131
0.073486002316693	0.732446186615396	131
-0.050261795347414	1.17364567444015	131
0.018893861028814	0.715453320345098	131
0.00513095176159101	0.620954524204133	131
0.115569648879808	0.377289083535339	131
-0.053110711277305	1.20771360301481	131
0.117719480296409	0.454471809779228	131
0.094499782325188	0.575301434689187	131
0.088582575330514	0.446484597994831	2
0.053763020252929	1.74927065199248	6
0.12007127959477	0.569612624540527	105
0.12123857414732	0.410042190543539	131
0.044704032461399	0.594682029965716	116
-0.041892491500522	1.30882683422703	131
0.033717309343958	0.928545227269946	131
0.112142027240688	0.305959257056967	194
0.042581453108415	0.926935910531388	131
0.013389128819506	1.00926359073026	131
0.08714960689992	0.63813238715712	131
-0.010678198358322	0.921194371484759	131
-0.023328037344914	0.999851041592695	116
-0.035627091769489	1.24263276619042	131
0.115233266051198	0.45044732983464	131
0.050352851461424	0.83462935859737	131
-0.083932116993182	1.3818884112466	131
0.063365590511702	0.596651433667709	131
0.095393817467571	0.808712788025898	6
0.112520719666278	0.691729660388483	6
0.044783832848957	0.92162041041345	131
0.066898545806082	0.72620301221905	131
0.024012476250401	0.596120475498422	116
-0.025595608076889	0.934735871403791	116
0.058030712470006	0.819989002280711	131
0.087859987773484	0.683457834692629	23
0.114355616724926	0.458960198444212	131
0.111048370733751	1.11282316779613	6
0.07913673531231	1.24941665209547	6
0.100707686717999	0.978374349474811	6
0.111393066280959	0.568047930449983	105
0.09988453639542	0.362520957030558	116
0.00947737502552201	0.732708902980866	116
0.00236682479049699	1.25709987531056	23
0.03074432036051	0.830856240416409	131
-0.00769089394918898	1.40383138266179	105
0.121523407599741	0.515255543674118	105
0.079296926738131	0.681453414684315	131
-0.036698287780248	0.536133141110343	116
0.110686322006018	0.574494557622505	131
0.118855230708051	0.338663820432521	194
0.029802538977036	1.23578712537393	23
0.102119835134972	0.686422468192786	23
0.104949628972769	0.660658273995079	23
0.072503797584616	0.896917882128278	23
-0.100800142401669	2.21049380489779	23
0.120721062825834	1.03909043830797	6
0.076889069348766	1.48560865541901	6
0.067614093496567	0.630716729487984	131
0.112852250787979	0.349594231400697	116
0.015699418832174	0.583044785980055	116
0.116779541665688	0.379107418168865	131
0.103856082375555	0.451260557510017	131
0.044134284076025	0.720204837953038	131
0.099889309030561	0.366973565863947	194
0.054606986710837	0.779191548002305	131
0.054906962817947	0.985330990523002	23
0.113501919083475	0.59254179331241	23
0.073813653551094	0.782853432929526	23
0.082526102403145	0.578933328499578	131
0.105655394853951	0.556951033105347	131
-0.024560679457603	0.929548525044862	2
0.121776013739625	0.756340804424384	6
0.055801574629127	1.08718794167	6
0.071585274091448	0.680337146342727	131
0.066980885419312	0.788483532661469	131
0.110721532940199	0.367680379622184	131
0.079103515986384	0.3032756495908	116
-0.052708810049805	0.823998300236902	116
-0.084763811275343	1.22630423141247	131
-0.017979991875681	1.03937602525829	131
0.091232034350637	0.640524707121934	131
-0.00290431250122197	1.23616262728481	23
0.108979202960609	0.465205209006177	131
0.095546984295374	0.622289230070915	131
0.073697733955206	1.35541835420374	6
0.039170500456953	1.12725916971639	105
0.043153987439707	0.5464569593786	116
0.112306201599029	0.305484493907798	116
0.110181904335882	0.400570824766687	131
0.123369915458147	0.27489954270734	194
0.035097524868252	0.775206258343659	131
0.053478770988275	0.766640536331242	131
0.123860954082681	0.361466683520424	131
0.039524887261058	0.946887690139333	131
0.004359039374327	1.1543338826163	131
0.069367678732676	1.46907110198156	6
0.063741326417659	1.16178577251607	6
0.010328153763537	0.957999246412733	131
0.091422338424025	0.669168813807871	131
0.085155524702076	0.36515743371202	116
0.118706525194571	0.379180833318106	131
-0.019231418879956	1.41081940625582	23
0.081958032098356	0.796418258937295	23
0.078374588152417	0.737019860131186	23
0.00688294042721899	0.944703911277924	131
0.114253980584262	0.42218803324607	131
0.069555956412313	0.736642138395705	131
0.117020992331967	0.344758891736656	2
0.108281953156163	0.782369694354574	6
0.052664064330244	1.06975685041514	105
-0.057165904321978	0.825962111033562	116
0.071732230760772	0.612978744781852	131
0.073787430373844	0.811669656886204	23
0.10823461395395	0.612177627368956	23
0.014365641216532	1.26116351835683	23
0.120972802576211	0.540997416166253	23
-0.049540201989545	1.40237900423576	131
0.047363944650452	0.814999769988479	131
0.071345856265713	0.73862596173855	131
0.062620430783582	1.22636301798295	6
0.014200923576571	0.868108291093018	116
0.00952310273283	0.700197502351968	116
0.011508691057127	0.762462063229978	116
0.075036413898773	0.622499745454643	131
0.112653089509012	0.36812432108094	194
0.095780795280734	0.529644112418166	131
0.124437599182496	0.516552508911408	23
-0.04376001303568	1.08947166707472	2
0.042130438858474	1.62764854729747	6
0.100784597677911	0.704340029848633	105
0.085837358751044	0.738981087074274	131
0.103188754713954	0.288966455990024	116
0.086126060259163	0.632364676420741	131
0.069874783043626	0.690785541639686	131
0.088884081935022	1.16221995647079	6
0.073913589466765	1.23885523771696	6
0.076275137916943	0.943796176379596	105
-0.038235324194771	1.45811226466852	131
-0.042306729602687	1.52925367107387	131
0.115643201826522	0.406734907450348	116
0.108613009175357	0.431938844838029	131
0.10881593020909	0.384947947017707	194
0.088194927225482	0.675388771981573	23
0.118999921986698	0.496522686986069	23
0.060062940903498	0.909255112689354	23
0.084824600919892	0.634954337645571	131
0.104579389217786	1.44162213727811	240
0.105901018157158	0.408071658126997	116
0.05148432917987	0.636849837088452	116
0.049262254055852	0.805953507182623	131
0.119988083027932	0.565988008273877	23
0.020746795577131	1.15166864707867	23
0.044646041707458	1.02327867995047	23
-0.117472144274857	1.89017787904621	131
0.078513883344493	1.42213167028809	6
0.075741009436049	1.1923229238902	6
0.086460307838493	0.566872945987582	131
0.073418155458685	0.528236611149944	116
0.111608493058766	0.522589803571783	131
0.037132662164778	0.956254344017819	131
0.122124457870857	0.628232517849696	6
0.06561541324454	0.642727726499246	131
0.067131666976806	0.67741103853113	131
-0.031432646187397	1.61454123610809	23
0.096014743929065	0.638913880861828	23
0.113920834286745	0.417960334525039	2
0.046197359838652	0.69604352053481	116
-0.018202386446602	1.02738284100866	131
0.000566095652354992	1.08041260320559	23
0.027528017926524	0.984966071597518	23
0.057210403811809	0.738782277318397	131
0.044031781109789	0.847196927956814	131
0.076647268773082	0.58147973669885	131
0.117172794436748	0.473279496956867	131
0.058861490047933	0.5259911346886	2
0.079846726893925	0.556821983026357	116
0.04334118420517	0.759654294599564	131
0.075824678371871	0.733458156656839	23
0.124010737939218	0.448899611741767	23
0.05125882704924	0.725464115003144	131
0.036617454419805	0.767336303442983	131
0.107495995918885	1.24208157144029	6
0.096089178935651	0.466050913380715	116
-0.036189649295633	1.17501569244224	131
0.013067996362493	0.971016517534334	131
-0.045618082115187	0.897317276054897	131
0.112551629929869	0.567590091933151	23
0.056945332282585	0.811892864947718	23
0.020732427091081	0.687360564522215	2
0.121557884630267	1.0416366276988	6
0.100605676102182	1.16333873950109	6
0.121569911747459	0.725852966206186	6
0.116022590693059	0.54350027366117	131
0.090460991382798	0.556329939792097	131
0.097247932827749	0.50231544410855	131
-0.098685272838171	2.02832290732105	23
0.092744839761385	0.648776424300677	23
0.094232008677836	0.543144076042036	23
-0.035888498617362	0.965363308489852	131
-0.049034547746075	1.6738109307452	131
0.033749430656917	0.72003115165636	2
0.117288889856675	0.948704681831664	6
0.06348841804471	0.822070246193535	131
0.091053007769418	0.559988556888661	131
0.074760726607076	0.733223412089376	131
0.109765362958772	0.540219606433812	131
-0.063107865825393	1.71467544893962	131
0.062345554025847	0.769798628827853	131
0.108013416495569	0.398364643987066	23
0.039601817527038	0.952213785817448	23
0.047815034161434	0.858921309533375	23
0.024693526907832	0.885856177384518	131
-0.087158038901429	1.51251384411402	131
0.111296971407375	0.802395966962346	6
0.035804349756883	0.982375183909191	131
-0.00644369325434602	0.963851258040573	23
0.079039553786565	0.418607668832174	23
-0.043787817782111	0.860130303556795	131
0.107900834048475	0.452674510541696	131
0.113191612040814	0.44930297258782	131
0.022396983459577	0.708437278689971	131
0.081608278031248	0.498052602152222	131
0.115536717518229	0.97434063251251	6
-0.009048883240934	1.48360609413577	223
0.110753068947067	0.630310296739045	223
0.107523546320781	0.64002556077698	23
0.01979671085347	0.809561354764984	23
0.087647480737844	0.34647693005654	23
0.069540681159659	0.524527548610089	23
-0.082923340194813	1.27459369922871	23
0.060436101685878	0.704599567626031	23
0.073309327333388	0.534426485300079	131
0.00447936108823499	1.25556187639089	131
-0.030631495251946	0.687270877165498	2
0.033976051188876	1.15677480681722	223
0.090579284877017	0.696724993641308	223
0.045579160052026	0.985036943257762	223
0.079485116336242	0.779398775627719	223
0.117466442536249	0.541571856957824	223
0.124128614032454	0.570845537305794	23
0.05887973789999	0.942020646157366	23
0.084222558705402	0.504789554435468	23
0.045044597621413	0.939151586659687	23
-0.065384217125215	1.57372936059069	131
0.080283025308953	0.643871913416867	131
0.077877038736479	0.501405748281978	2
0.108887650078192	0.589006700576942	223
0.101686880747914	0.668363131718562	23
0.093672857456899	0.643440109963721	23
0.114606256336262	0.509271481020042	23
0.046700745488559	0.797919137024691	23
0.094758614700682	0.536124717050413	131
0.07440803043515	0.594123801977807	131
-0.051259083759856	1.0709238606734	2
-0.098208877808272	1.94307334902885	23
0.075061582398305	0.348261796012221	2
0.068925491871182	0.464748594913247	2
0.088532814406784	0.536493225333473	131
0.069892184833182	0.50179265306327	2
0.021131605082491	1.53385843970866	223
0.015883746209636	1.52230202091092	223
0.037952770783843	0.828773349950516	23
0.063615925949091	0.466999671777495	2
0.07097203351472	0.575042029328709	2
0.059363668181318	0.625247503525843	131
0.073895227860622	0.49456776449894	2
-0.00132006258137801	0.859204697816235	131
0.09686963299998	0.326447829206455	2
0.04487725722777	0.5477638609205	2
0.064333936585222	1.18429289135299	223
-0.003788124452969	1.46846555099183	223
0.083204121673939	0.539811244976701	23
0.107813413578731	0.570208579609439	23
-0.124694189284733	0.818687725597575	2
0.09116742707385	0.345101908372698	2
-0.06830815069794	0.989002022001835	2
0.111895666134513	0.306643143885335	2
0.106967994535196	0.374850054732602	2
0.049795683550666	0.667427874488092	131
0.010953016592613	0.712564308962326	2
0.000138996162926008	0.616143318551589	2
0.076723914922166	0.520017766083186	131
-0.047192637199966	0.770740869353688	2
0.105818251012464	0.917108861690485	223
-0.056214272415754	1.73138138730299	23
0.032487344883809	0.984120897465429	23
-0.031161332156555	0.772040292313905	2
0.038363812334568	0.651825940441786	2
0.115864997588377	0.358723644384936	2
-0.048688530119445	0.852262966911701	2
0.068369022945388	0.534352337727233	2
0.010807782166718	1.5405704363063	223
0.091373547496507	0.663776539745687	23
-0.062395134859318	1.25407953132678	23
-0.053973726223181	0.882482016712585	2
0.050197764800574	0.572502745983279	2
-0.079276663374971	1.08394476933304	2
0.064936076872594	0.517353612010814	2
0.026260190696695	0.630698392278099	2
0.122759319594084	1.05518118930564	163
0.113220410988151	1.08628465759298	163
0.074173777918253	0.640656810148428	23
0.032132070360274	0.971223308437667	23
0.111705375724913	0.270724820351802	2
0.112059920141862	0.306190980490254	2
0.104024518953642	0.391010805329342	2
0.096626598812591	0.360590673010341	2
-0.010627570973859	1.10871233042934	23
-0.01339449301741	0.69561442980017	2
-0.035418763260839	0.783052877456023	2
0.094113556081072	0.288547543676441	2
-0.00166946663116602	0.640092775166592	2
0.121326093710993	0.313854233358451	2
-0.000655537360107983	0.787477732328183	2
-0.040569867763192	0.775140415922925	2
0.085402538496308	1.34997477329046	163
-0.013127151647965	1.5636070699965	223
0.028620663316843	0.613476176966901	2
-0.020932497801051	0.774341598667988	2
-0.094348602002717	0.732092191347801	2
0.080898652905578	0.447845169743181	2
0.102406487681231	1.36370761731251	163
0.122619308580461	0.787735206445797	163
0.084900805138457	0.455484968797191	2
-0.030651461830858	0.72250042824686	2
-0.027026877711102	0.667087421578882	2
-0.118998055522766	1.36706775598525	2
0.045805412276615	0.600048246315983	2
0.00272850594788401	1.48842388007065	223
0.025656099369861	1.1764316874242	223
0.045757059654813	0.647990196549688	2
0.007621092023649	0.822415487778881	2
0.098777820340688	0.375221639124025	2
0.106248300384692	0.39605106906855	2
0.0562582362301	0.541841241353307	2
0.095023025907321	0.549776360632889	23
0.049004804082057	0.636232418227484	2
0.078826121819227	0.468271558321408	2
-0.046230820545102	0.913859604684727	2
-0.108997090968471	1.62491609775095	2
0.116312250194118	0.347089486238288	2
0.076696506636732	0.449025908649112	2
0.078040395029909	0.505423651868758	2
0.100937743513589	0.426742308956815	2
-0.001656090040078	1.08504361291113	2
0.037699498183328	0.570626224479719	2
0.121526661714206	0.884142166956863	163
-0.00715868359497102	1.59414112436714	223
0.123310773589306	0.396666463962491	23
0.066944057076698	0.703697318484081	23
0.107603305509439	0.480956871819759	23
-0.0120183234973	0.933387717257374	2
-0.011133237076801	0.710706331307432	2
-0.00345743735952198	1.25834107713672	23
0.116659887288272	0.367131536785143	2
0.120912979386491	0.402849343021468	2
-0.015468969677414	0.99821603466764	2
0.11799678042938	0.349609737071501	2
0.076911539742786	1.04959424914622	223
0.092025842096872	0.566285262917529	23
-0.001151297847791	1.07174975003126	23
0.081691927067726	0.590090651751661	2
0.12450547513574	0.403282780212548	2
0.107362067316095	0.424234362151825	2
0.040335517934881	0.560854560497365	2
0.025058947579372	0.856936558856975	2
0.101241166770574	0.498456149945679	2
0.063138400800103	1.11173712136871	223
-0.034844456517269	1.34478311096029	23
0.066938822754486	1.57568997584577	153
0.040541114600696	0.951357351453854	23
0.086364379387188	0.694522247972201	23
-0.00146455097980303	0.661620511720637	154
0.00436452031951401	0.433112297233568	154
0.072383348847756	0.500119084141976	154
0.022637135563438	0.489284637651809	154
-0.028035437460752	0.952877817708018	154
0.068118166633238	0.497204221997496	154
0.048941575458878	0.730201170576786	154
0.038432172361774	0.461807011236685	2
0.111133135989684	0.388553943123838	23
0.033990035174321	0.845782628926433	23
-0.07895548582851	1.24430490264195	2
0.106078396850871	0.700596960292934	23
0.09418670101543	0.620723884667047	23
-0.050884304969267	1.78316691028285	23
-0.051035903311167	1.21219399025518	2
0.102398459973493	1.56730112825874	228
0.117493034392959	0.66466685757411	164
0.076412209749968	1.00396481144991	164
0.07682388423119	1.00841301162403	164
0.033627908937236	1.34803301669256	164
0.103950058381532	0.546564383207047	23
0.121649703489404	0.759349906783972	153
0.062115167566089	1.33750813268947	153
0.117218955108412	0.743307395545182	153
0.113831087062342	0.670025753377858	164
-0.062169875018863	2.2533715703253	164
0.105846091178564	0.604225600690519	23
0.08737010270611	0.714635097219487	23
0.094805622117418	0.598054805334341	23
0.103205462767293	1.09758829383191	153
0.10670373832215	0.870522683499687	164
0.00691167615328101	1.22960908494534	23
0.051274459267892	0.964479729080578	23
0.124868407553693	0.733607240061028	164
0.116572218547346	0.585529686199014	23
0.055437961787347	0.954243924182908	23
-0.077640896613374	2.00645629025641	23
0.109998752636428	0.545357075357201	23
0.011015342483345	1.15540246777156	23
0.087550412788924	1.01873343095847	164
0.061709194131857	0.646043075627125	2
0.05283207323853	1.18797875894514	164
0.108695134408417	0.646069933422218	23
0.123219060426212	0.602611014279315	23
0.113638108722894	0.757639322894984	164
0.037028611269171	0.828846720567366	2
0.085023046616396	0.985796041683182	164
0.116346669466436	0.972533011397043	153
0.085470949360507	1.04583739657574	164
0.101648235281752	0.536885144907648	23
0.120390580539839	1.17709963162752	181
0.081149697180295	1.19178190021195	153
0.09594515602623	0.918660799717303	164
0.092309698269534	1.00315097454383	164
0.120161467520011	0.710738305615418	164
0.036044163031758	1.04706611773752	23
0.074641715624634	0.735802238365369	23
-0.088871540936565	2.31695734462124	23
0.108277003527233	0.648830071529594	23
0.105211829440855	0.711654354537522	164
0.091703666163538	1.09277199653307	153
0.123204627808429	0.835368490067398	153
0.084871637875182	0.987972415832556	164
0.039349013405927	1.34636238500633	164
0.109035627338962	1.22724289324879	164
