group	fill	colour	clickSelects
1	#FFFFFF	#D3D3D3	26
2	#FFFFFF	#D3D3D3	298
3	#FFFFFF	#D3D3D3	298
4	#FFFFFF	#D3D3D3	298
5	#FFFFFF	#D3D3D3	298
6	#FFFFFF	#D3D3D3	298
7	#FFFFFF	#D3D3D3	236
8	#FFFFFF	#D3D3D3	236
9	#FFFFFF	#D3D3D3	236
10	#FFFFFF	#D3D3D3	236
11	#FFFFFF	#D3D3D3	236
12	#FFFFFF	#D3D3D3	10
13	#FFFFFF	#D3D3D3	10
14	#FFFFFF	#D3D3D3	26
15	#FFFFFF	#D3D3D3	236
16	#FFFFFF	#D3D3D3	236
17	#FFFFFF	#D3D3D3	236
18	#FFFFFF	#D3D3D3	10
19	#FFFFFF	#D3D3D3	10
20	#FFFFFF	#D3D3D3	10
21	#FFFFFF	#D3D3D3	10
22	#FFFFFF	#D3D3D3	10
23	#FFFFFF	#D3D3D3	158
24	#FFFFFF	#D3D3D3	10
25	#FFFFFF	#D3D3D3	298
26	#FFFFFF	#D3D3D3	10
27	#FFFFFF	#D3D3D3	10
28	#FFFFFF	#D3D3D3	17
29	#FFFFFF	#D3D3D3	17
30	#FFFFFF	#D3D3D3	17
31	#FFFFFF	#D3D3D3	17
32	#FFFFFF	#D3D3D3	17
33	#FFFFFF	#D3D3D3	17
34	#FFFFFF	#D3D3D3	10
35	#FFFFFF	#D3D3D3	10
36	#FFFFFF	#D3D3D3	298
37	#FFFFFF	#D3D3D3	10
38	#FFFFFF	#D3D3D3	10
39	#FFFFFF	#D3D3D3	10
40	#FFFFFF	#D3D3D3	10
41	#FFFFFF	#D3D3D3	10
42	#FFFFFF	#D3D3D3	10
43	#FFFFFF	#D3D3D3	10
44	#FFFFFF	#D3D3D3	10
45	#FFFFFF	#D3D3D3	10
46	#FFFFFF	#D3D3D3	298
47	#FFFFFF	#D3D3D3	298
48	#FFFFFF	#D3D3D3	298
49	#FFFFFF	#D3D3D3	298
50	#FFFFFF	#D3D3D3	298
52	#FFFFFF	#D3D3D3	26
53	#FFFFFF	#D3D3D3	298
54	#FFFFFF	#D3D3D3	298
55	#FFFFFF	#D3D3D3	298
56	#FFFFFF	#D3D3D3	298
57	#FFFFFF	#D3D3D3	298
58	#FFFFFF	#D3D3D3	236
59	#FFFFFF	#D3D3D3	298
60	#FFFFFF	#D3D3D3	236
61	#FFFFFF	#D3D3D3	236
62	#FFFFFF	#D3D3D3	10
63	#FFFFFF	#D3D3D3	10
64	#FFFFFF	#D3D3D3	298
65	#FFFFFF	#D3D3D3	10
66	#FFFFFF	#D3D3D3	236
67	#FFFFFF	#D3D3D3	236
68	#FFFFFF	#D3D3D3	10
69	#FFFFFF	#D3D3D3	10
70	#FFFFFF	#D3D3D3	10
71	#FFFFFF	#D3D3D3	10
72	#FFFFFF	#D3D3D3	10
73	#FFFFFF	#D3D3D3	10
74	#FFFFFF	#D3D3D3	10
75	#FFFFFF	#D3D3D3	298
76	#FFFFFF	#D3D3D3	10
77	#FFFFFF	#D3D3D3	10
78	#FFFFFF	#D3D3D3	17
79	#FFFFFF	#D3D3D3	17
80	#FFFFFF	#D3D3D3	17
81	#FFFFFF	#D3D3D3	17
82	#FFFFFF	#D3D3D3	17
83	#FFFFFF	#D3D3D3	17
84	#FFFFFF	#D3D3D3	17
85	#FFFFFF	#D3D3D3	10
86	#FFFFFF	#D3D3D3	298
87	#FFFFFF	#D3D3D3	10
88	#FFFFFF	#D3D3D3	17
89	#FFFFFF	#D3D3D3	10
90	#FFFFFF	#D3D3D3	10
91	#FFFFFF	#D3D3D3	10
92	#FFFFFF	#D3D3D3	10
93	#FFFFFF	#D3D3D3	10
94	#FFFFFF	#D3D3D3	10
95	#FFFFFF	#D3D3D3	10
97	#FFFFFF	#D3D3D3	298
98	#FFFFFF	#D3D3D3	298
99	#FFFFFF	#D3D3D3	298
100	#FFFFFF	#D3D3D3	298
101	#FFFFFF	#D3D3D3	298
102	#FFFFFF	#D3D3D3	26
103	#FFFFFF	#D3D3D3	26
104	#FFFFFF	#D3D3D3	298
105	#FFFFFF	#D3D3D3	298
106	#FFFFFF	#D3D3D3	298
107	#FFFFFF	#D3D3D3	298
108	#FFFFFF	#D3D3D3	298
109	#FFFFFF	#D3D3D3	236
110	#FFFFFF	#D3D3D3	298
111	#FFFFFF	#D3D3D3	236
112	#FFFFFF	#D3D3D3	236
113	#FFFFFF	#D3D3D3	236
114	#FFFFFF	#D3D3D3	10
115	#FFFFFF	#D3D3D3	298
116	#FFFFFF	#D3D3D3	236
117	#FFFFFF	#D3D3D3	236
118	#FFFFFF	#D3D3D3	10
119	#FFFFFF	#D3D3D3	10
120	#FFFFFF	#D3D3D3	10
121	#FFFFFF	#D3D3D3	10
122	#FFFFFF	#D3D3D3	10
123	#FFFFFF	#D3D3D3	10
124	#FFFFFF	#D3D3D3	10
125	#FFFFFF	#D3D3D3	10
126	#FFFFFF	#D3D3D3	298
127	#FFFFFF	#D3D3D3	10
128	#FFFFFF	#D3D3D3	10
129	#FFFFFF	#D3D3D3	17
130	#FFFFFF	#D3D3D3	17
131	#FFFFFF	#D3D3D3	17
132	#FFFFFF	#D3D3D3	17
133	#FFFFFF	#D3D3D3	17
134	#FFFFFF	#D3D3D3	17
135	#FFFFFF	#D3D3D3	10
136	#FFFFFF	#D3D3D3	10
137	#FFFFFF	#D3D3D3	298
138	#FFFFFF	#D3D3D3	17
139	#FFFFFF	#D3D3D3	17
140	#FFFFFF	#D3D3D3	10
141	#FFFFFF	#D3D3D3	10
142	#FFFFFF	#D3D3D3	10
143	#FFFFFF	#D3D3D3	10
144	#FFFFFF	#D3D3D3	10
145	#FFFFFF	#D3D3D3	10
146	#FFFFFF	#D3D3D3	10
147	#FFFFFF	#D3D3D3	298
148	#FFFFFF	#D3D3D3	298
149	#FFFFFF	#D3D3D3	298
150	#FFFFFF	#D3D3D3	298
151	#FFFFFF	#D3D3D3	298
153	#FFFFFF	#D3D3D3	120
154	#FFFFFF	#D3D3D3	120
155	#FFFFFF	#D3D3D3	30
156	#FFFFFF	#D3D3D3	26
157	#FFFFFF	#D3D3D3	26
158	#FFFFFF	#D3D3D3	207
159	#FFFFFF	#D3D3D3	298
160	#FFFFFF	#D3D3D3	298
161	#FFFFFF	#D3D3D3	207
162	#FFFFFF	#D3D3D3	298
163	#FFFFFF	#D3D3D3	298
164	#FFFFFF	#D3D3D3	298
165	#FFFFFF	#D3D3D3	120
166	#FFFFFF	#D3D3D3	298
167	#FFFFFF	#D3D3D3	236
168	#FFFFFF	#D3D3D3	236
169	#FFFFFF	#D3D3D3	236
170	#FFFFFF	#D3D3D3	236
171	#FFFFFF	#D3D3D3	236
172	#FFFFFF	#D3D3D3	236
173	#FFFFFF	#D3D3D3	236
174	#FFFFFF	#D3D3D3	10
175	#FFFFFF	#D3D3D3	10
176	#FFFFFF	#D3D3D3	120
177	#FFFFFF	#D3D3D3	10
178	#FFFFFF	#D3D3D3	10
179	#FFFFFF	#D3D3D3	286
180	#FFFFFF	#D3D3D3	10
181	#FFFFFF	#D3D3D3	10
182	#FFFFFF	#D3D3D3	10
183	#FFFFFF	#D3D3D3	10
184	#FFFFFF	#D3D3D3	17
185	#FFFFFF	#D3D3D3	17
186	#FFFFFF	#D3D3D3	17
187	#FFFFFF	#D3D3D3	120
188	#FFFFFF	#D3D3D3	17
189	#FFFFFF	#D3D3D3	17
190	#FFFFFF	#D3D3D3	17
191	#FFFFFF	#D3D3D3	17
192	#FFFFFF	#D3D3D3	17
193	#FFFFFF	#D3D3D3	17
194	#FFFFFF	#D3D3D3	17
195	#FFFFFF	#D3D3D3	17
196	#FFFFFF	#D3D3D3	17
198	#FFFFFF	#D3D3D3	30
199	#FFFFFF	#D3D3D3	30
200	#FFFFFF	#D3D3D3	30
201	#FFFFFF	#D3D3D3	30
202	#FFFFFF	#D3D3D3	30
203	#FFFFFF	#D3D3D3	120
204	#FFFFFF	#D3D3D3	120
205	#FFFFFF	#D3D3D3	120
206	#FFFFFF	#D3D3D3	30
207	#FFFFFF	#D3D3D3	26
208	#FFFFFF	#D3D3D3	26
209	#FFFFFF	#D3D3D3	207
210	#FFFFFF	#D3D3D3	207
211	#FFFFFF	#D3D3D3	207
212	#FFFFFF	#D3D3D3	298
213	#FFFFFF	#D3D3D3	298
214	#FFFFFF	#D3D3D3	298
215	#FFFFFF	#D3D3D3	298
216	#FFFFFF	#D3D3D3	120
217	#FFFFFF	#D3D3D3	298
218	#FFFFFF	#D3D3D3	236
219	#FFFFFF	#D3D3D3	298
220	#FFFFFF	#D3D3D3	236
221	#FFFFFF	#D3D3D3	236
222	#FFFFFF	#D3D3D3	236
223	#FFFFFF	#D3D3D3	236
224	#FFFFFF	#D3D3D3	236
225	#FFFFFF	#D3D3D3	236
226	#FFFFFF	#D3D3D3	236
227	#FFFFFF	#D3D3D3	120
228	#FFFFFF	#D3D3D3	10
229	#FFFFFF	#D3D3D3	10
230	#FFFFFF	#D3D3D3	286
231	#FFFFFF	#D3D3D3	10
232	#FFFFFF	#D3D3D3	10
233	#FFFFFF	#D3D3D3	10
234	#FFFFFF	#D3D3D3	10
235	#FFFFFF	#D3D3D3	17
236	#FFFFFF	#D3D3D3	17
237	#FFFFFF	#D3D3D3	17
238	#FFFFFF	#D3D3D3	120
239	#FFFFFF	#D3D3D3	17
240	#FFFFFF	#D3D3D3	17
241	#FFFFFF	#D3D3D3	17
242	#FFFFFF	#D3D3D3	17
243	#FFFFFF	#D3D3D3	17
244	#FFFFFF	#D3D3D3	17
245	#FFFFFF	#D3D3D3	17
246	#FFFFFF	#D3D3D3	17
247	#FFFFFF	#D3D3D3	17
248	#FFFFFF	#D3D3D3	30
249	#FFFFFF	#D3D3D3	120
250	#FFFFFF	#D3D3D3	30
251	#FFFFFF	#D3D3D3	30
252	#FFFFFF	#D3D3D3	30
254	#FFFFFF	#D3D3D3	120
255	#FFFFFF	#D3D3D3	120
256	#FFFFFF	#D3D3D3	30
257	#FFFFFF	#D3D3D3	26
258	#FFFFFF	#D3D3D3	26
259	#FFFFFF	#D3D3D3	207
260	#FFFFFF	#D3D3D3	207
261	#FFFFFF	#D3D3D3	207
262	#FFFFFF	#D3D3D3	298
263	#FFFFFF	#D3D3D3	298
264	#FFFFFF	#D3D3D3	298
265	#FFFFFF	#D3D3D3	207
266	#FFFFFF	#D3D3D3	120
267	#FFFFFF	#D3D3D3	298
268	#FFFFFF	#D3D3D3	298
269	#FFFFFF	#D3D3D3	298
270	#FFFFFF	#D3D3D3	298
271	#FFFFFF	#D3D3D3	236
272	#FFFFFF	#D3D3D3	236
273	#FFFFFF	#D3D3D3	236
274	#FFFFFF	#D3D3D3	236
275	#FFFFFF	#D3D3D3	236
276	#FFFFFF	#D3D3D3	236
277	#FFFFFF	#D3D3D3	120
278	#FFFFFF	#D3D3D3	10
279	#FFFFFF	#D3D3D3	10
280	#FFFFFF	#D3D3D3	286
281	#FFFFFF	#D3D3D3	286
282	#FFFFFF	#D3D3D3	10
283	#FFFFFF	#D3D3D3	10
284	#FFFFFF	#D3D3D3	10
285	#FFFFFF	#D3D3D3	10
286	#FFFFFF	#D3D3D3	17
287	#FFFFFF	#D3D3D3	17
288	#FFFFFF	#D3D3D3	120
289	#FFFFFF	#D3D3D3	17
290	#FFFFFF	#D3D3D3	17
291	#FFFFFF	#D3D3D3	17
292	#FFFFFF	#D3D3D3	17
293	#FFFFFF	#D3D3D3	17
294	#FFFFFF	#D3D3D3	17
295	#FFFFFF	#D3D3D3	17
296	#FFFFFF	#D3D3D3	17
297	#FFFFFF	#D3D3D3	17
299	#FFFFFF	#D3D3D3	30
300	#FFFFFF	#D3D3D3	120
301	#FFFFFF	#D3D3D3	30
302	#FFFFFF	#D3D3D3	30
303	#FFFFFF	#D3D3D3	30
304	#FFFFFF	#D3D3D3	120
305	#FFFFFF	#D3D3D3	120
306	#FFFFFF	#D3D3D3	120
307	#FFFFFF	#D3D3D3	30
308	#FFFFFF	#D3D3D3	26
309	#FFFFFF	#D3D3D3	26
310	#FFFFFF	#D3D3D3	26
311	#FFFFFF	#D3D3D3	207
312	#FFFFFF	#D3D3D3	298
313	#FFFFFF	#D3D3D3	298
314	#FFFFFF	#D3D3D3	298
315	#FFFFFF	#D3D3D3	207
316	#FFFFFF	#D3D3D3	207
317	#FFFFFF	#D3D3D3	120
318	#FFFFFF	#D3D3D3	298
319	#FFFFFF	#D3D3D3	298
320	#FFFFFF	#D3D3D3	298
321	#FFFFFF	#D3D3D3	298
322	#FFFFFF	#D3D3D3	236
323	#FFFFFF	#D3D3D3	236
324	#FFFFFF	#D3D3D3	236
325	#FFFFFF	#D3D3D3	236
326	#FFFFFF	#D3D3D3	236
327	#FFFFFF	#D3D3D3	10
328	#FFFFFF	#D3D3D3	120
329	#FFFFFF	#D3D3D3	286
330	#FFFFFF	#D3D3D3	10
331	#FFFFFF	#D3D3D3	286
332	#FFFFFF	#D3D3D3	286
333	#FFFFFF	#D3D3D3	10
334	#FFFFFF	#D3D3D3	10
335	#FFFFFF	#D3D3D3	10
336	#FFFFFF	#D3D3D3	10
337	#FFFFFF	#D3D3D3	17
338	#FFFFFF	#D3D3D3	17
339	#FFFFFF	#D3D3D3	120
340	#FFFFFF	#D3D3D3	17
341	#FFFFFF	#D3D3D3	17
342	#FFFFFF	#D3D3D3	17
343	#FFFFFF	#D3D3D3	17
344	#FFFFFF	#D3D3D3	17
345	#FFFFFF	#D3D3D3	17
346	#FFFFFF	#D3D3D3	17
347	#FFFFFF	#D3D3D3	17
348	#FFFFFF	#D3D3D3	17
349	#FFFFFF	#D3D3D3	120
350	#FFFFFF	#D3D3D3	120
351	#FFFFFF	#D3D3D3	30
352	#FFFFFF	#D3D3D3	30
353	#FFFFFF	#D3D3D3	30
355	#FFFFFF	#D3D3D3	120
356	#FFFFFF	#D3D3D3	120
357	#FFFFFF	#D3D3D3	30
358	#FFFFFF	#D3D3D3	30
359	#FFFFFF	#D3D3D3	30
360	#FFFFFF	#D3D3D3	26
361	#FFFFFF	#D3D3D3	26
362	#FFFFFF	#D3D3D3	207
363	#FFFFFF	#D3D3D3	298
364	#FFFFFF	#D3D3D3	298
365	#FFFFFF	#D3D3D3	207
366	#FFFFFF	#D3D3D3	207
367	#FFFFFF	#D3D3D3	120
368	#FFFFFF	#D3D3D3	207
369	#FFFFFF	#D3D3D3	298
370	#FFFFFF	#D3D3D3	298
371	#FFFFFF	#D3D3D3	298
372	#FFFFFF	#D3D3D3	298
373	#FFFFFF	#D3D3D3	236
374	#FFFFFF	#D3D3D3	236
375	#FFFFFF	#D3D3D3	236
376	#FFFFFF	#D3D3D3	236
377	#FFFFFF	#D3D3D3	10
378	#FFFFFF	#D3D3D3	120
379	#FFFFFF	#D3D3D3	286
380	#FFFFFF	#D3D3D3	10
381	#FFFFFF	#D3D3D3	10
382	#FFFFFF	#D3D3D3	286
383	#FFFFFF	#D3D3D3	286
384	#FFFFFF	#D3D3D3	10
385	#FFFFFF	#D3D3D3	10
386	#FFFFFF	#D3D3D3	10
387	#FFFFFF	#D3D3D3	10
388	#FFFFFF	#D3D3D3	17
389	#FFFFFF	#D3D3D3	120
390	#FFFFFF	#D3D3D3	17
391	#FFFFFF	#D3D3D3	17
392	#FFFFFF	#D3D3D3	17
393	#FFFFFF	#D3D3D3	17
394	#FFFFFF	#D3D3D3	17
395	#FFFFFF	#D3D3D3	17
396	#FFFFFF	#D3D3D3	17
397	#FFFFFF	#D3D3D3	17
398	#FFFFFF	#D3D3D3	17
400	#FFFFFF	#D3D3D3	120
401	#FFFFFF	#D3D3D3	120
402	#FFFFFF	#D3D3D3	120
403	#FFFFFF	#D3D3D3	30
404	#FFFFFF	#D3D3D3	30
405	#FFFFFF	#D3D3D3	120
406	#FFFFFF	#D3D3D3	120
407	#FFFFFF	#D3D3D3	120
408	#FFFFFF	#D3D3D3	30
409	#FFFFFF	#D3D3D3	30
410	#FFFFFF	#D3D3D3	30
411	#FFFFFF	#D3D3D3	26
412	#FFFFFF	#D3D3D3	207
413	#FFFFFF	#D3D3D3	207
414	#FFFFFF	#D3D3D3	298
415	#FFFFFF	#D3D3D3	207
416	#FFFFFF	#D3D3D3	207
417	#FFFFFF	#D3D3D3	207
418	#FFFFFF	#D3D3D3	120
419	#FFFFFF	#D3D3D3	298
420	#FFFFFF	#D3D3D3	298
421	#FFFFFF	#D3D3D3	298
422	#FFFFFF	#D3D3D3	298
423	#FFFFFF	#D3D3D3	298
424	#FFFFFF	#D3D3D3	236
425	#FFFFFF	#D3D3D3	236
426	#FFFFFF	#D3D3D3	236
427	#FFFFFF	#D3D3D3	236
428	#FFFFFF	#D3D3D3	10
429	#FFFFFF	#D3D3D3	120
430	#FFFFFF	#D3D3D3	286
431	#FFFFFF	#D3D3D3	10
432	#FFFFFF	#D3D3D3	286
433	#FFFFFF	#D3D3D3	286
434	#FFFFFF	#D3D3D3	286
435	#FFFFFF	#D3D3D3	10
436	#FFFFFF	#D3D3D3	10
437	#FFFFFF	#D3D3D3	10
438	#FFFFFF	#D3D3D3	10
439	#FFFFFF	#D3D3D3	17
440	#FFFFFF	#D3D3D3	120
441	#FFFFFF	#D3D3D3	17
442	#FFFFFF	#D3D3D3	17
443	#FFFFFF	#D3D3D3	17
444	#FFFFFF	#D3D3D3	17
445	#FFFFFF	#D3D3D3	17
446	#FFFFFF	#D3D3D3	17
447	#FFFFFF	#D3D3D3	17
448	#FFFFFF	#D3D3D3	17
449	#FFFFFF	#D3D3D3	17
450	#FFFFFF	#D3D3D3	120
451	#FFFFFF	#D3D3D3	120
452	#FFFFFF	#D3D3D3	120
453	#FFFFFF	#D3D3D3	30
454	#FFFFFF	#D3D3D3	30
456	#FFFFFF	#D3D3D3	120
457	#FFFFFF	#D3D3D3	120
458	#FFFFFF	#D3D3D3	30
459	#FFFFFF	#D3D3D3	30
460	#FFFFFF	#D3D3D3	30
461	#FFFFFF	#D3D3D3	26
462	#FFFFFF	#D3D3D3	26
463	#FFFFFF	#D3D3D3	26
464	#FFFFFF	#D3D3D3	207
465	#FFFFFF	#D3D3D3	207
466	#FFFFFF	#D3D3D3	207
467	#FFFFFF	#D3D3D3	207
468	#FFFFFF	#D3D3D3	120
469	#FFFFFF	#D3D3D3	298
470	#FFFFFF	#D3D3D3	298
471	#FFFFFF	#D3D3D3	298
472	#FFFFFF	#D3D3D3	298
473	#FFFFFF	#D3D3D3	298
474	#FFFFFF	#D3D3D3	298
475	#FFFFFF	#D3D3D3	236
476	#FFFFFF	#D3D3D3	236
477	#FFFFFF	#D3D3D3	236
478	#FFFFFF	#D3D3D3	236
479	#FFFFFF	#D3D3D3	120
480	#FFFFFF	#D3D3D3	10
481	#FFFFFF	#D3D3D3	286
482	#FFFFFF	#D3D3D3	286
483	#FFFFFF	#D3D3D3	286
484	#FFFFFF	#D3D3D3	286
485	#FFFFFF	#D3D3D3	286
486	#FFFFFF	#D3D3D3	286
487	#FFFFFF	#D3D3D3	10
488	#FFFFFF	#D3D3D3	10
489	#FFFFFF	#D3D3D3	10
490	#FFFFFF	#D3D3D3	120
491	#FFFFFF	#D3D3D3	17
492	#FFFFFF	#D3D3D3	17
493	#FFFFFF	#D3D3D3	17
494	#FFFFFF	#D3D3D3	17
495	#FFFFFF	#D3D3D3	17
496	#FFFFFF	#D3D3D3	17
497	#FFFFFF	#D3D3D3	17
498	#FFFFFF	#D3D3D3	17
499	#FFFFFF	#D3D3D3	17
501	#FFFFFF	#D3D3D3	120
502	#FFFFFF	#D3D3D3	120
503	#FFFFFF	#D3D3D3	120
504	#FFFFFF	#D3D3D3	30
505	#FFFFFF	#D3D3D3	30
506	#FFFFFF	#D3D3D3	120
507	#FFFFFF	#D3D3D3	120
508	#FFFFFF	#D3D3D3	120
509	#FFFFFF	#D3D3D3	30
510	#FFFFFF	#D3D3D3	30
511	#FFFFFF	#D3D3D3	30
512	#FFFFFF	#D3D3D3	30
513	#FFFFFF	#D3D3D3	26
514	#FFFFFF	#D3D3D3	26
515	#FFFFFF	#D3D3D3	207
516	#FFFFFF	#D3D3D3	207
517	#FFFFFF	#D3D3D3	207
518	#FFFFFF	#D3D3D3	207
519	#FFFFFF	#D3D3D3	120
520	#FFFFFF	#D3D3D3	298
521	#FFFFFF	#D3D3D3	298
522	#FFFFFF	#D3D3D3	298
523	#FFFFFF	#D3D3D3	298
524	#FFFFFF	#D3D3D3	298
525	#FFFFFF	#D3D3D3	298
526	#FFFFFF	#D3D3D3	236
527	#FFFFFF	#D3D3D3	236
528	#FFFFFF	#D3D3D3	236
529	#FFFFFF	#D3D3D3	236
530	#FFFFFF	#D3D3D3	120
531	#FFFFFF	#D3D3D3	10
532	#FFFFFF	#D3D3D3	286
533	#FFFFFF	#D3D3D3	286
534	#FFFFFF	#D3D3D3	286
535	#FFFFFF	#D3D3D3	286
536	#FFFFFF	#D3D3D3	286
537	#FFFFFF	#D3D3D3	10
538	#FFFFFF	#D3D3D3	10
539	#FFFFFF	#D3D3D3	10
540	#FFFFFF	#D3D3D3	10
541	#FFFFFF	#D3D3D3	120
542	#FFFFFF	#D3D3D3	10
543	#FFFFFF	#D3D3D3	17
544	#FFFFFF	#D3D3D3	17
545	#FFFFFF	#D3D3D3	17
546	#FFFFFF	#D3D3D3	17
547	#FFFFFF	#D3D3D3	17
548	#FFFFFF	#D3D3D3	17
549	#FFFFFF	#D3D3D3	17
550	#FFFFFF	#D3D3D3	17
551	#FFFFFF	#D3D3D3	120
552	#FFFFFF	#D3D3D3	120
553	#FFFFFF	#D3D3D3	120
554	#FFFFFF	#D3D3D3	30
555	#FFFFFF	#D3D3D3	30
557	#FFFFFF	#D3D3D3	120
558	#FFFFFF	#D3D3D3	30
559	#FFFFFF	#D3D3D3	30
560	#FFFFFF	#D3D3D3	30
561	#FFFFFF	#D3D3D3	30
562	#FFFFFF	#D3D3D3	30
563	#FFFFFF	#D3D3D3	30
564	#FFFFFF	#D3D3D3	26
565	#FFFFFF	#D3D3D3	26
566	#FFFFFF	#D3D3D3	207
567	#FFFFFF	#D3D3D3	207
568	#FFFFFF	#D3D3D3	207
569	#FFFFFF	#D3D3D3	120
570	#FFFFFF	#D3D3D3	298
571	#FFFFFF	#D3D3D3	298
572	#FFFFFF	#D3D3D3	298
573	#FFFFFF	#D3D3D3	298
574	#FFFFFF	#D3D3D3	298
575	#FFFFFF	#D3D3D3	298
576	#FFFFFF	#D3D3D3	298
577	#FFFFFF	#D3D3D3	236
578	#FFFFFF	#D3D3D3	236
579	#FFFFFF	#D3D3D3	236
580	#FFFFFF	#D3D3D3	120
581	#FFFFFF	#D3D3D3	236
582	#FFFFFF	#D3D3D3	10
583	#FFFFFF	#D3D3D3	286
584	#FFFFFF	#D3D3D3	286
585	#FFFFFF	#D3D3D3	286
586	#FFFFFF	#D3D3D3	286
587	#FFFFFF	#D3D3D3	286
588	#FFFFFF	#D3D3D3	10
589	#FFFFFF	#D3D3D3	10
590	#FFFFFF	#D3D3D3	10
591	#FFFFFF	#D3D3D3	120
592	#FFFFFF	#D3D3D3	10
593	#FFFFFF	#D3D3D3	10
594	#FFFFFF	#D3D3D3	17
595	#FFFFFF	#D3D3D3	17
596	#FFFFFF	#D3D3D3	17
597	#FFFFFF	#D3D3D3	17
598	#FFFFFF	#D3D3D3	17
599	#FFFFFF	#D3D3D3	17
600	#FFFFFF	#D3D3D3	17
602	#FFFFFF	#D3D3D3	120
603	#FFFFFF	#D3D3D3	120
604	#FFFFFF	#D3D3D3	120
605	#FFFFFF	#D3D3D3	30
606	#FFFFFF	#D3D3D3	30
607	#FFFFFF	#D3D3D3	120
608	#FFFFFF	#D3D3D3	30
609	#FFFFFF	#D3D3D3	120
610	#FFFFFF	#D3D3D3	30
611	#FFFFFF	#D3D3D3	30
612	#FFFFFF	#D3D3D3	30
613	#FFFFFF	#D3D3D3	30
614	#FFFFFF	#D3D3D3	30
615	#FFFFFF	#D3D3D3	26
616	#FFFFFF	#D3D3D3	26
617	#FFFFFF	#D3D3D3	207
618	#FFFFFF	#D3D3D3	298
619	#FFFFFF	#D3D3D3	298
620	#FFFFFF	#D3D3D3	120
621	#FFFFFF	#D3D3D3	298
622	#FFFFFF	#D3D3D3	298
623	#FFFFFF	#D3D3D3	298
624	#FFFFFF	#D3D3D3	298
625	#FFFFFF	#D3D3D3	298
626	#FFFFFF	#D3D3D3	298
627	#FFFFFF	#D3D3D3	298
628	#FFFFFF	#D3D3D3	236
629	#FFFFFF	#D3D3D3	236
630	#FFFFFF	#D3D3D3	236
631	#FFFFFF	#D3D3D3	120
632	#FFFFFF	#D3D3D3	236
633	#FFFFFF	#D3D3D3	10
634	#FFFFFF	#D3D3D3	286
635	#FFFFFF	#D3D3D3	286
636	#FFFFFF	#D3D3D3	286
637	#FFFFFF	#D3D3D3	286
638	#FFFFFF	#D3D3D3	286
639	#FFFFFF	#D3D3D3	10
640	#FFFFFF	#D3D3D3	10
641	#FFFFFF	#D3D3D3	10
642	#FFFFFF	#D3D3D3	120
643	#FFFFFF	#D3D3D3	10
644	#FFFFFF	#D3D3D3	17
645	#FFFFFF	#D3D3D3	17
646	#FFFFFF	#D3D3D3	17
647	#FFFFFF	#D3D3D3	17
648	#FFFFFF	#D3D3D3	17
649	#FFFFFF	#D3D3D3	17
650	#FFFFFF	#D3D3D3	17
651	#FFFFFF	#D3D3D3	17
652	#FFFFFF	#D3D3D3	120
653	#FFFFFF	#D3D3D3	120
654	#FFFFFF	#D3D3D3	30
655	#FFFFFF	#D3D3D3	30
656	#FFFFFF	#D3D3D3	30
658	#FFFFFF	#D3D3D3	120
659	#FFFFFF	#D3D3D3	30
660	#FFFFFF	#D3D3D3	30
661	#FFFFFF	#D3D3D3	30
662	#FFFFFF	#D3D3D3	30
663	#FFFFFF	#D3D3D3	30
664	#FFFFFF	#D3D3D3	30
665	#FFFFFF	#D3D3D3	26
666	#FFFFFF	#D3D3D3	26
667	#FFFFFF	#D3D3D3	26
668	#FFFFFF	#D3D3D3	207
669	#FFFFFF	#D3D3D3	298
670	#FFFFFF	#D3D3D3	30
671	#FFFFFF	#D3D3D3	298
672	#FFFFFF	#D3D3D3	298
673	#FFFFFF	#D3D3D3	298
674	#FFFFFF	#D3D3D3	298
675	#FFFFFF	#D3D3D3	298
676	#FFFFFF	#D3D3D3	298
677	#FFFFFF	#D3D3D3	298
678	#FFFFFF	#D3D3D3	298
679	#FFFFFF	#D3D3D3	236
680	#FFFFFF	#D3D3D3	236
681	#FFFFFF	#D3D3D3	30
682	#FFFFFF	#D3D3D3	236
683	#FFFFFF	#D3D3D3	236
684	#FFFFFF	#D3D3D3	10
685	#FFFFFF	#D3D3D3	286
686	#FFFFFF	#D3D3D3	286
687	#FFFFFF	#D3D3D3	286
688	#FFFFFF	#D3D3D3	10
689	#FFFFFF	#D3D3D3	286
690	#FFFFFF	#D3D3D3	10
691	#FFFFFF	#D3D3D3	10
692	#FFFFFF	#D3D3D3	120
693	#FFFFFF	#D3D3D3	10
694	#FFFFFF	#D3D3D3	10
695	#FFFFFF	#D3D3D3	17
696	#FFFFFF	#D3D3D3	17
697	#FFFFFF	#D3D3D3	17
698	#FFFFFF	#D3D3D3	17
699	#FFFFFF	#D3D3D3	17
700	#FFFFFF	#D3D3D3	17
701	#FFFFFF	#D3D3D3	17
703	#FFFFFF	#D3D3D3	120
704	#FFFFFF	#D3D3D3	120
705	#FFFFFF	#D3D3D3	30
706	#FFFFFF	#D3D3D3	30
707	#FFFFFF	#D3D3D3	120
708	#FFFFFF	#D3D3D3	120
709	#FFFFFF	#D3D3D3	120
710	#FFFFFF	#D3D3D3	30
711	#FFFFFF	#D3D3D3	30
712	#FFFFFF	#D3D3D3	30
713	#FFFFFF	#D3D3D3	30
714	#FFFFFF	#D3D3D3	30
715	#FFFFFF	#D3D3D3	26
716	#FFFFFF	#D3D3D3	26
717	#FFFFFF	#D3D3D3	26
718	#FFFFFF	#D3D3D3	26
719	#FFFFFF	#D3D3D3	207
720	#FFFFFF	#D3D3D3	298
721	#FFFFFF	#D3D3D3	30
722	#FFFFFF	#D3D3D3	298
723	#FFFFFF	#D3D3D3	298
724	#FFFFFF	#D3D3D3	298
725	#FFFFFF	#D3D3D3	298
726	#FFFFFF	#D3D3D3	298
727	#FFFFFF	#D3D3D3	298
728	#FFFFFF	#D3D3D3	298
729	#FFFFFF	#D3D3D3	298
730	#FFFFFF	#D3D3D3	236
731	#FFFFFF	#D3D3D3	236
732	#FFFFFF	#D3D3D3	30
733	#FFFFFF	#D3D3D3	236
734	#FFFFFF	#D3D3D3	236
735	#FFFFFF	#D3D3D3	236
736	#FFFFFF	#D3D3D3	286
737	#FFFFFF	#D3D3D3	286
738	#FFFFFF	#D3D3D3	10
739	#FFFFFF	#D3D3D3	286
740	#FFFFFF	#D3D3D3	10
741	#FFFFFF	#D3D3D3	10
742	#FFFFFF	#D3D3D3	10
743	#FFFFFF	#D3D3D3	120
744	#FFFFFF	#D3D3D3	10
745	#FFFFFF	#D3D3D3	10
746	#FFFFFF	#D3D3D3	17
747	#FFFFFF	#D3D3D3	17
748	#FFFFFF	#D3D3D3	17
749	#FFFFFF	#D3D3D3	17
750	#FFFFFF	#D3D3D3	17
751	#FFFFFF	#D3D3D3	17
752	#FFFFFF	#D3D3D3	17
753	#FFFFFF	#D3D3D3	120
754	#FFFFFF	#D3D3D3	30
755	#FFFFFF	#D3D3D3	30
756	#FFFFFF	#D3D3D3	120
757	#FFFFFF	#D3D3D3	120
759	#FFFFFF	#D3D3D3	120
760	#FFFFFF	#D3D3D3	120
761	#FFFFFF	#D3D3D3	120
762	#FFFFFF	#D3D3D3	120
763	#FFFFFF	#D3D3D3	30
764	#FFFFFF	#D3D3D3	30
765	#FFFFFF	#D3D3D3	26
766	#FFFFFF	#D3D3D3	26
767	#FFFFFF	#D3D3D3	26
768	#FFFFFF	#D3D3D3	26
769	#FFFFFF	#D3D3D3	26
770	#FFFFFF	#D3D3D3	207
771	#FFFFFF	#D3D3D3	30
772	#FFFFFF	#D3D3D3	298
773	#FFFFFF	#D3D3D3	298
774	#FFFFFF	#D3D3D3	298
775	#FFFFFF	#D3D3D3	298
776	#FFFFFF	#D3D3D3	298
777	#FFFFFF	#D3D3D3	298
778	#FFFFFF	#D3D3D3	298
779	#FFFFFF	#D3D3D3	298
780	#FFFFFF	#D3D3D3	298
781	#FFFFFF	#D3D3D3	236
782	#FFFFFF	#D3D3D3	30
783	#FFFFFF	#D3D3D3	236
784	#FFFFFF	#D3D3D3	236
785	#FFFFFF	#D3D3D3	236
786	#FFFFFF	#D3D3D3	10
787	#FFFFFF	#D3D3D3	286
788	#FFFFFF	#D3D3D3	10
789	#FFFFFF	#D3D3D3	10
790	#FFFFFF	#D3D3D3	286
791	#FFFFFF	#D3D3D3	10
792	#FFFFFF	#D3D3D3	10
793	#FFFFFF	#D3D3D3	30
794	#FFFFFF	#D3D3D3	10
795	#FFFFFF	#D3D3D3	10
796	#FFFFFF	#D3D3D3	10
797	#FFFFFF	#D3D3D3	17
798	#FFFFFF	#D3D3D3	17
799	#FFFFFF	#D3D3D3	17
800	#FFFFFF	#D3D3D3	17
801	#FFFFFF	#D3D3D3	17
802	#FFFFFF	#D3D3D3	17
804	#FFFFFF	#D3D3D3	120
805	#FFFFFF	#D3D3D3	120
806	#FFFFFF	#D3D3D3	30
807	#FFFFFF	#D3D3D3	120
808	#FFFFFF	#D3D3D3	120
809	#FFFFFF	#D3D3D3	120
810	#FFFFFF	#D3D3D3	120
811	#FFFFFF	#D3D3D3	120
812	#FFFFFF	#D3D3D3	120
813	#FFFFFF	#D3D3D3	30
814	#FFFFFF	#D3D3D3	30
815	#FFFFFF	#D3D3D3	26
816	#FFFFFF	#D3D3D3	26
817	#FFFFFF	#D3D3D3	26
818	#FFFFFF	#D3D3D3	30
819	#FFFFFF	#D3D3D3	26
820	#FFFFFF	#D3D3D3	26
821	#FFFFFF	#D3D3D3	207
822	#FFFFFF	#D3D3D3	30
823	#FFFFFF	#D3D3D3	298
824	#FFFFFF	#D3D3D3	298
825	#FFFFFF	#D3D3D3	207
826	#FFFFFF	#D3D3D3	207
827	#FFFFFF	#D3D3D3	298
828	#FFFFFF	#D3D3D3	298
829	#FFFFFF	#D3D3D3	298
830	#FFFFFF	#D3D3D3	298
831	#FFFFFF	#D3D3D3	298
832	#FFFFFF	#D3D3D3	236
833	#FFFFFF	#D3D3D3	30
834	#FFFFFF	#D3D3D3	236
835	#FFFFFF	#D3D3D3	236
836	#FFFFFF	#D3D3D3	236
837	#FFFFFF	#D3D3D3	10
838	#FFFFFF	#D3D3D3	286
839	#FFFFFF	#D3D3D3	10
840	#FFFFFF	#D3D3D3	286
841	#FFFFFF	#D3D3D3	10
842	#FFFFFF	#D3D3D3	10
843	#FFFFFF	#D3D3D3	10
844	#FFFFFF	#D3D3D3	30
845	#FFFFFF	#D3D3D3	10
846	#FFFFFF	#D3D3D3	10
847	#FFFFFF	#D3D3D3	10
848	#FFFFFF	#D3D3D3	17
849	#FFFFFF	#D3D3D3	17
850	#FFFFFF	#D3D3D3	17
851	#FFFFFF	#D3D3D3	17
852	#FFFFFF	#D3D3D3	17
853	#FFFFFF	#D3D3D3	17
854	#FFFFFF	#D3D3D3	30
855	#FFFFFF	#D3D3D3	30
856	#FFFFFF	#D3D3D3	120
857	#FFFFFF	#D3D3D3	120
858	#FFFFFF	#D3D3D3	120
860	#FFFFFF	#D3D3D3	120
861	#FFFFFF	#D3D3D3	120
862	#FFFFFF	#D3D3D3	120
863	#FFFFFF	#D3D3D3	120
864	#FFFFFF	#D3D3D3	30
865	#FFFFFF	#D3D3D3	30
866	#FFFFFF	#D3D3D3	30
867	#FFFFFF	#D3D3D3	30
868	#FFFFFF	#D3D3D3	30
869	#FFFFFF	#D3D3D3	30
870	#FFFFFF	#D3D3D3	26
871	#FFFFFF	#D3D3D3	26
872	#FFFFFF	#D3D3D3	120
873	#FFFFFF	#D3D3D3	207
874	#FFFFFF	#D3D3D3	207
875	#FFFFFF	#D3D3D3	207
876	#FFFFFF	#D3D3D3	207
877	#FFFFFF	#D3D3D3	207
878	#FFFFFF	#D3D3D3	298
879	#FFFFFF	#D3D3D3	298
880	#FFFFFF	#D3D3D3	298
881	#FFFFFF	#D3D3D3	298
882	#FFFFFF	#D3D3D3	298
883	#FFFFFF	#D3D3D3	30
884	#FFFFFF	#D3D3D3	236
885	#FFFFFF	#D3D3D3	236
886	#FFFFFF	#D3D3D3	236
887	#FFFFFF	#D3D3D3	236
888	#FFFFFF	#D3D3D3	10
889	#FFFFFF	#D3D3D3	10
890	#FFFFFF	#D3D3D3	10
891	#FFFFFF	#D3D3D3	10
892	#FFFFFF	#D3D3D3	10
893	#FFFFFF	#D3D3D3	10
894	#FFFFFF	#D3D3D3	30
895	#FFFFFF	#D3D3D3	10
896	#FFFFFF	#D3D3D3	10
897	#FFFFFF	#D3D3D3	10
898	#FFFFFF	#D3D3D3	10
899	#FFFFFF	#D3D3D3	17
900	#FFFFFF	#D3D3D3	17
901	#FFFFFF	#D3D3D3	17
902	#FFFFFF	#D3D3D3	17
903	#FFFFFF	#D3D3D3	17
905	#FFFFFF	#D3D3D3	30
906	#FFFFFF	#D3D3D3	30
907	#FFFFFF	#D3D3D3	120
908	#FFFFFF	#D3D3D3	120
909	#FFFFFF	#D3D3D3	120
910	#FFFFFF	#D3D3D3	120
911	#FFFFFF	#D3D3D3	120
912	#FFFFFF	#D3D3D3	120
913	#FFFFFF	#D3D3D3	120
914	#FFFFFF	#D3D3D3	120
915	#FFFFFF	#D3D3D3	30
916	#FFFFFF	#D3D3D3	30
917	#FFFFFF	#D3D3D3	30
918	#FFFFFF	#D3D3D3	30
919	#FFFFFF	#D3D3D3	30
920	#FFFFFF	#D3D3D3	30
921	#FFFFFF	#D3D3D3	26
922	#FFFFFF	#D3D3D3	26
923	#FFFFFF	#D3D3D3	120
924	#FFFFFF	#D3D3D3	207
925	#FFFFFF	#D3D3D3	207
926	#FFFFFF	#D3D3D3	298
927	#FFFFFF	#D3D3D3	298
928	#FFFFFF	#D3D3D3	207
929	#FFFFFF	#D3D3D3	298
930	#FFFFFF	#D3D3D3	298
931	#FFFFFF	#D3D3D3	298
932	#FFFFFF	#D3D3D3	298
933	#FFFFFF	#D3D3D3	298
934	#FFFFFF	#D3D3D3	30
935	#FFFFFF	#D3D3D3	236
936	#FFFFFF	#D3D3D3	236
937	#FFFFFF	#D3D3D3	236
938	#FFFFFF	#D3D3D3	236
939	#FFFFFF	#D3D3D3	10
940	#FFFFFF	#D3D3D3	10
941	#FFFFFF	#D3D3D3	10
942	#FFFFFF	#D3D3D3	10
943	#FFFFFF	#D3D3D3	10
944	#FFFFFF	#D3D3D3	10
945	#FFFFFF	#D3D3D3	30
946	#FFFFFF	#D3D3D3	10
947	#FFFFFF	#D3D3D3	10
948	#FFFFFF	#D3D3D3	10
949	#FFFFFF	#D3D3D3	10
950	#FFFFFF	#D3D3D3	10
951	#FFFFFF	#D3D3D3	10
952	#FFFFFF	#D3D3D3	17
953	#FFFFFF	#D3D3D3	17
954	#FFFFFF	#D3D3D3	17
955	#FFFFFF	#D3D3D3	30
956	#FFFFFF	#D3D3D3	30
957	#FFFFFF	#D3D3D3	120
958	#FFFFFF	#D3D3D3	120
959	#FFFFFF	#D3D3D3	120
961	#FFFFFF	#D3D3D3	120
962	#FFFFFF	#D3D3D3	120
963	#FFFFFF	#D3D3D3	120
964	#FFFFFF	#D3D3D3	30
965	#FFFFFF	#D3D3D3	120
966	#FFFFFF	#D3D3D3	30
967	#FFFFFF	#D3D3D3	30
968	#FFFFFF	#D3D3D3	30
969	#FFFFFF	#D3D3D3	30
970	#FFFFFF	#D3D3D3	30
971	#FFFFFF	#D3D3D3	30
972	#FFFFFF	#D3D3D3	26
973	#FFFFFF	#D3D3D3	120
974	#FFFFFF	#D3D3D3	30
975	#FFFFFF	#D3D3D3	207
976	#FFFFFF	#D3D3D3	207
977	#FFFFFF	#D3D3D3	298
978	#FFFFFF	#D3D3D3	298
979	#FFFFFF	#D3D3D3	298
980	#FFFFFF	#D3D3D3	298
981	#FFFFFF	#D3D3D3	298
982	#FFFFFF	#D3D3D3	298
983	#FFFFFF	#D3D3D3	298
984	#FFFFFF	#D3D3D3	120
985	#FFFFFF	#D3D3D3	298
986	#FFFFFF	#D3D3D3	236
987	#FFFFFF	#D3D3D3	236
988	#FFFFFF	#D3D3D3	236
989	#FFFFFF	#D3D3D3	236
990	#FFFFFF	#D3D3D3	236
991	#FFFFFF	#D3D3D3	10
992	#FFFFFF	#D3D3D3	10
993	#FFFFFF	#D3D3D3	10
994	#FFFFFF	#D3D3D3	10
995	#FFFFFF	#D3D3D3	120
996	#FFFFFF	#D3D3D3	10
997	#FFFFFF	#D3D3D3	10
998	#FFFFFF	#D3D3D3	10
999	#FFFFFF	#D3D3D3	10
1000	#FFFFFF	#D3D3D3	10
1001	#FFFFFF	#D3D3D3	10
1002	#FFFFFF	#D3D3D3	17
1003	#FFFFFF	#D3D3D3	17
1004	#FFFFFF	#D3D3D3	17
1006	#FFFFFF	#D3D3D3	30
1007	#FFFFFF	#D3D3D3	30
1008	#FFFFFF	#D3D3D3	120
1009	#FFFFFF	#D3D3D3	120
1010	#FFFFFF	#D3D3D3	120
1011	#FFFFFF	#D3D3D3	120
1012	#FFFFFF	#D3D3D3	120
1013	#FFFFFF	#D3D3D3	120
1014	#FFFFFF	#D3D3D3	120
1015	#FFFFFF	#D3D3D3	30
1016	#FFFFFF	#D3D3D3	30
1017	#FFFFFF	#D3D3D3	30
1018	#FFFFFF	#D3D3D3	30
1019	#FFFFFF	#D3D3D3	30
1020	#FFFFFF	#D3D3D3	30
1021	#FFFFFF	#D3D3D3	30
1022	#FFFFFF	#D3D3D3	30
1023	#FFFFFF	#D3D3D3	30
1024	#FFFFFF	#D3D3D3	120
1025	#FFFFFF	#D3D3D3	207
1026	#FFFFFF	#D3D3D3	207
1027	#FFFFFF	#D3D3D3	207
1028	#FFFFFF	#D3D3D3	298
1029	#FFFFFF	#D3D3D3	298
1030	#FFFFFF	#D3D3D3	298
1031	#FFFFFF	#D3D3D3	298
1032	#FFFFFF	#D3D3D3	298
1033	#FFFFFF	#D3D3D3	298
1034	#FFFFFF	#D3D3D3	298
1035	#FFFFFF	#D3D3D3	120
1036	#FFFFFF	#D3D3D3	298
1037	#FFFFFF	#D3D3D3	236
1038	#FFFFFF	#D3D3D3	236
1039	#FFFFFF	#D3D3D3	236
1040	#FFFFFF	#D3D3D3	236
1041	#FFFFFF	#D3D3D3	236
1042	#FFFFFF	#D3D3D3	10
1043	#FFFFFF	#D3D3D3	10
1044	#FFFFFF	#D3D3D3	10
1045	#FFFFFF	#D3D3D3	10
1046	#FFFFFF	#D3D3D3	30
1047	#FFFFFF	#D3D3D3	10
1048	#FFFFFF	#D3D3D3	10
1049	#FFFFFF	#D3D3D3	10
1050	#FFFFFF	#D3D3D3	10
1051	#FFFFFF	#D3D3D3	10
1052	#FFFFFF	#D3D3D3	17
1053	#FFFFFF	#D3D3D3	17
1054	#FFFFFF	#D3D3D3	17
1055	#FFFFFF	#D3D3D3	17
1056	#FFFFFF	#D3D3D3	30
1057	#FFFFFF	#D3D3D3	30
1058	#FFFFFF	#D3D3D3	120
1059	#FFFFFF	#D3D3D3	120
1060	#FFFFFF	#D3D3D3	120
1062	#FFFFFF	#D3D3D3	120
1063	#FFFFFF	#D3D3D3	120
1064	#FFFFFF	#D3D3D3	120
1065	#FFFFFF	#D3D3D3	30
1066	#FFFFFF	#D3D3D3	30
1067	#FFFFFF	#D3D3D3	30
1068	#FFFFFF	#D3D3D3	30
1069	#FFFFFF	#D3D3D3	30
1070	#FFFFFF	#D3D3D3	30
1071	#FFFFFF	#D3D3D3	30
1072	#FFFFFF	#D3D3D3	243
1073	#FFFFFF	#D3D3D3	30
1074	#FFFFFF	#D3D3D3	120
1075	#FFFFFF	#D3D3D3	207
1076	#FFFFFF	#D3D3D3	207
1077	#FFFFFF	#D3D3D3	207
1078	#FFFFFF	#D3D3D3	298
1079	#FFFFFF	#D3D3D3	298
1080	#FFFFFF	#D3D3D3	298
1081	#FFFFFF	#D3D3D3	298
1082	#FFFFFF	#D3D3D3	298
1083	#FFFFFF	#D3D3D3	298
1084	#FFFFFF	#D3D3D3	298
1085	#FFFFFF	#D3D3D3	120
1086	#FFFFFF	#D3D3D3	298
1087	#FFFFFF	#D3D3D3	298
1088	#FFFFFF	#D3D3D3	236
1089	#FFFFFF	#D3D3D3	236
1090	#FFFFFF	#D3D3D3	236
1091	#FFFFFF	#D3D3D3	236
1092	#FFFFFF	#D3D3D3	236
1093	#FFFFFF	#D3D3D3	10
1094	#FFFFFF	#D3D3D3	10
1095	#FFFFFF	#D3D3D3	10
1096	#FFFFFF	#D3D3D3	120
1097	#FFFFFF	#D3D3D3	10
1098	#FFFFFF	#D3D3D3	10
1099	#FFFFFF	#D3D3D3	10
1100	#FFFFFF	#D3D3D3	10
1101	#FFFFFF	#D3D3D3	10
1102	#FFFFFF	#D3D3D3	10
1103	#FFFFFF	#D3D3D3	17
1104	#FFFFFF	#D3D3D3	17
1105	#FFFFFF	#D3D3D3	17
1107	#FFFFFF	#D3D3D3	30
1108	#FFFFFF	#D3D3D3	120
1109	#FFFFFF	#D3D3D3	120
1110	#FFFFFF	#D3D3D3	120
1111	#FFFFFF	#D3D3D3	120
1112	#FFFFFF	#D3D3D3	120
1113	#FFFFFF	#D3D3D3	120
1114	#FFFFFF	#D3D3D3	120
1115	#FFFFFF	#D3D3D3	30
1116	#FFFFFF	#D3D3D3	30
1117	#FFFFFF	#D3D3D3	30
1118	#FFFFFF	#D3D3D3	243
1119	#FFFFFF	#D3D3D3	243
1120	#FFFFFF	#D3D3D3	243
1121	#FFFFFF	#D3D3D3	243
1122	#FFFFFF	#D3D3D3	243
1123	#FFFFFF	#D3D3D3	243
1124	#FFFFFF	#D3D3D3	30
1125	#FFFFFF	#D3D3D3	120
1126	#FFFFFF	#D3D3D3	30
1127	#FFFFFF	#D3D3D3	207
1128	#FFFFFF	#D3D3D3	207
1129	#FFFFFF	#D3D3D3	298
1130	#FFFFFF	#D3D3D3	298
1131	#FFFFFF	#D3D3D3	298
1132	#FFFFFF	#D3D3D3	298
1133	#FFFFFF	#D3D3D3	298
1134	#FFFFFF	#D3D3D3	298
1135	#FFFFFF	#D3D3D3	298
1136	#FFFFFF	#D3D3D3	120
1137	#FFFFFF	#D3D3D3	298
1138	#FFFFFF	#D3D3D3	298
1139	#FFFFFF	#D3D3D3	236
1140	#FFFFFF	#D3D3D3	236
1141	#FFFFFF	#D3D3D3	236
1142	#FFFFFF	#D3D3D3	236
1143	#FFFFFF	#D3D3D3	10
1144	#FFFFFF	#D3D3D3	10
1145	#FFFFFF	#D3D3D3	10
1146	#FFFFFF	#D3D3D3	10
1147	#FFFFFF	#D3D3D3	120
1148	#FFFFFF	#D3D3D3	10
1149	#FFFFFF	#D3D3D3	10
1150	#FFFFFF	#D3D3D3	10
1151	#FFFFFF	#D3D3D3	10
1152	#FFFFFF	#D3D3D3	10
1153	#FFFFFF	#D3D3D3	80
1154	#FFFFFF	#D3D3D3	17
1155	#FFFFFF	#D3D3D3	17
1156	#FFFFFF	#D3D3D3	17
1157	#FFFFFF	#D3D3D3	120
1158	#FFFFFF	#D3D3D3	120
1159	#FFFFFF	#D3D3D3	120
1160	#FFFFFF	#D3D3D3	120
1161	#FFFFFF	#D3D3D3	120
1163	#FFFFFF	#D3D3D3	26
1164	#FFFFFF	#D3D3D3	26
1165	#FFFFFF	#D3D3D3	298
1166	#FFFFFF	#D3D3D3	298
1167	#FFFFFF	#D3D3D3	298
1168	#FFFFFF	#D3D3D3	298
1169	#FFFFFF	#D3D3D3	298
1170	#FFFFFF	#D3D3D3	236
1171	#FFFFFF	#D3D3D3	298
1172	#FFFFFF	#D3D3D3	236
1173	#FFFFFF	#D3D3D3	236
1174	#FFFFFF	#D3D3D3	236
1175	#FFFFFF	#D3D3D3	298
1176	#FFFFFF	#D3D3D3	236
1177	#FFFFFF	#D3D3D3	236
1178	#FFFFFF	#D3D3D3	10
1179	#FFFFFF	#D3D3D3	10
1180	#FFFFFF	#D3D3D3	10
1181	#FFFFFF	#D3D3D3	10
1182	#FFFFFF	#D3D3D3	10
1183	#FFFFFF	#D3D3D3	10
1184	#FFFFFF	#D3D3D3	10
1185	#FFFFFF	#D3D3D3	10
1186	#FFFFFF	#D3D3D3	298
1187	#FFFFFF	#D3D3D3	10
1188	#FFFFFF	#D3D3D3	10
1189	#FFFFFF	#D3D3D3	17
1190	#FFFFFF	#D3D3D3	17
1191	#FFFFFF	#D3D3D3	17
1192	#FFFFFF	#D3D3D3	17
1193	#FFFFFF	#D3D3D3	17
1194	#FFFFFF	#D3D3D3	17
1195	#FFFFFF	#D3D3D3	17
1196	#FFFFFF	#D3D3D3	17
1197	#FFFFFF	#D3D3D3	298
1198	#FFFFFF	#D3D3D3	17
1199	#FFFFFF	#D3D3D3	17
1200	#FFFFFF	#D3D3D3	17
1201	#FFFFFF	#D3D3D3	10
1202	#FFFFFF	#D3D3D3	10
1203	#FFFFFF	#D3D3D3	10
1204	#FFFFFF	#D3D3D3	10
1205	#FFFFFF	#D3D3D3	10
1206	#FFFFFF	#D3D3D3	10
1208	#FFFFFF	#D3D3D3	298
1209	#FFFFFF	#D3D3D3	298
1210	#FFFFFF	#D3D3D3	298
1211	#FFFFFF	#D3D3D3	298
1212	#FFFFFF	#D3D3D3	298
1213	#FFFFFF	#D3D3D3	26
1214	#FFFFFF	#D3D3D3	26
1215	#FFFFFF	#D3D3D3	26
1216	#FFFFFF	#D3D3D3	298
1217	#FFFFFF	#D3D3D3	298
1218	#FFFFFF	#D3D3D3	298
1219	#FFFFFF	#D3D3D3	298
1220	#FFFFFF	#D3D3D3	298
1221	#FFFFFF	#D3D3D3	236
1222	#FFFFFF	#D3D3D3	298
1223	#FFFFFF	#D3D3D3	236
1224	#FFFFFF	#D3D3D3	236
1225	#FFFFFF	#D3D3D3	236
1226	#FFFFFF	#D3D3D3	26
1227	#FFFFFF	#D3D3D3	236
1228	#FFFFFF	#D3D3D3	10
1229	#FFFFFF	#D3D3D3	10
1230	#FFFFFF	#D3D3D3	10
1231	#FFFFFF	#D3D3D3	10
1232	#FFFFFF	#D3D3D3	10
1233	#FFFFFF	#D3D3D3	10
1234	#FFFFFF	#D3D3D3	10
1235	#FFFFFF	#D3D3D3	10
1236	#FFFFFF	#D3D3D3	10
1237	#FFFFFF	#D3D3D3	26
1238	#FFFFFF	#D3D3D3	10
1239	#FFFFFF	#D3D3D3	10
1240	#FFFFFF	#D3D3D3	17
1241	#FFFFFF	#D3D3D3	17
1242	#FFFFFF	#D3D3D3	17
1243	#FFFFFF	#D3D3D3	17
1244	#FFFFFF	#D3D3D3	17
1245	#FFFFFF	#D3D3D3	17
1246	#FFFFFF	#D3D3D3	17
1247	#FFFFFF	#D3D3D3	17
1248	#FFFFFF	#D3D3D3	298
1249	#FFFFFF	#D3D3D3	17
1250	#FFFFFF	#D3D3D3	17
1251	#FFFFFF	#D3D3D3	17
1252	#FFFFFF	#D3D3D3	10
1253	#FFFFFF	#D3D3D3	10
1254	#FFFFFF	#D3D3D3	10
1255	#FFFFFF	#D3D3D3	10
1256	#FFFFFF	#D3D3D3	10
1257	#FFFFFF	#D3D3D3	10
1258	#FFFFFF	#D3D3D3	298
1259	#FFFFFF	#D3D3D3	298
1260	#FFFFFF	#D3D3D3	298
1261	#FFFFFF	#D3D3D3	298
1262	#FFFFFF	#D3D3D3	298
1264	#FFFFFF	#D3D3D3	120
1265	#FFFFFF	#D3D3D3	120
1266	#FFFFFF	#D3D3D3	30
1267	#FFFFFF	#D3D3D3	30
1268	#FFFFFF	#D3D3D3	30
1269	#FFFFFF	#D3D3D3	243
1270	#FFFFFF	#D3D3D3	243
1271	#FFFFFF	#D3D3D3	243
1272	#FFFFFF	#D3D3D3	243
1273	#FFFFFF	#D3D3D3	243
1274	#FFFFFF	#D3D3D3	30
1275	#FFFFFF	#D3D3D3	30
1276	#FFFFFF	#D3D3D3	120
1277	#FFFFFF	#D3D3D3	30
1278	#FFFFFF	#D3D3D3	30
1279	#FFFFFF	#D3D3D3	207
1280	#FFFFFF	#D3D3D3	207
1281	#FFFFFF	#D3D3D3	298
1282	#FFFFFF	#D3D3D3	298
1283	#FFFFFF	#D3D3D3	298
1284	#FFFFFF	#D3D3D3	298
1285	#FFFFFF	#D3D3D3	298
1286	#FFFFFF	#D3D3D3	298
1287	#FFFFFF	#D3D3D3	120
1288	#FFFFFF	#D3D3D3	298
1289	#FFFFFF	#D3D3D3	298
1290	#FFFFFF	#D3D3D3	298
1291	#FFFFFF	#D3D3D3	236
1292	#FFFFFF	#D3D3D3	236
1293	#FFFFFF	#D3D3D3	236
1294	#FFFFFF	#D3D3D3	236
1295	#FFFFFF	#D3D3D3	236
1296	#FFFFFF	#D3D3D3	10
1297	#FFFFFF	#D3D3D3	10
1298	#FFFFFF	#D3D3D3	120
1299	#FFFFFF	#D3D3D3	10
1300	#FFFFFF	#D3D3D3	10
1301	#FFFFFF	#D3D3D3	10
1302	#FFFFFF	#D3D3D3	10
1303	#FFFFFF	#D3D3D3	10
1304	#FFFFFF	#D3D3D3	80
1305	#FFFFFF	#D3D3D3	80
1306	#FFFFFF	#D3D3D3	17
1307	#FFFFFF	#D3D3D3	10
1309	#FFFFFF	#D3D3D3	120
1310	#FFFFFF	#D3D3D3	120
1311	#FFFFFF	#D3D3D3	30
1312	#FFFFFF	#D3D3D3	120
1313	#FFFFFF	#D3D3D3	120
1314	#FFFFFF	#D3D3D3	120
1315	#FFFFFF	#D3D3D3	120
1316	#FFFFFF	#D3D3D3	120
1317	#FFFFFF	#D3D3D3	30
1318	#FFFFFF	#D3D3D3	30
1319	#FFFFFF	#D3D3D3	243
1320	#FFFFFF	#D3D3D3	243
1321	#FFFFFF	#D3D3D3	243
1322	#FFFFFF	#D3D3D3	243
1323	#FFFFFF	#D3D3D3	243
1324	#FFFFFF	#D3D3D3	243
1325	#FFFFFF	#D3D3D3	30
1326	#FFFFFF	#D3D3D3	30
1327	#FFFFFF	#D3D3D3	120
1328	#FFFFFF	#D3D3D3	30
1329	#FFFFFF	#D3D3D3	30
1330	#FFFFFF	#D3D3D3	207
1331	#FFFFFF	#D3D3D3	207
1332	#FFFFFF	#D3D3D3	298
1333	#FFFFFF	#D3D3D3	298
1334	#FFFFFF	#D3D3D3	298
1335	#FFFFFF	#D3D3D3	298
1336	#FFFFFF	#D3D3D3	298
1337	#FFFFFF	#D3D3D3	298
1338	#FFFFFF	#D3D3D3	120
1339	#FFFFFF	#D3D3D3	298
1340	#FFFFFF	#D3D3D3	298
1341	#FFFFFF	#D3D3D3	298
1342	#FFFFFF	#D3D3D3	236
1343	#FFFFFF	#D3D3D3	236
1344	#FFFFFF	#D3D3D3	236
1345	#FFFFFF	#D3D3D3	236
1346	#FFFFFF	#D3D3D3	236
1347	#FFFFFF	#D3D3D3	10
1348	#FFFFFF	#D3D3D3	10
1349	#FFFFFF	#D3D3D3	120
1350	#FFFFFF	#D3D3D3	10
1351	#FFFFFF	#D3D3D3	10
1352	#FFFFFF	#D3D3D3	10
1353	#FFFFFF	#D3D3D3	10
1354	#FFFFFF	#D3D3D3	10
1355	#FFFFFF	#D3D3D3	80
1356	#FFFFFF	#D3D3D3	80
1357	#FFFFFF	#D3D3D3	17
1358	#FFFFFF	#D3D3D3	10
1359	#FFFFFF	#D3D3D3	120
1360	#FFFFFF	#D3D3D3	30
1361	#FFFFFF	#D3D3D3	30
1362	#FFFFFF	#D3D3D3	30
1363	#FFFFFF	#D3D3D3	30
1365	#FFFFFF	#D3D3D3	120
1366	#FFFFFF	#D3D3D3	120
1367	#FFFFFF	#D3D3D3	30
1368	#FFFFFF	#D3D3D3	30
1369	#FFFFFF	#D3D3D3	243
1370	#FFFFFF	#D3D3D3	243
1371	#FFFFFF	#D3D3D3	243
1372	#FFFFFF	#D3D3D3	243
1373	#FFFFFF	#D3D3D3	243
1374	#FFFFFF	#D3D3D3	30
1375	#FFFFFF	#D3D3D3	30
1376	#FFFFFF	#D3D3D3	30
1377	#FFFFFF	#D3D3D3	120
1378	#FFFFFF	#D3D3D3	243
1379	#FFFFFF	#D3D3D3	243
1380	#FFFFFF	#D3D3D3	30
1381	#FFFFFF	#D3D3D3	30
1382	#FFFFFF	#D3D3D3	207
1383	#FFFFFF	#D3D3D3	298
1384	#FFFFFF	#D3D3D3	298
1385	#FFFFFF	#D3D3D3	298
1386	#FFFFFF	#D3D3D3	298
1387	#FFFFFF	#D3D3D3	298
1388	#FFFFFF	#D3D3D3	120
1389	#FFFFFF	#D3D3D3	298
1390	#FFFFFF	#D3D3D3	298
1391	#FFFFFF	#D3D3D3	298
1392	#FFFFFF	#D3D3D3	298
1393	#FFFFFF	#D3D3D3	236
1394	#FFFFFF	#D3D3D3	236
1395	#FFFFFF	#D3D3D3	236
1396	#FFFFFF	#D3D3D3	236
1397	#FFFFFF	#D3D3D3	236
1398	#FFFFFF	#D3D3D3	10
1399	#FFFFFF	#D3D3D3	120
1400	#FFFFFF	#D3D3D3	10
1401	#FFFFFF	#D3D3D3	10
1402	#FFFFFF	#D3D3D3	10
1403	#FFFFFF	#D3D3D3	10
1404	#FFFFFF	#D3D3D3	10
1405	#FFFFFF	#D3D3D3	80
1406	#FFFFFF	#D3D3D3	80
1407	#FFFFFF	#D3D3D3	80
1408	#FFFFFF	#D3D3D3	10
1410	#FFFFFF	#D3D3D3	120
1411	#FFFFFF	#D3D3D3	120
1412	#FFFFFF	#D3D3D3	30
1413	#FFFFFF	#D3D3D3	30
1414	#FFFFFF	#D3D3D3	30
1415	#FFFFFF	#D3D3D3	120
1416	#FFFFFF	#D3D3D3	120
1417	#FFFFFF	#D3D3D3	120
1418	#FFFFFF	#D3D3D3	243
1419	#FFFFFF	#D3D3D3	243
1420	#FFFFFF	#D3D3D3	243
1421	#FFFFFF	#D3D3D3	243
1422	#FFFFFF	#D3D3D3	243
1423	#FFFFFF	#D3D3D3	243
1424	#FFFFFF	#D3D3D3	30
1425	#FFFFFF	#D3D3D3	30
1426	#FFFFFF	#D3D3D3	30
1427	#FFFFFF	#D3D3D3	30
1428	#FFFFFF	#D3D3D3	120
1429	#FFFFFF	#D3D3D3	243
1430	#FFFFFF	#D3D3D3	30
1431	#FFFFFF	#D3D3D3	30
1432	#FFFFFF	#D3D3D3	30
1433	#FFFFFF	#D3D3D3	207
1434	#FFFFFF	#D3D3D3	298
1435	#FFFFFF	#D3D3D3	298
1436	#FFFFFF	#D3D3D3	298
1437	#FFFFFF	#D3D3D3	298
1438	#FFFFFF	#D3D3D3	298
1439	#FFFFFF	#D3D3D3	120
1440	#FFFFFF	#D3D3D3	298
1441	#FFFFFF	#D3D3D3	298
1442	#FFFFFF	#D3D3D3	298
1443	#FFFFFF	#D3D3D3	298
1444	#FFFFFF	#D3D3D3	236
1445	#FFFFFF	#D3D3D3	236
1446	#FFFFFF	#D3D3D3	236
1447	#FFFFFF	#D3D3D3	236
1448	#FFFFFF	#D3D3D3	236
1449	#FFFFFF	#D3D3D3	10
1450	#FFFFFF	#D3D3D3	120
1451	#FFFFFF	#D3D3D3	10
1452	#FFFFFF	#D3D3D3	10
1453	#FFFFFF	#D3D3D3	10
1454	#FFFFFF	#D3D3D3	10
1455	#FFFFFF	#D3D3D3	10
1456	#FFFFFF	#D3D3D3	80
1457	#FFFFFF	#D3D3D3	80
1458	#FFFFFF	#D3D3D3	80
1459	#FFFFFF	#D3D3D3	80
1460	#FFFFFF	#D3D3D3	120
1461	#FFFFFF	#D3D3D3	120
1462	#FFFFFF	#D3D3D3	30
1463	#FFFFFF	#D3D3D3	30
1464	#FFFFFF	#D3D3D3	30
1466	#FFFFFF	#D3D3D3	120
1467	#FFFFFF	#D3D3D3	120
1468	#FFFFFF	#D3D3D3	30
1469	#FFFFFF	#D3D3D3	243
1470	#FFFFFF	#D3D3D3	243
1471	#FFFFFF	#D3D3D3	243
1472	#FFFFFF	#D3D3D3	243
1473	#FFFFFF	#D3D3D3	243
1474	#FFFFFF	#D3D3D3	243
1475	#FFFFFF	#D3D3D3	30
1476	#FFFFFF	#D3D3D3	30
1477	#FFFFFF	#D3D3D3	30
1478	#FFFFFF	#D3D3D3	120
1479	#FFFFFF	#D3D3D3	30
1480	#FFFFFF	#D3D3D3	243
1481	#FFFFFF	#D3D3D3	243
1482	#FFFFFF	#D3D3D3	30
1483	#FFFFFF	#D3D3D3	30
1484	#FFFFFF	#D3D3D3	207
1485	#FFFFFF	#D3D3D3	298
1486	#FFFFFF	#D3D3D3	298
1487	#FFFFFF	#D3D3D3	298
1488	#FFFFFF	#D3D3D3	298
1489	#FFFFFF	#D3D3D3	120
1490	#FFFFFF	#D3D3D3	298
1491	#FFFFFF	#D3D3D3	298
1492	#FFFFFF	#D3D3D3	298
1493	#FFFFFF	#D3D3D3	298
1494	#FFFFFF	#D3D3D3	298
1495	#FFFFFF	#D3D3D3	236
1496	#FFFFFF	#D3D3D3	236
1497	#FFFFFF	#D3D3D3	236
1498	#FFFFFF	#D3D3D3	236
1499	#FFFFFF	#D3D3D3	236
1500	#FFFFFF	#D3D3D3	120
1501	#FFFFFF	#D3D3D3	236
1502	#FFFFFF	#D3D3D3	236
1503	#FFFFFF	#D3D3D3	10
1504	#FFFFFF	#D3D3D3	10
1505	#FFFFFF	#D3D3D3	10
1506	#FFFFFF	#D3D3D3	10
1507	#FFFFFF	#D3D3D3	80
1508	#FFFFFF	#D3D3D3	80
1509	#FFFFFF	#D3D3D3	80
1511	#FFFFFF	#D3D3D3	120
1512	#FFFFFF	#D3D3D3	120
1513	#FFFFFF	#D3D3D3	120
1514	#FFFFFF	#D3D3D3	30
1515	#FFFFFF	#D3D3D3	30
1516	#FFFFFF	#D3D3D3	120
1517	#FFFFFF	#D3D3D3	120
1518	#FFFFFF	#D3D3D3	120
1519	#FFFFFF	#D3D3D3	30
1520	#FFFFFF	#D3D3D3	243
1521	#FFFFFF	#D3D3D3	243
1522	#FFFFFF	#D3D3D3	243
1523	#FFFFFF	#D3D3D3	243
1524	#FFFFFF	#D3D3D3	243
1525	#FFFFFF	#D3D3D3	243
1526	#FFFFFF	#D3D3D3	30
1527	#FFFFFF	#D3D3D3	30
1528	#FFFFFF	#D3D3D3	30
1529	#FFFFFF	#D3D3D3	120
1530	#FFFFFF	#D3D3D3	30
1531	#FFFFFF	#D3D3D3	243
1532	#FFFFFF	#D3D3D3	243
1533	#FFFFFF	#D3D3D3	30
1534	#FFFFFF	#D3D3D3	207
1535	#FFFFFF	#D3D3D3	207
1536	#FFFFFF	#D3D3D3	298
1537	#FFFFFF	#D3D3D3	298
1538	#FFFFFF	#D3D3D3	298
1539	#FFFFFF	#D3D3D3	298
1540	#FFFFFF	#D3D3D3	120
1541	#FFFFFF	#D3D3D3	298
1542	#FFFFFF	#D3D3D3	298
1543	#FFFFFF	#D3D3D3	298
1544	#FFFFFF	#D3D3D3	298
1545	#FFFFFF	#D3D3D3	298
1546	#FFFFFF	#D3D3D3	236
1547	#FFFFFF	#D3D3D3	236
1548	#FFFFFF	#D3D3D3	236
1549	#FFFFFF	#D3D3D3	236
1550	#FFFFFF	#D3D3D3	236
1551	#FFFFFF	#D3D3D3	120
1552	#FFFFFF	#D3D3D3	236
1553	#FFFFFF	#D3D3D3	10
1554	#FFFFFF	#D3D3D3	10
1555	#FFFFFF	#D3D3D3	10
1556	#FFFFFF	#D3D3D3	10
1557	#FFFFFF	#D3D3D3	10
1558	#FFFFFF	#D3D3D3	80
1559	#FFFFFF	#D3D3D3	80
1560	#FFFFFF	#D3D3D3	80
1561	#FFFFFF	#D3D3D3	120
1562	#FFFFFF	#D3D3D3	120
1563	#FFFFFF	#D3D3D3	30
1564	#FFFFFF	#D3D3D3	30
1565	#FFFFFF	#D3D3D3	30
1567	#FFFFFF	#D3D3D3	120
1568	#FFFFFF	#D3D3D3	120
1569	#FFFFFF	#D3D3D3	30
1570	#FFFFFF	#D3D3D3	243
1571	#FFFFFF	#D3D3D3	243
1572	#FFFFFF	#D3D3D3	243
1573	#FFFFFF	#D3D3D3	243
1574	#FFFFFF	#D3D3D3	243
1575	#FFFFFF	#D3D3D3	243
1576	#FFFFFF	#D3D3D3	30
1577	#FFFFFF	#D3D3D3	30
1578	#FFFFFF	#D3D3D3	30
1579	#FFFFFF	#D3D3D3	120
1580	#FFFFFF	#D3D3D3	30
1581	#FFFFFF	#D3D3D3	30
1582	#FFFFFF	#D3D3D3	243
1583	#FFFFFF	#D3D3D3	243
1584	#FFFFFF	#D3D3D3	30
1585	#FFFFFF	#D3D3D3	207
1586	#FFFFFF	#D3D3D3	207
1587	#FFFFFF	#D3D3D3	298
1588	#FFFFFF	#D3D3D3	298
1589	#FFFFFF	#D3D3D3	298
1590	#FFFFFF	#D3D3D3	120
1591	#FFFFFF	#D3D3D3	298
1592	#FFFFFF	#D3D3D3	298
1593	#FFFFFF	#D3D3D3	298
1594	#FFFFFF	#D3D3D3	298
1595	#FFFFFF	#D3D3D3	298
1596	#FFFFFF	#D3D3D3	298
1597	#FFFFFF	#D3D3D3	236
1598	#FFFFFF	#D3D3D3	236
1599	#FFFFFF	#D3D3D3	236
1600	#FFFFFF	#D3D3D3	236
1601	#FFFFFF	#D3D3D3	120
1602	#FFFFFF	#D3D3D3	236
1603	#FFFFFF	#D3D3D3	236
1604	#FFFFFF	#D3D3D3	10
1605	#FFFFFF	#D3D3D3	10
1606	#FFFFFF	#D3D3D3	10
1607	#FFFFFF	#D3D3D3	10
1608	#FFFFFF	#D3D3D3	80
1609	#FFFFFF	#D3D3D3	80
1610	#FFFFFF	#D3D3D3	80
1612	#FFFFFF	#D3D3D3	120
1613	#FFFFFF	#D3D3D3	120
1614	#FFFFFF	#D3D3D3	120
1615	#FFFFFF	#D3D3D3	30
1616	#FFFFFF	#D3D3D3	30
1617	#FFFFFF	#D3D3D3	120
1618	#FFFFFF	#D3D3D3	120
1619	#FFFFFF	#D3D3D3	120
1620	#FFFFFF	#D3D3D3	30
1621	#FFFFFF	#D3D3D3	243
1622	#FFFFFF	#D3D3D3	243
1623	#FFFFFF	#D3D3D3	243
1624	#FFFFFF	#D3D3D3	243
1625	#FFFFFF	#D3D3D3	243
1626	#FFFFFF	#D3D3D3	30
1627	#FFFFFF	#D3D3D3	243
1628	#FFFFFF	#D3D3D3	243
1629	#FFFFFF	#D3D3D3	30
1630	#FFFFFF	#D3D3D3	120
1631	#FFFFFF	#D3D3D3	243
1632	#FFFFFF	#D3D3D3	30
1633	#FFFFFF	#D3D3D3	243
1634	#FFFFFF	#D3D3D3	30
1635	#FFFFFF	#D3D3D3	30
1636	#FFFFFF	#D3D3D3	207
1637	#FFFFFF	#D3D3D3	207
1638	#FFFFFF	#D3D3D3	298
1639	#FFFFFF	#D3D3D3	298
1640	#FFFFFF	#D3D3D3	298
1641	#FFFFFF	#D3D3D3	120
1642	#FFFFFF	#D3D3D3	298
1643	#FFFFFF	#D3D3D3	298
1644	#FFFFFF	#D3D3D3	298
1645	#FFFFFF	#D3D3D3	298
1646	#FFFFFF	#D3D3D3	298
1647	#FFFFFF	#D3D3D3	298
1648	#FFFFFF	#D3D3D3	236
1649	#FFFFFF	#D3D3D3	236
1650	#FFFFFF	#D3D3D3	236
1651	#FFFFFF	#D3D3D3	236
1652	#FFFFFF	#D3D3D3	120
1653	#FFFFFF	#D3D3D3	236
1654	#FFFFFF	#D3D3D3	10
1655	#FFFFFF	#D3D3D3	10
1656	#FFFFFF	#D3D3D3	10
1657	#FFFFFF	#D3D3D3	10
1658	#FFFFFF	#D3D3D3	80
1659	#FFFFFF	#D3D3D3	80
1660	#FFFFFF	#D3D3D3	80
1661	#FFFFFF	#D3D3D3	80
1662	#FFFFFF	#D3D3D3	30
1663	#FFFFFF	#D3D3D3	30
1664	#FFFFFF	#D3D3D3	30
1665	#FFFFFF	#D3D3D3	30
1666	#FFFFFF	#D3D3D3	30
1668	#FFFFFF	#D3D3D3	120
1669	#FFFFFF	#D3D3D3	120
1670	#FFFFFF	#D3D3D3	30
1671	#FFFFFF	#D3D3D3	30
1672	#FFFFFF	#D3D3D3	243
1673	#FFFFFF	#D3D3D3	243
1674	#FFFFFF	#D3D3D3	243
1675	#FFFFFF	#D3D3D3	243
1676	#FFFFFF	#D3D3D3	243
1677	#FFFFFF	#D3D3D3	243
1678	#FFFFFF	#D3D3D3	243
1679	#FFFFFF	#D3D3D3	243
1680	#FFFFFF	#D3D3D3	120
1681	#FFFFFF	#D3D3D3	243
1682	#FFFFFF	#D3D3D3	243
1683	#FFFFFF	#D3D3D3	30
1684	#FFFFFF	#D3D3D3	243
1685	#FFFFFF	#D3D3D3	243
1686	#FFFFFF	#D3D3D3	30
1687	#FFFFFF	#D3D3D3	207
1688	#FFFFFF	#D3D3D3	207
1689	#FFFFFF	#D3D3D3	298
1690	#FFFFFF	#D3D3D3	298
1691	#FFFFFF	#D3D3D3	120
1692	#FFFFFF	#D3D3D3	298
1693	#FFFFFF	#D3D3D3	298
1694	#FFFFFF	#D3D3D3	298
1695	#FFFFFF	#D3D3D3	298
1696	#FFFFFF	#D3D3D3	298
1697	#FFFFFF	#D3D3D3	298
1698	#FFFFFF	#D3D3D3	298
1699	#FFFFFF	#D3D3D3	236
1700	#FFFFFF	#D3D3D3	236
1701	#FFFFFF	#D3D3D3	236
1702	#FFFFFF	#D3D3D3	120
1703	#FFFFFF	#D3D3D3	236
1704	#FFFFFF	#D3D3D3	236
1705	#FFFFFF	#D3D3D3	10
1706	#FFFFFF	#D3D3D3	10
1707	#FFFFFF	#D3D3D3	80
1708	#FFFFFF	#D3D3D3	80
1709	#FFFFFF	#D3D3D3	236
1710	#FFFFFF	#D3D3D3	80
1711	#FFFFFF	#D3D3D3	80
1713	#FFFFFF	#D3D3D3	30
1714	#FFFFFF	#D3D3D3	30
1715	#FFFFFF	#D3D3D3	30
1716	#FFFFFF	#D3D3D3	30
1717	#FFFFFF	#D3D3D3	30
1718	#FFFFFF	#D3D3D3	120
1719	#FFFFFF	#D3D3D3	120
1720	#FFFFFF	#D3D3D3	120
1721	#FFFFFF	#D3D3D3	30
1722	#FFFFFF	#D3D3D3	30
1723	#FFFFFF	#D3D3D3	243
1724	#FFFFFF	#D3D3D3	243
1725	#FFFFFF	#D3D3D3	243
1726	#FFFFFF	#D3D3D3	243
1727	#FFFFFF	#D3D3D3	243
1728	#FFFFFF	#D3D3D3	243
1729	#FFFFFF	#D3D3D3	38
1730	#FFFFFF	#D3D3D3	243
1731	#FFFFFF	#D3D3D3	120
1732	#FFFFFF	#D3D3D3	243
1733	#FFFFFF	#D3D3D3	30
1734	#FFFFFF	#D3D3D3	30
1735	#FFFFFF	#D3D3D3	243
1736	#FFFFFF	#D3D3D3	243
1737	#FFFFFF	#D3D3D3	30
1738	#FFFFFF	#D3D3D3	207
1739	#FFFFFF	#D3D3D3	207
1740	#FFFFFF	#D3D3D3	298
1741	#FFFFFF	#D3D3D3	298
1742	#FFFFFF	#D3D3D3	120
1743	#FFFFFF	#D3D3D3	298
1744	#FFFFFF	#D3D3D3	298
1745	#FFFFFF	#D3D3D3	298
1746	#FFFFFF	#D3D3D3	298
1747	#FFFFFF	#D3D3D3	298
1748	#FFFFFF	#D3D3D3	298
1749	#FFFFFF	#D3D3D3	298
1750	#FFFFFF	#D3D3D3	236
1751	#FFFFFF	#D3D3D3	236
1752	#FFFFFF	#D3D3D3	236
1753	#FFFFFF	#D3D3D3	120
1754	#FFFFFF	#D3D3D3	236
1755	#FFFFFF	#D3D3D3	236
1756	#FFFFFF	#D3D3D3	10
1757	#FFFFFF	#D3D3D3	10
1758	#FFFFFF	#D3D3D3	80
1759	#FFFFFF	#D3D3D3	236
1760	#FFFFFF	#D3D3D3	236
1761	#FFFFFF	#D3D3D3	80
1762	#FFFFFF	#D3D3D3	30
1763	#FFFFFF	#D3D3D3	30
1764	#FFFFFF	#D3D3D3	30
1765	#FFFFFF	#D3D3D3	30
1766	#FFFFFF	#D3D3D3	243
1767	#FFFFFF	#D3D3D3	243
1769	#FFFFFF	#D3D3D3	120
1770	#FFFFFF	#D3D3D3	120
1771	#FFFFFF	#D3D3D3	243
1772	#FFFFFF	#D3D3D3	30
1773	#FFFFFF	#D3D3D3	30
1774	#FFFFFF	#D3D3D3	243
1775	#FFFFFF	#D3D3D3	243
1776	#FFFFFF	#D3D3D3	243
1777	#FFFFFF	#D3D3D3	38
1778	#FFFFFF	#D3D3D3	38
1779	#FFFFFF	#D3D3D3	38
1780	#FFFFFF	#D3D3D3	38
1781	#FFFFFF	#D3D3D3	120
1782	#FFFFFF	#D3D3D3	38
1783	#FFFFFF	#D3D3D3	243
1784	#FFFFFF	#D3D3D3	243
1785	#FFFFFF	#D3D3D3	30
1786	#FFFFFF	#D3D3D3	243
1787	#FFFFFF	#D3D3D3	243
1788	#FFFFFF	#D3D3D3	30
1789	#FFFFFF	#D3D3D3	207
1790	#FFFFFF	#D3D3D3	207
1791	#FFFFFF	#D3D3D3	298
1792	#FFFFFF	#D3D3D3	120
1793	#FFFFFF	#D3D3D3	298
1794	#FFFFFF	#D3D3D3	298
1795	#FFFFFF	#D3D3D3	298
1796	#FFFFFF	#D3D3D3	298
1797	#FFFFFF	#D3D3D3	298
1798	#FFFFFF	#D3D3D3	298
1799	#FFFFFF	#D3D3D3	298
1800	#FFFFFF	#D3D3D3	236
1801	#FFFFFF	#D3D3D3	236
1802	#FFFFFF	#D3D3D3	236
1803	#FFFFFF	#D3D3D3	30
1804	#FFFFFF	#D3D3D3	236
1805	#FFFFFF	#D3D3D3	236
1806	#FFFFFF	#D3D3D3	236
1807	#FFFFFF	#D3D3D3	10
1808	#FFFFFF	#D3D3D3	80
1809	#FFFFFF	#D3D3D3	236
1810	#FFFFFF	#D3D3D3	236
1811	#FFFFFF	#D3D3D3	80
1812	#FFFFFF	#D3D3D3	30
1814	#FFFFFF	#D3D3D3	30
1815	#FFFFFF	#D3D3D3	30
1816	#FFFFFF	#D3D3D3	30
1817	#FFFFFF	#D3D3D3	243
1818	#FFFFFF	#D3D3D3	243
1819	#FFFFFF	#D3D3D3	30
1820	#FFFFFF	#D3D3D3	120
1821	#FFFFFF	#D3D3D3	120
1822	#FFFFFF	#D3D3D3	243
1823	#FFFFFF	#D3D3D3	30
1824	#FFFFFF	#D3D3D3	243
1825	#FFFFFF	#D3D3D3	243
1826	#FFFFFF	#D3D3D3	243
1827	#FFFFFF	#D3D3D3	243
1828	#FFFFFF	#D3D3D3	38
1829	#FFFFFF	#D3D3D3	38
1830	#FFFFFF	#D3D3D3	38
1831	#FFFFFF	#D3D3D3	38
1832	#FFFFFF	#D3D3D3	120
1833	#FFFFFF	#D3D3D3	38
1834	#FFFFFF	#D3D3D3	243
1835	#FFFFFF	#D3D3D3	243
1836	#FFFFFF	#D3D3D3	30
1837	#FFFFFF	#D3D3D3	243
1838	#FFFFFF	#D3D3D3	243
1839	#FFFFFF	#D3D3D3	30
1840	#FFFFFF	#D3D3D3	30
1841	#FFFFFF	#D3D3D3	207
1842	#FFFFFF	#D3D3D3	298
1843	#FFFFFF	#D3D3D3	120
1844	#FFFFFF	#D3D3D3	298
1845	#FFFFFF	#D3D3D3	298
1846	#FFFFFF	#D3D3D3	298
1847	#FFFFFF	#D3D3D3	298
1848	#FFFFFF	#D3D3D3	298
1849	#FFFFFF	#D3D3D3	298
1850	#FFFFFF	#D3D3D3	298
1851	#FFFFFF	#D3D3D3	236
1852	#FFFFFF	#D3D3D3	236
1853	#FFFFFF	#D3D3D3	236
1854	#FFFFFF	#D3D3D3	30
1855	#FFFFFF	#D3D3D3	236
1856	#FFFFFF	#D3D3D3	236
1857	#FFFFFF	#D3D3D3	236
1858	#FFFFFF	#D3D3D3	80
1859	#FFFFFF	#D3D3D3	236
1860	#FFFFFF	#D3D3D3	236
1861	#FFFFFF	#D3D3D3	236
1862	#FFFFFF	#D3D3D3	80
1863	#FFFFFF	#D3D3D3	30
1864	#FFFFFF	#D3D3D3	30
1865	#FFFFFF	#D3D3D3	30
1866	#FFFFFF	#D3D3D3	243
1867	#FFFFFF	#D3D3D3	243
1868	#FFFFFF	#D3D3D3	243
1870	#FFFFFF	#D3D3D3	120
1871	#FFFFFF	#D3D3D3	120
1872	#FFFFFF	#D3D3D3	243
1873	#FFFFFF	#D3D3D3	243
1874	#FFFFFF	#D3D3D3	30
1875	#FFFFFF	#D3D3D3	243
1876	#FFFFFF	#D3D3D3	243
1877	#FFFFFF	#D3D3D3	243
1878	#FFFFFF	#D3D3D3	38
1879	#FFFFFF	#D3D3D3	38
1880	#FFFFFF	#D3D3D3	38
1881	#FFFFFF	#D3D3D3	38
1882	#FFFFFF	#D3D3D3	120
1883	#FFFFFF	#D3D3D3	38
1884	#FFFFFF	#D3D3D3	243
1885	#FFFFFF	#D3D3D3	243
1886	#FFFFFF	#D3D3D3	243
1887	#FFFFFF	#D3D3D3	30
1888	#FFFFFF	#D3D3D3	243
1889	#FFFFFF	#D3D3D3	243
1890	#FFFFFF	#D3D3D3	30
1891	#FFFFFF	#D3D3D3	30
1892	#FFFFFF	#D3D3D3	207
1893	#FFFFFF	#D3D3D3	30
1894	#FFFFFF	#D3D3D3	298
1895	#FFFFFF	#D3D3D3	298
1896	#FFFFFF	#D3D3D3	298
1897	#FFFFFF	#D3D3D3	298
1898	#FFFFFF	#D3D3D3	298
1899	#FFFFFF	#D3D3D3	298
1900	#FFFFFF	#D3D3D3	298
1901	#FFFFFF	#D3D3D3	298
1902	#FFFFFF	#D3D3D3	298
1903	#FFFFFF	#D3D3D3	236
1904	#FFFFFF	#D3D3D3	30
1905	#FFFFFF	#D3D3D3	236
1906	#FFFFFF	#D3D3D3	236
1907	#FFFFFF	#D3D3D3	236
1908	#FFFFFF	#D3D3D3	236
1909	#FFFFFF	#D3D3D3	236
1910	#FFFFFF	#D3D3D3	236
1911	#FFFFFF	#D3D3D3	236
1912	#FFFFFF	#D3D3D3	80
1913	#FFFFFF	#D3D3D3	80
1915	#FFFFFF	#D3D3D3	30
1916	#FFFFFF	#D3D3D3	30
1917	#FFFFFF	#D3D3D3	243
1918	#FFFFFF	#D3D3D3	243
1919	#FFFFFF	#D3D3D3	243
1920	#FFFFFF	#D3D3D3	30
1921	#FFFFFF	#D3D3D3	120
1922	#FFFFFF	#D3D3D3	120
1923	#FFFFFF	#D3D3D3	243
1924	#FFFFFF	#D3D3D3	243
1925	#FFFFFF	#D3D3D3	243
1926	#FFFFFF	#D3D3D3	243
1927	#FFFFFF	#D3D3D3	243
1928	#FFFFFF	#D3D3D3	243
1929	#FFFFFF	#D3D3D3	38
1930	#FFFFFF	#D3D3D3	38
1931	#FFFFFF	#D3D3D3	38
1932	#FFFFFF	#D3D3D3	38
1933	#FFFFFF	#D3D3D3	30
1934	#FFFFFF	#D3D3D3	38
1935	#FFFFFF	#D3D3D3	243
1936	#FFFFFF	#D3D3D3	243
1937	#FFFFFF	#D3D3D3	243
1938	#FFFFFF	#D3D3D3	30
1939	#FFFFFF	#D3D3D3	243
1940	#FFFFFF	#D3D3D3	243
1941	#FFFFFF	#D3D3D3	30
1942	#FFFFFF	#D3D3D3	30
1943	#FFFFFF	#D3D3D3	207
1944	#FFFFFF	#D3D3D3	30
1945	#FFFFFF	#D3D3D3	298
1946	#FFFFFF	#D3D3D3	298
1947	#FFFFFF	#D3D3D3	298
1948	#FFFFFF	#D3D3D3	298
1949	#FFFFFF	#D3D3D3	298
1950	#FFFFFF	#D3D3D3	298
1951	#FFFFFF	#D3D3D3	298
1952	#FFFFFF	#D3D3D3	298
1953	#FFFFFF	#D3D3D3	298
1954	#FFFFFF	#D3D3D3	236
1955	#FFFFFF	#D3D3D3	30
1956	#FFFFFF	#D3D3D3	236
1957	#FFFFFF	#D3D3D3	236
1958	#FFFFFF	#D3D3D3	236
1959	#FFFFFF	#D3D3D3	236
1960	#FFFFFF	#D3D3D3	236
1961	#FFFFFF	#D3D3D3	236
1962	#FFFFFF	#D3D3D3	80
1963	#FFFFFF	#D3D3D3	80
1964	#FFFFFF	#D3D3D3	80
1965	#FFFFFF	#D3D3D3	30
1966	#FFFFFF	#D3D3D3	243
1967	#FFFFFF	#D3D3D3	243
1968	#FFFFFF	#D3D3D3	243
1969	#FFFFFF	#D3D3D3	243
1971	#FFFFFF	#D3D3D3	30
1972	#FFFFFF	#D3D3D3	30
1973	#FFFFFF	#D3D3D3	243
1974	#FFFFFF	#D3D3D3	243
1975	#FFFFFF	#D3D3D3	243
1976	#FFFFFF	#D3D3D3	243
1977	#FFFFFF	#D3D3D3	243
1978	#FFFFFF	#D3D3D3	243
1979	#FFFFFF	#D3D3D3	243
1980	#FFFFFF	#D3D3D3	38
1981	#FFFFFF	#D3D3D3	38
1982	#FFFFFF	#D3D3D3	38
1983	#FFFFFF	#D3D3D3	30
1984	#FFFFFF	#D3D3D3	38
1985	#FFFFFF	#D3D3D3	38
1986	#FFFFFF	#D3D3D3	243
1987	#FFFFFF	#D3D3D3	243
1988	#FFFFFF	#D3D3D3	30
1989	#FFFFFF	#D3D3D3	243
1990	#FFFFFF	#D3D3D3	243
1991	#FFFFFF	#D3D3D3	243
1992	#FFFFFF	#D3D3D3	30
1993	#FFFFFF	#D3D3D3	30
1994	#FFFFFF	#D3D3D3	30
1995	#FFFFFF	#D3D3D3	207
1996	#FFFFFF	#D3D3D3	298
1997	#FFFFFF	#D3D3D3	298
1998	#FFFFFF	#D3D3D3	298
1999	#FFFFFF	#D3D3D3	298
2000	#FFFFFF	#D3D3D3	298
2001	#FFFFFF	#D3D3D3	298
2002	#FFFFFF	#D3D3D3	298
2003	#FFFFFF	#D3D3D3	298
2004	#FFFFFF	#D3D3D3	298
2005	#FFFFFF	#D3D3D3	30
2006	#FFFFFF	#D3D3D3	236
2007	#FFFFFF	#D3D3D3	236
2008	#FFFFFF	#D3D3D3	236
2009	#FFFFFF	#D3D3D3	236
2010	#FFFFFF	#D3D3D3	236
2011	#FFFFFF	#D3D3D3	236
2012	#FFFFFF	#D3D3D3	80
2013	#FFFFFF	#D3D3D3	80
2014	#FFFFFF	#D3D3D3	80
2016	#FFFFFF	#D3D3D3	30
2017	#FFFFFF	#D3D3D3	243
2018	#FFFFFF	#D3D3D3	243
2019	#FFFFFF	#D3D3D3	243
2020	#FFFFFF	#D3D3D3	243
2021	#FFFFFF	#D3D3D3	26
2022	#FFFFFF	#D3D3D3	30
2023	#FFFFFF	#D3D3D3	30
2024	#FFFFFF	#D3D3D3	243
2025	#FFFFFF	#D3D3D3	243
2026	#FFFFFF	#D3D3D3	243
2027	#FFFFFF	#D3D3D3	243
2028	#FFFFFF	#D3D3D3	243
2029	#FFFFFF	#D3D3D3	243
2030	#FFFFFF	#D3D3D3	38
2031	#FFFFFF	#D3D3D3	38
2032	#FFFFFF	#D3D3D3	38
2033	#FFFFFF	#D3D3D3	38
2034	#FFFFFF	#D3D3D3	30
2035	#FFFFFF	#D3D3D3	38
2036	#FFFFFF	#D3D3D3	38
2037	#FFFFFF	#D3D3D3	243
2038	#FFFFFF	#D3D3D3	243
2039	#FFFFFF	#D3D3D3	243
2040	#FFFFFF	#D3D3D3	243
2041	#FFFFFF	#D3D3D3	243
2042	#FFFFFF	#D3D3D3	243
2043	#FFFFFF	#D3D3D3	30
2044	#FFFFFF	#D3D3D3	30
2045	#FFFFFF	#D3D3D3	30
2046	#FFFFFF	#D3D3D3	207
2047	#FFFFFF	#D3D3D3	298
2048	#FFFFFF	#D3D3D3	298
2049	#FFFFFF	#D3D3D3	298
2050	#FFFFFF	#D3D3D3	298
2051	#FFFFFF	#D3D3D3	298
2052	#FFFFFF	#D3D3D3	298
2053	#FFFFFF	#D3D3D3	298
2054	#FFFFFF	#D3D3D3	298
2055	#FFFFFF	#D3D3D3	298
2056	#FFFFFF	#D3D3D3	30
2057	#FFFFFF	#D3D3D3	236
2058	#FFFFFF	#D3D3D3	236
2059	#FFFFFF	#D3D3D3	236
2060	#FFFFFF	#D3D3D3	236
2061	#FFFFFF	#D3D3D3	236
2062	#FFFFFF	#D3D3D3	236
2063	#FFFFFF	#D3D3D3	80
2064	#FFFFFF	#D3D3D3	80
2065	#FFFFFF	#D3D3D3	337
2066	#FFFFFF	#D3D3D3	243
2067	#FFFFFF	#D3D3D3	243
2068	#FFFFFF	#D3D3D3	243
2069	#FFFFFF	#D3D3D3	243
2070	#FFFFFF	#D3D3D3	243
2072	#FFFFFF	#D3D3D3	26
2073	#FFFFFF	#D3D3D3	26
2074	#FFFFFF	#D3D3D3	243
2075	#FFFFFF	#D3D3D3	243
2076	#FFFFFF	#D3D3D3	243
2077	#FFFFFF	#D3D3D3	243
2078	#FFFFFF	#D3D3D3	243
2079	#FFFFFF	#D3D3D3	243
2080	#FFFFFF	#D3D3D3	38
2081	#FFFFFF	#D3D3D3	38
2082	#FFFFFF	#D3D3D3	38
2083	#FFFFFF	#D3D3D3	38
2084	#FFFFFF	#D3D3D3	30
2085	#FFFFFF	#D3D3D3	38
2086	#FFFFFF	#D3D3D3	38
2087	#FFFFFF	#D3D3D3	38
2088	#FFFFFF	#D3D3D3	243
2089	#FFFFFF	#D3D3D3	243
2090	#FFFFFF	#D3D3D3	243
2091	#FFFFFF	#D3D3D3	243
2092	#FFFFFF	#D3D3D3	243
2093	#FFFFFF	#D3D3D3	243
2094	#FFFFFF	#D3D3D3	30
2095	#FFFFFF	#D3D3D3	30
2096	#FFFFFF	#D3D3D3	30
2097	#FFFFFF	#D3D3D3	207
2098	#FFFFFF	#D3D3D3	298
2099	#FFFFFF	#D3D3D3	298
2100	#FFFFFF	#D3D3D3	298
2101	#FFFFFF	#D3D3D3	298
2102	#FFFFFF	#D3D3D3	298
2103	#FFFFFF	#D3D3D3	298
2104	#FFFFFF	#D3D3D3	298
2105	#FFFFFF	#D3D3D3	298
2106	#FFFFFF	#D3D3D3	243
2107	#FFFFFF	#D3D3D3	298
2108	#FFFFFF	#D3D3D3	236
2109	#FFFFFF	#D3D3D3	236
2110	#FFFFFF	#D3D3D3	236
2111	#FFFFFF	#D3D3D3	236
2112	#FFFFFF	#D3D3D3	236
2113	#FFFFFF	#D3D3D3	236
2114	#FFFFFF	#D3D3D3	80
2115	#FFFFFF	#D3D3D3	80
2117	#FFFFFF	#D3D3D3	243
2118	#FFFFFF	#D3D3D3	243
2119	#FFFFFF	#D3D3D3	243
2120	#FFFFFF	#D3D3D3	243
2121	#FFFFFF	#D3D3D3	243
2122	#FFFFFF	#D3D3D3	26
2123	#FFFFFF	#D3D3D3	26
2124	#FFFFFF	#D3D3D3	30
2125	#FFFFFF	#D3D3D3	243
2126	#FFFFFF	#D3D3D3	243
2127	#FFFFFF	#D3D3D3	243
2128	#FFFFFF	#D3D3D3	243
2129	#FFFFFF	#D3D3D3	243
2130	#FFFFFF	#D3D3D3	243
2131	#FFFFFF	#D3D3D3	38
2132	#FFFFFF	#D3D3D3	38
2133	#FFFFFF	#D3D3D3	38
2134	#FFFFFF	#D3D3D3	38
2135	#FFFFFF	#D3D3D3	30
2136	#FFFFFF	#D3D3D3	38
2137	#FFFFFF	#D3D3D3	38
2138	#FFFFFF	#D3D3D3	38
2139	#FFFFFF	#D3D3D3	38
2140	#FFFFFF	#D3D3D3	243
2141	#FFFFFF	#D3D3D3	243
2142	#FFFFFF	#D3D3D3	243
2143	#FFFFFF	#D3D3D3	243
2144	#FFFFFF	#D3D3D3	30
2145	#FFFFFF	#D3D3D3	30
2146	#FFFFFF	#D3D3D3	26
2147	#FFFFFF	#D3D3D3	30
2148	#FFFFFF	#D3D3D3	207
2149	#FFFFFF	#D3D3D3	298
2150	#FFFFFF	#D3D3D3	298
2151	#FFFFFF	#D3D3D3	298
2152	#FFFFFF	#D3D3D3	298
2153	#FFFFFF	#D3D3D3	298
2154	#FFFFFF	#D3D3D3	298
2155	#FFFFFF	#D3D3D3	298
2156	#FFFFFF	#D3D3D3	298
2157	#FFFFFF	#D3D3D3	243
2158	#FFFFFF	#D3D3D3	298
2159	#FFFFFF	#D3D3D3	236
2160	#FFFFFF	#D3D3D3	236
2161	#FFFFFF	#D3D3D3	236
2162	#FFFFFF	#D3D3D3	30
2163	#FFFFFF	#D3D3D3	236
2164	#FFFFFF	#D3D3D3	80
2165	#FFFFFF	#D3D3D3	80
2166	#FFFFFF	#D3D3D3	80
2167	#FFFFFF	#D3D3D3	243
2168	#FFFFFF	#D3D3D3	243
2169	#FFFFFF	#D3D3D3	243
2170	#FFFFFF	#D3D3D3	243
2171	#FFFFFF	#D3D3D3	243
2173	#FFFFFF	#D3D3D3	26
2174	#FFFFFF	#D3D3D3	26
2175	#FFFFFF	#D3D3D3	243
2176	#FFFFFF	#D3D3D3	243
2177	#FFFFFF	#D3D3D3	243
2178	#FFFFFF	#D3D3D3	243
2179	#FFFFFF	#D3D3D3	38
2180	#FFFFFF	#D3D3D3	243
2181	#FFFFFF	#D3D3D3	243
2182	#FFFFFF	#D3D3D3	38
2183	#FFFFFF	#D3D3D3	38
2184	#FFFFFF	#D3D3D3	38
2185	#FFFFFF	#D3D3D3	26
2186	#FFFFFF	#D3D3D3	38
2187	#FFFFFF	#D3D3D3	38
2188	#FFFFFF	#D3D3D3	38
2189	#FFFFFF	#D3D3D3	38
2190	#FFFFFF	#D3D3D3	243
2191	#FFFFFF	#D3D3D3	243
2192	#FFFFFF	#D3D3D3	243
2193	#FFFFFF	#D3D3D3	243
2194	#FFFFFF	#D3D3D3	243
2195	#FFFFFF	#D3D3D3	30
2196	#FFFFFF	#D3D3D3	26
2197	#FFFFFF	#D3D3D3	30
2198	#FFFFFF	#D3D3D3	30
2199	#FFFFFF	#D3D3D3	207
2200	#FFFFFF	#D3D3D3	298
2201	#FFFFFF	#D3D3D3	298
2202	#FFFFFF	#D3D3D3	298
2203	#FFFFFF	#D3D3D3	298
2204	#FFFFFF	#D3D3D3	298
2205	#FFFFFF	#D3D3D3	298
2206	#FFFFFF	#D3D3D3	298
2207	#FFFFFF	#D3D3D3	243
2208	#FFFFFF	#D3D3D3	298
2209	#FFFFFF	#D3D3D3	236
2210	#FFFFFF	#D3D3D3	236
2211	#FFFFFF	#D3D3D3	236
2212	#FFFFFF	#D3D3D3	30
2213	#FFFFFF	#D3D3D3	236
2214	#FFFFFF	#D3D3D3	236
2215	#FFFFFF	#D3D3D3	80
2216	#FFFFFF	#D3D3D3	80
2218	#FFFFFF	#D3D3D3	243
2219	#FFFFFF	#D3D3D3	243
2220	#FFFFFF	#D3D3D3	243
2221	#FFFFFF	#D3D3D3	243
2222	#FFFFFF	#D3D3D3	243
2223	#FFFFFF	#D3D3D3	26
2224	#FFFFFF	#D3D3D3	26
2225	#FFFFFF	#D3D3D3	26
2226	#FFFFFF	#D3D3D3	243
2227	#FFFFFF	#D3D3D3	243
2228	#FFFFFF	#D3D3D3	38
2229	#FFFFFF	#D3D3D3	38
2230	#FFFFFF	#D3D3D3	38
2231	#FFFFFF	#D3D3D3	243
2232	#FFFFFF	#D3D3D3	243
2233	#FFFFFF	#D3D3D3	243
2234	#FFFFFF	#D3D3D3	38
2235	#FFFFFF	#D3D3D3	38
2236	#FFFFFF	#D3D3D3	26
2237	#FFFFFF	#D3D3D3	38
2238	#FFFFFF	#D3D3D3	38
2239	#FFFFFF	#D3D3D3	38
2240	#FFFFFF	#D3D3D3	38
2241	#FFFFFF	#D3D3D3	38
2242	#FFFFFF	#D3D3D3	243
2243	#FFFFFF	#D3D3D3	243
2244	#FFFFFF	#D3D3D3	30
2245	#FFFFFF	#D3D3D3	30
2246	#FFFFFF	#D3D3D3	30
2247	#FFFFFF	#D3D3D3	243
2248	#FFFFFF	#D3D3D3	30
2249	#FFFFFF	#D3D3D3	30
2250	#FFFFFF	#D3D3D3	207
2251	#FFFFFF	#D3D3D3	207
2252	#FFFFFF	#D3D3D3	298
2253	#FFFFFF	#D3D3D3	298
2254	#FFFFFF	#D3D3D3	298
2255	#FFFFFF	#D3D3D3	298
2256	#FFFFFF	#D3D3D3	298
2257	#FFFFFF	#D3D3D3	298
2258	#FFFFFF	#D3D3D3	243
2259	#FFFFFF	#D3D3D3	298
2260	#FFFFFF	#D3D3D3	236
2261	#FFFFFF	#D3D3D3	236
2262	#FFFFFF	#D3D3D3	30
2263	#FFFFFF	#D3D3D3	236
2264	#FFFFFF	#D3D3D3	236
2265	#FFFFFF	#D3D3D3	236
2266	#FFFFFF	#D3D3D3	80
2267	#FFFFFF	#D3D3D3	337
2268	#FFFFFF	#D3D3D3	243
2269	#FFFFFF	#D3D3D3	243
2270	#FFFFFF	#D3D3D3	243
2271	#FFFFFF	#D3D3D3	243
2272	#FFFFFF	#D3D3D3	243
2274	#FFFFFF	#D3D3D3	26
2275	#FFFFFF	#D3D3D3	26
2276	#FFFFFF	#D3D3D3	298
2277	#FFFFFF	#D3D3D3	298
2278	#FFFFFF	#D3D3D3	298
2279	#FFFFFF	#D3D3D3	298
2280	#FFFFFF	#D3D3D3	298
2281	#FFFFFF	#D3D3D3	298
2282	#FFFFFF	#D3D3D3	236
2283	#FFFFFF	#D3D3D3	298
2284	#FFFFFF	#D3D3D3	236
2285	#FFFFFF	#D3D3D3	236
2286	#FFFFFF	#D3D3D3	26
2287	#FFFFFF	#D3D3D3	236
2288	#FFFFFF	#D3D3D3	10
2289	#FFFFFF	#D3D3D3	236
2290	#FFFFFF	#D3D3D3	10
2291	#FFFFFF	#D3D3D3	10
2292	#FFFFFF	#D3D3D3	10
2293	#FFFFFF	#D3D3D3	10
2294	#FFFFFF	#D3D3D3	10
2295	#FFFFFF	#D3D3D3	10
2296	#FFFFFF	#D3D3D3	10
2297	#FFFFFF	#D3D3D3	26
2298	#FFFFFF	#D3D3D3	10
2299	#FFFFFF	#D3D3D3	17
2300	#FFFFFF	#D3D3D3	17
2301	#FFFFFF	#D3D3D3	17
2302	#FFFFFF	#D3D3D3	17
2303	#FFFFFF	#D3D3D3	17
2304	#FFFFFF	#D3D3D3	17
2305	#FFFFFF	#D3D3D3	17
2306	#FFFFFF	#D3D3D3	17
2307	#FFFFFF	#D3D3D3	17
2308	#FFFFFF	#D3D3D3	26
2309	#FFFFFF	#D3D3D3	17
2310	#FFFFFF	#D3D3D3	17
2311	#FFFFFF	#D3D3D3	17
2312	#FFFFFF	#D3D3D3	17
2313	#FFFFFF	#D3D3D3	10
2314	#FFFFFF	#D3D3D3	17
2315	#FFFFFF	#D3D3D3	10
2316	#FFFFFF	#D3D3D3	10
2317	#FFFFFF	#D3D3D3	10
2319	#FFFFFF	#D3D3D3	26
2320	#FFFFFF	#D3D3D3	298
2321	#FFFFFF	#D3D3D3	298
2322	#FFFFFF	#D3D3D3	298
2323	#FFFFFF	#D3D3D3	298
2324	#FFFFFF	#D3D3D3	26
2325	#FFFFFF	#D3D3D3	26
2326	#FFFFFF	#D3D3D3	26
2327	#FFFFFF	#D3D3D3	298
2328	#FFFFFF	#D3D3D3	298
2329	#FFFFFF	#D3D3D3	298
2330	#FFFFFF	#D3D3D3	298
2331	#FFFFFF	#D3D3D3	298
2332	#FFFFFF	#D3D3D3	298
2333	#FFFFFF	#D3D3D3	298
2334	#FFFFFF	#D3D3D3	298
2335	#FFFFFF	#D3D3D3	236
2336	#FFFFFF	#D3D3D3	236
2337	#FFFFFF	#D3D3D3	30
2338	#FFFFFF	#D3D3D3	236
2339	#FFFFFF	#D3D3D3	236
2340	#FFFFFF	#D3D3D3	10
2341	#FFFFFF	#D3D3D3	10
2342	#FFFFFF	#D3D3D3	10
2343	#FFFFFF	#D3D3D3	10
2344	#FFFFFF	#D3D3D3	10
2345	#FFFFFF	#D3D3D3	10
2346	#FFFFFF	#D3D3D3	10
2347	#FFFFFF	#D3D3D3	10
2348	#FFFFFF	#D3D3D3	30
2349	#FFFFFF	#D3D3D3	10
2350	#FFFFFF	#D3D3D3	17
2351	#FFFFFF	#D3D3D3	17
2352	#FFFFFF	#D3D3D3	17
2353	#FFFFFF	#D3D3D3	17
2354	#FFFFFF	#D3D3D3	17
2355	#FFFFFF	#D3D3D3	17
2356	#FFFFFF	#D3D3D3	17
2357	#FFFFFF	#D3D3D3	17
2358	#FFFFFF	#D3D3D3	17
2359	#FFFFFF	#D3D3D3	26
2360	#FFFFFF	#D3D3D3	17
2361	#FFFFFF	#D3D3D3	17
2362	#FFFFFF	#D3D3D3	17
2363	#FFFFFF	#D3D3D3	17
2364	#FFFFFF	#D3D3D3	17
2365	#FFFFFF	#D3D3D3	17
2366	#FFFFFF	#D3D3D3	10
2367	#FFFFFF	#D3D3D3	10
2368	#FFFFFF	#D3D3D3	10
2369	#FFFFFF	#D3D3D3	26
2370	#FFFFFF	#D3D3D3	298
2371	#FFFFFF	#D3D3D3	298
2372	#FFFFFF	#D3D3D3	298
2373	#FFFFFF	#D3D3D3	298
2375	#FFFFFF	#D3D3D3	26
2376	#FFFFFF	#D3D3D3	26
2377	#FFFFFF	#D3D3D3	243
2378	#FFFFFF	#D3D3D3	243
2379	#FFFFFF	#D3D3D3	243
2380	#FFFFFF	#D3D3D3	38
2381	#FFFFFF	#D3D3D3	38
2382	#FFFFFF	#D3D3D3	38
2383	#FFFFFF	#D3D3D3	243
2384	#FFFFFF	#D3D3D3	243
2385	#FFFFFF	#D3D3D3	243
2386	#FFFFFF	#D3D3D3	38
2387	#FFFFFF	#D3D3D3	26
2388	#FFFFFF	#D3D3D3	38
2389	#FFFFFF	#D3D3D3	38
2390	#FFFFFF	#D3D3D3	38
2391	#FFFFFF	#D3D3D3	38
2392	#FFFFFF	#D3D3D3	38
2393	#FFFFFF	#D3D3D3	243
2394	#FFFFFF	#D3D3D3	243
2395	#FFFFFF	#D3D3D3	30
2396	#FFFFFF	#D3D3D3	30
2397	#FFFFFF	#D3D3D3	30
2398	#FFFFFF	#D3D3D3	26
2399	#FFFFFF	#D3D3D3	30
2400	#FFFFFF	#D3D3D3	30
2401	#FFFFFF	#D3D3D3	30
2402	#FFFFFF	#D3D3D3	207
2403	#FFFFFF	#D3D3D3	298
2404	#FFFFFF	#D3D3D3	298
2405	#FFFFFF	#D3D3D3	298
2406	#FFFFFF	#D3D3D3	298
2407	#FFFFFF	#D3D3D3	298
2408	#FFFFFF	#D3D3D3	298
2409	#FFFFFF	#D3D3D3	243
2410	#FFFFFF	#D3D3D3	298
2411	#FFFFFF	#D3D3D3	236
2412	#FFFFFF	#D3D3D3	236
2413	#FFFFFF	#D3D3D3	30
2414	#FFFFFF	#D3D3D3	236
2415	#FFFFFF	#D3D3D3	236
2416	#FFFFFF	#D3D3D3	236
2417	#FFFFFF	#D3D3D3	236
2418	#FFFFFF	#D3D3D3	337
2420	#FFFFFF	#D3D3D3	243
2421	#FFFFFF	#D3D3D3	243
2422	#FFFFFF	#D3D3D3	243
2423	#FFFFFF	#D3D3D3	243
2424	#FFFFFF	#D3D3D3	243
2425	#FFFFFF	#D3D3D3	26
2426	#FFFFFF	#D3D3D3	26
2427	#FFFFFF	#D3D3D3	26
2428	#FFFFFF	#D3D3D3	243
2429	#FFFFFF	#D3D3D3	38
2430	#FFFFFF	#D3D3D3	243
2431	#FFFFFF	#D3D3D3	38
2432	#FFFFFF	#D3D3D3	38
2433	#FFFFFF	#D3D3D3	38
2434	#FFFFFF	#D3D3D3	243
2435	#FFFFFF	#D3D3D3	243
2436	#FFFFFF	#D3D3D3	38
2437	#FFFFFF	#D3D3D3	38
2438	#FFFFFF	#D3D3D3	26
2439	#FFFFFF	#D3D3D3	243
2440	#FFFFFF	#D3D3D3	38
2441	#FFFFFF	#D3D3D3	38
2442	#FFFFFF	#D3D3D3	38
2443	#FFFFFF	#D3D3D3	38
2444	#FFFFFF	#D3D3D3	243
2445	#FFFFFF	#D3D3D3	30
2446	#FFFFFF	#D3D3D3	30
2447	#FFFFFF	#D3D3D3	30
2448	#FFFFFF	#D3D3D3	30
2449	#FFFFFF	#D3D3D3	243
2450	#FFFFFF	#D3D3D3	30
2451	#FFFFFF	#D3D3D3	30
2452	#FFFFFF	#D3D3D3	30
2453	#FFFFFF	#D3D3D3	207
2454	#FFFFFF	#D3D3D3	298
2455	#FFFFFF	#D3D3D3	298
2456	#FFFFFF	#D3D3D3	298
2457	#FFFFFF	#D3D3D3	298
2458	#FFFFFF	#D3D3D3	298
2459	#FFFFFF	#D3D3D3	298
2460	#FFFFFF	#D3D3D3	243
2461	#FFFFFF	#D3D3D3	298
2462	#FFFFFF	#D3D3D3	236
2463	#FFFFFF	#D3D3D3	30
2464	#FFFFFF	#D3D3D3	236
2465	#FFFFFF	#D3D3D3	236
2466	#FFFFFF	#D3D3D3	236
2467	#FFFFFF	#D3D3D3	236
2468	#FFFFFF	#D3D3D3	236
2469	#FFFFFF	#D3D3D3	337
2470	#FFFFFF	#D3D3D3	243
2471	#FFFFFF	#D3D3D3	243
2472	#FFFFFF	#D3D3D3	243
2473	#FFFFFF	#D3D3D3	243
2474	#FFFFFF	#D3D3D3	243
2476	#FFFFFF	#D3D3D3	26
2477	#FFFFFF	#D3D3D3	26
2478	#FFFFFF	#D3D3D3	38
2479	#FFFFFF	#D3D3D3	38
2480	#FFFFFF	#D3D3D3	243
2481	#FFFFFF	#D3D3D3	243
2482	#FFFFFF	#D3D3D3	38
2483	#FFFFFF	#D3D3D3	38
2484	#FFFFFF	#D3D3D3	38
2485	#FFFFFF	#D3D3D3	243
2486	#FFFFFF	#D3D3D3	243
2487	#FFFFFF	#D3D3D3	38
2488	#FFFFFF	#D3D3D3	26
2489	#FFFFFF	#D3D3D3	243
2490	#FFFFFF	#D3D3D3	38
2491	#FFFFFF	#D3D3D3	38
2492	#FFFFFF	#D3D3D3	38
2493	#FFFFFF	#D3D3D3	38
2494	#FFFFFF	#D3D3D3	38
2495	#FFFFFF	#D3D3D3	38
2496	#FFFFFF	#D3D3D3	30
2497	#FFFFFF	#D3D3D3	30
2498	#FFFFFF	#D3D3D3	30
2499	#FFFFFF	#D3D3D3	26
2500	#FFFFFF	#D3D3D3	30
2501	#FFFFFF	#D3D3D3	30
2502	#FFFFFF	#D3D3D3	30
2503	#FFFFFF	#D3D3D3	30
2504	#FFFFFF	#D3D3D3	207
2505	#FFFFFF	#D3D3D3	298
2506	#FFFFFF	#D3D3D3	298
2507	#FFFFFF	#D3D3D3	298
2508	#FFFFFF	#D3D3D3	298
2509	#FFFFFF	#D3D3D3	207
2510	#FFFFFF	#D3D3D3	243
2511	#FFFFFF	#D3D3D3	207
2512	#FFFFFF	#D3D3D3	298
2513	#FFFFFF	#D3D3D3	30
2514	#FFFFFF	#D3D3D3	236
2515	#FFFFFF	#D3D3D3	236
2516	#FFFFFF	#D3D3D3	236
2517	#FFFFFF	#D3D3D3	236
2518	#FFFFFF	#D3D3D3	236
2519	#FFFFFF	#D3D3D3	236
2521	#FFFFFF	#D3D3D3	243
2522	#FFFFFF	#D3D3D3	243
2523	#FFFFFF	#D3D3D3	243
2524	#FFFFFF	#D3D3D3	243
2525	#FFFFFF	#D3D3D3	243
2526	#FFFFFF	#D3D3D3	26
2527	#FFFFFF	#D3D3D3	26
2528	#FFFFFF	#D3D3D3	26
2529	#FFFFFF	#D3D3D3	38
2530	#FFFFFF	#D3D3D3	38
2531	#FFFFFF	#D3D3D3	38
2532	#FFFFFF	#D3D3D3	38
2533	#FFFFFF	#D3D3D3	38
2534	#FFFFFF	#D3D3D3	38
2535	#FFFFFF	#D3D3D3	38
2536	#FFFFFF	#D3D3D3	243
2537	#FFFFFF	#D3D3D3	243
2538	#FFFFFF	#D3D3D3	243
2539	#FFFFFF	#D3D3D3	26
2540	#FFFFFF	#D3D3D3	38
2541	#FFFFFF	#D3D3D3	38
2542	#FFFFFF	#D3D3D3	38
2543	#FFFFFF	#D3D3D3	38
2544	#FFFFFF	#D3D3D3	38
2545	#FFFFFF	#D3D3D3	38
2546	#FFFFFF	#D3D3D3	38
2547	#FFFFFF	#D3D3D3	30
2548	#FFFFFF	#D3D3D3	30
2549	#FFFFFF	#D3D3D3	30
2550	#FFFFFF	#D3D3D3	243
2551	#FFFFFF	#D3D3D3	30
2552	#FFFFFF	#D3D3D3	30
2553	#FFFFFF	#D3D3D3	30
2554	#FFFFFF	#D3D3D3	30
2555	#FFFFFF	#D3D3D3	207
2556	#FFFFFF	#D3D3D3	298
2557	#FFFFFF	#D3D3D3	298
2558	#FFFFFF	#D3D3D3	298
2559	#FFFFFF	#D3D3D3	298
2560	#FFFFFF	#D3D3D3	207
2561	#FFFFFF	#D3D3D3	243
2562	#FFFFFF	#D3D3D3	298
2563	#FFFFFF	#D3D3D3	30
2564	#FFFFFF	#D3D3D3	236
2565	#FFFFFF	#D3D3D3	285
2566	#FFFFFF	#D3D3D3	236
2567	#FFFFFF	#D3D3D3	236
2568	#FFFFFF	#D3D3D3	236
2569	#FFFFFF	#D3D3D3	236
2570	#FFFFFF	#D3D3D3	337
2571	#FFFFFF	#D3D3D3	243
2572	#FFFFFF	#D3D3D3	243
2573	#FFFFFF	#D3D3D3	38
2574	#FFFFFF	#D3D3D3	243
2575	#FFFFFF	#D3D3D3	38
2577	#FFFFFF	#D3D3D3	26
2578	#FFFFFF	#D3D3D3	26
2579	#FFFFFF	#D3D3D3	38
2580	#FFFFFF	#D3D3D3	38
2581	#FFFFFF	#D3D3D3	38
2582	#FFFFFF	#D3D3D3	38
2583	#FFFFFF	#D3D3D3	38
2584	#FFFFFF	#D3D3D3	38
2585	#FFFFFF	#D3D3D3	38
2586	#FFFFFF	#D3D3D3	38
2587	#FFFFFF	#D3D3D3	243
2588	#FFFFFF	#D3D3D3	243
2589	#FFFFFF	#D3D3D3	26
2590	#FFFFFF	#D3D3D3	243
2591	#FFFFFF	#D3D3D3	38
2592	#FFFFFF	#D3D3D3	38
2593	#FFFFFF	#D3D3D3	38
2594	#FFFFFF	#D3D3D3	38
2595	#FFFFFF	#D3D3D3	38
2596	#FFFFFF	#D3D3D3	38
2597	#FFFFFF	#D3D3D3	30
2598	#FFFFFF	#D3D3D3	30
2599	#FFFFFF	#D3D3D3	30
2600	#FFFFFF	#D3D3D3	26
2601	#FFFFFF	#D3D3D3	30
2602	#FFFFFF	#D3D3D3	30
2603	#FFFFFF	#D3D3D3	30
2604	#FFFFFF	#D3D3D3	30
2605	#FFFFFF	#D3D3D3	30
2606	#FFFFFF	#D3D3D3	207
2607	#FFFFFF	#D3D3D3	298
2608	#FFFFFF	#D3D3D3	298
2609	#FFFFFF	#D3D3D3	207
2610	#FFFFFF	#D3D3D3	207
2611	#FFFFFF	#D3D3D3	26
2612	#FFFFFF	#D3D3D3	207
2613	#FFFFFF	#D3D3D3	30
2614	#FFFFFF	#D3D3D3	285
2615	#FFFFFF	#D3D3D3	285
2616	#FFFFFF	#D3D3D3	285
2617	#FFFFFF	#D3D3D3	236
2618	#FFFFFF	#D3D3D3	236
2619	#FFFFFF	#D3D3D3	236
2620	#FFFFFF	#D3D3D3	236
2622	#FFFFFF	#D3D3D3	243
2623	#FFFFFF	#D3D3D3	243
2624	#FFFFFF	#D3D3D3	243
2625	#FFFFFF	#D3D3D3	38
2626	#FFFFFF	#D3D3D3	38
2627	#FFFFFF	#D3D3D3	26
2628	#FFFFFF	#D3D3D3	26
2629	#FFFFFF	#D3D3D3	26
2630	#FFFFFF	#D3D3D3	38
2631	#FFFFFF	#D3D3D3	38
2632	#FFFFFF	#D3D3D3	38
2633	#FFFFFF	#D3D3D3	38
2634	#FFFFFF	#D3D3D3	38
2635	#FFFFFF	#D3D3D3	38
2636	#FFFFFF	#D3D3D3	38
2637	#FFFFFF	#D3D3D3	38
2638	#FFFFFF	#D3D3D3	243
2639	#FFFFFF	#D3D3D3	243
2640	#FFFFFF	#D3D3D3	26
2641	#FFFFFF	#D3D3D3	243
2642	#FFFFFF	#D3D3D3	38
2643	#FFFFFF	#D3D3D3	38
2644	#FFFFFF	#D3D3D3	38
2645	#FFFFFF	#D3D3D3	38
2646	#FFFFFF	#D3D3D3	38
2647	#FFFFFF	#D3D3D3	38
2648	#FFFFFF	#D3D3D3	38
2649	#FFFFFF	#D3D3D3	30
2650	#FFFFFF	#D3D3D3	30
2651	#FFFFFF	#D3D3D3	26
2652	#FFFFFF	#D3D3D3	30
2653	#FFFFFF	#D3D3D3	30
2654	#FFFFFF	#D3D3D3	30
2655	#FFFFFF	#D3D3D3	30
2656	#FFFFFF	#D3D3D3	30
2657	#FFFFFF	#D3D3D3	207
2658	#FFFFFF	#D3D3D3	298
2659	#FFFFFF	#D3D3D3	207
2660	#FFFFFF	#D3D3D3	207
2661	#FFFFFF	#D3D3D3	207
2662	#FFFFFF	#D3D3D3	243
2663	#FFFFFF	#D3D3D3	30
2664	#FFFFFF	#D3D3D3	285
2665	#FFFFFF	#D3D3D3	285
2666	#FFFFFF	#D3D3D3	285
2667	#FFFFFF	#D3D3D3	285
2668	#FFFFFF	#D3D3D3	236
2669	#FFFFFF	#D3D3D3	236
2670	#FFFFFF	#D3D3D3	236
2671	#FFFFFF	#D3D3D3	236
2672	#FFFFFF	#D3D3D3	243
2673	#FFFFFF	#D3D3D3	243
2674	#FFFFFF	#D3D3D3	243
2675	#FFFFFF	#D3D3D3	38
2676	#FFFFFF	#D3D3D3	38
2678	#FFFFFF	#D3D3D3	26
2679	#FFFFFF	#D3D3D3	26
2680	#FFFFFF	#D3D3D3	38
2681	#FFFFFF	#D3D3D3	38
2682	#FFFFFF	#D3D3D3	38
2683	#FFFFFF	#D3D3D3	38
2684	#FFFFFF	#D3D3D3	38
2685	#FFFFFF	#D3D3D3	38
2686	#FFFFFF	#D3D3D3	38
2687	#FFFFFF	#D3D3D3	38
2688	#FFFFFF	#D3D3D3	38
2689	#FFFFFF	#D3D3D3	243
2690	#FFFFFF	#D3D3D3	26
2691	#FFFFFF	#D3D3D3	243
2692	#FFFFFF	#D3D3D3	38
2693	#FFFFFF	#D3D3D3	38
2694	#FFFFFF	#D3D3D3	38
2695	#FFFFFF	#D3D3D3	38
2696	#FFFFFF	#D3D3D3	38
2697	#FFFFFF	#D3D3D3	38
2698	#FFFFFF	#D3D3D3	38
2699	#FFFFFF	#D3D3D3	38
2700	#FFFFFF	#D3D3D3	30
2701	#FFFFFF	#D3D3D3	26
2702	#FFFFFF	#D3D3D3	30
2703	#FFFFFF	#D3D3D3	30
2704	#FFFFFF	#D3D3D3	30
2705	#FFFFFF	#D3D3D3	30
2706	#FFFFFF	#D3D3D3	30
2707	#FFFFFF	#D3D3D3	30
2708	#FFFFFF	#D3D3D3	207
2709	#FFFFFF	#D3D3D3	298
2710	#FFFFFF	#D3D3D3	207
2711	#FFFFFF	#D3D3D3	207
2712	#FFFFFF	#D3D3D3	26
2713	#FFFFFF	#D3D3D3	30
2714	#FFFFFF	#D3D3D3	285
2715	#FFFFFF	#D3D3D3	285
2716	#FFFFFF	#D3D3D3	285
2717	#FFFFFF	#D3D3D3	285
2718	#FFFFFF	#D3D3D3	285
2719	#FFFFFF	#D3D3D3	236
2720	#FFFFFF	#D3D3D3	236
2721	#FFFFFF	#D3D3D3	236
2723	#FFFFFF	#D3D3D3	243
2724	#FFFFFF	#D3D3D3	243
2725	#FFFFFF	#D3D3D3	243
2726	#FFFFFF	#D3D3D3	38
2727	#FFFFFF	#D3D3D3	38
2728	#FFFFFF	#D3D3D3	26
2729	#FFFFFF	#D3D3D3	26
2730	#FFFFFF	#D3D3D3	26
2731	#FFFFFF	#D3D3D3	38
2732	#FFFFFF	#D3D3D3	38
2733	#FFFFFF	#D3D3D3	38
2734	#FFFFFF	#D3D3D3	38
2735	#FFFFFF	#D3D3D3	38
2736	#FFFFFF	#D3D3D3	38
2737	#FFFFFF	#D3D3D3	38
2738	#FFFFFF	#D3D3D3	38
2739	#FFFFFF	#D3D3D3	38
2740	#FFFFFF	#D3D3D3	243
2741	#FFFFFF	#D3D3D3	26
2742	#FFFFFF	#D3D3D3	243
2743	#FFFFFF	#D3D3D3	38
2744	#FFFFFF	#D3D3D3	38
2745	#FFFFFF	#D3D3D3	38
2746	#FFFFFF	#D3D3D3	38
2747	#FFFFFF	#D3D3D3	38
2748	#FFFFFF	#D3D3D3	38
2749	#FFFFFF	#D3D3D3	38
2750	#FFFFFF	#D3D3D3	38
2751	#FFFFFF	#D3D3D3	38
2752	#FFFFFF	#D3D3D3	26
2753	#FFFFFF	#D3D3D3	30
2754	#FFFFFF	#D3D3D3	30
2755	#FFFFFF	#D3D3D3	30
2756	#FFFFFF	#D3D3D3	30
2757	#FFFFFF	#D3D3D3	30
2758	#FFFFFF	#D3D3D3	30
2759	#FFFFFF	#D3D3D3	207
2760	#FFFFFF	#D3D3D3	207
2761	#FFFFFF	#D3D3D3	207
2762	#FFFFFF	#D3D3D3	30
2763	#FFFFFF	#D3D3D3	243
2764	#FFFFFF	#D3D3D3	285
2765	#FFFFFF	#D3D3D3	285
2766	#FFFFFF	#D3D3D3	285
2767	#FFFFFF	#D3D3D3	285
2768	#FFFFFF	#D3D3D3	285
2769	#FFFFFF	#D3D3D3	285
2770	#FFFFFF	#D3D3D3	236
2771	#FFFFFF	#D3D3D3	236
2772	#FFFFFF	#D3D3D3	236
2773	#FFFFFF	#D3D3D3	243
2774	#FFFFFF	#D3D3D3	243
2775	#FFFFFF	#D3D3D3	243
2776	#FFFFFF	#D3D3D3	243
2777	#FFFFFF	#D3D3D3	38
2779	#FFFFFF	#D3D3D3	26
2780	#FFFFFF	#D3D3D3	26
2781	#FFFFFF	#D3D3D3	38
2782	#FFFFFF	#D3D3D3	38
2783	#FFFFFF	#D3D3D3	38
2784	#FFFFFF	#D3D3D3	38
2785	#FFFFFF	#D3D3D3	38
2786	#FFFFFF	#D3D3D3	38
2787	#FFFFFF	#D3D3D3	38
2788	#FFFFFF	#D3D3D3	38
2789	#FFFFFF	#D3D3D3	38
2790	#FFFFFF	#D3D3D3	38
2791	#FFFFFF	#D3D3D3	26
2792	#FFFFFF	#D3D3D3	243
2793	#FFFFFF	#D3D3D3	243
2794	#FFFFFF	#D3D3D3	38
2795	#FFFFFF	#D3D3D3	38
2796	#FFFFFF	#D3D3D3	38
2797	#FFFFFF	#D3D3D3	38
2798	#FFFFFF	#D3D3D3	38
2799	#FFFFFF	#D3D3D3	38
2800	#FFFFFF	#D3D3D3	38
2801	#FFFFFF	#D3D3D3	38
2802	#FFFFFF	#D3D3D3	26
2803	#FFFFFF	#D3D3D3	38
2804	#FFFFFF	#D3D3D3	30
2805	#FFFFFF	#D3D3D3	30
2806	#FFFFFF	#D3D3D3	30
2807	#FFFFFF	#D3D3D3	30
2808	#FFFFFF	#D3D3D3	30
2809	#FFFFFF	#D3D3D3	30
2810	#FFFFFF	#D3D3D3	207
2811	#FFFFFF	#D3D3D3	207
2812	#FFFFFF	#D3D3D3	30
2813	#FFFFFF	#D3D3D3	243
2814	#FFFFFF	#D3D3D3	285
2815	#FFFFFF	#D3D3D3	285
2816	#FFFFFF	#D3D3D3	285
2817	#FFFFFF	#D3D3D3	285
2818	#FFFFFF	#D3D3D3	285
2819	#FFFFFF	#D3D3D3	285
2820	#FFFFFF	#D3D3D3	285
2821	#FFFFFF	#D3D3D3	236
2822	#FFFFFF	#D3D3D3	236
2824	#FFFFFF	#D3D3D3	243
2825	#FFFFFF	#D3D3D3	243
2826	#FFFFFF	#D3D3D3	243
2827	#FFFFFF	#D3D3D3	243
2828	#FFFFFF	#D3D3D3	38
2829	#FFFFFF	#D3D3D3	26
2830	#FFFFFF	#D3D3D3	26
2831	#FFFFFF	#D3D3D3	26
2832	#FFFFFF	#D3D3D3	38
2833	#FFFFFF	#D3D3D3	38
2834	#FFFFFF	#D3D3D3	38
2835	#FFFFFF	#D3D3D3	38
2836	#FFFFFF	#D3D3D3	38
2837	#FFFFFF	#D3D3D3	38
2838	#FFFFFF	#D3D3D3	38
2839	#FFFFFF	#D3D3D3	38
2840	#FFFFFF	#D3D3D3	38
2841	#FFFFFF	#D3D3D3	38
2842	#FFFFFF	#D3D3D3	26
2843	#FFFFFF	#D3D3D3	243
2844	#FFFFFF	#D3D3D3	38
2845	#FFFFFF	#D3D3D3	38
2846	#FFFFFF	#D3D3D3	38
2847	#FFFFFF	#D3D3D3	38
2848	#FFFFFF	#D3D3D3	38
2849	#FFFFFF	#D3D3D3	38
2850	#FFFFFF	#D3D3D3	38
2851	#FFFFFF	#D3D3D3	38
2852	#FFFFFF	#D3D3D3	38
2853	#FFFFFF	#D3D3D3	26
2854	#FFFFFF	#D3D3D3	30
2855	#FFFFFF	#D3D3D3	30
2856	#FFFFFF	#D3D3D3	30
2857	#FFFFFF	#D3D3D3	30
2858	#FFFFFF	#D3D3D3	30
2859	#FFFFFF	#D3D3D3	30
2860	#FFFFFF	#D3D3D3	30
2861	#FFFFFF	#D3D3D3	30
2862	#FFFFFF	#D3D3D3	30
2863	#FFFFFF	#D3D3D3	285
2864	#FFFFFF	#D3D3D3	243
2865	#FFFFFF	#D3D3D3	285
2866	#FFFFFF	#D3D3D3	285
2867	#FFFFFF	#D3D3D3	285
2868	#FFFFFF	#D3D3D3	285
2869	#FFFFFF	#D3D3D3	285
2870	#FFFFFF	#D3D3D3	285
2871	#FFFFFF	#D3D3D3	285
2872	#FFFFFF	#D3D3D3	236
2873	#FFFFFF	#D3D3D3	236
2874	#FFFFFF	#D3D3D3	243
2875	#FFFFFF	#D3D3D3	243
2876	#FFFFFF	#D3D3D3	243
2877	#FFFFFF	#D3D3D3	243
2878	#FFFFFF	#D3D3D3	38
2880	#FFFFFF	#D3D3D3	26
2881	#FFFFFF	#D3D3D3	26
2882	#FFFFFF	#D3D3D3	38
2883	#FFFFFF	#D3D3D3	38
2884	#FFFFFF	#D3D3D3	38
2885	#FFFFFF	#D3D3D3	38
2886	#FFFFFF	#D3D3D3	38
2887	#FFFFFF	#D3D3D3	38
2888	#FFFFFF	#D3D3D3	38
2889	#FFFFFF	#D3D3D3	38
2890	#FFFFFF	#D3D3D3	38
2891	#FFFFFF	#D3D3D3	38
2892	#FFFFFF	#D3D3D3	26
2893	#FFFFFF	#D3D3D3	38
2894	#FFFFFF	#D3D3D3	38
2895	#FFFFFF	#D3D3D3	38
2896	#FFFFFF	#D3D3D3	38
2897	#FFFFFF	#D3D3D3	38
2898	#FFFFFF	#D3D3D3	38
2899	#FFFFFF	#D3D3D3	38
2900	#FFFFFF	#D3D3D3	38
2901	#FFFFFF	#D3D3D3	38
2902	#FFFFFF	#D3D3D3	38
2903	#FFFFFF	#D3D3D3	26
2904	#FFFFFF	#D3D3D3	30
2905	#FFFFFF	#D3D3D3	38
2906	#FFFFFF	#D3D3D3	30
2907	#FFFFFF	#D3D3D3	30
2908	#FFFFFF	#D3D3D3	30
2909	#FFFFFF	#D3D3D3	30
2910	#FFFFFF	#D3D3D3	30
2911	#FFFFFF	#D3D3D3	30
2912	#FFFFFF	#D3D3D3	30
2913	#FFFFFF	#D3D3D3	285
2914	#FFFFFF	#D3D3D3	26
2915	#FFFFFF	#D3D3D3	285
2916	#FFFFFF	#D3D3D3	285
2917	#FFFFFF	#D3D3D3	285
2918	#FFFFFF	#D3D3D3	285
2919	#FFFFFF	#D3D3D3	285
2920	#FFFFFF	#D3D3D3	285
2921	#FFFFFF	#D3D3D3	285
2922	#FFFFFF	#D3D3D3	285
2923	#FFFFFF	#D3D3D3	236
2925	#FFFFFF	#D3D3D3	243
2926	#FFFFFF	#D3D3D3	243
2927	#FFFFFF	#D3D3D3	243
2928	#FFFFFF	#D3D3D3	243
2929	#FFFFFF	#D3D3D3	243
2930	#FFFFFF	#D3D3D3	26
2931	#FFFFFF	#D3D3D3	26
2932	#FFFFFF	#D3D3D3	26
2933	#FFFFFF	#D3D3D3	38
2934	#FFFFFF	#D3D3D3	38
2935	#FFFFFF	#D3D3D3	38
2936	#FFFFFF	#D3D3D3	38
2937	#FFFFFF	#D3D3D3	38
2938	#FFFFFF	#D3D3D3	38
2939	#FFFFFF	#D3D3D3	38
2940	#FFFFFF	#D3D3D3	38
2941	#FFFFFF	#D3D3D3	38
2942	#FFFFFF	#D3D3D3	38
2943	#FFFFFF	#D3D3D3	26
2944	#FFFFFF	#D3D3D3	38
2945	#FFFFFF	#D3D3D3	38
2946	#FFFFFF	#D3D3D3	38
2947	#FFFFFF	#D3D3D3	38
2948	#FFFFFF	#D3D3D3	38
2949	#FFFFFF	#D3D3D3	38
2950	#FFFFFF	#D3D3D3	38
2951	#FFFFFF	#D3D3D3	38
2952	#FFFFFF	#D3D3D3	38
2953	#FFFFFF	#D3D3D3	38
2954	#FFFFFF	#D3D3D3	26
2955	#FFFFFF	#D3D3D3	38
2956	#FFFFFF	#D3D3D3	38
2957	#FFFFFF	#D3D3D3	30
2958	#FFFFFF	#D3D3D3	30
2959	#FFFFFF	#D3D3D3	30
2960	#FFFFFF	#D3D3D3	30
2961	#FFFFFF	#D3D3D3	30
2962	#FFFFFF	#D3D3D3	30
2963	#FFFFFF	#D3D3D3	30
2964	#FFFFFF	#D3D3D3	285
2965	#FFFFFF	#D3D3D3	243
2966	#FFFFFF	#D3D3D3	285
2967	#FFFFFF	#D3D3D3	285
2968	#FFFFFF	#D3D3D3	285
2969	#FFFFFF	#D3D3D3	285
2970	#FFFFFF	#D3D3D3	285
2971	#FFFFFF	#D3D3D3	285
2972	#FFFFFF	#D3D3D3	285
2973	#FFFFFF	#D3D3D3	285
2974	#FFFFFF	#D3D3D3	236
2975	#FFFFFF	#D3D3D3	26
2976	#FFFFFF	#D3D3D3	26
2977	#FFFFFF	#D3D3D3	243
2978	#FFFFFF	#D3D3D3	243
2979	#FFFFFF	#D3D3D3	243
2981	#FFFFFF	#D3D3D3	26
2982	#FFFFFF	#D3D3D3	26
2983	#FFFFFF	#D3D3D3	38
2984	#FFFFFF	#D3D3D3	38
2985	#FFFFFF	#D3D3D3	38
2986	#FFFFFF	#D3D3D3	38
2987	#FFFFFF	#D3D3D3	38
2988	#FFFFFF	#D3D3D3	38
2989	#FFFFFF	#D3D3D3	38
2990	#FFFFFF	#D3D3D3	38
2991	#FFFFFF	#D3D3D3	38
2992	#FFFFFF	#D3D3D3	38
2993	#FFFFFF	#D3D3D3	26
2994	#FFFFFF	#D3D3D3	38
2995	#FFFFFF	#D3D3D3	38
2996	#FFFFFF	#D3D3D3	38
2997	#FFFFFF	#D3D3D3	38
2998	#FFFFFF	#D3D3D3	38
2999	#FFFFFF	#D3D3D3	38
3000	#FFFFFF	#D3D3D3	38
3001	#FFFFFF	#D3D3D3	38
3002	#FFFFFF	#D3D3D3	38
3003	#FFFFFF	#D3D3D3	38
3004	#FFFFFF	#D3D3D3	26
3005	#FFFFFF	#D3D3D3	38
3006	#FFFFFF	#D3D3D3	38
3007	#FFFFFF	#D3D3D3	30
3008	#FFFFFF	#D3D3D3	30
3009	#FFFFFF	#D3D3D3	30
3010	#FFFFFF	#D3D3D3	30
3011	#FFFFFF	#D3D3D3	30
3012	#FFFFFF	#D3D3D3	30
3013	#FFFFFF	#D3D3D3	30
3014	#FFFFFF	#D3D3D3	236
3015	#FFFFFF	#D3D3D3	26
3016	#FFFFFF	#D3D3D3	285
3017	#FFFFFF	#D3D3D3	285
3018	#FFFFFF	#D3D3D3	285
3019	#FFFFFF	#D3D3D3	285
3020	#FFFFFF	#D3D3D3	285
3021	#FFFFFF	#D3D3D3	285
3022	#FFFFFF	#D3D3D3	285
3023	#FFFFFF	#D3D3D3	285
3024	#FFFFFF	#D3D3D3	236
3026	#FFFFFF	#D3D3D3	26
3027	#FFFFFF	#D3D3D3	26
3028	#FFFFFF	#D3D3D3	26
3029	#FFFFFF	#D3D3D3	243
3030	#FFFFFF	#D3D3D3	243
3031	#FFFFFF	#D3D3D3	26
3032	#FFFFFF	#D3D3D3	26
3033	#FFFFFF	#D3D3D3	26
3034	#FFFFFF	#D3D3D3	38
3035	#FFFFFF	#D3D3D3	38
3036	#FFFFFF	#D3D3D3	38
3037	#FFFFFF	#D3D3D3	38
3038	#FFFFFF	#D3D3D3	38
3039	#FFFFFF	#D3D3D3	38
3040	#FFFFFF	#D3D3D3	38
3041	#FFFFFF	#D3D3D3	38
3042	#FFFFFF	#D3D3D3	38
3043	#FFFFFF	#D3D3D3	38
3044	#FFFFFF	#D3D3D3	26
3045	#FFFFFF	#D3D3D3	38
3046	#FFFFFF	#D3D3D3	38
3047	#FFFFFF	#D3D3D3	38
3048	#FFFFFF	#D3D3D3	38
3049	#FFFFFF	#D3D3D3	38
3050	#FFFFFF	#D3D3D3	38
3051	#FFFFFF	#D3D3D3	38
3052	#FFFFFF	#D3D3D3	38
3053	#FFFFFF	#D3D3D3	38
3054	#FFFFFF	#D3D3D3	38
3055	#FFFFFF	#D3D3D3	26
3056	#FFFFFF	#D3D3D3	38
3057	#FFFFFF	#D3D3D3	38
3058	#FFFFFF	#D3D3D3	30
3059	#FFFFFF	#D3D3D3	30
3060	#FFFFFF	#D3D3D3	30
3061	#FFFFFF	#D3D3D3	30
3062	#FFFFFF	#D3D3D3	79
3063	#FFFFFF	#D3D3D3	30
3064	#FFFFFF	#D3D3D3	30
3065	#FFFFFF	#D3D3D3	236
3066	#FFFFFF	#D3D3D3	26
3067	#FFFFFF	#D3D3D3	285
3068	#FFFFFF	#D3D3D3	285
3069	#FFFFFF	#D3D3D3	285
3070	#FFFFFF	#D3D3D3	285
3071	#FFFFFF	#D3D3D3	285
3072	#FFFFFF	#D3D3D3	285
3073	#FFFFFF	#D3D3D3	285
3074	#FFFFFF	#D3D3D3	285
3075	#FFFFFF	#D3D3D3	236
3076	#FFFFFF	#D3D3D3	26
3077	#FFFFFF	#D3D3D3	26
3078	#FFFFFF	#D3D3D3	26
3079	#FFFFFF	#D3D3D3	243
3080	#FFFFFF	#D3D3D3	38
3082	#FFFFFF	#D3D3D3	26
3083	#FFFFFF	#D3D3D3	26
3084	#FFFFFF	#D3D3D3	38
3085	#FFFFFF	#D3D3D3	243
3086	#FFFFFF	#D3D3D3	38
3087	#FFFFFF	#D3D3D3	38
3088	#FFFFFF	#D3D3D3	38
3089	#FFFFFF	#D3D3D3	38
3090	#FFFFFF	#D3D3D3	38
3091	#FFFFFF	#D3D3D3	38
3092	#FFFFFF	#D3D3D3	38
3093	#FFFFFF	#D3D3D3	38
3094	#FFFFFF	#D3D3D3	26
3095	#FFFFFF	#D3D3D3	38
3096	#FFFFFF	#D3D3D3	38
3097	#FFFFFF	#D3D3D3	38
3098	#FFFFFF	#D3D3D3	38
3099	#FFFFFF	#D3D3D3	38
3100	#FFFFFF	#D3D3D3	38
3101	#FFFFFF	#D3D3D3	38
3102	#FFFFFF	#D3D3D3	38
3103	#FFFFFF	#D3D3D3	38
3104	#FFFFFF	#D3D3D3	38
3105	#FFFFFF	#D3D3D3	26
3106	#FFFFFF	#D3D3D3	38
3107	#FFFFFF	#D3D3D3	38
3108	#FFFFFF	#D3D3D3	38
3109	#FFFFFF	#D3D3D3	30
3110	#FFFFFF	#D3D3D3	30
3111	#FFFFFF	#D3D3D3	30
3112	#FFFFFF	#D3D3D3	79
3113	#FFFFFF	#D3D3D3	30
3114	#FFFFFF	#D3D3D3	30
3115	#FFFFFF	#D3D3D3	30
3116	#FFFFFF	#D3D3D3	26
3117	#FFFFFF	#D3D3D3	236
3118	#FFFFFF	#D3D3D3	285
3119	#FFFFFF	#D3D3D3	285
3120	#FFFFFF	#D3D3D3	285
3121	#FFFFFF	#D3D3D3	285
3122	#FFFFFF	#D3D3D3	285
3123	#FFFFFF	#D3D3D3	285
3124	#FFFFFF	#D3D3D3	285
3125	#FFFFFF	#D3D3D3	285
3127	#FFFFFF	#D3D3D3	26
3128	#FFFFFF	#D3D3D3	26
3129	#FFFFFF	#D3D3D3	26
3130	#FFFFFF	#D3D3D3	26
3131	#FFFFFF	#D3D3D3	243
3132	#FFFFFF	#D3D3D3	26
3133	#FFFFFF	#D3D3D3	26
3134	#FFFFFF	#D3D3D3	26
3135	#FFFFFF	#D3D3D3	243
3136	#FFFFFF	#D3D3D3	38
3137	#FFFFFF	#D3D3D3	38
3138	#FFFFFF	#D3D3D3	38
3139	#FFFFFF	#D3D3D3	38
3140	#FFFFFF	#D3D3D3	38
3141	#FFFFFF	#D3D3D3	38
3142	#FFFFFF	#D3D3D3	38
3143	#FFFFFF	#D3D3D3	38
3144	#FFFFFF	#D3D3D3	38
3145	#FFFFFF	#D3D3D3	26
3146	#FFFFFF	#D3D3D3	38
3147	#FFFFFF	#D3D3D3	38
3148	#FFFFFF	#D3D3D3	38
3149	#FFFFFF	#D3D3D3	38
3150	#FFFFFF	#D3D3D3	38
3151	#FFFFFF	#D3D3D3	38
3152	#FFFFFF	#D3D3D3	38
3153	#FFFFFF	#D3D3D3	38
3154	#FFFFFF	#D3D3D3	38
3155	#FFFFFF	#D3D3D3	38
3156	#FFFFFF	#D3D3D3	26
3157	#FFFFFF	#D3D3D3	38
3158	#FFFFFF	#D3D3D3	38
3159	#FFFFFF	#D3D3D3	30
3160	#FFFFFF	#D3D3D3	30
3161	#FFFFFF	#D3D3D3	30
3162	#FFFFFF	#D3D3D3	79
3163	#FFFFFF	#D3D3D3	30
3164	#FFFFFF	#D3D3D3	155
3165	#FFFFFF	#D3D3D3	30
3166	#FFFFFF	#D3D3D3	30
3167	#FFFFFF	#D3D3D3	26
3168	#FFFFFF	#D3D3D3	236
3169	#FFFFFF	#D3D3D3	285
3170	#FFFFFF	#D3D3D3	285
3171	#FFFFFF	#D3D3D3	285
3172	#FFFFFF	#D3D3D3	285
3173	#FFFFFF	#D3D3D3	285
3174	#FFFFFF	#D3D3D3	285
3175	#FFFFFF	#D3D3D3	285
3176	#FFFFFF	#D3D3D3	285
3177	#FFFFFF	#D3D3D3	26
3178	#FFFFFF	#D3D3D3	26
3179	#FFFFFF	#D3D3D3	26
3180	#FFFFFF	#D3D3D3	243
3181	#FFFFFF	#D3D3D3	243
3183	#FFFFFF	#D3D3D3	26
3184	#FFFFFF	#D3D3D3	26
3185	#FFFFFF	#D3D3D3	243
3186	#FFFFFF	#D3D3D3	38
3187	#FFFFFF	#D3D3D3	38
3188	#FFFFFF	#D3D3D3	38
3189	#FFFFFF	#D3D3D3	38
3190	#FFFFFF	#D3D3D3	38
3191	#FFFFFF	#D3D3D3	38
3192	#FFFFFF	#D3D3D3	38
3193	#FFFFFF	#D3D3D3	38
3194	#FFFFFF	#D3D3D3	38
3195	#FFFFFF	#D3D3D3	26
3196	#FFFFFF	#D3D3D3	38
3197	#FFFFFF	#D3D3D3	38
3198	#FFFFFF	#D3D3D3	38
3199	#FFFFFF	#D3D3D3	38
3200	#FFFFFF	#D3D3D3	38
3201	#FFFFFF	#D3D3D3	38
3202	#FFFFFF	#D3D3D3	38
3203	#FFFFFF	#D3D3D3	38
3204	#FFFFFF	#D3D3D3	38
3205	#FFFFFF	#D3D3D3	38
3206	#FFFFFF	#D3D3D3	26
3207	#FFFFFF	#D3D3D3	38
3208	#FFFFFF	#D3D3D3	38
3209	#FFFFFF	#D3D3D3	30
3210	#FFFFFF	#D3D3D3	30
3211	#FFFFFF	#D3D3D3	30
3212	#FFFFFF	#D3D3D3	79
3213	#FFFFFF	#D3D3D3	30
3214	#FFFFFF	#D3D3D3	155
3215	#FFFFFF	#D3D3D3	155
3216	#FFFFFF	#D3D3D3	30
3217	#FFFFFF	#D3D3D3	18
3218	#FFFFFF	#D3D3D3	30
3219	#FFFFFF	#D3D3D3	236
3220	#FFFFFF	#D3D3D3	285
3221	#FFFFFF	#D3D3D3	285
3222	#FFFFFF	#D3D3D3	285
3223	#FFFFFF	#D3D3D3	285
3224	#FFFFFF	#D3D3D3	285
3225	#FFFFFF	#D3D3D3	285
3226	#FFFFFF	#D3D3D3	285
3228	#FFFFFF	#D3D3D3	26
3229	#FFFFFF	#D3D3D3	26
3230	#FFFFFF	#D3D3D3	26
3231	#FFFFFF	#D3D3D3	26
3232	#FFFFFF	#D3D3D3	243
3233	#FFFFFF	#D3D3D3	26
3234	#FFFFFF	#D3D3D3	26
3235	#FFFFFF	#D3D3D3	26
3236	#FFFFFF	#D3D3D3	243
3237	#FFFFFF	#D3D3D3	243
3238	#FFFFFF	#D3D3D3	38
3239	#FFFFFF	#D3D3D3	38
3240	#FFFFFF	#D3D3D3	38
3241	#FFFFFF	#D3D3D3	38
3242	#FFFFFF	#D3D3D3	38
3243	#FFFFFF	#D3D3D3	38
3244	#FFFFFF	#D3D3D3	38
3245	#FFFFFF	#D3D3D3	38
3246	#FFFFFF	#D3D3D3	26
3247	#FFFFFF	#D3D3D3	38
3248	#FFFFFF	#D3D3D3	38
3249	#FFFFFF	#D3D3D3	38
3250	#FFFFFF	#D3D3D3	38
3251	#FFFFFF	#D3D3D3	38
3252	#FFFFFF	#D3D3D3	38
3253	#FFFFFF	#D3D3D3	38
3254	#FFFFFF	#D3D3D3	38
3255	#FFFFFF	#D3D3D3	38
3256	#FFFFFF	#D3D3D3	38
3257	#FFFFFF	#D3D3D3	18
3258	#FFFFFF	#D3D3D3	38
3259	#FFFFFF	#D3D3D3	30
3260	#FFFFFF	#D3D3D3	30
3261	#FFFFFF	#D3D3D3	30
3262	#FFFFFF	#D3D3D3	79
3263	#FFFFFF	#D3D3D3	30
3264	#FFFFFF	#D3D3D3	30
3265	#FFFFFF	#D3D3D3	155
3266	#FFFFFF	#D3D3D3	155
3267	#FFFFFF	#D3D3D3	30
3268	#FFFFFF	#D3D3D3	26
3269	#FFFFFF	#D3D3D3	30
3270	#FFFFFF	#D3D3D3	236
3271	#FFFFFF	#D3D3D3	285
3272	#FFFFFF	#D3D3D3	285
3273	#FFFFFF	#D3D3D3	285
3274	#FFFFFF	#D3D3D3	285
3275	#FFFFFF	#D3D3D3	236
3276	#FFFFFF	#D3D3D3	285
3277	#FFFFFF	#D3D3D3	285
3278	#FFFFFF	#D3D3D3	26
3279	#FFFFFF	#D3D3D3	26
3280	#FFFFFF	#D3D3D3	26
3281	#FFFFFF	#D3D3D3	26
3282	#FFFFFF	#D3D3D3	243
3284	#FFFFFF	#D3D3D3	26
3285	#FFFFFF	#D3D3D3	26
3286	#FFFFFF	#D3D3D3	243
3287	#FFFFFF	#D3D3D3	243
3288	#FFFFFF	#D3D3D3	243
3289	#FFFFFF	#D3D3D3	38
3290	#FFFFFF	#D3D3D3	38
3291	#FFFFFF	#D3D3D3	38
3292	#FFFFFF	#D3D3D3	38
3293	#FFFFFF	#D3D3D3	38
3294	#FFFFFF	#D3D3D3	38
3295	#FFFFFF	#D3D3D3	38
3296	#FFFFFF	#D3D3D3	26
3297	#FFFFFF	#D3D3D3	38
3298	#FFFFFF	#D3D3D3	38
3299	#FFFFFF	#D3D3D3	38
3300	#FFFFFF	#D3D3D3	38
3301	#FFFFFF	#D3D3D3	38
3302	#FFFFFF	#D3D3D3	38
3303	#FFFFFF	#D3D3D3	38
3304	#FFFFFF	#D3D3D3	38
3305	#FFFFFF	#D3D3D3	38
3306	#FFFFFF	#D3D3D3	38
3307	#FFFFFF	#D3D3D3	18
3308	#FFFFFF	#D3D3D3	38
3309	#FFFFFF	#D3D3D3	30
3310	#FFFFFF	#D3D3D3	30
3311	#FFFFFF	#D3D3D3	30
3312	#FFFFFF	#D3D3D3	79
3313	#FFFFFF	#D3D3D3	30
3314	#FFFFFF	#D3D3D3	30
3315	#FFFFFF	#D3D3D3	30
3316	#FFFFFF	#D3D3D3	155
3317	#FFFFFF	#D3D3D3	155
3318	#FFFFFF	#D3D3D3	18
3319	#FFFFFF	#D3D3D3	30
3320	#FFFFFF	#D3D3D3	30
3321	#FFFFFF	#D3D3D3	236
3322	#FFFFFF	#D3D3D3	285
3323	#FFFFFF	#D3D3D3	285
3324	#FFFFFF	#D3D3D3	285
3325	#FFFFFF	#D3D3D3	236
3326	#FFFFFF	#D3D3D3	285
3327	#FFFFFF	#D3D3D3	236
3329	#FFFFFF	#D3D3D3	18
3330	#FFFFFF	#D3D3D3	26
3331	#FFFFFF	#D3D3D3	26
3332	#FFFFFF	#D3D3D3	26
3333	#FFFFFF	#D3D3D3	26
3334	#FFFFFF	#D3D3D3	26
3335	#FFFFFF	#D3D3D3	26
3336	#FFFFFF	#D3D3D3	26
3337	#FFFFFF	#D3D3D3	243
3338	#FFFFFF	#D3D3D3	243
3339	#FFFFFF	#D3D3D3	243
3340	#FFFFFF	#D3D3D3	38
3341	#FFFFFF	#D3D3D3	38
3342	#FFFFFF	#D3D3D3	38
3343	#FFFFFF	#D3D3D3	38
3344	#FFFFFF	#D3D3D3	38
3345	#FFFFFF	#D3D3D3	38
3346	#FFFFFF	#D3D3D3	38
3347	#FFFFFF	#D3D3D3	18
3348	#FFFFFF	#D3D3D3	38
3349	#FFFFFF	#D3D3D3	38
3350	#FFFFFF	#D3D3D3	38
3351	#FFFFFF	#D3D3D3	38
3352	#FFFFFF	#D3D3D3	38
3353	#FFFFFF	#D3D3D3	38
3354	#FFFFFF	#D3D3D3	38
3355	#FFFFFF	#D3D3D3	38
3356	#FFFFFF	#D3D3D3	38
3357	#FFFFFF	#D3D3D3	38
3358	#FFFFFF	#D3D3D3	18
3359	#FFFFFF	#D3D3D3	38
3360	#FFFFFF	#D3D3D3	30
3361	#FFFFFF	#D3D3D3	79
3362	#FFFFFF	#D3D3D3	79
3363	#FFFFFF	#D3D3D3	79
3364	#FFFFFF	#D3D3D3	79
3365	#FFFFFF	#D3D3D3	30
3366	#FFFFFF	#D3D3D3	30
3367	#FFFFFF	#D3D3D3	155
3368	#FFFFFF	#D3D3D3	30
3369	#FFFFFF	#D3D3D3	18
3370	#FFFFFF	#D3D3D3	30
3371	#FFFFFF	#D3D3D3	30
3372	#FFFFFF	#D3D3D3	236
3373	#FFFFFF	#D3D3D3	285
3374	#FFFFFF	#D3D3D3	285
3375	#FFFFFF	#D3D3D3	236
3376	#FFFFFF	#D3D3D3	285
3377	#FFFFFF	#D3D3D3	236
3378	#FFFFFF	#D3D3D3	236
3379	#FFFFFF	#D3D3D3	26
3380	#FFFFFF	#D3D3D3	26
3381	#FFFFFF	#D3D3D3	26
3382	#FFFFFF	#D3D3D3	26
3383	#FFFFFF	#D3D3D3	26
3385	#FFFFFF	#D3D3D3	26
3386	#FFFFFF	#D3D3D3	26
3387	#FFFFFF	#D3D3D3	298
3388	#FFFFFF	#D3D3D3	298
3389	#FFFFFF	#D3D3D3	298
3390	#FFFFFF	#D3D3D3	298
3391	#FFFFFF	#D3D3D3	298
3392	#FFFFFF	#D3D3D3	298
3393	#FFFFFF	#D3D3D3	298
3394	#FFFFFF	#D3D3D3	236
3395	#FFFFFF	#D3D3D3	236
3396	#FFFFFF	#D3D3D3	236
3397	#FFFFFF	#D3D3D3	26
3398	#FFFFFF	#D3D3D3	236
3399	#FFFFFF	#D3D3D3	236
3400	#FFFFFF	#D3D3D3	236
3401	#FFFFFF	#D3D3D3	10
3402	#FFFFFF	#D3D3D3	10
3403	#FFFFFF	#D3D3D3	10
3404	#FFFFFF	#D3D3D3	10
3405	#FFFFFF	#D3D3D3	10
3406	#FFFFFF	#D3D3D3	10
3407	#FFFFFF	#D3D3D3	10
3408	#FFFFFF	#D3D3D3	30
3409	#FFFFFF	#D3D3D3	10
3410	#FFFFFF	#D3D3D3	10
3411	#FFFFFF	#D3D3D3	17
3412	#FFFFFF	#D3D3D3	17
3413	#FFFFFF	#D3D3D3	17
3414	#FFFFFF	#D3D3D3	17
3415	#FFFFFF	#D3D3D3	17
3416	#FFFFFF	#D3D3D3	17
3417	#FFFFFF	#D3D3D3	17
3418	#FFFFFF	#D3D3D3	17
3419	#FFFFFF	#D3D3D3	30
3420	#FFFFFF	#D3D3D3	17
3421	#FFFFFF	#D3D3D3	17
3422	#FFFFFF	#D3D3D3	17
3423	#FFFFFF	#D3D3D3	17
3424	#FFFFFF	#D3D3D3	17
3425	#FFFFFF	#D3D3D3	10
3426	#FFFFFF	#D3D3D3	17
3427	#FFFFFF	#D3D3D3	10
3428	#FFFFFF	#D3D3D3	10
3430	#FFFFFF	#D3D3D3	26
3431	#FFFFFF	#D3D3D3	26
3432	#FFFFFF	#D3D3D3	298
3433	#FFFFFF	#D3D3D3	298
3434	#FFFFFF	#D3D3D3	298
3435	#FFFFFF	#D3D3D3	26
3436	#FFFFFF	#D3D3D3	26
3437	#FFFFFF	#D3D3D3	26
3438	#FFFFFF	#D3D3D3	298
3439	#FFFFFF	#D3D3D3	298
3440	#FFFFFF	#D3D3D3	298
3441	#FFFFFF	#D3D3D3	298
3442	#FFFFFF	#D3D3D3	298
3443	#FFFFFF	#D3D3D3	298
3444	#FFFFFF	#D3D3D3	298
3445	#FFFFFF	#D3D3D3	236
3446	#FFFFFF	#D3D3D3	236
3447	#FFFFFF	#D3D3D3	236
3448	#FFFFFF	#D3D3D3	30
3449	#FFFFFF	#D3D3D3	236
3450	#FFFFFF	#D3D3D3	236
3451	#FFFFFF	#D3D3D3	10
3452	#FFFFFF	#D3D3D3	10
3453	#FFFFFF	#D3D3D3	10
3454	#FFFFFF	#D3D3D3	10
3455	#FFFFFF	#D3D3D3	236
3456	#FFFFFF	#D3D3D3	10
3457	#FFFFFF	#D3D3D3	10
3458	#FFFFFF	#D3D3D3	10
3459	#FFFFFF	#D3D3D3	30
3460	#FFFFFF	#D3D3D3	10
3461	#FFFFFF	#D3D3D3	17
3462	#FFFFFF	#D3D3D3	17
3463	#FFFFFF	#D3D3D3	17
3464	#FFFFFF	#D3D3D3	17
3465	#FFFFFF	#D3D3D3	17
3466	#FFFFFF	#D3D3D3	17
3467	#FFFFFF	#D3D3D3	17
3468	#FFFFFF	#D3D3D3	17
3469	#FFFFFF	#D3D3D3	17
3470	#FFFFFF	#D3D3D3	30
3471	#FFFFFF	#D3D3D3	17
3472	#FFFFFF	#D3D3D3	17
3473	#FFFFFF	#D3D3D3	17
3474	#FFFFFF	#D3D3D3	17
3475	#FFFFFF	#D3D3D3	17
3476	#FFFFFF	#D3D3D3	10
3477	#FFFFFF	#D3D3D3	10
3478	#FFFFFF	#D3D3D3	10
3479	#FFFFFF	#D3D3D3	10
3480	#FFFFFF	#D3D3D3	30
3481	#FFFFFF	#D3D3D3	26
3482	#FFFFFF	#D3D3D3	298
3483	#FFFFFF	#D3D3D3	298
3484	#FFFFFF	#D3D3D3	298
3486	#FFFFFF	#D3D3D3	18
3487	#FFFFFF	#D3D3D3	26
3488	#FFFFFF	#D3D3D3	26
3489	#FFFFFF	#D3D3D3	243
3490	#FFFFFF	#D3D3D3	243
3491	#FFFFFF	#D3D3D3	243
3492	#FFFFFF	#D3D3D3	38
3493	#FFFFFF	#D3D3D3	38
3494	#FFFFFF	#D3D3D3	38
3495	#FFFFFF	#D3D3D3	38
3496	#FFFFFF	#D3D3D3	38
3497	#FFFFFF	#D3D3D3	38
3498	#FFFFFF	#D3D3D3	26
3499	#FFFFFF	#D3D3D3	38
3500	#FFFFFF	#D3D3D3	38
3501	#FFFFFF	#D3D3D3	38
3502	#FFFFFF	#D3D3D3	38
3503	#FFFFFF	#D3D3D3	38
3504	#FFFFFF	#D3D3D3	38
3505	#FFFFFF	#D3D3D3	38
3506	#FFFFFF	#D3D3D3	38
3507	#FFFFFF	#D3D3D3	38
3508	#FFFFFF	#D3D3D3	79
3509	#FFFFFF	#D3D3D3	18
3510	#FFFFFF	#D3D3D3	30
3511	#FFFFFF	#D3D3D3	30
3512	#FFFFFF	#D3D3D3	79
3513	#FFFFFF	#D3D3D3	79
3514	#FFFFFF	#D3D3D3	79
3515	#FFFFFF	#D3D3D3	79
3516	#FFFFFF	#D3D3D3	155
3517	#FFFFFF	#D3D3D3	155
3518	#FFFFFF	#D3D3D3	155
3519	#FFFFFF	#D3D3D3	155
3520	#FFFFFF	#D3D3D3	18
3521	#FFFFFF	#D3D3D3	30
3522	#FFFFFF	#D3D3D3	30
3523	#FFFFFF	#D3D3D3	30
3524	#FFFFFF	#D3D3D3	236
3525	#FFFFFF	#D3D3D3	236
3526	#FFFFFF	#D3D3D3	236
3527	#FFFFFF	#D3D3D3	285
3528	#FFFFFF	#D3D3D3	236
3529	#FFFFFF	#D3D3D3	236
3531	#FFFFFF	#D3D3D3	18
3532	#FFFFFF	#D3D3D3	26
3533	#FFFFFF	#D3D3D3	26
3534	#FFFFFF	#D3D3D3	26
3535	#FFFFFF	#D3D3D3	26
3536	#FFFFFF	#D3D3D3	18
3537	#FFFFFF	#D3D3D3	26
3538	#FFFFFF	#D3D3D3	26
3539	#FFFFFF	#D3D3D3	26
3540	#FFFFFF	#D3D3D3	243
3541	#FFFFFF	#D3D3D3	243
3542	#FFFFFF	#D3D3D3	243
3543	#FFFFFF	#D3D3D3	38
3544	#FFFFFF	#D3D3D3	38
3545	#FFFFFF	#D3D3D3	38
3546	#FFFFFF	#D3D3D3	38
3547	#FFFFFF	#D3D3D3	38
3548	#FFFFFF	#D3D3D3	38
3549	#FFFFFF	#D3D3D3	18
3550	#FFFFFF	#D3D3D3	38
3551	#FFFFFF	#D3D3D3	38
3552	#FFFFFF	#D3D3D3	38
3553	#FFFFFF	#D3D3D3	38
3554	#FFFFFF	#D3D3D3	38
3555	#FFFFFF	#D3D3D3	38
3556	#FFFFFF	#D3D3D3	79
3557	#FFFFFF	#D3D3D3	79
3558	#FFFFFF	#D3D3D3	38
3559	#FFFFFF	#D3D3D3	79
3560	#FFFFFF	#D3D3D3	18
3561	#FFFFFF	#D3D3D3	30
3562	#FFFFFF	#D3D3D3	30
3563	#FFFFFF	#D3D3D3	79
3564	#FFFFFF	#D3D3D3	79
3565	#FFFFFF	#D3D3D3	155
3566	#FFFFFF	#D3D3D3	155
3567	#FFFFFF	#D3D3D3	155
3568	#FFFFFF	#D3D3D3	155
3569	#FFFFFF	#D3D3D3	155
3570	#FFFFFF	#D3D3D3	155
3571	#FFFFFF	#D3D3D3	18
3572	#FFFFFF	#D3D3D3	30
3573	#FFFFFF	#D3D3D3	30
3574	#FFFFFF	#D3D3D3	30
3575	#FFFFFF	#D3D3D3	236
3576	#FFFFFF	#D3D3D3	236
3577	#FFFFFF	#D3D3D3	285
3578	#FFFFFF	#D3D3D3	236
3579	#FFFFFF	#D3D3D3	236
3580	#FFFFFF	#D3D3D3	236
3581	#FFFFFF	#D3D3D3	18
3582	#FFFFFF	#D3D3D3	18
3583	#FFFFFF	#D3D3D3	26
3584	#FFFFFF	#D3D3D3	26
3585	#FFFFFF	#D3D3D3	26
3587	#FFFFFF	#D3D3D3	18
3588	#FFFFFF	#D3D3D3	26
3589	#FFFFFF	#D3D3D3	26
3590	#FFFFFF	#D3D3D3	26
3591	#FFFFFF	#D3D3D3	243
3592	#FFFFFF	#D3D3D3	243
3593	#FFFFFF	#D3D3D3	243
3594	#FFFFFF	#D3D3D3	243
3595	#FFFFFF	#D3D3D3	38
3596	#FFFFFF	#D3D3D3	38
3597	#FFFFFF	#D3D3D3	38
3598	#FFFFFF	#D3D3D3	38
3599	#FFFFFF	#D3D3D3	26
3600	#FFFFFF	#D3D3D3	38
3601	#FFFFFF	#D3D3D3	38
3602	#FFFFFF	#D3D3D3	38
3603	#FFFFFF	#D3D3D3	38
3604	#FFFFFF	#D3D3D3	38
3605	#FFFFFF	#D3D3D3	38
3606	#FFFFFF	#D3D3D3	38
3607	#FFFFFF	#D3D3D3	79
3608	#FFFFFF	#D3D3D3	79
3609	#FFFFFF	#D3D3D3	79
3610	#FFFFFF	#D3D3D3	18
3611	#FFFFFF	#D3D3D3	79
3612	#FFFFFF	#D3D3D3	79
3613	#FFFFFF	#D3D3D3	79
3614	#FFFFFF	#D3D3D3	79
3615	#FFFFFF	#D3D3D3	79
3616	#FFFFFF	#D3D3D3	155
3617	#FFFFFF	#D3D3D3	155
3618	#FFFFFF	#D3D3D3	155
3619	#FFFFFF	#D3D3D3	155
3620	#FFFFFF	#D3D3D3	155
3621	#FFFFFF	#D3D3D3	18
3622	#FFFFFF	#D3D3D3	155
3623	#FFFFFF	#D3D3D3	30
3624	#FFFFFF	#D3D3D3	30
3625	#FFFFFF	#D3D3D3	30
3626	#FFFFFF	#D3D3D3	236
3627	#FFFFFF	#D3D3D3	285
3628	#FFFFFF	#D3D3D3	236
3629	#FFFFFF	#D3D3D3	236
3630	#FFFFFF	#D3D3D3	236
3632	#FFFFFF	#D3D3D3	18
3633	#FFFFFF	#D3D3D3	18
3634	#FFFFFF	#D3D3D3	18
3635	#FFFFFF	#D3D3D3	26
3636	#FFFFFF	#D3D3D3	26
3637	#FFFFFF	#D3D3D3	18
3638	#FFFFFF	#D3D3D3	18
3639	#FFFFFF	#D3D3D3	26
3640	#FFFFFF	#D3D3D3	26
3641	#FFFFFF	#D3D3D3	18
3642	#FFFFFF	#D3D3D3	243
3643	#FFFFFF	#D3D3D3	243
3644	#FFFFFF	#D3D3D3	243
3645	#FFFFFF	#D3D3D3	243
3646	#FFFFFF	#D3D3D3	38
3647	#FFFFFF	#D3D3D3	38
3648	#FFFFFF	#D3D3D3	38
3649	#FFFFFF	#D3D3D3	38
3650	#FFFFFF	#D3D3D3	26
3651	#FFFFFF	#D3D3D3	38
3652	#FFFFFF	#D3D3D3	38
3653	#FFFFFF	#D3D3D3	38
3654	#FFFFFF	#D3D3D3	38
3655	#FFFFFF	#D3D3D3	38
3656	#FFFFFF	#D3D3D3	38
3657	#FFFFFF	#D3D3D3	38
3658	#FFFFFF	#D3D3D3	79
3659	#FFFFFF	#D3D3D3	79
3660	#FFFFFF	#D3D3D3	79
3661	#FFFFFF	#D3D3D3	18
3662	#FFFFFF	#D3D3D3	79
3663	#FFFFFF	#D3D3D3	79
3664	#FFFFFF	#D3D3D3	79
3665	#FFFFFF	#D3D3D3	79
3666	#FFFFFF	#D3D3D3	155
3667	#FFFFFF	#D3D3D3	155
3668	#FFFFFF	#D3D3D3	155
3669	#FFFFFF	#D3D3D3	155
3670	#FFFFFF	#D3D3D3	30
3671	#FFFFFF	#D3D3D3	155
3672	#FFFFFF	#D3D3D3	18
3673	#FFFFFF	#D3D3D3	155
3674	#FFFFFF	#D3D3D3	30
3675	#FFFFFF	#D3D3D3	30
3676	#FFFFFF	#D3D3D3	30
3677	#FFFFFF	#D3D3D3	236
3678	#FFFFFF	#D3D3D3	236
3679	#FFFFFF	#D3D3D3	236
3680	#FFFFFF	#D3D3D3	236
3681	#FFFFFF	#D3D3D3	236
3682	#FFFFFF	#D3D3D3	18
3683	#FFFFFF	#D3D3D3	18
3684	#FFFFFF	#D3D3D3	26
3685	#FFFFFF	#D3D3D3	26
3686	#FFFFFF	#D3D3D3	26
3688	#FFFFFF	#D3D3D3	18
3689	#FFFFFF	#D3D3D3	18
3690	#FFFFFF	#D3D3D3	26
3691	#FFFFFF	#D3D3D3	26
3692	#FFFFFF	#D3D3D3	18
3693	#FFFFFF	#D3D3D3	243
3694	#FFFFFF	#D3D3D3	243
3695	#FFFFFF	#D3D3D3	243
3696	#FFFFFF	#D3D3D3	243
3697	#FFFFFF	#D3D3D3	38
3698	#FFFFFF	#D3D3D3	38
3699	#FFFFFF	#D3D3D3	38
3700	#FFFFFF	#D3D3D3	26
3701	#FFFFFF	#D3D3D3	243
3702	#FFFFFF	#D3D3D3	243
3703	#FFFFFF	#D3D3D3	38
3704	#FFFFFF	#D3D3D3	38
3705	#FFFFFF	#D3D3D3	38
3706	#FFFFFF	#D3D3D3	38
3707	#FFFFFF	#D3D3D3	38
3708	#FFFFFF	#D3D3D3	79
3709	#FFFFFF	#D3D3D3	79
3710	#FFFFFF	#D3D3D3	79
3711	#FFFFFF	#D3D3D3	26
3712	#FFFFFF	#D3D3D3	79
3713	#FFFFFF	#D3D3D3	79
3714	#FFFFFF	#D3D3D3	79
3715	#FFFFFF	#D3D3D3	155
3716	#FFFFFF	#D3D3D3	155
3717	#FFFFFF	#D3D3D3	155
3718	#FFFFFF	#D3D3D3	155
3719	#FFFFFF	#D3D3D3	155
3720	#FFFFFF	#D3D3D3	155
3721	#FFFFFF	#D3D3D3	30
3722	#FFFFFF	#D3D3D3	18
3723	#FFFFFF	#D3D3D3	30
3724	#FFFFFF	#D3D3D3	30
3725	#FFFFFF	#D3D3D3	30
3726	#FFFFFF	#D3D3D3	30
3727	#FFFFFF	#D3D3D3	30
3728	#FFFFFF	#D3D3D3	236
3729	#FFFFFF	#D3D3D3	236
3730	#FFFFFF	#D3D3D3	236
3731	#FFFFFF	#D3D3D3	236
3733	#FFFFFF	#D3D3D3	18
3734	#FFFFFF	#D3D3D3	18
3735	#FFFFFF	#D3D3D3	18
3736	#FFFFFF	#D3D3D3	26
3737	#FFFFFF	#D3D3D3	26
3738	#FFFFFF	#D3D3D3	18
3739	#FFFFFF	#D3D3D3	18
3740	#FFFFFF	#D3D3D3	18
3741	#FFFFFF	#D3D3D3	26
3742	#FFFFFF	#D3D3D3	18
3743	#FFFFFF	#D3D3D3	18
3744	#FFFFFF	#D3D3D3	243
3745	#FFFFFF	#D3D3D3	243
3746	#FFFFFF	#D3D3D3	243
3747	#FFFFFF	#D3D3D3	243
3748	#FFFFFF	#D3D3D3	38
3749	#FFFFFF	#D3D3D3	38
3750	#FFFFFF	#D3D3D3	243
3751	#FFFFFF	#D3D3D3	18
3752	#FFFFFF	#D3D3D3	243
3753	#FFFFFF	#D3D3D3	38
3754	#FFFFFF	#D3D3D3	38
3755	#FFFFFF	#D3D3D3	38
3756	#FFFFFF	#D3D3D3	38
3757	#FFFFFF	#D3D3D3	38
3758	#FFFFFF	#D3D3D3	38
3759	#FFFFFF	#D3D3D3	79
3760	#FFFFFF	#D3D3D3	79
3761	#FFFFFF	#D3D3D3	79
3762	#FFFFFF	#D3D3D3	18
3763	#FFFFFF	#D3D3D3	79
3764	#FFFFFF	#D3D3D3	79
3765	#FFFFFF	#D3D3D3	155
3766	#FFFFFF	#D3D3D3	155
3767	#FFFFFF	#D3D3D3	155
3768	#FFFFFF	#D3D3D3	155
3769	#FFFFFF	#D3D3D3	155
3770	#FFFFFF	#D3D3D3	155
3771	#FFFFFF	#D3D3D3	30
3772	#FFFFFF	#D3D3D3	30
3773	#FFFFFF	#D3D3D3	18
3774	#FFFFFF	#D3D3D3	30
3775	#FFFFFF	#D3D3D3	30
3776	#FFFFFF	#D3D3D3	30
3777	#FFFFFF	#D3D3D3	30
3778	#FFFFFF	#D3D3D3	30
3779	#FFFFFF	#D3D3D3	236
3780	#FFFFFF	#D3D3D3	236
3781	#FFFFFF	#D3D3D3	236
3782	#FFFFFF	#D3D3D3	236
3783	#FFFFFF	#D3D3D3	18
3784	#FFFFFF	#D3D3D3	18
3785	#FFFFFF	#D3D3D3	18
3786	#FFFFFF	#D3D3D3	26
3787	#FFFFFF	#D3D3D3	26
3789	#FFFFFF	#D3D3D3	18
3790	#FFFFFF	#D3D3D3	18
3791	#FFFFFF	#D3D3D3	26
3792	#FFFFFF	#D3D3D3	26
3793	#FFFFFF	#D3D3D3	26
3794	#FFFFFF	#D3D3D3	18
3795	#FFFFFF	#D3D3D3	243
3796	#FFFFFF	#D3D3D3	243
3797	#FFFFFF	#D3D3D3	243
3798	#FFFFFF	#D3D3D3	243
3799	#FFFFFF	#D3D3D3	38
3800	#FFFFFF	#D3D3D3	243
3801	#FFFFFF	#D3D3D3	18
3802	#FFFFFF	#D3D3D3	243
3803	#FFFFFF	#D3D3D3	38
3804	#FFFFFF	#D3D3D3	38
3805	#FFFFFF	#D3D3D3	38
3806	#FFFFFF	#D3D3D3	38
3807	#FFFFFF	#D3D3D3	38
3808	#FFFFFF	#D3D3D3	38
3809	#FFFFFF	#D3D3D3	79
3810	#FFFFFF	#D3D3D3	79
3811	#FFFFFF	#D3D3D3	79
3812	#FFFFFF	#D3D3D3	18
3813	#FFFFFF	#D3D3D3	79
3814	#FFFFFF	#D3D3D3	79
3815	#FFFFFF	#D3D3D3	79
3816	#FFFFFF	#D3D3D3	155
3817	#FFFFFF	#D3D3D3	155
3818	#FFFFFF	#D3D3D3	155
3819	#FFFFFF	#D3D3D3	155
3820	#FFFFFF	#D3D3D3	155
3821	#FFFFFF	#D3D3D3	79
3822	#FFFFFF	#D3D3D3	30
3823	#FFFFFF	#D3D3D3	18
3824	#FFFFFF	#D3D3D3	30
3825	#FFFFFF	#D3D3D3	30
3826	#FFFFFF	#D3D3D3	30
3827	#FFFFFF	#D3D3D3	30
3828	#FFFFFF	#D3D3D3	30
3829	#FFFFFF	#D3D3D3	30
3830	#FFFFFF	#D3D3D3	236
3831	#FFFFFF	#D3D3D3	236
3832	#FFFFFF	#D3D3D3	236
3834	#FFFFFF	#D3D3D3	18
3835	#FFFFFF	#D3D3D3	18
3836	#FFFFFF	#D3D3D3	18
3837	#FFFFFF	#D3D3D3	26
3838	#FFFFFF	#D3D3D3	26
3839	#FFFFFF	#D3D3D3	19
3840	#FFFFFF	#D3D3D3	18
3841	#FFFFFF	#D3D3D3	18
3842	#FFFFFF	#D3D3D3	26
3843	#FFFFFF	#D3D3D3	26
3844	#FFFFFF	#D3D3D3	18
3845	#FFFFFF	#D3D3D3	18
3846	#FFFFFF	#D3D3D3	18
3847	#FFFFFF	#D3D3D3	243
3848	#FFFFFF	#D3D3D3	243
3849	#FFFFFF	#D3D3D3	243
3850	#FFFFFF	#D3D3D3	243
3851	#FFFFFF	#D3D3D3	243
3852	#FFFFFF	#D3D3D3	18
3853	#FFFFFF	#D3D3D3	243
3854	#FFFFFF	#D3D3D3	38
3855	#FFFFFF	#D3D3D3	38
3856	#FFFFFF	#D3D3D3	38
3857	#FFFFFF	#D3D3D3	38
3858	#FFFFFF	#D3D3D3	38
3859	#FFFFFF	#D3D3D3	79
3860	#FFFFFF	#D3D3D3	79
3861	#FFFFFF	#D3D3D3	79
3862	#FFFFFF	#D3D3D3	79
3863	#FFFFFF	#D3D3D3	18
3864	#FFFFFF	#D3D3D3	79
3865	#FFFFFF	#D3D3D3	79
3866	#FFFFFF	#D3D3D3	155
3867	#FFFFFF	#D3D3D3	155
3868	#FFFFFF	#D3D3D3	155
3869	#FFFFFF	#D3D3D3	155
3870	#FFFFFF	#D3D3D3	155
3871	#FFFFFF	#D3D3D3	155
3872	#FFFFFF	#D3D3D3	79
3873	#FFFFFF	#D3D3D3	30
3874	#FFFFFF	#D3D3D3	18
3875	#FFFFFF	#D3D3D3	30
3876	#FFFFFF	#D3D3D3	30
3877	#FFFFFF	#D3D3D3	30
3878	#FFFFFF	#D3D3D3	30
3879	#FFFFFF	#D3D3D3	30
3880	#FFFFFF	#D3D3D3	30
3881	#FFFFFF	#D3D3D3	236
3882	#FFFFFF	#D3D3D3	236
3883	#FFFFFF	#D3D3D3	236
3884	#FFFFFF	#D3D3D3	18
3885	#FFFFFF	#D3D3D3	18
3886	#FFFFFF	#D3D3D3	18
3887	#FFFFFF	#D3D3D3	18
3888	#FFFFFF	#D3D3D3	26
3890	#FFFFFF	#D3D3D3	19
3891	#FFFFFF	#D3D3D3	18
3892	#FFFFFF	#D3D3D3	18
3893	#FFFFFF	#D3D3D3	18
3894	#FFFFFF	#D3D3D3	26
3895	#FFFFFF	#D3D3D3	18
3896	#FFFFFF	#D3D3D3	18
3897	#FFFFFF	#D3D3D3	18
3898	#FFFFFF	#D3D3D3	243
3899	#FFFFFF	#D3D3D3	243
3900	#FFFFFF	#D3D3D3	243
3901	#FFFFFF	#D3D3D3	38
3902	#FFFFFF	#D3D3D3	18
3903	#FFFFFF	#D3D3D3	243
3904	#FFFFFF	#D3D3D3	38
3905	#FFFFFF	#D3D3D3	38
3906	#FFFFFF	#D3D3D3	38
3907	#FFFFFF	#D3D3D3	38
3908	#FFFFFF	#D3D3D3	38
3909	#FFFFFF	#D3D3D3	79
3910	#FFFFFF	#D3D3D3	79
3911	#FFFFFF	#D3D3D3	79
3912	#FFFFFF	#D3D3D3	79
3913	#FFFFFF	#D3D3D3	18
3914	#FFFFFF	#D3D3D3	79
3915	#FFFFFF	#D3D3D3	79
3916	#FFFFFF	#D3D3D3	79
3917	#FFFFFF	#D3D3D3	155
3918	#FFFFFF	#D3D3D3	155
3919	#FFFFFF	#D3D3D3	155
3920	#FFFFFF	#D3D3D3	155
3921	#FFFFFF	#D3D3D3	155
3922	#FFFFFF	#D3D3D3	155
3923	#FFFFFF	#D3D3D3	79
3924	#FFFFFF	#D3D3D3	18
3925	#FFFFFF	#D3D3D3	30
3926	#FFFFFF	#D3D3D3	79
3927	#FFFFFF	#D3D3D3	30
3928	#FFFFFF	#D3D3D3	30
3929	#FFFFFF	#D3D3D3	30
3930	#FFFFFF	#D3D3D3	30
3931	#FFFFFF	#D3D3D3	30
3932	#FFFFFF	#D3D3D3	236
3933	#FFFFFF	#D3D3D3	236
3935	#FFFFFF	#D3D3D3	18
3936	#FFFFFF	#D3D3D3	18
3937	#FFFFFF	#D3D3D3	18
3938	#FFFFFF	#D3D3D3	18
3939	#FFFFFF	#D3D3D3	18
3940	#FFFFFF	#D3D3D3	19
3941	#FFFFFF	#D3D3D3	19
3942	#FFFFFF	#D3D3D3	19
3943	#FFFFFF	#D3D3D3	18
3944	#FFFFFF	#D3D3D3	26
3945	#FFFFFF	#D3D3D3	26
3946	#FFFFFF	#D3D3D3	18
3947	#FFFFFF	#D3D3D3	18
3948	#FFFFFF	#D3D3D3	18
3949	#FFFFFF	#D3D3D3	18
3950	#FFFFFF	#D3D3D3	243
3951	#FFFFFF	#D3D3D3	243
3952	#FFFFFF	#D3D3D3	38
3953	#FFFFFF	#D3D3D3	18
3954	#FFFFFF	#D3D3D3	38
3955	#FFFFFF	#D3D3D3	38
3956	#FFFFFF	#D3D3D3	38
3957	#FFFFFF	#D3D3D3	38
3958	#FFFFFF	#D3D3D3	38
3959	#FFFFFF	#D3D3D3	79
3960	#FFFFFF	#D3D3D3	79
3961	#FFFFFF	#D3D3D3	79
3962	#FFFFFF	#D3D3D3	79
3963	#FFFFFF	#D3D3D3	79
3964	#FFFFFF	#D3D3D3	18
3965	#FFFFFF	#D3D3D3	79
3966	#FFFFFF	#D3D3D3	79
3967	#FFFFFF	#D3D3D3	155
3968	#FFFFFF	#D3D3D3	155
3969	#FFFFFF	#D3D3D3	155
3970	#FFFFFF	#D3D3D3	155
3971	#FFFFFF	#D3D3D3	155
3972	#FFFFFF	#D3D3D3	155
3973	#FFFFFF	#D3D3D3	79
3974	#FFFFFF	#D3D3D3	79
3975	#FFFFFF	#D3D3D3	18
3976	#FFFFFF	#D3D3D3	79
3977	#FFFFFF	#D3D3D3	30
3978	#FFFFFF	#D3D3D3	30
3979	#FFFFFF	#D3D3D3	30
3980	#FFFFFF	#D3D3D3	30
3981	#FFFFFF	#D3D3D3	30
3982	#FFFFFF	#D3D3D3	30
3983	#FFFFFF	#D3D3D3	236
3984	#FFFFFF	#D3D3D3	236
3985	#FFFFFF	#D3D3D3	18
3986	#FFFFFF	#D3D3D3	18
3987	#FFFFFF	#D3D3D3	18
3988	#FFFFFF	#D3D3D3	18
3989	#FFFFFF	#D3D3D3	18
4042	#FFFFFF	#D3D3D3	26
4043	#FFFFFF	#D3D3D3	26
4044	#FFFFFF	#D3D3D3	298
4045	#FFFFFF	#D3D3D3	298
4046	#FFFFFF	#D3D3D3	298
4047	#FFFFFF	#D3D3D3	298
4048	#FFFFFF	#D3D3D3	298
4049	#FFFFFF	#D3D3D3	298
4050	#FFFFFF	#D3D3D3	298
4051	#FFFFFF	#D3D3D3	298
4052	#FFFFFF	#D3D3D3	236
4053	#FFFFFF	#D3D3D3	236
4054	#FFFFFF	#D3D3D3	30
4055	#FFFFFF	#D3D3D3	236
4056	#FFFFFF	#D3D3D3	236
4057	#FFFFFF	#D3D3D3	236
4058	#FFFFFF	#D3D3D3	10
4059	#FFFFFF	#D3D3D3	10
4060	#FFFFFF	#D3D3D3	10
4061	#FFFFFF	#D3D3D3	236
4062	#FFFFFF	#D3D3D3	236
4063	#FFFFFF	#D3D3D3	10
4064	#FFFFFF	#D3D3D3	10
4065	#FFFFFF	#D3D3D3	30
4066	#FFFFFF	#D3D3D3	10
4067	#FFFFFF	#D3D3D3	10
4068	#FFFFFF	#D3D3D3	17
4069	#FFFFFF	#D3D3D3	17
4070	#FFFFFF	#D3D3D3	17
4071	#FFFFFF	#D3D3D3	17
4072	#FFFFFF	#D3D3D3	17
4073	#FFFFFF	#D3D3D3	17
4074	#FFFFFF	#D3D3D3	17
4075	#FFFFFF	#D3D3D3	17
4076	#FFFFFF	#D3D3D3	30
4077	#FFFFFF	#D3D3D3	17
4078	#FFFFFF	#D3D3D3	17
4079	#FFFFFF	#D3D3D3	17
4080	#FFFFFF	#D3D3D3	17
4081	#FFFFFF	#D3D3D3	17
4082	#FFFFFF	#D3D3D3	17
4083	#FFFFFF	#D3D3D3	10
4084	#FFFFFF	#D3D3D3	10
4085	#FFFFFF	#D3D3D3	10
4087	#FFFFFF	#D3D3D3	30
4088	#FFFFFF	#D3D3D3	26
4089	#FFFFFF	#D3D3D3	26
4090	#FFFFFF	#D3D3D3	298
4091	#FFFFFF	#D3D3D3	298
4092	#FFFFFF	#D3D3D3	30
4093	#FFFFFF	#D3D3D3	30
4094	#FFFFFF	#D3D3D3	30
4095	#FFFFFF	#D3D3D3	298
4096	#FFFFFF	#D3D3D3	298
4097	#FFFFFF	#D3D3D3	298
4098	#FFFFFF	#D3D3D3	298
4099	#FFFFFF	#D3D3D3	298
4100	#FFFFFF	#D3D3D3	298
4101	#FFFFFF	#D3D3D3	298
4102	#FFFFFF	#D3D3D3	298
4103	#FFFFFF	#D3D3D3	236
4104	#FFFFFF	#D3D3D3	236
4105	#FFFFFF	#D3D3D3	30
4106	#FFFFFF	#D3D3D3	236
4107	#FFFFFF	#D3D3D3	236
4108	#FFFFFF	#D3D3D3	236
4109	#FFFFFF	#D3D3D3	10
4110	#FFFFFF	#D3D3D3	236
4111	#FFFFFF	#D3D3D3	236
4112	#FFFFFF	#D3D3D3	236
4113	#FFFFFF	#D3D3D3	10
4114	#FFFFFF	#D3D3D3	10
4115	#FFFFFF	#D3D3D3	10
4116	#FFFFFF	#D3D3D3	30
4117	#FFFFFF	#D3D3D3	10
4118	#FFFFFF	#D3D3D3	10
4119	#FFFFFF	#D3D3D3	17
4120	#FFFFFF	#D3D3D3	17
4121	#FFFFFF	#D3D3D3	17
4122	#FFFFFF	#D3D3D3	17
4123	#FFFFFF	#D3D3D3	17
4124	#FFFFFF	#D3D3D3	17
4125	#FFFFFF	#D3D3D3	17
4126	#FFFFFF	#D3D3D3	17
4127	#FFFFFF	#D3D3D3	30
4128	#FFFFFF	#D3D3D3	17
4129	#FFFFFF	#D3D3D3	17
4130	#FFFFFF	#D3D3D3	17
4131	#FFFFFF	#D3D3D3	17
4132	#FFFFFF	#D3D3D3	17
4133	#FFFFFF	#D3D3D3	17
4134	#FFFFFF	#D3D3D3	17
4135	#FFFFFF	#D3D3D3	17
4136	#FFFFFF	#D3D3D3	10
4137	#FFFFFF	#D3D3D3	30
4138	#FFFFFF	#D3D3D3	30
4139	#FFFFFF	#D3D3D3	26
4140	#FFFFFF	#D3D3D3	298
4141	#FFFFFF	#D3D3D3	298
4143	#FFFFFF	#D3D3D3	30
4144	#FFFFFF	#D3D3D3	30
4145	#FFFFFF	#D3D3D3	298
4146	#FFFFFF	#D3D3D3	298
4147	#FFFFFF	#D3D3D3	298
4148	#FFFFFF	#D3D3D3	298
4149	#FFFFFF	#D3D3D3	298
4150	#FFFFFF	#D3D3D3	298
4151	#FFFFFF	#D3D3D3	298
4152	#FFFFFF	#D3D3D3	298
4153	#FFFFFF	#D3D3D3	298
4154	#FFFFFF	#D3D3D3	236
4155	#FFFFFF	#D3D3D3	120
4156	#FFFFFF	#D3D3D3	236
4157	#FFFFFF	#D3D3D3	236
4158	#FFFFFF	#D3D3D3	236
4159	#FFFFFF	#D3D3D3	236
4160	#FFFFFF	#D3D3D3	236
4161	#FFFFFF	#D3D3D3	236
4162	#FFFFFF	#D3D3D3	236
4163	#FFFFFF	#D3D3D3	10
4164	#FFFFFF	#D3D3D3	10
4165	#FFFFFF	#D3D3D3	10
4166	#FFFFFF	#D3D3D3	30
4167	#FFFFFF	#D3D3D3	10
4168	#FFFFFF	#D3D3D3	10
4169	#FFFFFF	#D3D3D3	10
4170	#FFFFFF	#D3D3D3	10
4171	#FFFFFF	#D3D3D3	17
4172	#FFFFFF	#D3D3D3	17
4173	#FFFFFF	#D3D3D3	17
4174	#FFFFFF	#D3D3D3	17
4175	#FFFFFF	#D3D3D3	17
4176	#FFFFFF	#D3D3D3	17
4177	#FFFFFF	#D3D3D3	30
4178	#FFFFFF	#D3D3D3	17
4179	#FFFFFF	#D3D3D3	17
4180	#FFFFFF	#D3D3D3	17
4181	#FFFFFF	#D3D3D3	17
4182	#FFFFFF	#D3D3D3	17
4183	#FFFFFF	#D3D3D3	17
4184	#FFFFFF	#D3D3D3	17
4185	#FFFFFF	#D3D3D3	17
4186	#FFFFFF	#D3D3D3	10
4188	#FFFFFF	#D3D3D3	30
4189	#FFFFFF	#D3D3D3	30
4190	#FFFFFF	#D3D3D3	30
4191	#FFFFFF	#D3D3D3	26
4192	#FFFFFF	#D3D3D3	298
4193	#FFFFFF	#D3D3D3	30
4194	#FFFFFF	#D3D3D3	30
4195	#FFFFFF	#D3D3D3	120
4196	#FFFFFF	#D3D3D3	298
4197	#FFFFFF	#D3D3D3	298
4198	#FFFFFF	#D3D3D3	298
4199	#FFFFFF	#D3D3D3	298
4200	#FFFFFF	#D3D3D3	298
4201	#FFFFFF	#D3D3D3	298
4202	#FFFFFF	#D3D3D3	298
4203	#FFFFFF	#D3D3D3	298
4204	#FFFFFF	#D3D3D3	236
4205	#FFFFFF	#D3D3D3	236
4206	#FFFFFF	#D3D3D3	30
4207	#FFFFFF	#D3D3D3	236
4208	#FFFFFF	#D3D3D3	236
4209	#FFFFFF	#D3D3D3	236
4210	#FFFFFF	#D3D3D3	236
4211	#FFFFFF	#D3D3D3	236
4212	#FFFFFF	#D3D3D3	236
4213	#FFFFFF	#D3D3D3	10
4214	#FFFFFF	#D3D3D3	10
4215	#FFFFFF	#D3D3D3	10
4216	#FFFFFF	#D3D3D3	10
4217	#FFFFFF	#D3D3D3	30
4218	#FFFFFF	#D3D3D3	10
4219	#FFFFFF	#D3D3D3	10
4220	#FFFFFF	#D3D3D3	10
4221	#FFFFFF	#D3D3D3	17
4222	#FFFFFF	#D3D3D3	17
4223	#FFFFFF	#D3D3D3	17
4224	#FFFFFF	#D3D3D3	17
4225	#FFFFFF	#D3D3D3	17
4226	#FFFFFF	#D3D3D3	17
4227	#FFFFFF	#D3D3D3	17
4228	#FFFFFF	#D3D3D3	30
4229	#FFFFFF	#D3D3D3	17
4230	#FFFFFF	#D3D3D3	17
4231	#FFFFFF	#D3D3D3	17
4232	#FFFFFF	#D3D3D3	17
4233	#FFFFFF	#D3D3D3	17
4234	#FFFFFF	#D3D3D3	17
4235	#FFFFFF	#D3D3D3	17
4236	#FFFFFF	#D3D3D3	17
4237	#FFFFFF	#D3D3D3	10
4238	#FFFFFF	#D3D3D3	30
4239	#FFFFFF	#D3D3D3	30
4240	#FFFFFF	#D3D3D3	26
4241	#FFFFFF	#D3D3D3	26
4242	#FFFFFF	#D3D3D3	298
4244	#FFFFFF	#D3D3D3	120
4245	#FFFFFF	#D3D3D3	120
4246	#FFFFFF	#D3D3D3	298
4247	#FFFFFF	#D3D3D3	298
4248	#FFFFFF	#D3D3D3	298
4249	#FFFFFF	#D3D3D3	298
4250	#FFFFFF	#D3D3D3	298
4251	#FFFFFF	#D3D3D3	298
4252	#FFFFFF	#D3D3D3	298
4253	#FFFFFF	#D3D3D3	298
4254	#FFFFFF	#D3D3D3	236
4255	#FFFFFF	#D3D3D3	236
4256	#FFFFFF	#D3D3D3	30
4257	#FFFFFF	#D3D3D3	236
4258	#FFFFFF	#D3D3D3	236
4259	#FFFFFF	#D3D3D3	236
4260	#FFFFFF	#D3D3D3	236
4261	#FFFFFF	#D3D3D3	236
4262	#FFFFFF	#D3D3D3	236
4263	#FFFFFF	#D3D3D3	10
4264	#FFFFFF	#D3D3D3	10
4265	#FFFFFF	#D3D3D3	10
4266	#FFFFFF	#D3D3D3	10
4267	#FFFFFF	#D3D3D3	120
4268	#FFFFFF	#D3D3D3	10
4269	#FFFFFF	#D3D3D3	10
4270	#FFFFFF	#D3D3D3	10
4271	#FFFFFF	#D3D3D3	10
4272	#FFFFFF	#D3D3D3	10
4273	#FFFFFF	#D3D3D3	17
4274	#FFFFFF	#D3D3D3	17
4275	#FFFFFF	#D3D3D3	17
4276	#FFFFFF	#D3D3D3	17
4277	#FFFFFF	#D3D3D3	17
4278	#FFFFFF	#D3D3D3	120
4279	#FFFFFF	#D3D3D3	17
4280	#FFFFFF	#D3D3D3	17
4281	#FFFFFF	#D3D3D3	17
4282	#FFFFFF	#D3D3D3	17
4283	#FFFFFF	#D3D3D3	17
4284	#FFFFFF	#D3D3D3	17
4285	#FFFFFF	#D3D3D3	17
4286	#FFFFFF	#D3D3D3	17
4287	#FFFFFF	#D3D3D3	10
4289	#FFFFFF	#D3D3D3	30
4290	#FFFFFF	#D3D3D3	30
4291	#FFFFFF	#D3D3D3	30
4292	#FFFFFF	#D3D3D3	26
4293	#FFFFFF	#D3D3D3	26
4294	#FFFFFF	#D3D3D3	120
4295	#FFFFFF	#D3D3D3	120
4296	#FFFFFF	#D3D3D3	120
4297	#FFFFFF	#D3D3D3	298
4298	#FFFFFF	#D3D3D3	298
4299	#FFFFFF	#D3D3D3	298
4300	#FFFFFF	#D3D3D3	298
4301	#FFFFFF	#D3D3D3	298
4302	#FFFFFF	#D3D3D3	298
4303	#FFFFFF	#D3D3D3	298
4304	#FFFFFF	#D3D3D3	298
4305	#FFFFFF	#D3D3D3	236
4306	#FFFFFF	#D3D3D3	298
4307	#FFFFFF	#D3D3D3	120
4308	#FFFFFF	#D3D3D3	236
4309	#FFFFFF	#D3D3D3	236
4310	#FFFFFF	#D3D3D3	236
4311	#FFFFFF	#D3D3D3	236
4312	#FFFFFF	#D3D3D3	236
4313	#FFFFFF	#D3D3D3	10
4314	#FFFFFF	#D3D3D3	10
4315	#FFFFFF	#D3D3D3	10
4316	#FFFFFF	#D3D3D3	10
4317	#FFFFFF	#D3D3D3	10
4318	#FFFFFF	#D3D3D3	120
4319	#FFFFFF	#D3D3D3	10
4320	#FFFFFF	#D3D3D3	10
4321	#FFFFFF	#D3D3D3	10
4322	#FFFFFF	#D3D3D3	10
4323	#FFFFFF	#D3D3D3	10
4324	#FFFFFF	#D3D3D3	17
4325	#FFFFFF	#D3D3D3	17
4326	#FFFFFF	#D3D3D3	17
4327	#FFFFFF	#D3D3D3	17
4328	#FFFFFF	#D3D3D3	17
4329	#FFFFFF	#D3D3D3	120
4330	#FFFFFF	#D3D3D3	17
4331	#FFFFFF	#D3D3D3	17
4332	#FFFFFF	#D3D3D3	17
4333	#FFFFFF	#D3D3D3	17
4334	#FFFFFF	#D3D3D3	17
4335	#FFFFFF	#D3D3D3	17
4336	#FFFFFF	#D3D3D3	17
4337	#FFFFFF	#D3D3D3	17
4338	#FFFFFF	#D3D3D3	10
4339	#FFFFFF	#D3D3D3	30
4340	#FFFFFF	#D3D3D3	30
4341	#FFFFFF	#D3D3D3	30
4342	#FFFFFF	#D3D3D3	26
4343	#FFFFFF	#D3D3D3	26
4345	#FFFFFF	#D3D3D3	120
4346	#FFFFFF	#D3D3D3	120
4347	#FFFFFF	#D3D3D3	26
4348	#FFFFFF	#D3D3D3	26
4349	#FFFFFF	#D3D3D3	298
4350	#FFFFFF	#D3D3D3	298
4351	#FFFFFF	#D3D3D3	298
4352	#FFFFFF	#D3D3D3	298
4353	#FFFFFF	#D3D3D3	298
4354	#FFFFFF	#D3D3D3	298
4355	#FFFFFF	#D3D3D3	298
4356	#FFFFFF	#D3D3D3	298
4357	#FFFFFF	#D3D3D3	120
4358	#FFFFFF	#D3D3D3	298
4359	#FFFFFF	#D3D3D3	236
4360	#FFFFFF	#D3D3D3	236
4361	#FFFFFF	#D3D3D3	236
4362	#FFFFFF	#D3D3D3	236
4363	#FFFFFF	#D3D3D3	236
4364	#FFFFFF	#D3D3D3	10
4365	#FFFFFF	#D3D3D3	10
4366	#FFFFFF	#D3D3D3	10
4367	#FFFFFF	#D3D3D3	10
4368	#FFFFFF	#D3D3D3	120
4369	#FFFFFF	#D3D3D3	10
4370	#FFFFFF	#D3D3D3	10
4371	#FFFFFF	#D3D3D3	10
4372	#FFFFFF	#D3D3D3	10
4373	#FFFFFF	#D3D3D3	10
4374	#FFFFFF	#D3D3D3	17
4375	#FFFFFF	#D3D3D3	17
4376	#FFFFFF	#D3D3D3	17
4377	#FFFFFF	#D3D3D3	17
4378	#FFFFFF	#D3D3D3	17
4379	#FFFFFF	#D3D3D3	120
4380	#FFFFFF	#D3D3D3	17
4381	#FFFFFF	#D3D3D3	17
4382	#FFFFFF	#D3D3D3	17
4383	#FFFFFF	#D3D3D3	17
4384	#FFFFFF	#D3D3D3	17
4385	#FFFFFF	#D3D3D3	17
4386	#FFFFFF	#D3D3D3	17
4387	#FFFFFF	#D3D3D3	17
4388	#FFFFFF	#D3D3D3	17
4390	#FFFFFF	#D3D3D3	120
4391	#FFFFFF	#D3D3D3	30
4392	#FFFFFF	#D3D3D3	30
4393	#FFFFFF	#D3D3D3	30
4394	#FFFFFF	#D3D3D3	26
4395	#FFFFFF	#D3D3D3	120
4396	#FFFFFF	#D3D3D3	120
4397	#FFFFFF	#D3D3D3	120
4398	#FFFFFF	#D3D3D3	26
4399	#FFFFFF	#D3D3D3	207
4400	#FFFFFF	#D3D3D3	298
4401	#FFFFFF	#D3D3D3	298
4402	#FFFFFF	#D3D3D3	298
4403	#FFFFFF	#D3D3D3	298
4404	#FFFFFF	#D3D3D3	207
4405	#FFFFFF	#D3D3D3	298
4406	#FFFFFF	#D3D3D3	298
4407	#FFFFFF	#D3D3D3	298
4408	#FFFFFF	#D3D3D3	120
4409	#FFFFFF	#D3D3D3	298
4410	#FFFFFF	#D3D3D3	236
4411	#FFFFFF	#D3D3D3	236
4412	#FFFFFF	#D3D3D3	236
4413	#FFFFFF	#D3D3D3	236
4414	#FFFFFF	#D3D3D3	236
4415	#FFFFFF	#D3D3D3	10
4416	#FFFFFF	#D3D3D3	10
4417	#FFFFFF	#D3D3D3	10
4418	#FFFFFF	#D3D3D3	10
4419	#FFFFFF	#D3D3D3	120
4420	#FFFFFF	#D3D3D3	10
4421	#FFFFFF	#D3D3D3	10
4422	#FFFFFF	#D3D3D3	10
4423	#FFFFFF	#D3D3D3	10
4424	#FFFFFF	#D3D3D3	10
4425	#FFFFFF	#D3D3D3	17
4426	#FFFFFF	#D3D3D3	17
4427	#FFFFFF	#D3D3D3	17
4428	#FFFFFF	#D3D3D3	17
4429	#FFFFFF	#D3D3D3	17
4430	#FFFFFF	#D3D3D3	120
4431	#FFFFFF	#D3D3D3	17
4432	#FFFFFF	#D3D3D3	17
4433	#FFFFFF	#D3D3D3	17
4434	#FFFFFF	#D3D3D3	17
4435	#FFFFFF	#D3D3D3	17
4436	#FFFFFF	#D3D3D3	17
4437	#FFFFFF	#D3D3D3	17
4438	#FFFFFF	#D3D3D3	17
4439	#FFFFFF	#D3D3D3	17
4440	#FFFFFF	#D3D3D3	30
4441	#FFFFFF	#D3D3D3	30
4442	#FFFFFF	#D3D3D3	30
4443	#FFFFFF	#D3D3D3	30
4444	#FFFFFF	#D3D3D3	26
4446	#FFFFFF	#D3D3D3	120
4447	#FFFFFF	#D3D3D3	120
4448	#FFFFFF	#D3D3D3	26
4449	#FFFFFF	#D3D3D3	26
4450	#FFFFFF	#D3D3D3	207
4451	#FFFFFF	#D3D3D3	298
4452	#FFFFFF	#D3D3D3	298
4453	#FFFFFF	#D3D3D3	298
4454	#FFFFFF	#D3D3D3	207
4455	#FFFFFF	#D3D3D3	207
4456	#FFFFFF	#D3D3D3	298
4457	#FFFFFF	#D3D3D3	298
4458	#FFFFFF	#D3D3D3	120
4459	#FFFFFF	#D3D3D3	298
4460	#FFFFFF	#D3D3D3	236
4461	#FFFFFF	#D3D3D3	236
4462	#FFFFFF	#D3D3D3	236
4463	#FFFFFF	#D3D3D3	236
4464	#FFFFFF	#D3D3D3	236
4465	#FFFFFF	#D3D3D3	10
4466	#FFFFFF	#D3D3D3	10
4467	#FFFFFF	#D3D3D3	10
4468	#FFFFFF	#D3D3D3	10
4469	#FFFFFF	#D3D3D3	120
4470	#FFFFFF	#D3D3D3	10
4471	#FFFFFF	#D3D3D3	10
4472	#FFFFFF	#D3D3D3	10
4473	#FFFFFF	#D3D3D3	10
4474	#FFFFFF	#D3D3D3	10
4475	#FFFFFF	#D3D3D3	10
4476	#FFFFFF	#D3D3D3	17
4477	#FFFFFF	#D3D3D3	17
4478	#FFFFFF	#D3D3D3	17
4479	#FFFFFF	#D3D3D3	17
4480	#FFFFFF	#D3D3D3	120
4481	#FFFFFF	#D3D3D3	17
4482	#FFFFFF	#D3D3D3	17
4483	#FFFFFF	#D3D3D3	17
4484	#FFFFFF	#D3D3D3	17
4485	#FFFFFF	#D3D3D3	17
4486	#FFFFFF	#D3D3D3	17
4487	#FFFFFF	#D3D3D3	17
4488	#FFFFFF	#D3D3D3	17
4489	#FFFFFF	#D3D3D3	17
4491	#FFFFFF	#D3D3D3	30
4492	#FFFFFF	#D3D3D3	30
4493	#FFFFFF	#D3D3D3	30
4494	#FFFFFF	#D3D3D3	30
4495	#FFFFFF	#D3D3D3	30
4496	#FFFFFF	#D3D3D3	120
4497	#FFFFFF	#D3D3D3	120
4498	#FFFFFF	#D3D3D3	120
4499	#FFFFFF	#D3D3D3	26
4500	#FFFFFF	#D3D3D3	26
4501	#FFFFFF	#D3D3D3	207
4502	#FFFFFF	#D3D3D3	298
4503	#FFFFFF	#D3D3D3	298
4504	#FFFFFF	#D3D3D3	207
4505	#FFFFFF	#D3D3D3	207
4506	#FFFFFF	#D3D3D3	298
4507	#FFFFFF	#D3D3D3	298
4508	#FFFFFF	#D3D3D3	298
4509	#FFFFFF	#D3D3D3	120
4510	#FFFFFF	#D3D3D3	298
4511	#FFFFFF	#D3D3D3	236
4512	#FFFFFF	#D3D3D3	236
4513	#FFFFFF	#D3D3D3	236
4514	#FFFFFF	#D3D3D3	236
4515	#FFFFFF	#D3D3D3	236
4516	#FFFFFF	#D3D3D3	236
4517	#FFFFFF	#D3D3D3	10
4518	#FFFFFF	#D3D3D3	10
4519	#FFFFFF	#D3D3D3	10
4520	#FFFFFF	#D3D3D3	120
4521	#FFFFFF	#D3D3D3	10
4522	#FFFFFF	#D3D3D3	10
4523	#FFFFFF	#D3D3D3	10
4524	#FFFFFF	#D3D3D3	10
4525	#FFFFFF	#D3D3D3	10
4526	#FFFFFF	#D3D3D3	10
4527	#FFFFFF	#D3D3D3	17
4528	#FFFFFF	#D3D3D3	17
4529	#FFFFFF	#D3D3D3	17
4530	#FFFFFF	#D3D3D3	17
4531	#FFFFFF	#D3D3D3	30
4532	#FFFFFF	#D3D3D3	17
4533	#FFFFFF	#D3D3D3	17
4534	#FFFFFF	#D3D3D3	17
4535	#FFFFFF	#D3D3D3	17
4536	#FFFFFF	#D3D3D3	17
4537	#FFFFFF	#D3D3D3	17
4538	#FFFFFF	#D3D3D3	17
4539	#FFFFFF	#D3D3D3	17
4540	#FFFFFF	#D3D3D3	17
4541	#FFFFFF	#D3D3D3	30
4542	#FFFFFF	#D3D3D3	30
4543	#FFFFFF	#D3D3D3	30
4544	#FFFFFF	#D3D3D3	30
4545	#FFFFFF	#D3D3D3	30
4547	#FFFFFF	#D3D3D3	26
4548	#FFFFFF	#D3D3D3	26
4549	#FFFFFF	#D3D3D3	298
4550	#FFFFFF	#D3D3D3	298
4551	#FFFFFF	#D3D3D3	298
4552	#FFFFFF	#D3D3D3	41
4553	#FFFFFF	#D3D3D3	41
4554	#FFFFFF	#D3D3D3	236
4555	#FFFFFF	#D3D3D3	236
4556	#FFFFFF	#D3D3D3	236
4557	#FFFFFF	#D3D3D3	10
4558	#FFFFFF	#D3D3D3	10
4559	#FFFFFF	#D3D3D3	26
4560	#FFFFFF	#D3D3D3	10
4561	#FFFFFF	#D3D3D3	10
4562	#FFFFFF	#D3D3D3	10
4563	#FFFFFF	#D3D3D3	10
4564	#FFFFFF	#D3D3D3	10
4565	#FFFFFF	#D3D3D3	10
4566	#FFFFFF	#D3D3D3	10
4567	#FFFFFF	#D3D3D3	158
4568	#FFFFFF	#D3D3D3	158
4569	#FFFFFF	#D3D3D3	158
4570	#FFFFFF	#D3D3D3	298
4571	#FFFFFF	#D3D3D3	158
4572	#FFFFFF	#D3D3D3	10
4573	#FFFFFF	#D3D3D3	10
4574	#FFFFFF	#D3D3D3	17
4575	#FFFFFF	#D3D3D3	17
4576	#FFFFFF	#D3D3D3	17
4577	#FFFFFF	#D3D3D3	17
4578	#FFFFFF	#D3D3D3	17
4579	#FFFFFF	#D3D3D3	17
4580	#FFFFFF	#D3D3D3	10
4581	#FFFFFF	#D3D3D3	298
4582	#FFFFFF	#D3D3D3	10
4583	#FFFFFF	#D3D3D3	10
4584	#FFFFFF	#D3D3D3	10
4585	#FFFFFF	#D3D3D3	10
4586	#FFFFFF	#D3D3D3	10
4587	#FFFFFF	#D3D3D3	10
4588	#FFFFFF	#D3D3D3	239
4589	#FFFFFF	#D3D3D3	10
4590	#FFFFFF	#D3D3D3	10
4592	#FFFFFF	#D3D3D3	298
4593	#FFFFFF	#D3D3D3	298
4594	#FFFFFF	#D3D3D3	298
4595	#FFFFFF	#D3D3D3	298
4596	#FFFFFF	#D3D3D3	298
4597	#FFFFFF	#D3D3D3	41
4598	#FFFFFF	#D3D3D3	26
4599	#FFFFFF	#D3D3D3	26
4600	#FFFFFF	#D3D3D3	298
4601	#FFFFFF	#D3D3D3	298
4602	#FFFFFF	#D3D3D3	41
4603	#FFFFFF	#D3D3D3	41
4604	#FFFFFF	#D3D3D3	236
4605	#FFFFFF	#D3D3D3	236
4606	#FFFFFF	#D3D3D3	236
4607	#FFFFFF	#D3D3D3	10
4608	#FFFFFF	#D3D3D3	10
4609	#FFFFFF	#D3D3D3	10
4610	#FFFFFF	#D3D3D3	26
4611	#FFFFFF	#D3D3D3	10
4612	#FFFFFF	#D3D3D3	10
4613	#FFFFFF	#D3D3D3	10
4614	#FFFFFF	#D3D3D3	10
4615	#FFFFFF	#D3D3D3	10
4616	#FFFFFF	#D3D3D3	10
4617	#FFFFFF	#D3D3D3	10
4618	#FFFFFF	#D3D3D3	158
4619	#FFFFFF	#D3D3D3	158
4620	#FFFFFF	#D3D3D3	158
4621	#FFFFFF	#D3D3D3	26
4622	#FFFFFF	#D3D3D3	158
4623	#FFFFFF	#D3D3D3	10
4624	#FFFFFF	#D3D3D3	10
4625	#FFFFFF	#D3D3D3	17
4626	#FFFFFF	#D3D3D3	17
4627	#FFFFFF	#D3D3D3	17
4628	#FFFFFF	#D3D3D3	17
4629	#FFFFFF	#D3D3D3	17
4630	#FFFFFF	#D3D3D3	10
4631	#FFFFFF	#D3D3D3	10
4632	#FFFFFF	#D3D3D3	298
4633	#FFFFFF	#D3D3D3	10
4634	#FFFFFF	#D3D3D3	10
4635	#FFFFFF	#D3D3D3	10
4636	#FFFFFF	#D3D3D3	10
4637	#FFFFFF	#D3D3D3	10
4638	#FFFFFF	#D3D3D3	239
4639	#FFFFFF	#D3D3D3	10
4640	#FFFFFF	#D3D3D3	10
4641	#FFFFFF	#D3D3D3	239
4642	#FFFFFF	#D3D3D3	298
4643	#FFFFFF	#D3D3D3	298
4644	#FFFFFF	#D3D3D3	298
4645	#FFFFFF	#D3D3D3	298
4646	#FFFFFF	#D3D3D3	298
4648	#FFFFFF	#D3D3D3	41
4649	#FFFFFF	#D3D3D3	26
4650	#FFFFFF	#D3D3D3	298
4651	#FFFFFF	#D3D3D3	298
4652	#FFFFFF	#D3D3D3	41
4653	#FFFFFF	#D3D3D3	41
4654	#FFFFFF	#D3D3D3	236
4655	#FFFFFF	#D3D3D3	236
4656	#FFFFFF	#D3D3D3	236
4657	#FFFFFF	#D3D3D3	10
4658	#FFFFFF	#D3D3D3	10
4659	#FFFFFF	#D3D3D3	10
4660	#FFFFFF	#D3D3D3	26
4661	#FFFFFF	#D3D3D3	10
4662	#FFFFFF	#D3D3D3	10
4663	#FFFFFF	#D3D3D3	10
4664	#FFFFFF	#D3D3D3	10
4665	#FFFFFF	#D3D3D3	10
4666	#FFFFFF	#D3D3D3	10
4667	#FFFFFF	#D3D3D3	10
4668	#FFFFFF	#D3D3D3	158
4669	#FFFFFF	#D3D3D3	158
4670	#FFFFFF	#D3D3D3	158
4671	#FFFFFF	#D3D3D3	26
4672	#FFFFFF	#D3D3D3	158
4673	#FFFFFF	#D3D3D3	158
4674	#FFFFFF	#D3D3D3	10
4675	#FFFFFF	#D3D3D3	10
4676	#FFFFFF	#D3D3D3	10
4677	#FFFFFF	#D3D3D3	10
4678	#FFFFFF	#D3D3D3	17
4679	#FFFFFF	#D3D3D3	17
4680	#FFFFFF	#D3D3D3	17
4681	#FFFFFF	#D3D3D3	10
4682	#FFFFFF	#D3D3D3	26
4683	#FFFFFF	#D3D3D3	10
4684	#FFFFFF	#D3D3D3	10
4685	#FFFFFF	#D3D3D3	10
4686	#FFFFFF	#D3D3D3	10
4687	#FFFFFF	#D3D3D3	10
4688	#FFFFFF	#D3D3D3	239
4689	#FFFFFF	#D3D3D3	10
4690	#FFFFFF	#D3D3D3	10
4691	#FFFFFF	#D3D3D3	239
4693	#FFFFFF	#D3D3D3	26
4694	#FFFFFF	#D3D3D3	298
4695	#FFFFFF	#D3D3D3	298
4696	#FFFFFF	#D3D3D3	298
4697	#FFFFFF	#D3D3D3	298
4698	#FFFFFF	#D3D3D3	41
4699	#FFFFFF	#D3D3D3	41
4700	#FFFFFF	#D3D3D3	26
4701	#FFFFFF	#D3D3D3	298
4702	#FFFFFF	#D3D3D3	41
4703	#FFFFFF	#D3D3D3	41
4704	#FFFFFF	#D3D3D3	236
4705	#FFFFFF	#D3D3D3	236
4706	#FFFFFF	#D3D3D3	236
4707	#FFFFFF	#D3D3D3	10
4708	#FFFFFF	#D3D3D3	10
4709	#FFFFFF	#D3D3D3	10
4710	#FFFFFF	#D3D3D3	10
4711	#FFFFFF	#D3D3D3	26
4712	#FFFFFF	#D3D3D3	10
4713	#FFFFFF	#D3D3D3	10
4714	#FFFFFF	#D3D3D3	10
4715	#FFFFFF	#D3D3D3	10
4716	#FFFFFF	#D3D3D3	10
4717	#FFFFFF	#D3D3D3	158
4718	#FFFFFF	#D3D3D3	10
4719	#FFFFFF	#D3D3D3	158
4720	#FFFFFF	#D3D3D3	158
4721	#FFFFFF	#D3D3D3	158
4722	#FFFFFF	#D3D3D3	26
4723	#FFFFFF	#D3D3D3	158
4724	#FFFFFF	#D3D3D3	158
4725	#FFFFFF	#D3D3D3	10
4726	#FFFFFF	#D3D3D3	10
4727	#FFFFFF	#D3D3D3	10
4728	#FFFFFF	#D3D3D3	17
4729	#FFFFFF	#D3D3D3	17
4730	#FFFFFF	#D3D3D3	17
4731	#FFFFFF	#D3D3D3	17
4732	#FFFFFF	#D3D3D3	10
4733	#FFFFFF	#D3D3D3	26
4734	#FFFFFF	#D3D3D3	10
4735	#FFFFFF	#D3D3D3	10
4736	#FFFFFF	#D3D3D3	10
4737	#FFFFFF	#D3D3D3	10
4738	#FFFFFF	#D3D3D3	239
4739	#FFFFFF	#D3D3D3	10
4740	#FFFFFF	#D3D3D3	239
4741	#FFFFFF	#D3D3D3	239
4742	#FFFFFF	#D3D3D3	10
4743	#FFFFFF	#D3D3D3	26
4744	#FFFFFF	#D3D3D3	298
4745	#FFFFFF	#D3D3D3	298
4746	#FFFFFF	#D3D3D3	298
4747	#FFFFFF	#D3D3D3	298
4749	#FFFFFF	#D3D3D3	41
4750	#FFFFFF	#D3D3D3	41
4751	#FFFFFF	#D3D3D3	298
4752	#FFFFFF	#D3D3D3	41
4753	#FFFFFF	#D3D3D3	41
4754	#FFFFFF	#D3D3D3	41
4755	#FFFFFF	#D3D3D3	236
4756	#FFFFFF	#D3D3D3	236
4757	#FFFFFF	#D3D3D3	10
4758	#FFFFFF	#D3D3D3	10
4759	#FFFFFF	#D3D3D3	10
4760	#FFFFFF	#D3D3D3	10
4761	#FFFFFF	#D3D3D3	26
4762	#FFFFFF	#D3D3D3	10
4763	#FFFFFF	#D3D3D3	10
4764	#FFFFFF	#D3D3D3	10
4765	#FFFFFF	#D3D3D3	236
4766	#FFFFFF	#D3D3D3	10
4767	#FFFFFF	#D3D3D3	10
4768	#FFFFFF	#D3D3D3	158
4769	#FFFFFF	#D3D3D3	10
4770	#FFFFFF	#D3D3D3	158
4771	#FFFFFF	#D3D3D3	158
4772	#FFFFFF	#D3D3D3	26
4773	#FFFFFF	#D3D3D3	158
4774	#FFFFFF	#D3D3D3	158
4775	#FFFFFF	#D3D3D3	10
4776	#FFFFFF	#D3D3D3	10
4777	#FFFFFF	#D3D3D3	10
4778	#FFFFFF	#D3D3D3	10
4779	#FFFFFF	#D3D3D3	17
4780	#FFFFFF	#D3D3D3	17
4781	#FFFFFF	#D3D3D3	17
4782	#FFFFFF	#D3D3D3	10
4783	#FFFFFF	#D3D3D3	26
4784	#FFFFFF	#D3D3D3	10
4785	#FFFFFF	#D3D3D3	10
4786	#FFFFFF	#D3D3D3	10
4787	#FFFFFF	#D3D3D3	10
4788	#FFFFFF	#D3D3D3	239
4789	#FFFFFF	#D3D3D3	10
4790	#FFFFFF	#D3D3D3	239
4791	#FFFFFF	#D3D3D3	239
4792	#FFFFFF	#D3D3D3	10
4794	#FFFFFF	#D3D3D3	26
4795	#FFFFFF	#D3D3D3	26
4796	#FFFFFF	#D3D3D3	298
4797	#FFFFFF	#D3D3D3	298
4798	#FFFFFF	#D3D3D3	298
4799	#FFFFFF	#D3D3D3	41
4800	#FFFFFF	#D3D3D3	41
4801	#FFFFFF	#D3D3D3	26
4802	#FFFFFF	#D3D3D3	26
4803	#FFFFFF	#D3D3D3	41
4804	#FFFFFF	#D3D3D3	41
4805	#FFFFFF	#D3D3D3	41
4806	#FFFFFF	#D3D3D3	236
4807	#FFFFFF	#D3D3D3	10
4808	#FFFFFF	#D3D3D3	10
4809	#FFFFFF	#D3D3D3	10
4810	#FFFFFF	#D3D3D3	10
4811	#FFFFFF	#D3D3D3	10
4812	#FFFFFF	#D3D3D3	26
4813	#FFFFFF	#D3D3D3	10
4814	#FFFFFF	#D3D3D3	236
4815	#FFFFFF	#D3D3D3	236
4816	#FFFFFF	#D3D3D3	236
4817	#FFFFFF	#D3D3D3	10
4818	#FFFFFF	#D3D3D3	158
4819	#FFFFFF	#D3D3D3	10
4820	#FFFFFF	#D3D3D3	158
4821	#FFFFFF	#D3D3D3	158
4822	#FFFFFF	#D3D3D3	158
4823	#FFFFFF	#D3D3D3	26
4824	#FFFFFF	#D3D3D3	158
4825	#FFFFFF	#D3D3D3	158
4826	#FFFFFF	#D3D3D3	10
4827	#FFFFFF	#D3D3D3	10
4828	#FFFFFF	#D3D3D3	10
4829	#FFFFFF	#D3D3D3	17
4830	#FFFFFF	#D3D3D3	17
4831	#FFFFFF	#D3D3D3	17
4832	#FFFFFF	#D3D3D3	17
4833	#FFFFFF	#D3D3D3	10
4834	#FFFFFF	#D3D3D3	26
4835	#FFFFFF	#D3D3D3	239
4836	#FFFFFF	#D3D3D3	239
4837	#FFFFFF	#D3D3D3	239
4838	#FFFFFF	#D3D3D3	239
4839	#FFFFFF	#D3D3D3	10
4840	#FFFFFF	#D3D3D3	239
4841	#FFFFFF	#D3D3D3	239
4842	#FFFFFF	#D3D3D3	10
4843	#FFFFFF	#D3D3D3	10
4844	#FFFFFF	#D3D3D3	26
4845	#FFFFFF	#D3D3D3	298
4846	#FFFFFF	#D3D3D3	298
4847	#FFFFFF	#D3D3D3	298
4848	#FFFFFF	#D3D3D3	298
4850	#FFFFFF	#D3D3D3	41
4851	#FFFFFF	#D3D3D3	41
4852	#FFFFFF	#D3D3D3	26
4853	#FFFFFF	#D3D3D3	41
4854	#FFFFFF	#D3D3D3	41
4855	#FFFFFF	#D3D3D3	41
4856	#FFFFFF	#D3D3D3	236
4857	#FFFFFF	#D3D3D3	10
4858	#FFFFFF	#D3D3D3	10
4859	#FFFFFF	#D3D3D3	10
4860	#FFFFFF	#D3D3D3	10
4861	#FFFFFF	#D3D3D3	10
4862	#FFFFFF	#D3D3D3	26
4863	#FFFFFF	#D3D3D3	10
4864	#FFFFFF	#D3D3D3	236
4865	#FFFFFF	#D3D3D3	236
4866	#FFFFFF	#D3D3D3	236
4867	#FFFFFF	#D3D3D3	10
4868	#FFFFFF	#D3D3D3	158
4869	#FFFFFF	#D3D3D3	10
4870	#FFFFFF	#D3D3D3	158
4871	#FFFFFF	#D3D3D3	158
4872	#FFFFFF	#D3D3D3	158
4873	#FFFFFF	#D3D3D3	26
4874	#FFFFFF	#D3D3D3	158
4875	#FFFFFF	#D3D3D3	158
4876	#FFFFFF	#D3D3D3	158
4877	#FFFFFF	#D3D3D3	10
4878	#FFFFFF	#D3D3D3	10
4879	#FFFFFF	#D3D3D3	10
4880	#FFFFFF	#D3D3D3	17
4881	#FFFFFF	#D3D3D3	17
4882	#FFFFFF	#D3D3D3	10
4883	#FFFFFF	#D3D3D3	10
4884	#FFFFFF	#D3D3D3	26
4885	#FFFFFF	#D3D3D3	239
4886	#FFFFFF	#D3D3D3	239
4887	#FFFFFF	#D3D3D3	239
4888	#FFFFFF	#D3D3D3	239
4889	#FFFFFF	#D3D3D3	239
4890	#FFFFFF	#D3D3D3	10
4891	#FFFFFF	#D3D3D3	239
4892	#FFFFFF	#D3D3D3	10
4893	#FFFFFF	#D3D3D3	10
4895	#FFFFFF	#D3D3D3	26
4896	#FFFFFF	#D3D3D3	26
4897	#FFFFFF	#D3D3D3	298
4898	#FFFFFF	#D3D3D3	298
4899	#FFFFFF	#D3D3D3	298
4900	#FFFFFF	#D3D3D3	41
4901	#FFFFFF	#D3D3D3	41
4902	#FFFFFF	#D3D3D3	41
4903	#FFFFFF	#D3D3D3	41
4904	#FFFFFF	#D3D3D3	41
4905	#FFFFFF	#D3D3D3	41
4906	#FFFFFF	#D3D3D3	236
4907	#FFFFFF	#D3D3D3	236
4908	#FFFFFF	#D3D3D3	10
4909	#FFFFFF	#D3D3D3	10
4910	#FFFFFF	#D3D3D3	10
4911	#FFFFFF	#D3D3D3	10
4912	#FFFFFF	#D3D3D3	10
4913	#FFFFFF	#D3D3D3	26
4914	#FFFFFF	#D3D3D3	236
4915	#FFFFFF	#D3D3D3	236
4916	#FFFFFF	#D3D3D3	236
4917	#FFFFFF	#D3D3D3	10
4918	#FFFFFF	#D3D3D3	158
4919	#FFFFFF	#D3D3D3	10
4920	#FFFFFF	#D3D3D3	10
4921	#FFFFFF	#D3D3D3	158
4922	#FFFFFF	#D3D3D3	158
4923	#FFFFFF	#D3D3D3	158
4924	#FFFFFF	#D3D3D3	26
4925	#FFFFFF	#D3D3D3	158
4926	#FFFFFF	#D3D3D3	158
4927	#FFFFFF	#D3D3D3	10
4928	#FFFFFF	#D3D3D3	10
4929	#FFFFFF	#D3D3D3	10
4930	#FFFFFF	#D3D3D3	10
4931	#FFFFFF	#D3D3D3	10
4932	#FFFFFF	#D3D3D3	10
4933	#FFFFFF	#D3D3D3	10
4934	#FFFFFF	#D3D3D3	10
4935	#FFFFFF	#D3D3D3	26
4936	#FFFFFF	#D3D3D3	239
4937	#FFFFFF	#D3D3D3	239
4938	#FFFFFF	#D3D3D3	239
4939	#FFFFFF	#D3D3D3	239
4940	#FFFFFF	#D3D3D3	10
4941	#FFFFFF	#D3D3D3	239
4942	#FFFFFF	#D3D3D3	10
4943	#FFFFFF	#D3D3D3	10
4944	#FFFFFF	#D3D3D3	34
4945	#FFFFFF	#D3D3D3	26
4946	#FFFFFF	#D3D3D3	26
4947	#FFFFFF	#D3D3D3	26
4948	#FFFFFF	#D3D3D3	298
4949	#FFFFFF	#D3D3D3	26
4951	#FFFFFF	#D3D3D3	41
4952	#FFFFFF	#D3D3D3	41
4953	#FFFFFF	#D3D3D3	41
4954	#FFFFFF	#D3D3D3	41
4955	#FFFFFF	#D3D3D3	41
4956	#FFFFFF	#D3D3D3	236
4957	#FFFFFF	#D3D3D3	236
4958	#FFFFFF	#D3D3D3	236
4959	#FFFFFF	#D3D3D3	10
4960	#FFFFFF	#D3D3D3	10
4961	#FFFFFF	#D3D3D3	10
4962	#FFFFFF	#D3D3D3	236
4963	#FFFFFF	#D3D3D3	41
4964	#FFFFFF	#D3D3D3	236
4965	#FFFFFF	#D3D3D3	236
4966	#FFFFFF	#D3D3D3	236
4967	#FFFFFF	#D3D3D3	10
4968	#FFFFFF	#D3D3D3	158
4969	#FFFFFF	#D3D3D3	158
4970	#FFFFFF	#D3D3D3	10
4971	#FFFFFF	#D3D3D3	158
4972	#FFFFFF	#D3D3D3	158
4973	#FFFFFF	#D3D3D3	158
4974	#FFFFFF	#D3D3D3	26
4975	#FFFFFF	#D3D3D3	158
4976	#FFFFFF	#D3D3D3	158
4977	#FFFFFF	#D3D3D3	158
4978	#FFFFFF	#D3D3D3	10
4979	#FFFFFF	#D3D3D3	10
4980	#FFFFFF	#D3D3D3	10
4981	#FFFFFF	#D3D3D3	10
4982	#FFFFFF	#D3D3D3	10
4983	#FFFFFF	#D3D3D3	10
4984	#FFFFFF	#D3D3D3	10
4985	#FFFFFF	#D3D3D3	26
4986	#FFFFFF	#D3D3D3	239
4987	#FFFFFF	#D3D3D3	239
4988	#FFFFFF	#D3D3D3	239
4989	#FFFFFF	#D3D3D3	239
4990	#FFFFFF	#D3D3D3	239
4991	#FFFFFF	#D3D3D3	239
4992	#FFFFFF	#D3D3D3	10
4993	#FFFFFF	#D3D3D3	239
4994	#FFFFFF	#D3D3D3	34
4996	#FFFFFF	#D3D3D3	26
4997	#FFFFFF	#D3D3D3	26
4998	#FFFFFF	#D3D3D3	26
4999	#FFFFFF	#D3D3D3	26
5000	#FFFFFF	#D3D3D3	26
5001	#FFFFFF	#D3D3D3	41
5002	#FFFFFF	#D3D3D3	41
5003	#FFFFFF	#D3D3D3	41
5004	#FFFFFF	#D3D3D3	41
5005	#FFFFFF	#D3D3D3	41
5006	#FFFFFF	#D3D3D3	236
5007	#FFFFFF	#D3D3D3	236
5008	#FFFFFF	#D3D3D3	236
5009	#FFFFFF	#D3D3D3	236
5010	#FFFFFF	#D3D3D3	10
5011	#FFFFFF	#D3D3D3	10
5012	#FFFFFF	#D3D3D3	236
5013	#FFFFFF	#D3D3D3	236
5014	#FFFFFF	#D3D3D3	41
5015	#FFFFFF	#D3D3D3	236
5016	#FFFFFF	#D3D3D3	236
5017	#FFFFFF	#D3D3D3	158
5018	#FFFFFF	#D3D3D3	158
5019	#FFFFFF	#D3D3D3	158
5020	#FFFFFF	#D3D3D3	158
5021	#FFFFFF	#D3D3D3	158
5022	#FFFFFF	#D3D3D3	158
5023	#FFFFFF	#D3D3D3	158
5024	#FFFFFF	#D3D3D3	158
5025	#FFFFFF	#D3D3D3	26
5026	#FFFFFF	#D3D3D3	158
5027	#FFFFFF	#D3D3D3	158
5028	#FFFFFF	#D3D3D3	158
5029	#FFFFFF	#D3D3D3	10
5030	#FFFFFF	#D3D3D3	10
5031	#FFFFFF	#D3D3D3	10
5032	#FFFFFF	#D3D3D3	10
5033	#FFFFFF	#D3D3D3	10
5034	#FFFFFF	#D3D3D3	10
5035	#FFFFFF	#D3D3D3	10
5036	#FFFFFF	#D3D3D3	26
5037	#FFFFFF	#D3D3D3	10
5038	#FFFFFF	#D3D3D3	239
5039	#FFFFFF	#D3D3D3	239
5040	#FFFFFF	#D3D3D3	239
5041	#FFFFFF	#D3D3D3	239
5042	#FFFFFF	#D3D3D3	239
5043	#FFFFFF	#D3D3D3	239
5044	#FFFFFF	#D3D3D3	34
5045	#FFFFFF	#D3D3D3	34
5046	#FFFFFF	#D3D3D3	26
5047	#FFFFFF	#D3D3D3	26
5048	#FFFFFF	#D3D3D3	26
5049	#FFFFFF	#D3D3D3	26
5050	#FFFFFF	#D3D3D3	41
