x	y	clickSelects
0.030726900319473	0.331224894831421	97
0.030275995343499	0.330998801325498	97
-0.062623598723819	1.50733586849997	235
0.00265603963321404	1.33104916479165	235
-0.02041095135019	0.872690979427213	235
0.020633558248835	0.863742808649649	235
0.021343582271127	0.865014027725529	29
-0.0653926787635411	0.714260139030463	29
0.095907063644014	0.518051068580608	29
-0.05245489268952	0.533656451047042	29
-0.117375110578501	0.336955657655432	250
0.081877082155047	0.703996741199374	29
0.031755986761583	0.520105210973261	50
-0.117450936469541	0.336925856246017	50
-0.0464599887480111	0.707072020782441	50
-0.057501739038754	0.332419708071267	97
-0.06957883955959	0.885707368649665	50
-0.064661004578883	0.71509166280003	50
0.110122374347187	0.866415255474069	50
0.08147856154513	0.703585266217036	279
-0.057963512484739	0.332044606705841	79
-0.0568394802968341	0.332829202038881	79
0.031755986761583	0.520105210973261	79
-0.014036802634013	0.527764906360462	79
0.030257852589173	0.331061629231793	253
-0.056753581811492	0.332870493589968	253
0.029933366340845	0.330815108755646	253
-0.048380515780053	1.03851411682332	30
-0.093661856666421	0.899302625965024	30
0.00661567766530402	1.17939870208679	30
0.0304925175075	0.331224333986828	30
0.0328667400589689	0.520939182656066	249
0.019114649461111	1.7608181424589	235
-0.064705094441643	1.20105985771624	68
0.059193315288912	1.32461139542052	29
-0.117192192600934	0.33712411861585	250
-0.05629373073625	0.332985222710178	250
0.047599599613546	0.864531464165917	29
-0.083911021503697	0.538879364886153	29
-0.051589116738231	0.534401000542117	29
0.032288271065317	0.520702622232727	50
0.0309434769370009	0.331317040485419	97
-0.123712116812772	0.745631824381478	50
0.091758123931324	1.47129465376596	50
-0.057963512484739	0.332044606705841	50
0.03890726278779	0.70116950501465	255
-0.109456834787071	0.544444170642969	18
-0.083248006900449	0.720466077961844	18
-0.06515989442426	0.714470136400597	18
-0.108596266401697	0.54551443009823	79
-0.0568394802968341	0.332829202038881	79
-0.083646095132097	0.539302718396171	79
-0.056753581811492	0.332870493589968	79
-0.057041900757141	0.33267335418904	253
-0.119108817127873	1.24389977966847	236
-0.1078365510589	0.54617182673521	10
0.082393371371185	0.704522809254622	173
-0.034603175453788	1.03592615061231	29
-0.057299262753255	0.332549356313388	250
-0.05245489268952	0.533656451047042	29
0.030600706854381	0.331245529908097	50
0.095772984594645	0.517977668699197	50
0.012306278046738	1.0260142026955	272
-0.000563672726258013	0.868628683808492	241
-0.10845675834166	0.54564360288035	18
0.081353314902181	0.703415638052942	79
-0.108596266401697	0.54551443009823	79
-0.117100859917711	0.337160256876808	253
-0.01488249939387	0.526927044624564	30
0.032172537600057	0.520373873799937	30
-0.056465669888084	0.332941184731304	97
-0.117192192600934	0.33712411861585	97
0.094607071483194	0.517201989566082	97
0.004639509341828	0.701020196354119	10
0.095257110215614	0.517905108923992	251
-0.057673171439978	0.332298477183409	251
0.039669132873082	0.702058562900444	251
-0.057213395413372	0.33262955025011	97
0.094657677454513	1.32679262045259	29
-0.022278313213325	0.704008506780858	250
-0.117724860473289	0.33672153423294	250
-0.051784490578388	0.53433870715751	250
-0.056925458578453	0.332748917047452	252
-0.108875362146444	0.545169144799326	252
0.075964350368269	0.86387625456399	29
-0.113808920836184	0.9137085859084	29
0.021298258773638	0.865086429302034	50
-0.056925458578453	0.332748917047452	97
0.032288271065317	0.520702622232727	50
-0.117633468163881	0.336823150413934	50
-0.124279119349543	0.7447624178643	241
0.075696404788577	1.47048958635653	214
-0.107735854577875	0.54621173341352	79
0.029698788448199	0.330681782764042	253
-0.038857908621461	0.876223750363893	30
-0.083124212428404	0.53984268674163	30
-0.0571276080358491	0.332670774022736	249
-0.0568394802968341	0.332829202038881	249
-0.117192192600934	0.33712411861585	249
-0.0825686715235781	0.721435568118675	10
0.032566377278993	0.520871698734779	251
-0.108735801017516	0.545356537174067	173
-0.00218722899873403	0.865714516824385	29
-0.117268742895693	0.336857423186692	29
-0.108216415410154	0.545878201654674	29
-0.014291407366585	0.527521413492922	50
-0.01462779039146	0.527189227724818	50
0.094726555842462	0.517383080983243	50
0.110800266422941	0.867313133783602	50
-0.099090630363576	1.06993363748463	72
-0.052214036618303	0.533890853841771	18
-0.08351366696644	0.53946197676934	79
0.030726900319473	0.331224894831421	253
-0.057213395413372	0.33262955025011	253
-0.0829841886162111	0.539777196590565	253
-0.115756613480506	1.08368024074616	236
-0.103099394490008	0.908416682047431	80
-0.112835471848766	0.735120604345811	30
-0.013819910348784	0.527932841998446	249
-0.11675086721722	0.337354017906739	249
-0.117192192600934	0.33712411861585	249
0.095190111713928	0.517754491199145	97
-0.114414763972875	1.3997754212418	68
-0.102456298034233	1.38795463886247	68
-0.079124223118785	1.05980342413029	29
0.110216163151772	0.866478197424747	252
-0.051784490578388	0.53433870715751	29
-0.082482235025497	0.721533976826907	29
0.030618540520216	0.331070245610458	50
0.082135238212058	0.704289652522168	50
0.039669132873082	0.702058562900444	50
-0.023361350825629	0.70289837304644	50
-0.124881058508598	1.56939683476575	94
-0.123593278216372	0.745723130066225	50
0.110390944788652	0.866549689532226	50
-0.117542160118262	0.336889784000017	63
0.032450323491417	0.52085265618802	79
0.039248493230908	0.701539195755903	79
0.039288190984197	0.701658382276565	79
-0.117542160118262	0.336889784000017	253
-0.056753581811492	0.332870493589968	253
0.077203393067349	0.864734616529187	30
0.039148019325181	0.701485679102531	249
-0.00521925328695905	1.02800450373171	10
-0.082727701422493	0.721243969579194	10
0.095376520782495	0.517946155800233	251
0.00588629029862298	0.702320753032079	251
0.0304925175075	0.331224333986828	97
0.020914062014382	1.17539940716193	29
0.057744327738696	1.32082074408904	29
0.09797142498237	1.1778604088618	29
0.059072908834637	1.32437463558108	99
-0.107434962031725	1.07771889795207	99
-0.081180276786104	0.894389968063787	50
0.060973678966959	1.75533567746673	99
-0.036087112044919	1.92140526148115	94
0.030835212491461	0.331295807494157	63
0.020897937265363	0.864200289821049	279
0.076509010543258	1.17739439754689	18
-0.045728761057923	0.708176919363844	79
0.021298258773638	0.865086429302034	79
-0.031947963349849	1.18987139178757	30
0.032242129780553	0.520688602678334	249
0.091894333241903	1.4715794391686	10
-0.108798169333775	0.545169370434576	173
-0.120391060442502	1.87621061398371	68
-0.069259339160788	1.51283702060786	99
-0.056379660428993	0.332982534653599	133
0.02229625712623	0.865976498438388	133
-0.021698496008396	0.870457614859966	18
-0.066013182522519	0.713018484045746	18
-0.103927392543023	1.23656995067978	18
-0.0875815676495449	1.22726593353999	18
0.019957111142072	1.17265157087474	18
0.032658526934225	0.520957217373559	79
-0.072250950559967	1.21154751551184	80
-0.00532552860643898	1.02780650297687	10
-0.111747474298258	1.54740695101953	34
-0.02113825321813	1.33582841402288	99
-0.029564559235293	1.91905155969301	99
0.103540475317115	1.024540987551	50
0.020610770527275	0.863808472806674	214
-0.064494643931773	0.715236637030631	214
-0.111706676295512	0.736945976342488	18
0.0463476529178331	0.862915807228552	18
-0.114641550337347	1.39895347351453	18
-0.038494561742583	0.876867550899834	18
-0.059499387253846	1.04520206418146	18
-0.097675460447096	0.729324470730294	79
0.00572801491493502	0.702209841130465	79
-0.104426734554206	0.905860326483064	80
-0.065725358358938	0.713815495657922	30
-0.087601627599021	1.22729381614132	10
0.123058109988791	1.18173295310943	50
-0.00101300209611899	0.868132238678393	79
-0.046432913342742	0.707104388532944	79
-0.098481326300025	1.07186021583752	30
-0.00443074210293004	1.02962485959637	30
-0.0142038347737	1.62593755663847	34
0.028748478600978	1.75892150899329	10
0.030257852589173	0.331061629231793	63
-0.1165841433786	0.3373661653659	63
0.03890726278779	0.70116950501465	279
0.075150629134875	1.32258427815898	279
-0.056753581811492	0.332870493589968	133
-0.05415513848804	0.882361430841968	133
-0.124194630044901	0.744849315861939	18
0.098281339462453	1.17861736907463	18
0.094774485074661	1.32671553501168	18
-0.022878996856513	0.703191096328145	79
-0.0464599887480111	0.707072020782441	79
0.062248931101844	2.17420071944601	34
0.012040896772696	1.02556052240881	10
0.03786951142734	1.17572878646977	10
-0.083450413423619	0.720122923258082	44
-0.053098782744387	1.200832201026	44
-0.089450487559176	1.52615682453346	99
0.098331804712907	1.17860059605847	18
0.076868870748007	1.4730624873685	18
-0.0657031249694891	0.713805963556938	124
-0.093563410502067	0.899452362710423	18
-0.084014386018057	0.719051354229297	79
0.030257852589173	0.331061629231793	38
0.110736277021426	0.867294225111389	30
-0.117100859917711	0.337160256876808	30
-0.052675092033879	0.533369756821401	30
-0.083334891978831	0.720213477616069	10
-0.123949597169148	0.745038097784647	111
-0.058124376650684	1.35710934195306	258
-0.083580971253156	0.719531238025638	44
0.021842135644793	0.86585199322211	206
0.075598703487533	0.863326843745117	206
0.047201284376861	0.864148908789321	53
0.114281891810968	1.32805869233658	72
-0.00133096015838596	0.86758352632876	18
-0.053422182153587	0.883467176315937	124
-0.020209705806962	0.872981938846587	124
-0.113507755797713	1.4027875661158	80
0.040858596257211	1.89655254117236	80
0.01193881589427	1.02525355298969	80
0.052690625808092	1.02313538819488	10
-0.051654245482495	2.07159360781923	34
0.047013041570655	0.863853754841151	10
-0.11643489762999	1.71157707636778	99
0.101010503160145	1.76261259649976	99
-0.057501739038754	0.332419708071267	63
0.090861011472121	1.46870948249493	214
-0.053021772954177	1.20097109860011	214
-0.124279119349543	0.7447624178643	124
-0.12460077102531	0.74421548803187	124
-0.084160126974656	0.538686714317142	79
0.094726555842462	0.517383080983243	79
0.056327966899254	1.17635326910622	30
-0.020304509559432	1.33817908650864	34
0.03267796377441	1.47058220386213	10
-0.123670055054647	0.745665294675759	10
-0.000810164285711013	0.868431910870566	10
0.075640003230441	1.3240096810155	44
-0.020231197332567	1.48939049836844	44
-0.089898629648746	1.06416307630513	44
-0.05140043858509	0.5346117517767	53
0.0328667400589689	0.520939182656066	63
-0.10845675834166	0.54564360288035	279
-0.054774243595264	1.50404942692244	18
0.00490968356906196	0.701266921040569	124
-0.056753581811492	0.332870493589968	38
-0.1165841433786	0.3373661653659	79
0.021284932864804	1.17634921786057	10
0.122095562446313	1.62242063531452	10
0.110075458719782	0.866228235067299	10
-0.111830115068921	0.736681974125967	115
-0.068056552024447	0.888677387921579	111
-0.052311713630768	0.533839339423719	111
-0.123331494142919	0.920257720239501	44
0.080837025236559	0.702522755091622	53
0.030041576343924	0.330969634796661	53
0.036874814930969	1.61727892166621	72
0.103179209600474	1.0239505065217	124
-0.058697611841253	1.04686470119208	18
0.081877082155047	0.703996741199374	18
-0.083770705137031	0.539172505821296	30
-0.09513204548993	1.53225891426771	236
-0.102051128307825	2.00386723723249	34
-0.021403490530767	1.18171151750568	10
-0.057587415175243	0.332378557863217	323
-0.082930030503653	0.720935038755887	10
0.091165174278125	1.46959944821079	10
0.012673688598692	1.02669805736554	10
-0.040877923906449	1.34543927369146	10
-0.11772140782285	1.24864099532374	197
-0.087752750238159	1.38136462933376	44
-0.080444566647776	1.05754351862498	72
-0.052025341547139	0.534104234126189	50
-0.00121590784580605	0.867789151972652	279
-0.073836313023618	1.95303548561235	214
-0.103046366339581	1.23854175392711	18
-0.083334891978831	0.720213477616069	124
0.0304925175075	0.331224333986828	38
-0.014134270521421	0.527694137782555	79
-0.068945871159205	0.886909275199821	80
0.00221049806707896	1.32962160691897	80
-0.117192192600934	0.33712411861585	30
-0.0630717981431021	1.20595445114695	10
-0.060336321045161	1.04333949844038	318
0.04632563093558	0.862862832960987	318
-0.014351218967279	0.5275261564335	10
-0.046080831654886	0.70767812984718	111
0.00489039575591899	0.701238061089723	111
-0.059905408689202	1.04437641559578	44
-0.037164532021186	1.91653892473815	99
-0.065725358358938	0.713815495657922	206
0.032080051697287	0.520538563821462	53
0.0304925175075	0.331224333986828	53
0.039528946560506	0.701924133145255	191
-0.0647050123285931	0.714950236419945	50
-0.040960521477359	1.34531237892761	18
0.012040896772696	1.02556052240881	124
0.076471204720241	1.02250509094921	124
0.076196655594002	1.17688038295362	124
-0.013819910348784	0.527932841998446	124
-0.04258911310942	1.19545754319696	18
0.030600706854381	0.331245529908097	38
0.030041576343924	0.330969634796661	38
-0.109014949745777	0.544949467509714	337
0.032450323491417	0.52085265618802	30
-0.083911021503697	0.538879364886153	30
-0.066246472487656	0.712954335975925	30
0.10912050270336	1.47267563028473	10
-0.104407010227514	0.905633719787949	318
-0.118242345916991	0.336266272835326	323
0.095601230866145	0.518112164493318	111
0.048065448542444	1.61401029347396	258
-0.117192192600934	0.33712411861585	53
-0.118151340616683	0.336302209073357	53
0.105415334765487	2.0411646408027	72
0.046351567697859	1.47058051313098	72
-0.013445797647703	0.528105851509994	133
-0.123103581239451	0.746324429156623	214
-0.00579806620298395	1.02658722655164	124
0.075246579163982	0.862662210441528	124
-0.0568394802968341	0.332829202038881	155
0.030384280304085	0.331153446143224	155
0.032566377278993	0.520871698734779	155
0.110373906010347	0.866792431945727	30
0.080962385082491	0.70282857363025	30
-0.057213395413372	0.33262955025011	268
0.082135238212058	0.704289652522168	323
0.062044443121025	2.03707758050537	197
0.08212757886328	0.704290131539512	111
-0.117283609532232	0.337057393852656	111
-0.013977104855273	0.527831308729073	111
-0.123021347356974	0.920842178335493	111
0.020113240281854	1.17321121293904	44
-0.108596266401697	0.54551443009823	206
0.091826292027353	1.47148204167153	72
-0.082546204901951	0.891454499193683	299
-0.043038434914864	1.19419376694033	214
0.12212886997997	1.18001634250688	124
0.076903773601289	1.02357929096252	124
-0.052695737370609	0.533381717138718	79
0.095892705385003	0.518159085396866	155
-0.053549616801134	1.19971433819973	80
0.095668257023243	0.518189682168016	268
-0.037845569373918	0.877647002131802	10
-0.083911021503697	0.538879364886153	10
-0.080004156300736	1.05845162628067	10
0.081869513758992	0.704057050707889	111
-0.067638103333116	0.889224454151131	206
0.094726555842462	0.517383080983243	53
0.0304925175075	0.331224333986828	53
0.021132036291443	0.864807435820693	124
0.0155044373666819	1.32868191341268	18
-0.122684315589284	0.921731188571591	18
-0.117359797350894	0.336927129390137	155
-0.045755770434733	0.708169038385678	30
0.082002387976336	0.70419429283057	10
0.095668257023243	0.518189682168016	323
0.0754159090148671	0.862972613200485	10
-0.070831409974624	1.05008578962309	111
0.047621535916155	0.864350521025435	111
-0.020892599308484	0.872032129559511	111
0.123058109988791	1.18173295310943	53
0.030041576343924	0.330969634796661	63
-0.014351218967279	0.5275261564335	63
0.041887349338552	1.32054467435508	214
-0.05376343506613	1.19871241138179	214
-0.052168529914441	0.533988155216248	124
0.109806901019334	0.86583320994349	124
-0.065226290963344	0.714437173951344	18
0.0304925175075	0.331224333986828	38
-0.056925458578453	0.332748917047452	38
0.00702295093790895	1.18002015022444	30
-0.099080331169366	0.727154482976004	30
0.095190111713928	0.517754491199145	268
-0.083124212428404	0.53984268674163	30
-0.083045668049234	0.720774930437166	30
-0.044855407874428	0.709124012314894	30
-0.038613379550245	0.876614360735649	10
0.08147856154513	0.703585266217036	10
-0.0816071022550831	0.893539178618217	111
-0.099328093226307	0.726773533754825	111
-0.039584775788468	0.874728534622447	44
-0.038131272629584	0.877442166050716	44
-0.119729625066664	1.40676763439568	99
-0.094130736068441	0.898165028185168	124
-0.053580394821426	0.883202979452657	124
0.10345343455097	1.0244339034337	18
-0.10845675834166	0.54564360288035	30
0.032450323491417	0.52085265618802	30
0.0391082263031201	0.701283917093564	323
-0.118450178549347	1.41095604973283	115
-0.059379238527528	1.04556327406798	60
-0.066246472487656	0.712954335975925	53
-0.015039634678286	0.526662746663424	50
0.03014973845987	0.33104046106917	63
0.03304893152373	2.03173717773857	214
0.0287675262296661	1.32595692186053	18
0.0762845054985301	1.32536016750743	124
-0.070050430118652	1.05172521266664	18
0.0214870985469861	0.865371248824493	30
-0.0230225002687801	0.70338200754807	30
0.075076663016269	1.468520670203	10
-0.014351218967279	0.5275261564335	323
0.031964257370331	0.520269236291349	323
-0.08308942395372	1.96432337205687	68
-0.114278436311221	1.56230814839932	68
-0.00590410652009998	1.02640781929314	102
-0.117283609532232	0.337057393852656	133
0.121956155768721	1.62203428185355	214
-0.103099394490008	0.908416682047431	214
-0.081977179377464	0.892787655197664	124
-0.117542160118262	0.336889784000017	38
0.082252654812026	0.704267821441243	79
0.032080051697287	0.520538563821462	79
0.027125749820748	1.32134104160724	10
0.022340973384277	0.866365904663194	10
0.022085186567592	1.1779231558627	10
0.122652823807366	1.18112351506775	10
0.09951725363552	1.75719784353687	60
0.086566854764802	1.60601452558257	60
0.012408131143987	1.02630177989632	44
-0.014508383852324	0.527353423758431	63
-0.052025341547139	0.534104234126189	214
-0.094002858732604	1.53623572899123	214
0.110327018194352	0.866766748575293	124
-0.021414869463027	0.871099036565846	124
-0.083373659870893	0.539462545013593	124
0.110689402342808	0.867285433423188	79
-0.0568394802968341	0.332829202038881	38
0.081095181366017	0.703007329462144	79
0.095018155976737	0.517692501299555	79
0.05305332099112	1.02371735782918	30
-0.00144593913770796	0.867192805755678	30
-0.0714908612938831	2.39268063386412	60
-0.089884296342726	1.37435045586288	60
0.095601230866145	0.518112164493318	279
-0.00580098517328997	1.62086620614458	279
-0.0833972061963591	0.539341864392069	38
-0.108875362146444	0.545169144799326	79
-0.0226438289295831	0.703827081615552	30
-0.088926283694624	1.2239466140393	10
-0.059288219577487	1.93487821563394	334
-0.093563410502067	0.899452362710423	214
-0.090712544971967	1.06221953735821	214
-0.00739024747219297	1.18181872282752	214
-0.043566173473354	1.19338117793757	18
-0.0832046048013631	0.720496744441609	30
-0.115235920025335	1.08513143617981	236
-0.104015949900734	0.906477307851804	10
0.00257920251907096	1.33092469205456	10
0.020171507934021	1.47182112274188	60
0.046746371770748	0.863316368531045	50
-0.057213395413372	0.33262955025011	63
-0.096686161299577	1.22999956550009	18
0.091165174278125	1.46959944821079	18
0.052975404729862	1.02352806948657	18
-0.083256650089971	0.539714223433784	79
-0.108317276880089	0.545743151435336	30
-0.124397657159059	0.744547795725925	30
-0.022995895741013	0.703388889340379	30
-0.037970499468596	0.877656491087858	30
0.028174486512734	1.32441252834538	80
-0.082207358925948	0.72187153662759	10
-0.00121590784580605	0.867789151972652	10
0.02179234439221	1.17751147871355	10
0.102503724427981	1.76656898166257	113
0.020776948856189	0.864161993615775	113
-0.123055094154236	0.920939712903445	214
-0.122193047704524	0.922612003009982	214
0.042158755433392	1.3207046757749	26
0.00741657198601098	1.18098913710301	18
-0.116400958492716	0.337469296155243	38
-0.014291407366585	0.527521413492922	38
-0.0461078740227841	0.707656145085453	30
0.095548787089058	0.518148602075924	17
-0.052149177977918	0.533884391675534	17
0.031332369885491	1.02392440874811	10
-0.112913060949426	0.734760267337319	10
0.031823912481844	1.0249171742993	113
-0.083638333243402	0.539300862902491	113
-0.051302754621699	0.534665914265234	113
0.00710511555795101	1.18029497379296	44
-0.056465669888084	0.332941184731304	278
0.03240423830106	0.520800573690726	278
-0.117581427002671	1.24900561870738	32
-0.097306088450472	1.22817430107806	214
0.075670570549332	1.17574260046453	18
0.110169275777132	0.866498682204359	19
0.095429272841547	0.518063989020872	243
-0.057041900757141	0.33267335418904	243
0.038025749219243	1.17607956613172	79
0.095376520782495	0.517946155800233	17
-0.00464074083972899	1.02922348053792	113
-0.082727040005367	0.540029542917776	113
-0.112069060373388	0.736411876063619	113
-0.057587415175243	0.332378557863217	113
0.020965845381835	0.864492236869926	301
-0.032899607062057	1.18738651961181	301
-0.099398234464775	0.726388056791145	102
0.030041576343924	0.330969634796661	278
-0.119378706435134	2.17025501902423	32
0.02163079848698	0.865538670036823	26
-0.064871444468556	0.714840193832473	19
0.0770185601785	1.02371645412104	19
-0.081806502987631	0.893116949235281	18
0.039007820750719	0.701273600791829	243
0.029933366340845	0.330815108755646	38
-0.014568142297096	0.527312093230812	17
0.032658526934225	0.520957217373559	17
0.032774519601927	0.521035704849979	17
-0.045559521207506	0.708425795909019	10
-0.00928527973344395	2.19711477896424	34
0.102253918969749	1.02202286078816	128
-0.115269637203965	0.910391123813642	60
-0.109495434547941	0.544376497954969	113
-0.014508383852324	0.527353423758431	113
-0.098921333758946	0.727483911183518	301
-0.065680837668362	0.713726324391173	301
-0.113969116680575	1.0880930870574	32
-0.013879551147115	0.527826561271223	19
-0.0571276080358491	0.332670774022736	19
0.075773722054727	1.17587357176552	18
0.0304925175075	0.331224333986828	38
0.095840422021887	0.518325018042512	38
-0.014194025234291	0.527663345410542	17
0.039568453377542	0.701887599555215	10
0.031417514261618	1.02425026534784	10
-0.0770402980225891	1.51421529726732	34
-0.092493088074058	0.901482150174491	34
0.020754262351482	0.864101365411171	10
-0.057587415175243	0.332378557863217	70
-0.06534836491395	0.714293166134355	128
0.081220484670394	0.703236768423901	128
0.052773509734649	1.02326842587055	113
-0.00416577252419004	1.02990540158328	301
-0.068000375186879	0.888659962093176	102
0.080954752341549	0.702737106735197	278
0.098806124964152	1.17954978046616	26
0.046702255541664	0.863501727169266	19
-0.082078039356555	0.721870629441443	19
0.094637949928198	1.32644315439334	18
0.094845995880859	0.517511025180734	38
-0.057673171439978	0.332298477183409	38
-0.057673171439978	0.332298477183409	38
-0.080968954690549	1.05636144537709	10
0.021154723161215	0.864777020875457	10
-0.108976104035894	0.54508675518201	17
0.030600706854381	0.331245529908097	17
-0.068163799410445	0.88837127179102	10
0.039388733331575	0.701751359461779	128
-0.00436752076135505	1.62618264857907	106
-0.090188693975682	1.06344824424477	106
0.029208389794344	1.32698379492763	60
0.076667177527822	1.17773682565501	102
-0.118991951044266	1.56839947436407	94
-0.019881112553074	1.18588830655896	52
-0.019965379870987	1.18584429107007	214
-0.059594633337031	1.04509620498039	26
-0.057418534366706	0.332420818622936	38
-0.0570115165202	0.332593867955138	38
-0.023165201482236	0.703093891541202	17
0.082909568564886	0.704667566703044	17
0.076330074732706	0.864192234764041	10
-0.00157788506871404	0.867146201783064	10
-0.123918348283522	0.918803182543743	34
-0.083373659870893	0.539462545013593	70
-0.0205540988367759	2.34830231672901	60
-0.021035273761089	1.03074549515108	113
0.012775314013732	1.02696499800021	113
-0.00453734197226396	1.02936574213603	301
-0.03933982188179	0.875206954074276	102
0.032658526934225	0.520957217373559	63
-0.021249326253348	1.030184386211	26
0.122289442382316	1.18039278817305	19
0.095309714357572	0.51793585320065	38
-0.117100859917711	0.337160256876808	38
-0.083638333243402	0.539300862902491	70
-0.107437071851969	1.86316897441083	60
-0.020571536660879	0.872503899260669	113
0.076655011074647	0.864756529429915	113
0.042058092021115	1.32127642848325	301
-0.103569525443475	1.6917672317622	94
-0.117192192600934	0.33712411861585	63
-0.0570115165202	0.332593867955138	133
0.073438355937362	1.75667809703787	214
0.075772035155071	1.02161656164025	217
-0.0518299935840431	0.534264994563934	19
0.039629404782175	0.701960653911999	19
-0.05235720931665	0.53366880389575	19
-0.048009707498696	1.03940448117196	18
0.12184120532861	1.17919439802947	18
-0.00193990859544002	0.866426259802109	18
-0.1180746938112	0.336447428573424	243
0.030041576343924	0.330969634796661	38
-0.109697262465551	0.544064550367741	17
0.039288190984197	0.701658382276565	17
0.032080051697287	0.520538563821462	17
-0.064560419546672	0.714781883571499	10
-0.104797566460682	0.905020615257274	10
0.081751661406726	0.703698317609505	70
0.011724673680659	1.02478608826469	10
0.108567249761797	1.47179764578251	106
-0.052311713630768	0.533839339423719	76
0.095137655254765	0.517820554026929	76
-0.0830890342252431	0.720714844131064	113
-0.07223694760004	1.04618096887111	301
-0.108836610176808	0.545244573236561	217
0.022174662528432	0.866232505076702	19
-0.0348176647144141	1.03548722693529	18
0.030835212491461	0.331295807494157	38
0.039683259526541	1.76010515057021	207
-0.019909040767653	1.0329287818518	10
-0.071111243499533	1.50700191108409	60
0.03215688048063	1.46882637638271	106
0.022053505859896	0.8659113193342	76
-0.054263092235427	0.881978930274072	113
-0.045559521207506	0.708425795909019	102
-0.107797928403782	0.546072882469583	100
-0.056925458578453	0.332748917047452	100
-0.0518299935840431	0.534264994563934	50
-0.00485082439093698	1.02878063389934	19
0.094540527945315	1.32649053402501	19
-0.058047184574588	0.331965859017518	38
-0.116933834562856	0.337251009635842	38
-0.015159162523872	0.526563185697748	38
-0.057213395413372	0.33262955025011	38
-0.117359797350894	0.336927129390137	38
0.032010601837173	0.520016307818693	38
-0.109255171373692	0.544679887101482	30
-0.070544243278027	1.05080030282457	10
-0.070791699999325	1.05008835837432	106
-0.035246877731581	1.03449695433867	301
-0.1044849149908	0.905680424084544	301
0.076207181461193	1.47185104133005	26
0.03302877164517	0.52105106203431	243
-0.117983410332669	0.336548902521066	38
0.032288271065317	0.520702622232727	38
0.032820584128218	0.521069144199077	38
-0.0230225002687801	0.70338200754807	30
-0.098603247357455	0.728052754566398	10
0.103858286361462	1.02504599163929	10
-0.00128704155992498	0.867556737124264	10
-0.117710066903544	0.336652685322149	70
0.032334503690381	0.520616491305729	70
-0.013819910348784	0.527932841998446	70
-0.052598067084055	0.533434459926755	76
0.032566377278993	0.520871698734779	302
-0.059344031436782	1.04546355272936	102
-0.0515436282266411	0.534529928099741	100
0.03240423830106	0.520800573690726	100
0.038867595305374	0.701018423812698	50
0.00990963534031797	1.47747790665688	214
0.0754159090148671	0.862972613200485	217
0.075950816903291	0.863897429313395	19
0.032288271065317	0.520702622232727	38
-0.073579666841037	1.36927290463952	207
0.03240423830106	0.520800573690726	17
-0.116933834562856	0.337251009635842	17
-0.0226438289295831	0.703827081615552	70
-0.057418534366706	0.332420818622936	70
-0.00840865228890697	1.17916556435717	128
0.021298258773638	0.865086429302034	128
0.021109400203924	0.864756109848334	128
-0.06012082700564	1.04387506270115	106
-0.108596266401697	0.54551443009823	113
-0.098285038775075	0.72851034580007	113
-0.103138152727772	1.23850867249037	60
-0.00112811323305295	0.867883132485134	102
-0.014508383852324	0.527353423758431	281
-0.038494561742583	0.876867550899834	102
0.0304925175075	0.331224333986828	100
0.095892705385003	0.518159085396866	63
0.114565881246334	1.76120339476157	133
-0.060826276094608	2.2416625207515	32
-0.057587415175243	0.332378557863217	217
0.056484448852282	1.17664439167741	26
0.00468583221682695	0.701023752874168	19
0.075727423398832	1.02143469065991	19
0.095309714357572	0.51793585320065	19
0.032242129780553	0.520688602678334	243
0.030384280304085	0.331153446143224	38
-0.021455858626808	0.871042476417437	10
0.0304925175075	0.331224333986828	17
-0.11178514359236	0.736487818047424	257
-0.018239148700641	2.32959328448601	34
-0.0568394802968341	0.332829202038881	70
-0.04523430409453	0.708764625699539	128
0.11048476411899	0.866991592329428	128
0.000275055337786045	0.869592268681133	106
-0.117192192600934	0.33712411861585	76
0.032126249031693	0.520511878284607	76
-0.0571276080358491	0.332670774022736	302
0.032033945851397	0.520472763896905	302
0.094898612458339	0.51751125290032	302
-0.05245489268952	0.533656451047042	302
-0.09255060355845	0.901413989743588	301
-0.117892211266426	0.336615434039362	100
0.110531652412964	0.867060552474143	102
-0.09341238540579	2.13849842970123	94
-0.124313183436983	0.744464789528797	55
0.095257110215614	0.517905108923992	50
0.030384280304085	0.331153446143224	63
-0.00153387495913204	0.867240538945393	19
-0.117450936469541	0.336925856246017	243
0.030365918632124	0.331002651549356	38
-0.056753581811492	0.332870493589968	38
-0.0570115165202	0.332593867955138	38
0.095720848521812	0.518240357670702	243
-0.045742323152938	0.708208593255072	10
-0.084035519158398	0.53882111820891	10
0.039388733331575	0.701751359461779	128
0.038666463744541	0.700802811355149	128
0.076585789674531	1.02301806093892	76
0.032033945851397	0.520472763896905	302
-0.00739024747219297	1.18181872282752	301
0.027252354533985	1.623160908924	214
-0.093702644903349	0.899010014646405	26
-0.098647491430086	0.727956165595818	19
0.095548787089058	0.518148602075924	38
-0.1119867425525	0.736297837668203	10
-0.113507755797713	1.4027875661158	34
-0.104067820264395	1.2361105823269	34
0.031871842074122	0.520322738800487	70
0.100571052544432	2.17234306454596	106
-0.08284339676581	0.721048741371306	102
0.110689402342808	0.867285433423188	102
-0.059965464621209	1.04424891024311	214
0.10306399123442	1.02347008374102	217
0.052612986860224	1.02294063080706	26
-0.0142314859971709	0.527420610260964	243
-0.111467421519212	0.737172943643703	10
-0.116659509826052	0.337355376283306	17
-0.014568142297096	0.527312093230812	17
-0.100130139374233	1.06778440047643	257
0.031918004031025	0.520347828068038	70
0.032080051697287	0.520538563821462	128
-0.083652887722975	0.719744750221316	128
-0.091621390752128	1.05958677033443	106
-0.023347973045226	0.702869559954108	76
0.00448125997765703	0.700762341911165	113
-0.103458325559343	1.23782160437245	13
-0.083256650089971	0.539714223433784	281
0.032496500128353	0.520807209734492	100
-0.116767663531143	0.337090488308619	100
0.081360701782248	0.70323962284637	102
-0.116610983158311	1.25192663629423	55
-0.06006767948576	1.3505445086208	214
-0.0230225002687801	0.70338200754807	19
-0.022487767754287	0.704064032726242	243
-0.116842308840539	0.33731781457704	38
-0.014568142297096	0.527312093230812	17
0.013851420179779	1.32372923449218	257
-0.0142314859971709	0.527420610260964	70
-0.083537424581869	0.719797754039127	128
-0.098559032373876	0.728088880132742	128
-0.1044849149908	0.905680424084544	128
-0.113534328972935	0.914406675142795	76
-0.117192192600934	0.33712411861585	76
0.082393371371185	0.704522809254622	113
0.020952737660331	1.17565829810986	301
0.0205880335070751	0.86378628311987	113
-0.058047184574588	0.331965859017518	100
-0.057213395413372	0.33262955025011	100
0.0304925175075	0.331224333986828	100
0.104017238416783	1.02523734058136	308
-0.0239224658174571	0.701611325993332	217
-0.052311713630768	0.533839339423719	19
0.056129040873353	1.17565147860355	19
-0.066201749424291	0.712798858565566	19
0.095840422021887	0.518325018042512	19
0.076427818526091	1.47231438359561	26
0.0304925175075	0.331224333986828	38
-0.083638333243402	0.539300862902491	243
-0.098921333758946	0.727483911183518	10
0.082135238212058	0.704289652522168	17
-0.068791838566443	0.887371460389081	10
0.05305332099112	1.02371735782918	10
-0.098311704296195	0.728297692274218	10
0.00541367542931603	1.90169996713027	34
-0.09430468479268	0.897794218333824	257
0.0461813866511021	0.862585528088329	113
-0.093192831696216	0.900193724411392	281
-0.082991798169611	0.539940222432631	281
-0.0193900627338049	1.18690394431627	102
0.095190111713928	0.517754491199145	100
0.094673631128148	0.517162247446875	100
-0.014568142297096	0.527312093230812	50
-0.05197316928656	0.53408204844705	133
0.076472255900374	0.864565300565682	217
-0.117100859917711	0.337160256876808	38
0.03240423830106	0.520800573690726	243
-0.056925458578453	0.332748917047452	17
-0.108216415410154	0.545878201654674	128
-0.052311713630768	0.533839339423719	128
-0.109534344586636	0.544110813259066	76
0.0394891231755951	0.701748429262725	76
0.11100491271675	0.867606998991071	113
0.061196951801886	1.6150047433466	301
0.032187750831021	1.02545462759156	102
-0.123754224385658	0.745539915133807	102
0.032288271065317	0.520702622232727	100
-0.001665990667573	0.866723120792245	279
-0.091084928444624	1.06125424153984	174
-0.004853742083616	1.02861740314921	26
0.081994646723041	0.704111041382206	243
0.030708848245118	0.331186525534128	38
0.081611425736021	0.703764229049497	243
0.030708848245118	0.331186525534128	17
0.03014973845987	0.33104046106917	17
0.11545013417295	1.33059316039537	10
-0.111624602655455	0.736808905663431	257
-0.014036802634013	0.527764906360462	70
-0.014687327782786	0.526974597389717	70
0.030257852589173	0.331061629231793	128
0.102412338887231	2.18081382609548	60
0.0759310286396629	1.02191620616167	76
-0.014194025234291	0.527663345410542	76
-0.02071026502642	1.18401341696837	60
0.10219265171083	1.76584237335671	60
0.102905225153881	1.02301841991815	102
0.040391268767177	0.702370755297374	100
0.110437861625254	0.866822466107139	102
0.106448478650367	2.04510840088482	94
-0.064278791441158	1.20214120085186	55
-0.00390420036532202	1.03047123094149	55
-0.023374605467485	0.702849066467263	279
0.05200677041081	1.02184965069873	26
0.031460016703862	1.02429167257443	26
-0.052070859258038	0.534073782000578	19
0.04632563093558	0.862862832960987	18
0.075498791013202	1.02090250483311	18
0.032450323491417	0.52085265618802	38
0.081220484670394	0.703236768423901	243
0.094898612458339	0.51751125290032	243
0.109649169628992	0.865467234404145	286
-0.0571276080358491	0.332670774022736	17
-0.00157788506871404	0.867146201783064	10
0.029698788448199	0.330681782764042	70
0.075598703487533	0.863326843745117	128
0.058702006653902	1.32349988271636	113
-0.063455419921882	1.50371736441861	60
-0.055586895823324	1.50127337443647	60
-0.117359797350894	0.336927129390137	100
0.095018155976737	0.517692501299555	100
0.05271420528812	1.9032051153296	334
0.08226048709217	0.704427416758584	308
0.01881695386814	1.7600178072308	52
0.097813297859783	1.17758341934057	26
0.030041576343924	0.330969634796661	38
-0.108216415410154	0.545878201654674	243
0.0304925175075	0.331224333986828	38
-0.108635141433726	0.545403554527037	286
-0.020706368770082	1.0314739636719	10
0.00596982754274	1.17775523526922	10
-0.108278901134411	0.545568224742941	17
-0.033607543938204	1.03769440551533	10
0.0391082263031201	0.701283917093564	70
0.00495601914641497	0.701425038117168	128
-0.091613909511447	1.83229950627747	60
-0.062986608362933	1.20597248362623	60
-0.097269414188232	0.729659858837141	102
-0.014134270521421	0.527694137782555	100
-0.014134270521421	0.527694137782555	308
0.077034775947244	1.17831371684135	55
0.080829564799718	0.702605119963096	50
-0.124355397460154	0.744536590726573	26
0.115392669868548	1.33057192822858	26
-0.0571276080358491	0.332670774022736	19
0.00153454970952605	1.32789109984344	26
0.0309434769370009	0.331317040485419	38
-0.057759007696622	0.332143753601072	38
0.030600706854381	0.331245529908097	38
0.0823856209417641	0.704446938637275	243
-0.045755770434733	0.708169038385678	30
-0.015039634678286	0.526662746663424	17
0.032658526934225	0.520957217373559	17
-0.117375110578501	0.336955657655432	70
0.032658526934225	0.520957217373559	76
0.03240423830106	0.520800573690726	302
0.075295237586139	1.02047381317636	113
0.097655199713893	1.1772673557431	113
-0.12185241708194	1.09418108486288	60
-0.091084928444624	1.06125424153984	55
-0.038774011048558	0.876275860258941	26
-0.104036327333624	0.906433013088217	26
0.039148019325181	0.701485679102531	19
-0.057385209919212	0.33239444313969	38
0.0466802825082801	0.863459631422609	30
-0.052025341547139	0.534104234126189	286
-0.056925458578453	0.332748917047452	286
-0.066947866473665	0.889831260873141	10
-0.051732290823551	0.534218064331722	17
0.095257110215614	0.517905108923992	17
-0.108836610176808	0.545244573236561	10
-0.0141558667263481	0.527361804469292	70
-0.098691764787203	0.727799452244821	128
0.031460016703862	1.02429167257443	128
-0.083045668049234	0.720774930437166	294
0.02039909925685	0.863362765884346	76
-0.108798169333775	0.545169370434576	76
-0.052070859258038	0.534073782000578	302
-0.057587415175243	0.332378557863217	100
-0.021496891302324	0.870912826733616	102
0.095787682567209	0.51817750521689	308
0.095429272841547	0.518063989020872	63
0.0304925175075	0.331224333986828	63
-0.098037696353424	0.728873794598232	26
-0.104212056036036	0.906327208384422	26
0.00500234208783301	0.701502021050295	19
0.080969763514445	0.702659709333193	18
-0.057213395413372	0.33262955025011	38
-0.014725335273255	0.527139372878533	243
-0.038375676758458	0.876958991013751	10
0.030726900319473	0.331224894831421	17
0.103540475317115	1.024540987551	10
-0.00776102372103205	1.18090309044572	257
0.095787682567209	0.51817750521689	70
-0.0571276080358491	0.332670774022736	70
-0.081128666065028	1.21672270588721	106
-0.02283985017797	0.703648197989488	76
0.053135959756761	1.02381905083344	113
-0.071118979143892	1.04921105863453	13
-0.053395389893192	1.20007189854802	13
0.012408131143987	1.02630177989632	102
-0.057213395413372	0.33262955025011	100
0.081595707219704	0.703262786077425	279
-0.081583934150224	1.37263403586051	32
-0.000941686650778983	0.867972573239021	26
-0.0833972061963591	0.539341864392069	217
-0.117892211266426	0.336615434039362	217
0.030257852589173	0.331061629231793	19
0.038486711004226	0.700396118897436	18
0.110736277021426	0.867294225111389	243
-0.117542160118262	0.336889784000017	243
0.095309714357572	0.51793585320065	38
-0.057299262753255	0.332549356313388	38
-0.098240893352152	0.72860150361304	10
-0.081010424645938	0.894491734287699	10
0.076824349748611	0.864905154135319	10
0.095282223528628	1.32798393033566	257
0.021440937431076	1.17679189102497	257
-0.1170254442511	0.337149175927312	257
0.030835212491461	0.331295807494157	70
-0.052695737370609	0.533381717138718	70
0.03014973845987	0.33104046106917	128
-0.117633468163881	0.336823150413934	76
0.075254949969041	1.61703958120246	13
0.095257110215614	0.517905108923992	302
0.076537578428774	1.32599498390648	113
-0.124397657159059	0.744547795725925	113
0.0304925175075	0.331224333986828	100
-0.072564361429569	1.21086925875309	55
-0.107434962031725	1.07771889795207	55
-0.107357679613757	1.07788221712854	55
0.094965391521566	0.517595511159382	50
0.062235312623634	1.61828716859573	52
-0.021213518090289	0.871431712685976	18
-0.0230225002687801	0.70338200754807	18
-0.098037696353424	0.728873794598232	18
-0.057673171439978	0.332298477183409	38
-0.056753581811492	0.332870493589968	243
0.0304925175075	0.331224333986828	38
0.037302768942549	1.17390140044706	10
0.075471229147048	1.61763007650262	10
0.021441977856579	0.865208343679469	10
-0.0657031249694891	0.713805963556938	10
-0.020490045437633	1.18459396378107	257
-0.108836610176808	0.545244573236561	128
0.108599691877792	1.471823084215	294
-0.03664277665023	2.21924260240023	60
0.056129040873353	1.17565147860355	76
0.051887976851124	1.02149111199039	113
-0.109596273717907	0.544257102708236	113
-0.00495724413466403	1.02860633092056	13
-0.082610177171057	0.540209439883608	102
-0.083770705137031	0.539172505821296	308
0.00714215770443005	1.18049278735143	26
-0.0827347368585311	0.540150953968892	243
-0.052598067084055	0.533434459926755	243
-0.00164504305546498	1.47860138294646	207
-0.023218192123637	0.702912334681785	10
-0.098718056072662	0.727790055026433	10
0.032450323491417	0.52085265618802	17
-0.014351218967279	0.5275261564335	17
-0.098718056072662	0.727790055026433	257
-0.035090712449021	1.0348303549151	128
-0.102087285861322	1.38919396278664	60
-0.00532552860643898	1.02780650297687	113
-0.069052724540655	0.886840498996981	102
-0.103314059234245	0.908043344088681	102
-0.083124212428404	0.53984268674163	133
-0.0568394802968341	0.332829202038881	38
-0.0148446349714459	0.526872980037843	243
-0.065869365090701	0.713506657238346	243
-0.124439962767225	0.744501738288963	10
0.122813463849773	1.18141713725177	10
-0.014134270521421	0.527694137782555	17
-0.0518299935840431	0.534264994563934	17
-0.11162819099343	0.737015167365111	10
0.094645537641869	2.04273543610619	34
-0.00117199651186095	0.867874781079685	257
-0.021254424244873	0.871415520978376	257
0.122974139271409	1.18166963584393	128
-0.01270154557015	1.47902103509128	13
-0.054306007920695	0.882035548291379	13
-0.052025341547139	0.534104234126189	50
-0.116675861613001	0.337264277429259	63
0.05309466247766	1.02381387765508	26
-0.113964620243048	0.913448185985295	26
0.109602255538693	0.865421714782098	243
-0.117283609532232	0.337057393852656	17
-0.122498502976623	1.09298263646666	34
-0.122684315589284	0.921731188571591	128
-0.102852822257571	1.23945564744714	13
0.095429272841547	0.518063989020872	71
0.082002387976336	0.70419429283057	19
-0.113571763474731	0.914313775359114	18
-0.093447737249752	0.899741519837381	243
0.111618793729671	0.868077133127918	243
-0.051890037752338	0.53417798765824	243
-0.117192192600934	0.33712411861585	243
-0.081977179377464	0.892787655197664	239
0.087001392016135	1.76004827292925	34
-0.083381262195827	0.53959039145426	70
-0.045573017650811	0.708425947261369	128
-0.0334914223542629	1.03791173285355	102
0.095429272841547	0.518063989020872	63
0.095257110215614	0.517905108923992	133
-0.052415997836087	0.533706529814781	243
0.050806490973198	1.76023925170046	207
-0.0828143169951781	0.720945424972961	10
0.102845647339445	1.02309360368858	10
-0.116842308840539	0.33731781457704	17
-0.088547832829224	1.06658901732652	239
0.0470349090555891	0.863970758188364	128
-0.099382297549979	1.0697575863089	60
-0.053472184149048	0.883449795253233	13
-0.112353571558835	0.735918426153587	289
-0.117582887439909	1.24903390402155	13
0.022221589460113	1.17849587559092	13
0.014992895705207	1.32729879507154	102
-0.117375110578501	0.336955657655432	100
-0.014508383852324	0.527353423758431	139
-0.023009259600372	0.703423347575251	133
-0.096066743854184	1.23122798014685	271
0.00484408529357705	0.701281666546321	26
-0.00117199651186095	0.867874781079685	19
-0.082800119825049	0.72100686428192	18
-0.0568394802968341	0.332829202038881	243
0.032450323491417	0.52085265618802	243
0.095668257023243	0.518189682168016	243
-0.013760159408266	0.527942767095114	17
0.032126249031693	0.520511878284607	17
-0.0486544373529531	1.0377771873601	257
0.095720848521812	0.518240357670702	70
0.014608403053298	1.32638926025201	233
0.026380394992081	1.62075758902178	57
-0.116146674204723	1.25301341925057	57
-0.0886363962051821	1.22479290857651	60
0.00511427955272903	0.701573718807632	102
-0.117983410332669	0.336548902521066	100
0.032820584128218	0.521069144199077	100
0.102976735200179	1.02361547840644	50
-0.081664070148183	0.89331320882733	18
-0.020591778371023	1.03138722595395	18
-0.109076995549328	0.544940858328329	18
0.037342766606666	1.17439821989163	26
-0.117466695606834	0.336782046234048	243
-0.116675861613001	0.337264277429259	243
0.0390473928569131	0.701342123090752	17
-0.014036802634013	0.527764906360462	17
-0.098921333758946	0.727483911183518	13
0.039148019325181	0.701485679102531	289
-0.092451790648079	0.901500940801171	102
-0.109596273717907	0.544257102708236	102
-0.083124212428404	0.53984268674163	100
-0.038208524366781	0.877147166953111	71
-0.073486613130481	1.36961971057565	32
0.056968244834682	1.17751477169378	18
-0.057339396312504	0.332346925837852	243
-0.117192192600934	0.33712411861585	243
-0.057213395413372	0.33262955025011	243
0.00432301432819904	0.700462721738964	30
-0.116842308840539	0.33731781457704	30
0.021323615114947	1.17658895716757	10
-0.083232785319341	0.539496935878302	257
-0.098832793570906	0.727369097578771	102
-0.045559521207506	0.708425795909019	102
-0.098129349409364	1.68892572760619	334
0.032820584128218	0.521069144199077	55
0.030257852589173	0.331061629231793	63
0.03014973845987	0.33104046106917	243
0.095840422021887	0.518325018042512	243
-0.116933834562856	0.337251009635842	243
-0.117983410332669	0.336548902521066	243
0.095429272841547	0.518063989020872	243
-0.045755770434733	0.708169038385678	10
0.094845995880859	0.517511025180734	17
-0.00150691680217896	0.866913201572501	10
-0.022683509090705	0.7037310980392	128
0.061461070064523	1.47251742398874	13
0.0470349090555891	0.863970758188364	102
0.071487544326208	2.03513839592796	26
-0.124152454074864	0.744805365319123	18
0.095257110215614	0.517905108923992	243
0.00468583221682695	0.701023752874168	30
-0.117633468163881	0.336823150413934	243
0.004388576783253	0.700579803152955	30
-0.0142314859971709	0.527420610260964	17
-0.065303128551969	1.6569364403447	242
0.023025335221605	1.90137138267386	147
0.02179234439221	1.17751147871355	26
-0.121848036867997	0.923237285033023	26
0.115335120133742	1.3304490084957	26
-0.020279016453459	1.03223790283497	26
0.045970954314655	0.862178478488885	30
0.076038467476798	1.17657555673485	30
-0.07082481713643	1.04946337530476	26
0.014117071948008	1.90187091235485	236
-0.03825024492726	0.87720971472997	10
0.03800742771346	1.17542601681226	10
-0.059905408689202	1.04437641559578	257
0.058270532729291	1.3222748539072	257
0.109806363425123	1.47459616390138	257
0.030384280304085	0.331153446143224	133
-0.060276190999329	1.04347239831095	32
-0.039018581757112	0.875917165355296	271
0.076145127230523	1.17665683600491	26
-0.021657379946971	0.870629144085991	30
-0.046094410215124	0.707702777096509	30
-0.045755770434733	0.708169038385678	30
-0.0342725975735561	1.0362404621851	236
-0.00585201085618103	1.02650667603157	10
0.114478714515155	1.32823741958065	239
0.121036017217059	1.61894408149919	257
-0.058185760885905	1.35669397277969	257
-0.072769631404119	1.65652530849059	8
-0.049859547855149	1.35094790612101	271
-0.113727574040905	0.913952664084326	26
0.076196655594002	1.17688038295362	26
-0.082233236167671	0.892266981925006	239
-0.00166588257807598	1.4787935440357	34
-0.00986007641765496	2.05153776481992	34
0.07435768546445	1.46640167945201	257
0.0214870985469861	0.865371248824493	166
0.011989886860078	1.02544552953319	49
0.031739563466059	1.89885576350012	32
-0.05140043858509	0.5346117517767	30
-0.013602992944319	0.52804426746441	120
-0.109014949745777	0.544949467509714	30
0.081869513758992	0.704057050707889	30
-0.10845675834166	0.54564360288035	158
-0.052311713630768	0.533839339423719	158
-0.082770995723604	0.721126619933956	10
0.111098649931573	0.867683702472718	166
-0.06589165017138	0.713547983511521	166
0.0760900526231441	1.02217750436035	257
-0.107957669024697	1.39588388085339	8
0.098913932056258	1.17964549159104	49
0.046351567697859	1.47058051313098	26
-0.097284976459215	1.22822778827175	26
-0.046331898404565	1.04231863120548	26
-0.117542160118262	0.336889784000017	120
-0.05168681322851	0.534413842204121	120
-0.045755770434733	0.708169038385678	30
-0.014508383852324	0.527353423758431	30
-0.023165201482236	0.703093891541202	158
0.090147395543126	1.61879244943761	239
-0.083521595476337	0.539362515664795	166
-0.033393152704151	1.03805363203773	257
-0.104055927482414	0.9066439391284	8
-0.124406200239882	0.744212856740267	147
0.012040896772696	1.02556052240881	147
-0.116492508960821	0.337433029417091	50
0.029806875358195	0.330752512383086	63
0.110847155783041	0.867467905812815	71
-0.097119622377878	1.22848381900722	26
0.0304925175075	0.331224333986828	120
-0.057299262753255	0.332549356313388	120
0.03240423830106	0.520800573690726	120
0.095720848521812	0.518240357670702	120
0.030835212491461	0.331295807494157	120
-0.014725335273255	0.527139372878533	120
-0.08135089549306	0.893727094416942	10
0.004388576783253	0.700579803152955	166
0.02232103756492	1.47766543306158	257
-0.108836610176808	0.545244573236561	257
-0.100279979291098	1.67940751243956	147
-0.0825686715235781	0.721435568118675	50
0.029512345647233	1.32756721911257	32
0.039568453377542	0.701887599555215	120
0.095548787089058	0.518148602075924	120
0.075564074673122	1.17543361122423	10
-0.037887167962119	0.877729789729704	158
0.103381616303861	1.0242274277816	10
-0.019982146193396	1.18570518945511	257
0.1028615747221	1.02319323561827	166
-0.057514345608867	1.78739985559604	147
-0.061481295950784	1.79946450848042	338
-0.01488249939387	0.526927044624564	71
-0.090656364809222	1.06217273415023	26
-0.03209972738971	1.18945249427305	26
-0.109355928315177	0.544595933769113	120
0.00536517727436403	0.701900959892953	158
-0.045573017650811	0.708425947261369	158
-0.083248880856457	0.539687893288785	158
-0.112876985792674	0.735017484131673	166
0.076133617586702	0.864145626116297	166
0.110642513534161	0.867174044156951	166
0.021636102944846	1.17723730833071	257
-0.122734668046717	1.25901882753636	8
0.014106271415779	1.61743200919166	126
-0.017434018899696	2.04890878615058	242
-0.083768275399544	0.719535726405844	49
0.046369731469474	0.862880636787565	49
-0.020269900265933	1.1851365603068	334
-0.068689455810079	0.887357394903891	50
-0.00711407533776598	1.18227846864892	26
-0.103724080466827	0.907199739701887	26
-0.060983258138455	1.04152207483724	26
0.014756762085999	1.619826234083	257
-0.00649367228634701	1.18375408304526	26
-0.122529163293254	0.922035883941969	26
-0.084292512872766	0.538494627471469	120
0.013085435466699	1.02710849472087	158
-0.038494561742583	0.876867550899834	158
-0.087891520817578	1.2266507469466	239
-0.111949622703313	0.73661586665237	166
0.046535977330104	0.863210955960857	166
-0.0142314859971709	0.527420610260964	50
-0.067298413132074	1.80280351166522	52
0.03240423830106	0.520800573690726	133
-0.107887105488459	1.39589538399999	271
0.020465810495955	1.47283979042605	26
-0.088864756248791	1.06614942814294	26
-0.00680387063903598	1.18307874395767	26
0.077495961012277	1.02400428674943	26
0.004639509341828	0.701020196354119	120
0.038526348282489	0.700590969536433	30
-0.00104043006142396	0.867646990418428	30
0.076302919427056	0.864375328789396	30
-0.045769102953492	0.708059320300059	30
-0.046995027200342	1.04141730474009	10
-0.06847533918128	0.887972496784742	10
-0.00088154170836896	0.868010955815032	10
-0.00664877066304603	1.1834319246182	239
-0.019949230149926	1.18555438687864	257
-0.021657379946971	0.870629144085991	126
0.075038228420945	1.17397837009744	284
-0.038494561742583	0.876867550899834	50
-0.08351366696644	0.53946197676934	133
-0.121782087061976	2.45632819231946	32
-0.0833972061963591	0.539341864392069	145
-0.022826554880808	0.703647677531748	30
-0.083248880856457	0.539687893288785	158
0.05805468172052	1.32159099562182	239
-0.076844984252035	1.51568150827315	239
-0.095204166835432	1.38494920468401	34
-0.03946635563252	0.874887851832167	126
0.076372092165631	1.47190962388297	126
-0.00527124630630904	1.02777174352671	126
0.095376520782495	0.517946155800233	49
-0.104680345762525	0.905218540630891	333
-0.000897817622279029	0.868203314027027	50
-0.022826554880808	0.703647677531748	133
0.031739563466059	1.89885576350012	271
-0.11337857702311	0.914667271931802	271
-0.022799594616646	0.703400125331674	26
0.031535781350949	1.02437401071131	26
-0.108976104035894	0.54508675518201	145
0.030600706854381	0.331245529908097	120
-0.117724860473289	0.33672153423294	120
-0.020571536660879	0.872503899260669	10
-0.102852822257571	1.23945564744714	34
0.114866138803106	1.32946224137363	257
-0.08723833730041	1.9711549197993	57
-0.017302392547252	1.90799136800875	57
-0.111908437312206	0.736677793411832	126
0.108008309850177	2.31094410241379	8
-0.097966707924072	0.728856369877592	284
-0.023165201482236	0.703093891541202	49
-0.112353571558835	0.735918426153587	271
-0.054306007920695	0.882035548291379	271
-0.098317187175019	1.22463345108372	26
0.013351275025221	1.02781021872098	26
-0.081393650229121	0.893981147877408	26
-0.0329271808453731	1.18696181944093	26
0.021109400203924	0.864756109848334	145
0.095257110215614	0.517905108923992	120
0.055957929566486	1.1755394702134	30
-0.111788924716753	0.736829027171713	30
0.030275995343499	0.330998801325498	120
-0.064173022932948	1.50151565639859	34
-0.014568142297096	0.527312093230812	166
-0.098240893352152	0.72860150361304	257
-0.098179855265135	1.07235768256642	126
-0.00828682783814305	1.17943428507001	333
0.098547105918776	1.17905227890062	26
-0.047365661647795	1.04070615546787	26
0.102412735446871	1.02242384518231	26
-0.082991798169611	0.539940222432631	120
0.039226655121897	0.70125571403303	30
-0.039242933999641	1.49355266166548	236
-0.111546021052997	0.737185562285806	10
0.0387088684808919	1.1774030408543	126
-0.056667763258813	0.332873118507674	139
-0.0571276080358491	0.332670774022736	139
-0.00101300209611899	0.868132238678393	26
-0.019183836689376	1.03420350542384	26
-0.059534651487211	1.04521736170879	26
-0.098711275141393	1.07125250465126	26
-0.112592057566944	0.735496711126052	26
0.012730142113664	1.02624200151639	26
0.095429272841547	0.518063989020872	120
-0.057213395413372	0.33262955025011	120
0.0760900526231441	1.02217750436035	30
0.031181173857067	1.02343202178085	10
0.109002695474315	1.47232853421283	257
-0.110095493611432	1.55379358666603	209
0.039288190984197	0.701658382276565	158
-0.046615774337066	0.706808970643936	158
-0.04253058755427	1.19594004034994	126
-0.116441974457665	1.08188685433204	147
0.103250906851309	1.0240434374349	26
-0.019775616744	1.33915259057297	26
-0.098711275141393	1.07125250465126	26
0.089104438268694	1.61599054940436	26
-0.045897966750196	0.707895357673288	120
-0.0459115944842911	0.70795969946851	158
-0.053125251739135	0.53249038241412	166
-0.05355604163754	1.19938931250578	126
0.01257083033561	1.89530115690522	8
-0.10038458174022	1.53910508667581	334
0.0304925175075	0.331224333986828	139
-0.089608961215987	1.06472219276054	271
-0.073379223203098	1.20853182862337	271
-0.081257722502127	1.05560973753698	26
-0.113749436665162	0.913942117303947	26
0.060284038942013	1.46939380727376	26
0.030835212491461	0.331295807494157	120
0.039388733331575	0.701751359461779	120
0.046746371770748	0.863316368531045	158
-0.0596019087458191	1.35234863562552	34
-0.00474725072454796	1.02900759406392	49
-0.07469211799828	1.36598729516402	271
-0.05854217921951	1.04709743152981	26
-0.057299262753255	0.332549356313388	120
0.094845995880859	0.517511025180734	120
-0.00723519778743098	1.18220282551403	10
0.095257110215614	0.517905108923992	158
0.075657688908625	1.02132670262878	257
-0.053067586984076	0.532839150551656	166
-0.08351366696644	0.53946197676934	166
-0.046250034674742	0.707361267592108	166
0.096870229379855	1.17506256737295	257
0.110327018194352	0.866766748575293	257
-0.103581388039475	1.69100687458409	57
-0.09876230582531	0.727782672938168	126
0.020897937265363	0.864200289821049	126
-0.0613126333887291	2.08277343900755	242
0.030882472288006	1.02249758423647	147
-0.123210223658284	0.920586534358834	147
-0.02285302226342	0.703573578793324	49
-0.057418534366706	0.332420818622936	139
-0.057418534366706	0.332420818622936	139
-0.116675861613001	0.337264277429259	139
-0.021907473522686	1.48424251322047	271
-0.106617180071545	1.0795179958603	270
-0.124279119349543	0.7447624178643	26
0.021714486899825	1.1771534002407	26
0.045660548991135	0.861445722874264	120
0.032288271065317	0.520702622232727	120
0.082135238212058	0.704289652522168	120
-0.0832046048013631	0.720496744441609	30
0.063031986487769	2.04068170427764	236
-0.098170028443615	0.728517275330294	10
0.021819600270381	0.86582347472197	158
-0.118151340616683	0.336302209073357	158
-0.108355964250858	0.545748977382288	158
0.047466189087401	1.47355066951955	239
0.096012382177584	0.518287286450567	166
0.121883627235187	1.17942944914329	257
-0.068633603195985	0.887686227127581	126
-0.096686161299577	1.22999956550009	49
-0.047212861511765	1.49874797937229	271
0.032080051697287	0.520538563821462	120
-0.06576966399136	0.713634687666806	30
0.075741428362469	0.863250482360038	30
-0.045586399275051	0.708354825750464	158
-0.014725335273255	0.527139372878533	166
0.031535781350949	1.02437401071131	257
0.044320554658919	2.04123221134901	126
-0.021455858626808	0.871042476417437	126
-0.083728849590504	1.6684408823832	147
-0.052070859258038	0.534073782000578	139
0.020134218456878	1.76463816149449	270
0.098382209876588	1.17848099766741	26
-0.050438088304686	1.34899355582757	26
0.032288271065317	0.520702622232727	120
0.040010329960498	0.702268755969501	120
0.0980727114011341	1.17822135063207	30
-0.014194025234291	0.527663345410542	158
-0.055305531930395	0.880120486568783	10
-0.014410920446063	0.527449287739469	166
-0.114870934606712	1.08611940965244	209
0.122025921847492	1.62227729557107	49
-0.055356163972255	0.879991999526609	49
-0.117009611615743	0.337161567388692	139
0.110169275777132	0.866498682204359	71
-0.038941988099624	0.875893765099101	26
0.039467620864401	0.701622628387189	120
-0.116842308840539	0.33731781457704	120
-0.083654103128541	0.539131371444057	120
0.03240423830106	0.520800573690726	120
0.110437861625254	0.866822466107139	120
0.115080008720366	1.32987426516746	10
-0.021874637439102	1.02861848323498	10
-0.036805057155412	1.91823418523868	7
-0.095235271542735	1.38479710167412	7
0.042690141888193	1.32271573669188	257
-0.012495955045042	1.47983708118044	257
-0.071678417833686	1.81191724942544	8
-0.033607543938204	1.03769440551533	284
-0.065725358358938	0.713815495657922	49
-0.056379660428993	0.332982534653599	139
0.103540475317115	1.024540987551	145
0.00157005080016204	1.76709488314559	270
-0.06589165017138	0.713547983511521	30
0.052530024712106	1.02288095350473	30
-0.045430195105485	0.708329763312719	158
-0.11199085223533	0.736495846433306	10
-0.081409708553581	1.0552578334726	239
0.08776768019135	1.76198970410859	8
-0.118166061569091	0.33627422143768	139
0.038808468851383	1.75690975115076	270
-0.051927677242511	0.534222620986118	120
-0.031645924746197	1.33955044637899	236
0.00630642465819198	2.32402338239054	7
-0.063526931968636	1.50398383796841	257
-0.108735801017516	0.545356537174067	166
-0.035188393039609	1.03464700627488	107
-0.046290623027175	0.707320863600337	133
-0.0641920221618601	1.20287873006844	270
-0.103927392543023	1.23656995067978	270
0.015036249117667	1.62085706289722	239
-0.11420253572224	1.08755047651302	257
-0.0552153732819351	1.79664845942623	7
0.038923099135452	1.17783515690573	107
-0.010576149157442	1.48565407044534	91
-0.065804385165139	1.6551283331196	270
0.097446315887601	1.17670944305927	26
-0.103567933001959	0.907542654118321	26
0.11100491271675	0.867606998991071	139
-0.116379353256308	1.25259700092498	271
0.08999953799128	1.61848197791813	270
-0.081749781055932	0.893100918779208	26
0.056129040873353	1.17565147860355	26
-0.078380520219794	1.66256257287361	41
-0.107280497985401	1.07799021331436	239
-0.117710066903544	0.336652685322149	139
-0.014785040411695	0.527052040178334	71
0.032774519601927	0.521035704849979	133
-0.014036802634013	0.527764906360462	133
-0.0745062235387231	1.36665678669014	26
-0.111604038475948	1.54807275150949	41
-0.014036802634013	0.527764906360462	71
0.056171501283205	1.17602627916351	52
-0.089608961215987	1.06472219276054	91
-0.054363545642385	0.882025849128747	91
-0.029942548437455	1.34434867562698	26
-0.093992087702503	0.89841398173932	26
-0.108725279875026	1.39314957630459	107
0.00659209774749203	1.17888241429414	167
-0.093194424902925	1.6833314175266	167
-0.0453168730239	1.64298935456439	270
0.027635533799634	1.32282686960214	26
-0.092567238662311	0.901001619700503	26
0.0466802825082801	0.863459631422609	26
0.030600706854381	0.331245529908097	139
0.030600706854381	0.331245529908097	71
0.020640293004999	1.17480764102311	167
-0.059474798970181	1.04527452510429	293
-0.099009990082696	0.72734204751125	9
0.0954815691316599	0.517930732836794	139
0.00543081128799106	0.701753413271006	71
0.030835212491461	0.331295807494157	133
-0.111819158382459	1.54699812544464	167
0.07509271715526	1.17422845233242	26
-0.031414658938142	1.63083507516827	9
-0.043426265421575	1.19376698481369	293
0.095137655254765	0.517820554026929	107
0.031620756856843	1.02460803103708	107
0.058822561450276	1.32376390947167	71
0.122010617159316	1.17952643457414	26
-0.00353600656382302	1.03097719598695	26
-0.06555903455919	0.714052736299979	26
-0.038774011048558	0.876275860258941	26
-0.056090940350819	1.49948969926602	7
0.081869513758992	0.704057050707889	139
-0.043663270792603	1.78392481190626	52
0.012566317010997	1.02660294015075	275
-0.010506223596599	2.04879090531893	167
0.00582057368171896	0.701883948807302	95
0.091605994016668	1.47090541739927	26
0.074672651127808	1.17287185455877	85
-0.022291772595369	0.704178492379067	185
0.058270532729291	1.3222748539072	107
0.081558866076109	2.17714468490354	269
-0.0657031249694891	0.713805963556938	95
0.081736615598494	0.703878013908249	95
-0.038012232862225	0.877509466576657	85
-0.021213518090289	0.871431712685976	185
0.053980327426395	1.02480731854632	26
-0.108495539606292	0.54559102154386	85
-0.014036802634013	0.527764906360462	85
-0.120364356452833	2.03431502606737	7
-0.047424215988475	1.04066447264033	185
-0.095337822636166	1.3845273115979	290
-0.082727040005367	0.540029542917776	107
0.095601230866145	0.518112164493318	139
0.043937974134447	1.32556388382808	275
0.021154723161215	0.864777020875457	146
0.081869513758992	0.704057050707889	95
0.095429272841547	0.518063989020872	95
0.038083773932127	1.17620711041767	26
-0.083116522984543	0.539752126042881	85
-0.098559032373876	0.728088880132742	85
-0.034719862111521	1.03564791883909	185
-0.024643844907978	1.76684119826858	184
0.081611425736021	0.703764229049497	139
-0.083389111118051	0.539554901709172	95
-0.013819910348784	0.527932841998446	95
-0.030226982313346	1.77714415650888	178
0.0967022527964559	2.44969106700037	178
-0.09292098245645	0.900769266981907	290
-0.081293411331191	1.21651130588963	290
-0.108976104035894	0.54508675518201	71
-0.051927677242511	0.534222620986118	51
-0.011752537689518	1.48237917734936	12
0.08147856154513	0.703585266217036	95
-0.116933834562856	0.337251009635842	95
0.110327018194352	0.866766748575293	85
0.075460748044642	1.17520141647122	85
-0.049217350439943	2.08297603727503	178
0.052208929505338	1.0222623508557	71
-0.070730754275002	1.05006717988319	167
0.0500520120226971	1.89303150518542	269
0.074577281855393	1.61498641225301	146
0.061018891384739	1.47155093087076	146
-0.014665519908771	0.527141063263483	95
-0.023009259600372	0.703423347575251	95
0.038587063980333	0.700334487734834	95
0.031374965400873	1.02412759972953	185
-0.104156243076187	1.23562171102611	108
-0.116933834562856	0.337251009635842	51
-0.038996034722976	1.63522146489991	12
-0.0992288880587	1.07012883433129	146
0.062152590264712	1.61812957695195	83
0.0280762427732501	1.32394109164763	85
-0.0239224658174571	0.701611325993332	139
0.07464590164277	1.61505759544361	146
-0.112052515872642	1.23917651305279	167
0.032332406886984	1.90097962262609	9
-0.00220425607457098	1.47687833494956	9
-0.082323246051111	0.721754232940433	71
-0.082164226010663	0.721945842967224	51
-0.124073373679332	0.918450721947879	183
-0.103724080466827	0.907199739701887	183
0.12498012538432	2.1842878156606	83
0.11285843343546	1.32344662368292	26
-0.123939771172334	1.25531078073131	9
-0.0820804068632171	1.52495493195468	9
-0.114870934606712	1.08611940965244	149
-0.117359797350894	0.336927129390137	71
-0.087664046190927	1.2271565419694	146
-0.100355592903048	1.06712291634022	83
-0.094464427378681	1.38712189843756	7
-0.104816482500735	0.904554129012413	149
0.0527320899618981	1.02324532701928	51
-0.00526098542457598	2.18514559131004	167
-0.048577882857226	1.35436659640496	12
0.037268655589595	1.61869630062749	26
-0.0536978766452	1.19934832711509	26
0.120896981084675	1.6191179002649	83
-0.064849415814406	0.714914776606943	83
-0.120858174211319	1.09666370992336	9
0.030041576343924	0.330969634796661	71
-0.058714351584799	1.35521194572675	52
0.103540475317115	1.024540987551	183
-0.020370287287565	0.8727948571714	269
0.00534753047215097	1.17610841031014	9
-0.098603247357455	0.728052754566398	9
-0.089883629812134	1.98500928081688	9
0.038806552204023	0.70097532973941	107
0.032288271065317	0.520702622232727	139
0.076512966057531	0.864225878557915	183
-0.083329243005869	2.11153926887246	167
0.045368523307225	2.17650277202082	12
0.00629478084452795	1.6268772253312	146
-0.0731157424296181	1.37059259614001	83
0.00661567766530402	1.17939870208679	26
-0.060301689760954	1.04319992148052	26
-0.049321958881306	1.3524108013033	83
-0.038024484875833	1.63874246786587	9
0.076564532301925	1.17758804923082	9
-0.062690913582994	1.20682626494692	269
-0.019981693960428	1.03281030011639	167
0.110595610453273	0.86696154947623	26
-0.031437337079383	1.34023079516539	9
-0.0834690576157639	1.81538425921136	167
-0.054730184044258	0.881329426135284	26
-0.094098532022736	2.27618791097049	9
0.089337933359571	1.61643551853778	9
0.031918004031025	0.520347828068038	139
-0.01223102457985	2.18377541913756	167
0.122165077713664	1.62246041517389	83
-0.117164868726076	1.24987223448054	9
-0.047488101052651	1.49786185486458	9
0.0304925175075	0.331224333986828	71
-0.020780172540838	1.03102676535164	51
-0.080980706449636	0.894364720362281	83
0.087974154305753	1.76302318758662	83
-0.0202265094827	1.33822516894993	9
0.075614079543372	1.47038888448673	9
-0.00469555624544304	1.02900838340807	1
-0.110094757855857	1.5537330314027	167
-0.083902004005147	1.51860306493699	167
-0.072181817084478	1.21189964877177	83
-0.081919060372877	0.722090860032636	83
-0.096418288252807	1.23072040789676	83
0.039288190984197	0.701658382276565	90
0.032496500128353	0.520807209734492	82
0.093947896378404	2.04043196695613	12
0.025266604167158	1.6170399584334	9
0.015733623443424	1.62299526767245	9
-0.040277403543194	1.34712690305233	9
0.021464512836218	0.865330190265363	82
-0.091171856422542	1.97918799201449	167
-0.00133096015838596	0.86758352632876	83
-0.083256650089971	0.539714223433784	71
0.00532103446461996	1.6240141442193	269
0.097339090315835	1.17651615450853	83
-0.107879226698166	1.07651506721047	83
0.00174411541563801	1.76724338855663	83
-0.057753118581373	1.35817164829639	9
-0.054514676583477	0.881589745016523	90
-0.057501739038754	0.332419708071267	82
0.096132014895578	0.518371973394181	82
0.062272677444641	1.90008565687653	269
0.00280454712406497	1.33146090982414	1
0.085124298361786	1.90182802530199	83
-0.048350533074136	1.35485186337098	83
0.046196762096542	1.47025265808736	83
0.074056647514095	1.61321034075516	83
-0.124148374645125	1.72638097105628	41
-0.108317276880089	0.545743151435336	139
-0.083378375352033	0.719989237507573	71
-0.122641302992979	1.25932420148088	83
0.106308965077426	2.45336161148845	107
-0.00178093146372005	0.866717286156497	90
-0.056379660428993	0.332982534653599	139
0.00529949679441699	0.701485808328652	82
-0.020677624766835	1.33712835084398	269
-0.0639988913701181	1.50226104198395	12
-0.08199396588842	1.37184734586495	9
-0.055071559718901	1.63601399989854	7
-0.100334161317912	1.53901795574581	9
-0.040260535987841	1.48963134291159	9
-0.0827347368585311	0.540150953968892	90
-0.057041900757141	0.33267335418904	139
0.106021961062097	2.4520305395024	269
-0.031575447804061	1.90991391989148	12
-0.0805284972392371	1.05733612171892	83
-0.046864350444888	1.63722198827931	9
-0.00510655198778298	1.62354713809171	9
-0.053445193137487	1.64299557093332	9
0.0954815691316599	0.517930732836794	90
-0.056925458578453	0.332748917047452	139
-0.122872156985816	1.09199847369513	269
0.00347540235227495	1.33300181122487	83
0.03260852284261	1.47033750651731	83
-0.0199401093330081	1.33923853216726	83
0.00634078333423005	1.17867477722219	9
-0.039634359567851	1.34904033579074	9
-0.09900840211637	1.0706620927572	9
-0.071111243499533	1.50700191108409	9
0.018076252932949	1.7570127948723	9
-0.00374584379424403	1.03066514314157	51
0.0463476529178331	0.862915807228552	1
0.02854145367975	1.75763692051597	269
-0.122692130183955	1.25897332752231	12
-0.081906291685396	0.892678160127215	83
-0.092493088074058	0.901482150174491	83
0.028243372015888	1.75702091771523	9
-0.032085630451544	1.18958123192005	9
0.00637474365713697	2.3244144717484	9
-0.039288658058713	1.49312016848083	9
0.081891452940088	0.702952484279025	139
0.07613456545808	1.02234531880115	1
-0.0667954618090399	1.65118068585166	269
0.021382040740706	1.17672861677967	83
-0.114216623427637	0.913010948408167	83
-0.088731063315238	1.37846617164319	9
-0.072711631027266	1.21049187800748	9
-0.011998622738153	1.63282459507812	9
-0.097306088450472	1.22817430107806	9
0.089921585800227	1.61814812172183	9
0.039388733331575	0.701751359461779	90
0.09508474268777	0.517636528737767	139
0.095376520782495	0.517946155800233	82
0.09204651553329	1.47200620921521	83
-0.082711191303119	1.52274966609654	12
-0.074274838336807	1.36671814920318	12
-0.088329319704442	1.37967961498149	83
0.049991303810743	1.89258907487387	1
-0.113272369190436	1.40342859552549	269
-0.063863687241193	1.94309511485626	81
-0.032761398464345	1.1878392155679	107
0.096371147800417	0.518401052151678	139
-0.059415075572584	1.045265442564	83
-0.066343884416216	1.65306160867826	9
-0.042579620333246	1.92294778670934	9
0.03240423830106	0.520800573690726	139
0.019454531022244	1.76228827496409	12
-0.031478802173852	1.19072526367128	83
0.021509735146054	0.86532925115043	107
0.046470069456608	0.862938053478475	71
0.038767105759596	0.700957533997231	1
-0.052808503638505	0.533231049004898	1
-0.099124679443555	0.727145063973468	1
-0.115391701110017	1.08483620956293	12
-0.0887000681362961	1.37854986615522	12
-0.117983410332669	0.336548902521066	35
-0.110982081824709	0.737820512141843	62
-0.068265903247126	0.888343156822925	62
-0.099899859449572	1.06828072754965	9
0.076655011074647	0.864756529429915	71
0.0611566382759901	1.61487621308573	269
0.043243195387266	1.32452518903242	1
-0.020833951174316	1.48754236726401	81
-0.116472466153928	1.25224927934243	12
-0.020626191340458	1.18410183094304	12
-0.052263929834424	1.647214494891	12
-0.01509945376611	0.526667086638978	35
-0.0830890342252431	0.720714844131064	35
0.02697877752848	1.62229318447082	9
-0.110670073627794	1.55172337809534	22
-0.054413862302526	0.881946360075624	107
-0.051927677242511	0.534222620986118	82
-0.0571276080358491	0.332670774022736	1
-0.08351366696644	0.53946197676934	1
-0.100110234863665	1.8460825054483	12
-0.052282575616051	0.533812580370505	35
-0.082999654616699	0.539924886281575	35
-0.00101300209611899	0.868132238678393	9
-0.022995895741013	0.703388889340379	62
-0.098850892709388	0.72758439178635	62
-0.068950640504726	1.79594578660582	9
-0.07318081962797	1.20865451967557	107
-0.023347973045226	0.702869559954108	90
-0.058587716395395	1.9388188910512	81
-0.0602538961710391	1.64681000575889	81
-0.098711275141393	1.07125250465126	12
0.013142445406663	1.02754757300496	35
0.07604551009327	1.02191879818068	1
-0.03112666671827	1.34119566486163	12
0.00511427955272903	0.701573718807632	35
-0.108596266401697	0.54551443009823	35
-0.116286336985385	1.25289222871957	9
-0.083646095132097	0.539302718396171	90
-0.107808470655928	1.07677359101711	52
0.021275673238264	0.864999858754492	1
-0.0347447066637731	2.06223880016798	81
-0.10532472647962	0.903726883653554	12
-0.082770995723604	0.721126619933956	35
0.062745286671161	1.76164535665251	9
-0.00368936929322405	2.45513466006524	22
-0.023218192123637	0.702912334681785	90
-0.108076893126901	0.545977789907305	71
-0.107216232395592	1.07813074054678	1
-0.052214036618303	0.533890853841771	201
0.0905129001556551	1.61899921545444	122
-0.107764648530734	1.69932058458935	12
-0.0459189804364321	1.50266281409216	12
-0.095543388475693	1.98402501574537	220
-0.11341595443429	0.914649462731156	62
0.018549726020731	1.75895304759329	9
0.112024504044404	2.17572001224235	12
0.015062575034555	1.32758009000472	122
-0.112146846427659	1.23856262584652	12
0.046890543034972	0.863746952875784	35
0.081861690710006	0.703887151943169	35
-0.077048636618738	1.51504661801706	9
-0.103841130292897	0.907080757248001	9
0.076145127230523	1.17665683600491	62
0.05805468172052	1.32159099562182	62
-0.053530425341087	0.883110625241383	328
-0.107286879967669	1.07807058052891	9
0.030835212491461	0.331295807494157	139
0.03014973845987	0.33104046106917	82
0.0304925175075	0.331224333986828	201
-0.031644439658904	1.19062054568007	104
-0.098921333758946	0.727483911183518	35
0.110531652412964	0.867060552474143	9
-0.013662686982633	0.527994458440974	62
0.03890726278779	0.70116950501465	62
-0.112830513986228	0.915670918353768	62
-0.068107608103476	0.888601176893775	9
0.03240423830106	0.520800573690726	90
0.039669132873082	0.702058562900444	201
-0.090643176556899	1.06241215288174	1
-0.06967983291251	1.05244462809077	1
0.074567088388329	1.61460082953323	12
0.080954752341549	0.702737106735197	35
-0.00978536601387403	1.33275336946841	9
0.0391082263031201	0.701283917093564	62
-0.022305108676794	0.704243361842568	62
-0.021093943078471	0.871699345299692	9
-0.0825254399730691	0.721517832958021	51
-0.064993629816319	0.714707348782072	1
0.07568320727473	1.47054359848527	122
-0.123391503421612	1.09053259092754	122
-0.05235720931665	0.53366880389575	35
-0.109265940425247	1.39130637645667	9
-0.00663339755469206	1.61727068605954	9
-0.09808177800714	0.728816663822766	90
-0.020290997503525	0.872626329743362	1
-0.111871349836683	0.736475415224564	1
-0.114639689918069	1.56090821580467	122
-0.031272170390561	1.19141308758492	12
0.012983698086303	1.8970679089347	9
0.027901845677261	1.75546576346466	122
-0.057814523975885	1.35777568502627	104
0.0390473928569131	0.701342123090752	35
0.034700896966984	1.47600789589037	9
-0.069001354307785	0.886965941155409	71
0.03014973845987	0.33104046106917	82
0.0758333040015871	1.32415569759009	122
-0.017661254007134	1.9065125588025	81
0.083849840539111	2.04291101178976	9
-0.103841130292897	0.907080757248001	9
0.088582982014527	1.6142947936012	9
0.00541147528271302	0.701876571592781	51
0.059719401328887	1.32570368679573	1
-0.05197316928656	0.53408204844705	201
-0.123285810746416	1.25742901574164	12
-0.038502523117801	1.49595334811641	104
0.0759109291837911	0.86339935292674	51
0.114630140497184	1.76131806185349	12
0.114576868610874	1.76099655125685	9
0.021663680270539	1.47637759118851	71
-0.081336857924048	0.894113266703932	1
-0.038131272629584	0.877442166050716	62
0.0312141845789961	1.02384625061197	62
-0.098603247357455	0.728052754566398	90
-0.107976114146731	0.546072201099379	139
-0.014785040411695	0.527052040178334	1
-0.076943387816184	1.66777044647173	12
-0.08988571299206	1.06400978344913	1
-0.0878291443031301	1.22675352738998	104
-0.102062765830654	1.24141843127879	104
0.103655894352797	1.02476902698748	35
-0.074051617049144	1.80098722596059	9
0.075935296949003	1.17611540597329	9
0.00650372883420503	2.17435923481101	12
-0.062685543784487	1.50688823809157	12
0.0943455006019141	1.32596689186199	104
-0.115539292133582	1.08444268116843	12
-0.098859142346295	1.99393434502877	9
0.00920593763912603	1.4761145795735	9
0.070610989879981	2.16931862168769	9
0.056015052004746	1.17566320377185	51
-0.118410980810103	1.41110487859648	12
-0.109557890977299	0.544222071712519	35
0.075964350368269	0.86387625456399	35
-0.050145775325863	1.78852824391832	9
-0.115461375292832	1.0845925108905	9
-0.119591869530815	1.40727255649632	9
-0.043740469451409	1.7847884954626	9
-0.070947011050963	1.50755981804413	9
-0.072463999479395	1.80887078452266	9
-0.014508383852324	0.527353423758431	51
-0.112229647736884	0.736119037394207	112
-0.050376241862052	1.34932269944135	12
-0.104055927482414	0.9066439391284	9
0.046491982289816	0.863115885005743	56
-0.090201719437443	1.06344610497643	56
-0.060784850043162	1.64487826235262	9
0.051179294800529	1.76162626037114	9
0.075460748044642	1.17520141647122	107
-0.056637927560424	0.332705752292149	78
-0.116659509826052	0.337355376283306	112
-0.022995895741013	0.703388889340379	112
-0.071378294805	1.04867617007219	12
-0.123259314957602	1.41870734787078	12
-0.121586849964423	1.09510153218803	12
0.031918004031025	0.520347828068038	35
-0.098514846284974	0.728062244381631	148
-0.121787632610699	0.923410489653856	56
0.03014973845987	0.33104046106917	78
0.010139941507797	1.47831527218002	12
0.092266664585395	1.47247549277725	12
-0.047119240313571	1.49909124808153	12
-0.03201673407777	1.18975990724389	12
0.085656056719669	1.75493130479283	9
-0.080885336616334	1.37521382899641	9
-0.083646095132097	0.539302718396171	56
0.075950816903291	0.863897429313395	56
0.0570816745525971	1.17730415964612	56
0.081486121127716	0.703552760356458	327
0.07266581426255	2.03956357380515	12
-0.031665491703626	1.33947582684166	12
-0.037813920508054	1.77824864590948	12
-0.078840607600902	1.80825597128343	12
-0.117814502153221	1.24825359943853	12
-0.0226704056060491	0.703839750230914	35
-0.084292512872766	0.538494627471469	35
-0.045769102953492	0.708059320300059	35
-0.1248100436067	1.56980780511614	9
0.00484282030998096	1.897703450955	307
0.0284636653621529	1.32524087974531	112
-0.084160126974656	0.538686714317142	35
-0.09818761991245	1.6882173403169	9
0.012876697110362	1.02690622037708	319
-0.108635141433726	0.545403554527037	56
0.004639509341828	0.701020196354119	56
-0.045390247188839	0.708643123701116	90
0.030726900319473	0.331224894831421	139
-0.117283609532232	0.337057393852656	71
-0.110892751815365	1.24281637568199	12
0.038806552204023	0.70097532973941	35
-0.09292098245645	0.900769266981907	148
-0.059439248079581	1.04541405625507	148
-0.035815328948938	1.64509740722121	9
-0.019496826622917	1.03380006486416	107
0.029933366340845	0.330815108755646	139
-0.114395215316129	0.912370889578876	71
0.022008383284529	0.866060436721664	51
-0.0711364963200199	1.04939362663168	12
0.110437861625254	0.866822466107139	112
0.110847155783041	0.867467905812815	112
-0.123115692411202	0.920777298101345	12
0.029885154179664	2.30121236581357	81
0.121048296309065	1.61965290867649	35
0.00593359253228698	1.17770619982363	148
-0.047638924190284	1.04022997123731	56
-0.032320210507891	1.18895205956127	56
-0.094342469725443	1.67853803696723	9
0.052690625808092	1.02313538819488	327
0.030600706854381	0.331245529908097	78
0.055716701897056	1.17379128442693	1
0.00459469163426995	2.0494198916504	12
-0.08284339676581	0.721048741371306	35
-0.070636875655536	1.05050946720136	56
0.046868566113677	0.863754813000686	56
-0.038857908621461	0.876223750363893	56
0.123540117522168	1.18248968221681	51
-0.108875362146444	0.545169144799326	35
0.114281891810968	1.32805869233658	148
-0.0313804007165111	1.48643665112599	9
0.075512442164771	1.17536245437376	56
0.032496500128353	0.520807209734492	139
0.121059966814899	1.61976701059285	52
-0.039060637096675	0.875817716861162	1
-0.113201126299575	0.91502179586392	12
-0.05245489268952	0.533656451047042	35
-0.109596273717907	0.544257102708236	56
0.057067923875464	1.17772652929918	9
-0.097760644507383	1.22664318699989	9
0.0523278723964971	1.02246811815568	51
0.047169813290424	1.47288465895333	1
-0.062909153211953	1.20596911305282	104
0.052369459282576	1.02259005166245	35
-0.03933982188179	0.875206954074276	148
-0.0230496033127769	1.77326918965868	9
0.076207181461193	1.47185104133005	9
-0.098603247357455	0.728052754566398	107
0.080962385082491	0.70282857363025	139
-0.045573017650811	0.708425947261369	71
-0.083389111118051	0.539554901709172	78
0.062069820133569	1.61788747811167	104
0.094072260563356	1.32542517578186	104
0.115979468548197	1.76575830368624	9
-0.09208132835966	0.902063590147762	9
-0.105226752921615	0.903933086643682	9
-0.066146720490455	0.712853259508362	71
-0.00627257520319402	1.02541487751477	51
-0.017302392547252	1.90799136800875	12
0.038727343033749	0.7007118936052	90
-0.056379660428993	0.332982534653599	139
-0.117359797350894	0.336927129390137	139
-0.02283985017797	0.703648197989488	71
0.082135238212058	0.704289652522168	78
0.056015052004746	1.17566320377185	51
-0.00729079295447499	1.76792183853873	12
-0.041429896212449	1.92792291258301	12
-0.093661856666421	0.899302625965024	104
-0.091166961344101	1.06102801306575	9
-0.057587415175243	0.332378557863217	139
0.030384280304085	0.331153446143224	139
0.031417514261618	1.02425026534784	71
0.074015240258036	1.7589384267554	12
-0.103798959878768	1.38300832704465	12
-0.031044179245158	1.34137576870125	12
0.0703030375707731	2.16959783055559	12
0.02398131147011	1.90456337005328	104
-0.050046647217969	1.34973505521534	104
-0.083363510528859	0.720187416454337	148
0.054222784447551	2.17721325292938	9
-0.039799257591479	1.49174422222479	12
-0.115411018019936	1.39585564496823	12
-0.069707972196159	1.51189560466242	104
-0.016139236411703	1.7668898377536	9
-0.0984092664841409	1.07202252515721	9
-0.0685778616809291	0.88761381694224	56
0.00562233266451395	1.17674547667239	9
-0.0627165405022631	1.5064485739507	9
-0.117542160118262	0.336889784000017	78
0.056754897435615	1.17718023569644	1
-0.037404867589432	0.878371765702772	1
0.05295085886153	2.03851740836442	104
0.028888788491936	1.32577623277558	104
-0.091457337140238	1.06023210855191	148
-0.124313183436983	0.744464789528797	148
-0.049281085653356	1.35245568725049	9
-0.0970370151114039	1.22852440392805	107
-0.10845675834166	0.54564360288035	312
-0.122684315589284	0.921731188571591	148
-0.073752576814327	1.80328586460804	9
-0.113143340227436	1.40393434991605	9
-0.118814322901115	1.40982814685895	104
-0.038857908621461	0.876223750363893	148
-0.011276275852929	1.48367795367536	9
0.114125636546849	1.32760900850589	9
-0.00778180116709604	1.76516127975875	9
-0.00422950033435099	1.62665655670716	9
-0.0219370977940569	0.869988096715897	12
-0.112867885109502	1.40479443874689	12
0.018683340424454	1.75950137165493	12
-0.02285302226342	0.703573578793324	148
-0.038410908640563	0.876902980045601	148
-0.123838577917768	0.745183452826951	148
-0.081023551909941	1.37478910007865	9
-0.108703570980193	1.07427002700672	9
0.098793970470053	1.90766294133624	9
0.030935390721739	1.02319338992968	9
-0.020854577014494	0.87172410556558	9
0.035918790133478	1.16982926134732	104
-0.09412882310212	1.53554095176461	12
-0.094566985206825	1.38678446097511	9
0.00522803417970197	1.62382594060887	9
-0.099916392699023	1.68125207576028	125
-0.124377581677384	1.41510967770454	12
0.075892610863023	1.32448792875255	104
0.028409376294031	1.32467003483257	104
0.026738368828398	1.62197170345152	9
-0.083903100454074	0.539013325390951	312
-0.05245489268952	0.533656451047042	139
-0.052808503638505	0.533231049004898	71
-0.109394744767061	0.544421877164213	78
-0.083302218119646	1.52065397469296	12
0.076499187599919	1.32569799416959	104
-0.089952210825603	1.524221260837	12
0.0525707883618181	2.17072144823657	12
-0.032182900630462	1.18898378487961	9
-0.020096751571928	1.33862028484905	9
-0.093912254145589	1.68046904113716	9
-0.120910848334632	1.40236248786885	74
0.046551847234581	2.30985282185436	74
0.095548787089058	0.518148602075924	78
-0.046067138294444	0.707578493277966	12
-0.000086638388100968	0.869300378711871	12
-0.051784490578388	0.53433870715751	1
-0.054609648172172	1.50452423915815	12
-0.053259635099121	1.1998665448239	12
0.078999497931591	2.30645839158543	9
-0.115617308859438	1.08423960060632	9
-0.108355964250858	0.545748977382288	139
0.0198248841552841	1.76354838734825	9
0.029342142214476	2.17713300407432	9
-0.089443656134914	1.22239232914607	229
-0.022138630291349	0.869575134452339	12
0.000269641320753022	1.76170943929902	12
-0.035882461249246	2.49818141840739	59
0.00763150221701103	1.18131261774392	148
0.097813297859783	1.17758341934057	148
0.06071664465303	1.47071247430236	9
-0.00464364940974105	1.62514346750774	9
-0.108858707685641	1.07380539654385	9
0.075241663366294	1.46935869143705	12
-0.042805834008925	1.78814126349588	74
-0.065626317708001	1.36442238428289	12
-0.103786994988666	1.23700439195702	9
-0.097626985675692	1.6909059563202	9
0.032080051697287	0.520538563821462	42
-0.081863309886495	0.893068827242277	69
-0.110471089904668	1.87362487493813	12
-0.020018380374441	1.33896342202366	104
-0.114882445133588	1.8782218335933	12
-0.101780670266916	1.39003225872498	9
0.033277231334607	1.47244737854614	9
0.026128292626422	1.62048746593798	107
-0.117192192600934	0.33712411861585	42
0.032196080090373	0.520584743405404	139
0.102074274763193	2.17933310802618	12
-0.063367356093024	1.20521057621688	104
0.048583321181058	1.61584475236596	9
-0.094188633538251	0.898103062485364	104
-0.014568142297096	0.527312093230812	139
0.08212757886328	0.704290131539512	139
-0.124063591647507	1.41632810935626	12
-0.057525655109343	2.38846002893979	59
-0.102673380650048	1.23951021869058	148
-0.0993774870844451	1.06971965910598	104
0.056583843679252	1.1766302860739	104
-0.0885740614490061	1.22493287145984	9
-0.040285650262738	1.93222624327712	74
-0.121037391147544	1.71571532504451	74
0.0741936489396981	1.61335006156632	42
-0.117542160118262	0.336889784000017	139
-0.014448515410079	0.527309050615288	139
-0.111744132377701	0.736274576951205	204
-0.062695179921047	1.50687893677961	59
0.021554521802143	2.17671161369638	59
-0.111855223861113	1.70673119338535	59
-0.068898797318719	0.887023393579407	148
-0.109164049849037	1.39170772672556	9
-0.062854180765917	1.20625876892573	59
-0.087842998538831	1.82263953664465	12
0.00527254360567198	0.701684643160914	148
0.115976598539356	1.3314931043328	9
-0.122789916300181	1.09219259829828	143
-0.040297442366603	1.34732180631867	9
0.039528946560506	0.701924133145255	78
0.095668257023243	0.518189682168016	204
0.025521745907308	1.61852268799091	59
0.114802819496932	1.76171692016472	12
-0.00469555624544304	1.02900838340807	160
-0.066601319838164	0.712289767037821	160
-0.11384583767182	0.913810575139169	143
0.059827478004166	1.61021464709995	143
-0.116658825545346	1.08124059423451	143
-0.0536920095528159	1.1991989846897	42
-0.104212056036036	0.906327208384422	339
-0.081579485235017	1.37319701918601	75
0.01655847158849	2.30555491884381	59
-0.070315282074975	1.66537298483046	75
-0.124397657159059	0.744547795725925	69
-0.052025341547139	0.534104234126189	78
-0.055216571424036	1.50253515961198	12
-0.092746001232509	1.82729687254686	12
-0.096237403562186	1.83681369949593	12
0.041554960869475	1.89945583819303	75
-0.08900883660995	1.22377816707162	9
-0.021616307607664	0.870726072628996	204
-0.082395278100738	1.82008401035896	59
-0.040670303440662	1.34625282103751	12
-0.037623466936322	1.49850272875579	12
-0.038142887982605	1.3521500580829	75
-0.011510702979564	2.04414080025535	9
-0.098603247357455	0.728052754566398	9
-0.065747537983149	0.713758258144225	42
-0.014508383852324	0.527353423758431	204
-0.108774769690449	0.545183789761518	148
-0.00144593913770796	0.867192805755678	148
-0.052675092033879	0.533369756821401	78
0.039629404782175	0.701960653911999	204
-0.083248006900449	0.720466077961844	204
-0.116286336985385	1.25289222871957	59
-0.012143571570433	1.63283286798464	12
-0.088471366438343	1.22505903802028	12
0.032080051697287	0.520538563821462	148
-0.09198117112408	1.05870151704175	148
0.046942573999527	2.43894018923642	9
-0.033978277878851	1.03708148015031	9
0.115161956407499	1.32949394207299	78
-0.102118471725257	1.3890641190593	12
-0.051575932630232	2.07155618954575	59
0.00568890272419698	1.90288855443719	125
-0.070405085520175	1.50961495921621	74
0.061487744943359	1.75680597553169	59
0.084322336645755	2.04434495155229	59
0.114281891810968	1.32805869233658	12
-0.014725335273255	0.527139372878533	262
-0.123516844709712	1.25673388816257	142
0.045993025287591	0.862241919456182	265
-0.0659360591230001	0.713427302568261	265
-0.097988535501843	1.68859356292108	59
-0.0306400900042541	1.7755432164173	12
-0.076313102608269	1.51758681347766	12
-0.092023826791537	0.902214073780392	148
-0.088132381387698	1.53064549930625	75
-0.05197316928656	0.53408204844705	262
-0.116433189089714	1.08189290077627	12
-0.104015949900734	0.906477307851804	265
-0.121903497876425	1.26127845289811	12
-0.0820804068632171	1.52495493195468	59
-0.109728551632669	1.85274210714769	59
-0.048538770597458	1.92579610671248	59
-0.073457806831532	1.20828900441467	160
-0.00682092423702996	1.76957167718405	143
0.071955155150608	2.31470717109425	230
-0.1165841433786	0.3373661653659	139
-0.082886700260337	0.721023743047194	69
0.097351422062335	1.90294038067815	12
-0.066057910005238	0.713248707223742	148
0.021464512836218	0.865330190265363	148
-0.078220898266711	1.95995941857674	125
-0.055689782467007	1.50079664722606	125
0.022262400042958	1.47783409877411	9
0.030384280304085	0.331153446143224	78
-0.090409608095861	1.06288426502068	199
-0.00632940930762405	2.32690399497757	59
0.032612406330211	0.520964610059915	292
-0.065998535175147	1.36341167204869	9
0.029914914151411	0.330773660344766	139
-0.021295373701047	0.871326237803094	142
0.110075458719782	0.866228235067299	265
-0.00157788506871404	0.867146201783064	12
-0.0317910177195559	1.90865117967823	59
-0.101820493786579	1.38999931972545	59
-0.117283609532232	0.337057393852656	292
0.011673610875119	1.0247417756618	148
-0.00829084361841204	1.33645673444396	75
-0.09876230582531	0.727782672938168	160
0.046570526264781	1.47132619404779	9
0.074725150885257	0.861491345787856	339
0.095548787089058	0.518148602075924	325
-0.071808877969906	1.21284150433022	266
0.00222428007063802	2.03975197733873	12
-0.069197145189866	1.51367623173043	75
0.02203091901008	0.866035686445749	160
0.0309434769370009	0.331317040485419	139
-0.056925458578453	0.332748917047452	262
0.095429272841547	0.518063989020872	325
-0.00280762923401801	2.05016353828562	59
-0.090258141898566	1.06317801506701	266
0.014385406048151	1.61833408643642	59
-0.033938656207546	1.03670370448147	12
0.091674135127673	1.47105540282196	12
0.03293666332681	0.521054535708889	292
0.031918004031025	0.520347828068038	292
0.074292200886153	1.61363255311922	143
-0.083770705137031	0.539172505821296	237
-0.083324420845288	1.81603452474353	59
0.019126284946538	1.76097754409487	266
0.011357450021508	1.02389323592164	339
0.046426412440955	0.862291848567639	142
-0.088337612941796	1.8204439560285	59
0.075328213028014	1.32313738591015	266
0.118308511897776	2.04551543152918	59
-0.103041201047663	1.23906191302284	12
0.087290780915949	1.76106220337222	12
-0.057418534366706	0.332420818622936	139
0.055999891099165	1.175294721402	266
-0.059044028519573	1.35434390162907	266
0.017209757644852	2.03626043649435	59
-0.034719862111521	1.03564791883909	199
-0.102949097065459	1.23926132598309	199
0.039288190984197	0.701658382276565	292
0.031899953881719	1.02498889540522	75
-0.071787055082648	1.66035277690034	125
-0.088329319704442	1.37967961498149	12
0.102210052554473	1.02192022260635	12
-0.038086870065235	1.49727411973007	266
-0.00363268206929102	1.47113024418233	199
-0.084027764492086	0.538845802211176	292
-0.0518299935840431	0.534264994563934	160
-0.107357679613757	1.07788221712854	160
-0.0984092664841409	1.07202252515721	9
0.095018155976737	0.517692501299555	139
0.0309434769370009	0.331317040485419	78
-0.108255319828596	0.545784928443595	142
-0.054097424446011	0.88244503526474	265
0.011933746382062	1.02519233095964	75
0.060506117588039	1.47009646385019	75
0.106040946776073	2.04082854015407	9
-0.117633468163881	0.336823150413934	262
-0.0571276080358491	0.332670774022736	78
-0.116857593142673	2.18463611384196	59
-0.075277815094115	1.52045777107851	75
0.023437984730082	1.90288992154074	132
-0.058800952405797	1.93784275134145	74
0.032658526934225	0.520957217373559	139
-0.097223279140621	1.2284677053775	12
-0.099670874981835	1.54170006617076	59
0.059383462075814	1.3249332873759	148
-0.12330926520405	1.09070505583759	75
-0.122253240542438	0.9225688236111	75
-0.082503797758622	0.891643917796617	75
0.120757443937923	1.61889586164137	74
-0.080648945045999	1.21814816649245	74
-0.122839469477071	0.921402300309637	9
0.012040896772696	1.02556052240881	148
0.098078873391433	1.17773685647489	46
-0.104673114779539	1.23424822082133	12
0.021506362518281	1.47589720096749	9
-0.109657936230339	1.85310183913348	59
0.081728710862725	0.703610742861595	148
-0.121213227957002	1.09591407280094	148
0.097130210941896	1.17595852022938	9
-0.122899966247309	0.92126847020333	148
-0.073330624480961	1.95548183201254	74
-0.00585043285445097	1.62039317141941	4
-0.01745349067353	2.47856977534851	59
-0.115469741487371	1.08460883299444	148
-0.024312329190173	2.04896549020509	74
-0.06098134990715	1.51201523649392	9
-0.087979817247024	1.82210495245343	132
0.015283543108547	1.32815234358969	148
-0.090670764252835	1.98130753694327	74
0.075986470362633	1.47133403243142	75
0.00579946022946098	2.32167871461827	74
0.035787853139834	2.17026761190697	74
0.075696404788577	1.47048958635653	9
-0.054464239212933	0.881800986015809	148
-0.11458743416056	0.912156909910853	148
-0.102016269414235	1.38931926847807	9
0.121883627235187	1.17942944914329	127
-0.098603247357455	0.728052754566398	46
-0.120359680054821	1.40442696770278	148
-0.057299262753255	0.332549356313388	127
-0.00850927166411697	1.33615176563579	132
-0.090946172234605	1.06159117133932	148
0.108909366022713	1.4725232953117	75
-0.0655369638589191	1.36405907061848	9
-0.0745524850035439	1.36641808238166	9
-0.083389111118051	0.539554901709172	127
0.098382209876588	1.17848099766741	127
-0.047326878050192	1.04085253653776	69
-0.059259607439632	1.04566868765898	148
0.02406934973831	2.30795466566724	74
-0.094456372586249	1.23545523634692	75
-0.074553877687079	1.94947472641356	74
0.050945521026217	1.76057462662738	132
-0.089573615073561	2.13264010207185	74
-0.094917495187123	1.53295113887925	74
-0.112550715428296	0.735446634258384	127
0.095309714357572	0.51793585320065	127
-0.098562801274139	1.68544576991464	74
-0.0493556543472951	1.7916789673791	74
-0.0816071022550831	0.893539178618217	46
-0.053330420857415	1.20003446189278	132
0.075600548812011	1.47012438883944	132
-0.120604730388008	1.87575146821323	74
-0.102295333578668	1.24089894206033	9
-0.06383448542362	1.50295338162326	132
-0.119680469989593	1.40696276173554	74
0.00516060258260198	0.70168657884151	46
-0.017637838503189	2.04816696913763	4
0.074470239867203	1.76047567352278	74
-0.021254424244873	0.871415520978376	5
-0.098603247357455	0.728052754566398	5
-0.0472095836809699	1.04106104888686	5
-0.124076011126971	0.745094832216476	74
0.040190262482805	0.702414352016424	69
-0.12416051660599	0.744845042540748	74
-0.123245812250031	1.09096335515385	74
-0.124389017480052	1.41531925937749	132
-0.091072793386387	1.06100528484105	5
-0.103912800405712	1.85428552745034	74
-0.115715750751843	1.55716089999659	5
-0.100794653176802	2.15056699528679	74
-0.013662686982633	0.527994458440974	202
-0.057385209919212	0.33239444313969	202
-0.081356445247247	1.21614791716353	46
-0.00652086733703305	1.18334588080501	46
-0.089912153607976	1.06395284478474	186
-0.057041900757141	0.33267335418904	5
0.039293588670644	1.17842937793109	5
-0.0515436282266411	0.534529928099741	5
0.07441137757467	1.01784951298744	5
-0.0459115944842911	0.70795969946851	5
-0.046094410215124	0.707702777096509	5
-0.052168529914441	0.533988155216248	5
-0.098285038775075	0.72851034580007	46
-0.054471410536411	0.881683174442303	46
0.012091845838397	1.02559765420253	46
-0.045573017650811	0.708425947261369	5
-0.046121223129139	0.707538220714583	5
0.031918004031025	0.520347828068038	5
0.081861690710006	0.703887151943169	5
-0.045897966750196	0.707895357673288	5
-0.051784490578388	0.53433870715751	5
-0.068950045301186	0.887027491168602	5
-0.084160126974656	0.538686714317142	5
-0.110862180646511	0.737974466797678	5
0.095137655254765	0.517820554026929	5
0.020920522760158	0.864380282435293	5
-0.068214820946798	0.888391020583761	5
-0.065791736535474	0.713442409928205	5
0.021608314066514	0.865380491823317	5
-0.12227056078845	1.09355599737674	186
0.056171501283205	1.17602627916351	5
-0.082019830343766	0.89270851106258	5
0.075333309388247	1.61714391440961	5
0.0759755761201491	1.02204560344004	5
0.091521976679347	1.47059101772667	5
0.021050415371055	1.17577256965321	5
0.076667177527822	1.17773682565501	5
0.12221331621576	1.17986302529083	5
0.03014973845987	0.33104046106917	219
0.0304925175075	0.331224333986828	202
-0.117892211266426	0.336615434039362	202
-0.097560271352669	0.729435001753022	5
0.12212886997997	1.18001634250688	5
-0.065226290963344	0.714437173951344	5
0.0118827708322879	1.02519130432276	5
-0.057299262753255	0.332549356313388	267
-0.023035617758385	0.703265486990482	5
-0.000607394312346021	0.868685207568829	5
0.110420779840097	0.866711802736129	5
0.110373906010347	0.866792431945727	5
-0.0825254399730691	0.721517832958021	5
-0.065081844037835	0.714397937670514	5
-0.124076011126971	0.745094832216476	5
-0.014351218967279	0.5275261564335	202
-0.082684433895149	0.721297585681393	5
-0.124321433152943	0.744635375789499	5
-0.092509471907245	0.901282271430657	5
0.032612406330211	0.520964610059915	5
-0.083389111118051	0.539554901709172	5
-0.020892599308484	0.872032129559511	5
0.032242129780553	0.520688602678334	5
0.032242129780553	0.520688602678334	101
0.082393371371185	0.704522809254622	202
-0.000610466700815993	1.48187931217941	58
-0.05955965626211	1.04492731794361	58
0.028552471959112	2.17335331702882	200
0.011566605308953	1.0243424790308	5
-0.081531358264018	1.37322303387347	171
-0.097790577848559	0.729060313008833	5
-0.115834483127477	1.08358162413002	136
-0.090561075790225	1.0625647248459	317
-0.032237341313098	1.1892215558535	58
-0.0843759308072441	0.71828502000341	202
-0.108557702291486	0.545473194310551	202
-0.06595840042118	2.24397240566774	58
-0.068056552024447	0.888677387921579	171
-0.021414869463027	0.871099036565846	202
0.030384280304085	0.331153446143224	202
-0.054730184044258	0.881329426135284	195
-0.080308379544333	1.05777288551196	195
-0.093719740505887	0.89915548403028	195
-0.082323246051111	0.721754232940433	195
-0.112353571558835	0.735918426153587	195
-0.05245489268952	0.533656451047042	5
-0.022826554880808	0.703647677531748	5
0.021298258773638	0.865086429302034	5
-0.045559521207506	0.708425795909019	5
-0.108697142914453	0.545373687466879	5
0.0764268434702861	1.02267900088599	317
0.038552570633435	1.17715621171256	195
-0.098877049244821	0.727460549044237	195
0.1220442410133	1.17976393720962	195
-0.021701772462999	1.02861336439789	195
-0.098850892709388	0.72758439178635	195
-0.00214302763547602	0.865951130941642	195
-0.00606076679080103	1.02563262848208	195
0.021509735146054	0.86532925115043	5
0.0959599512895119	0.518366135408001	5
-0.045390247188839	0.708643123701116	5
0.0823856209417641	0.704446938637275	5
0.0470349090555891	0.863970758188364	5
0.00531886676091098	0.701835271574334	5
0.081603693533313	0.703654188817707	5
-0.014508383852324	0.527353423758431	5
-0.057673171439978	0.332298477183409	5
-0.045701292245629	0.707874130358118	5
-0.056753581811492	0.332870493589968	5
0.039669132873082	0.702058562900444	5
0.0392084796572399	0.701186353936765	5
0.021275673238264	0.864999858754492	5
0.06176341023248	1.47321651464463	5
0.030978006863059	1.02312304594358	5
-0.00128704155992498	0.867556737124264	5
-0.00189579965468101	0.866528907028688	5
-0.023283610535587	1.91410343333974	40
-0.045193864100497	0.708721154903016	48
-0.046446508391198	0.707125748045548	48
-0.054097424446011	0.88244503526474	48
-0.117983410332669	0.336548902521066	276
-0.108836610176808	0.545244573236561	48
-0.00160400963775398	1.47893749270591	48
0.094813789928064	1.32714784489582	77
0.122855510386054	1.18146030112919	39
-0.04523430409453	0.708764625699539	39
-0.065725358358938	0.713815495657922	39
-0.124558427441878	0.744235126193999	39
-0.057299262753255	0.332549356313388	39
0.082002387976336	0.70419429283057	39
-0.0571276080358491	0.332670774022736	39
0.03298267173056	0.521140211173362	39
0.076302919427056	0.864375328789396	313
-0.056753581811492	0.332870493589968	169
-0.057213395413372	0.33262955025011	169
-0.10917803687518	0.544730780573511	39
-0.0830890342252431	0.720714844131064	39
-0.083381262195827	0.53959039145426	169
0.021298258773638	0.865086429302034	39
-0.053788634511958	0.882950921922478	39
0.0328667400589689	0.520939182656066	169
-0.052070859258038	0.534073782000578	313
0.081595707219704	0.703262786077425	169
-0.020846610876907	1.18344462862908	256
-0.108549427220851	1.69586381163072	65
0.00599827106537798	0.702246952399235	313
0.053011935055896	1.02353240607228	313
0.081227953612025	0.703144375051528	39
-0.093349189526053	0.899923134663722	39
-0.092978677402133	0.900632890458716	313
-0.020722497482577	1.03133829270573	39
0.076338033954316	1.02272311072444	313
-0.046629320301335	0.706790558194225	313
-0.059044491376236	1.0460231545889	313
-0.11417987977166	0.912924682279902	65
0.074577281855393	1.61498641225301	208
-0.073764091746012	1.20721511189751	161
-0.00422082808799795	1.02998309513444	162
-0.123949597169148	0.745038097784647	162
-0.046465443189147	1.93439092165868	65
-0.021254424244873	0.871415520978376	232
0.115335120133742	1.3304490084957	162
-0.084160126974656	0.538686714317142	162
-0.124033827474013	0.745135670947678	208
-0.108394962337097	0.545597406304739	232
-0.05386900134114	1.50667961419204	161
0.103425132326135	1.02408363812567	152
0.021985898528333	0.865995573451929	162
-0.068419516757759	0.887813846529896	161
-0.109115624449071	0.544899454432374	152
-0.070147775769602	1.50984235257106	162
-0.123991903966772	2.03921279059832	65
-0.118839232048817	2.0177592525424	93
-0.112731819234664	2.15937677310566	93
0.015264740265638	2.45552237007334	47
-0.0788883254195451	2.4030620031091	65
-0.117122484256423	1.24986245732768	47
0.026550044339099	1.62173694104195	47
0.016060022009464	1.62400773144895	254
-0.098921333758946	0.727483911183518	254
0.00430131007983903	1.62016858196289	28
-0.00506099284903705	1.02829687933746	254
-0.098629961424978	1.07150178451813	254
0.120978563957794	1.61954933815718	234
-0.059905408689202	1.04437641559578	254
-0.101481947386207	2.00635098887194	28
-0.10271512955719	1.69523391563276	180
-0.078415944743176	2.10960630535499	123
0.104661226175474	1.61765823947261	315
-0.058495637098503	1.35598473628754	33
-0.078236584302067	1.66294109917336	264
-0.069430948315793	1.05302335928513	264
-0.104208278136981	1.23562580391563	264
-0.078630113534895	2.10850703523927	264
-0.013255902737634	1.62948400235961	264
-0.094481667627791	2.13284538093828	264
-0.100034132315149	1.54046359963883	141
-0.08339995614748	1.52050802502364	194
