x	y
0.298311660342471	0.474568189342538
-0.0901949010905877	0.105854562305704
0.367016981028965	0.638160401582803
-0.241025937322372	0.345084814174954
-0.123877457505915	0.157471948345887
-0.0249678902663277	0.0255061563046338
-0.273280328789114	0.30293961529788
-0.246421671887009	0.326783214275517
-0.032174691908425	0.0360663012160497
0.14724883430461	0.156164628683384
-0.349777785230719	0.366007371151942
0.0793865916228443	0.0951803397332652
0.288563617861447	0.425832451200291
-0.0679888473123182	0.0761834574025044
0.496889125002396	0.99970065827711
0.40014552699637	0.556844330539268
-0.136838270416469	0.137914413451095
-0.490779064258247	0.892079744983654
0.154041034732427	0.22050959237569
0.367284266618933	0.658846728646791
0.275825279963834	0.374253976614665
-0.806322715562775	1.84195380632693
-0.593255923055981	0.749879201909479
-0.265722006881354	0.309638817414156
-0.477414695871044	0.79043082734819
0.100267941723226	0.110889230382088
-0.715474593983096	1.3484010166483
0.288333540954674	0.425345462546641
0.207537780599938	0.240980797699285
-0.311722114806717	0.4474907875514
0.357118100300284	0.504354892138116
-0.0344206821909531	0.0386772075909708
0.144901901827054	0.185266138609848
-0.248317094084712	0.329929126748223
0.364201974406232	0.60131302781867
0.401445062973466	0.596918629686757
-0.111051465273775	0.105963263029755
-0.541103138527337	0.622537891681838
0.738247462310482	1.48237917734936
-0.110699128311867	0.123899361878499
0.515946985359246	0.931769849069723
-0.410293921958602	0.543748833766408
-0.05676105463975	0.0546307101377528
0.0628184232334493	0.0718120875763065
-0.0661102340157001	0.0836172786111992
-0.0106235176975801	0.010850424928594
-0.561173748045678	0.961489527555274
-0.137169075546752	0.174575654384288
0.00072525494886406	0.000734365740312499
0.32599453852674	0.504530557018122
0.435741561831895	0.772307086175125
-0.0590903965221375	0.0798087638491766
0.177963779590576	0.257378250909155
-0.181687529375725	0.240878444354092
0.13219814413144	0.17487208007911
0.711003965277024	1.63522146489991
0.294497884259192	0.451983099674767
-0.143370252049911	0.196618199782511
0.433957979344275	0.781344524631305
0.216442450737037	0.33439605470949
0.0889499921986127	0.102633416683495
0.355400101723173	0.501242954382908
0.161017085917354	0.198514898722834
-0.0736629311068884	0.0786876864406302
0.0034698235341951	0.00409960613648977
-0.699909821208316	1.77790585514408
-0.169567288673162	0.248766244570512
0.131048707739467	0.146054417483941
0.296879282819736	0.46398834904246
-0.102621191652249	0.144470707331213
0.176840474889262	0.25538554872201
0.474172467161777	0.848416402293753
0.399440408069002	0.746866764800288
0.0615883028792797	0.0657476202707194
-0.570767377299951	1.1660217599834
-0.322031614296429	0.479098378178265
0.1141167313581	0.152463669920433
-0.0750832081318582	0.0878665736954403
0.0261818110870258	0.0301159419580511
-0.0028471660161449	0.00333188088339822
-0.150043714106005	0.190839187325633
0.400310843238114	0.71450053603832
-0.523827345752699	1.30353120901722
-0.115327938734712	0.152067924724572
0.217335513181975	0.30173830877873
-0.425012855839632	0.680539051812503
-0.211747529630058	0.28067308743996
0.523640332055678	1.10755938405666
-0.133434582969173	0.163012163483874
-0.529526025758082	0.876446979845633
-0.0119363574895038	0.0128093299537617
-0.167245104961911	0.221497358676667
-0.26863162713355	0.398614089780898
-0.18239050241947	0.241978424220845
-0.253280322208427	0.323120030663231
0.148799841919954	0.208950231793353
-0.005223199627991	0.00717716458390667
0.332069299850088	0.552166407238366
-0.0118177278955732	0.0107836426482082
-0.459200060001481	0.555936094145546
-0.208619552739078	0.196531441176378
-0.61939146857282	1.26841029102976
-0.138673141664843	0.176754881435861
-0.782936411691226	1.11868109592561
0.0991102255605273	0.14060243624181
-0.0697606486259391	0.0945956808564466
0.556254839201121	1.20264351561238
0.701422117142774	1.35436659640496
0.279158196572791	0.387105044461802
0.00072525494886406	0.000734365740312499
-0.14154397212457	0.225432884143365
0.0118889187833155	0.0143519396471427
-0.515404484766423	0.710781413054533
0.462763310758568	0.543664495850857
-0.33128766190782	0.403107048000681
0.10101609710985	0.136685521821673
0.306571424358625	0.400189773660372
-0.331678401203735	0.440552519178094
0.283302815350732	0.408628994279098
-0.125430947333397	0.182724517439557
-0.148530960475409	0.181557158178671
0.273277320310697	0.287466673971852
0.137650673932492	0.171925236578239
0.448950742321134	0.629342890170449
0.185536159049566	0.225100728853088
-0.00330655876142191	0.00354969875555919
-0.0678011028518542	0.100455957698002
0.508671856940269	1.17715201390118
-0.358442918607825	0.435237682861607
0.0893917903478344	0.0960676384871792
0.0612813085159141	0.0654009390404477
-0.105264421778397	0.138873077445852
0.795368523307225	2.17650277202082
-0.0897763778798837	0.114125185085733
0.137443092785774	0.185443667889156
-0.36479464342291	0.50309770092991
0.399589170678895	0.568556674797634
0.361148403708264	0.564096176924285
0.363633978678985	0.599941571895557
-0.0952272901175828	0.116413468476116
0.0709476090815142	0.088061318751793
-0.111766253484909	0.171919498455756
0.310457812385221	0.538580455385896
-0.0123136755728956	0.0125906318078788
0.252781187952799	0.362070303066835
-0.381282601335482	0.609221460106788
-0.137783315115494	0.21276737462745
-0.403304262810548	0.76900740964486
0.143719176788161	0.211711557329776
-0.0412876657540949	0.0503370252339288
0.177272339546241	0.277446622551251
0.22727827208303	0.329079956048216
0.516618699430286	1.13728124260558
0.0225995890221845	0.0269482547191841
0.157808511800661	0.210829210757618
0.072349641656688	0.0899503041735498
-0.0827430019927718	0.0745472899588513
0.0671614399862401	0.0624874475742341
0.452954393449637	0.606121398209152
-0.0121059070701242	0.0123748622829453
0.11876542258282	0.150384444700367
0.0707569938680567	0.0877979041458488
-0.274139881745215	0.434039333789442
0.290542773052661	0.436846638473558
0.14858912376066	0.208571233630118
-0.596290290932021	1.43843146865331
-0.181722837135562	0.240925851450788
0.230471376359732	0.339967202757687
-0.96373169869293	2.90765508140274
-0.0110081933656208	0.0128498654578835
-0.033113067267953	0.0371590651733638
-0.244193017513418	0.337134188961338
0.447259666876105	0.64108050540833
0.117760963838745	0.113972033068228
-0.0509867884527562	0.0432061864395134
0.438678611248997	0.765311629966845
0.43891138256186	0.752397337580687
-0.313779018193941	0.482882918621209
-0.803026690713407	2.22675524128567
-0.108299441230064	0.147709758419271
0.327219946348739	0.515687859445032
-0.107368100936213	0.131227947690824
0.288369615501422	0.425509458248466
-0.024374934034319	0.0261751119523422
-0.195704784980512	0.278984728160929
0.0171622910711168	0.0192758166534594
-0.230367964220415	0.306005830758921
0.174202323200772	0.247404721066378
0.444558456734332	0.665403889524358
0.131275586003903	0.146331544259603
-0.526074232160758	0.814769316863684
-0.230317969560315	0.305886762645389
0.0813803594662365	0.085197573140169
-0.300119804265846	0.491593544396446
0.295905000474911	0.556316452518865
-0.0641523139082966	0.084143600114698
0.453174382151077	0.606517369129395
-0.240704945783929	0.280502707568373
0.954671144093929	1.78674235291985
0.159341957783444	0.196114516089069
0.321877824988808	0.319130246223493
0.0378902616881889	0.0328752077704159
0.31331578443262	0.428749328627521
-0.701213590635088	1.16442938635144
0.20796962512985	0.340493337516759
-0.0732806351044619	0.0961857766097573
-0.108006639900745	0.132118204745391
-0.594873572610197	1.15333056757643
-0.0683975420010414	0.0925926947429457
0.559591370274523	1.38067616478816
0.157154869156231	0.171693036455567
-0.115855643138427	0.135741463211211
-0.101913582823214	0.119428316885853
-0.21973356592777	0.256521116246834
0.177091852359825	0.183421485291087
-0.376631639255841	0.640187870138244
0.401399468199406	0.669920596815529
-1.033994537295	2.24709274304008
-0.326156834735899	0.552545779443367
0.0890896999079647	0.102812872612637
-0.165166058963204	0.202095093349989
0.843947896378404	2.04043196695613
-0.263975229626847	0.404732000328579
-0.283821118494692	0.50431761879319
0.165140065317736	0.245620856529214
0.259296364205053	0.386189433359446
0.400210520243258	0.714263182391385
0.108804723490082	0.123496502670721
0.26725826325424	0.420171314311326
-0.238335069223824	0.353228060792201
0.364437035172571	0.601840277204014
-0.522147962336909	0.7790881453897
-0.402789854813259	0.767496050727601
0.468021949997946	0.878354124015112
0.207987486460262	0.241625768567583
-0.354382237126724	0.509366507239662
-0.158715689598827	0.232828292697496
0.296776511258935	0.558547097115492
-0.152140178405095	0.249464726828993
0.0131103773464218	0.0181770197827631
-0.313535913672862	0.482267659575481
-0.171581720289224	0.267646790913988
-0.398941487384195	0.799521767050954
-0.115981653326927	0.168756650099953
0.450790676776798	1.05035183110473
0.110656538673361	0.15520879529515
-0.254324772138201	0.460860100860253
0.0160891590813419	0.018050178869804
-0.284850860467499	0.465833755789542
0.252807004945081	0.416003726356059
-0.0787495650487392	0.106949237583172
-0.356716009397786	0.64086930257933
0.0324936375310871	0.0396789080726133
0.360856418540598	0.553234347530758
-0.435349248291409	0.812282307706558
0.00332812032845589	0.00406802706328473
0.327210167005613	0.506826123735916
0.169556190688944	0.236175725259499
-0.401720995310235	0.704280830927938
-0.234091514018994	0.357750881875178
-0.105766844580409	0.112872937807398
-0.382755193716304	0.507992108225821
-0.402671017707428	0.706775064767708
0.0331771101459048	0.0425213233093525
0.0601596061496498	0.0897232965141266
-0.280047799031682	0.53474628271157
0.280836618900021	0.474249675092591
0.52038583699447	1.11472687478323
-0.376651626460407	0.733376449678127
-0.351651835283353	0.579383330244929
0.290090292309134	0.521917347390283
-0.280252113098163	0.535324891118403
-0.429928032996663	0.864353589703341
-0.380985436682489	0.608638399916538
-0.592382495592416	1.14556295939982
0.889613203744071	1.91313602309772
0.465284310560132	0.885622605605639
-0.0966353181826883	0.108337056987746
0.00815749729625214	0.00894262667870552
0.0201523586421045	0.021721710226556
0.0261126143748135	0.0300314378849314
0.160266403072425	0.19746844845079
0.568619137365861	1.18122850999814
-0.355243067099814	0.510891297625945
0.176915785471859	0.232878480880082
-0.617569152785014	1.42962575357894
0.0653613665989746	0.0880516883553976
-0.201988956144559	0.343637526506345
-0.238306513555168	0.440305089106458
0.370351368347863	0.716031694887538
0.142587833204223	0.20968414583131
0.145338741568938	0.185902059329118
0.0187997433530437	0.0247286266535578
0.348799732051618	0.697860999780755
-0.137572952443932	0.21237299937419
0.0640408263948217	0.0778137130652887
-0.0226207286200047	0.0264795371299231
0.512367013444898	0.940504812458828
-0.238286245419451	0.340012026461625
0.307435767808742	0.524174497391706
-0.0416070084445013	0.0486789218355388
-0.263836095783283	0.404421502431618
0.482296965530368	0.804401838473637
-0.165226676384653	0.210380490890794
0.2098153804674	0.279767314993734
0.116845777727739	0.136012896755414
0.120240811518389	0.163897654020968
0.0570448158229819	0.0716293494048883
-0.155532449843793	0.213469942277992
-0.162038759988454	0.259492672983417
-0.398606645052928	0.740677583045034
-0.196137679077158	0.269988546902968
-0.291386581580292	0.417594342727053
-0.0453657172075541	0.0411581989347443
-0.3233043539095	0.514209885408494
0.0554731676369483	0.0658379989926475
-0.0148936624777553	0.0174518040973152
0.575560301386555	1.33984026802829
-0.0883884828541645	0.10354723161081
0.323294387528752	0.631854028063829
-0.16918589582716	0.277721883876676
-0.547796814701399	1.14352001496818
0.189793722177177	0.261318455892636
0.545385318341981	0.848156364687015
0.283234142294741	0.40148218320567
-0.208585107910293	0.307784665554454
-0.00297126165341736	0.00318980708234035
-0.410293239005372	0.742504453405816
-0.431240186123227	0.713477422882222
0.290375707822055	0.436605795572123
0.0645949446627328	0.0785351420361659
0.0806918706055976	0.102581898300626
-0.545906898162446	1.08355988890534
-0.620966492466553	1.20447099754583
0.3999416882533	0.630740262183681
-0.424554223418923	0.679523845813626
-0.246324301513007	0.389250965710752
-0.0781502592846065	0.0991686260282259
-0.113604690668149	0.144720286210761
-0.391618578124546	0.70699983467849
-0.289759086814758	0.459536151569992
-0.037839341969349	0.047707768181354
0.105556789821232	0.14535326965747
0.24691301990355	0.39826884992634
0.212166338996229	0.321783071801929
0.319396829825245	0.598381848457632
0.154607016202212	0.221467495716309
-0.0408934814064998	0.0498340447954639
-0.27780861240552	0.544275073017262
0.0720205045123086	0.0894986611263034
-0.6203790691369	1.23720923387771
-0.323903805499123	0.515518328215565
-0.15573521104482	0.213829218910617
-0.0642890341566878	0.084321970055729
0.0473332381713311	0.0548999433923639
-0.140538415165786	0.18589190008031
0.109065593578365	0.1429246403558
0.297994129803155	0.473875592372506
0.429839701845131	0.822771431433042
0.131296404121472	0.160342524491228
0.188755691088601	0.259629237104425
0.0796872433804323	0.0955727727109101
1.03057912367551	2.6950094251893
-0.508052855402697	0.870509676141347
0.469925109291211	0.852759800957595
-0.0739444080034833	0.0971600124751468
-0.160811172606007	0.263991665500965
0.139801033826437	0.215261048619253
-0.00460623597042486	0.00538746800068561
0.880554562279111	2.04510008477222
-0.333573547725942	0.581493515112355
-0.503164645733006	0.996570406656885
-0.31794892793234	0.582493523089728
-0.285731908664019	0.424489027923196
-0.312080276673611	0.557604723387455
0.199909328211278	0.286637206257939
-0.342537460982379	0.615165477710068
-0.151486924048875	0.193007357301465
-0.21498767756541	0.274120577682036
0.26364659991266	0.333541924876041
0.184883984320363	0.24938857596644
0.125300663032681	0.149605384715184
0.0583351515269098	0.0575095715574659
0.160126001016094	0.197256955038587
-0.00989845999805775	0.0101049979329415
0.569200428747642	1.1831117763861
0.0378650569178662	0.0428364146983634
0.686001108629882	1.50226104198395
-0.297168306216126	0.457197375568607
0.111439589343841	0.137949944736641
0.358398939745123	0.527673649955156
0.0905254674347092	0.0974027766410963
-0.243186175487893	0.33539859041037
0.331799098509178	0.542855890218509
-0.0226537862255799	0.026521584998526
0.056074222900937	0.0665995191593964
-0.388421807512502	0.795213099384789
-0.0143885612809386	0.0174925151418153
-0.196555304710136	0.299461668886396
-0.0494915853767263	0.0602622657412919
0.434934546436585	0.770411308584215
0.370719217428734	0.697374417117032
-0.518207370596148	0.972255975632018
0.718424552195939	1.90991391989148
0.230964065370538	0.296550622415601
-0.24242147715909	0.282935085446787
0.400455023999357	0.595037275061503
0.198257646830741	0.283794137593471
0.239251898764212	0.321074953522004
0.0720725475361959	0.0895766757465505
-0.220389167008914	0.336168701789405
0.0444726635876921	0.0483363064945031
0.00476581763031749	0.00563189985033119
0.334750028179365	0.57552991870548
0.511122937871648	1.1690743967537
0.0626899201796275	0.0975090998382278
0.0983402552098105	0.139390695401529
0.473912539569454	1.13928071943771
-0.309290817387128	0.52226891160044
0.213136961719905	0.289973815700094
-0.235652128142351	0.348146991265341
-0.171407191402938	0.259804776400169
-0.101051076951908	0.128551838328652
0.258057190828665	0.38375468536571
-0.121114486323975	0.148129397413882
-0.160081623323397	0.169958989143225
-0.145906572378776	0.170750641449348
-0.593377091465562	1.24368209454227
0.0323132192054887	0.0357969643868131
-0.0950284197344903	0.116152083717639
0.133450067200381	0.189488386285915
0.0793865916228443	0.0951803397332652
0.169257139253216	0.256182898904861
0.115258856977567	0.154172633044266
0.307155929974123	0.531044823359179
-0.170221957771888	0.272451588836687
0.0869836387213057	0.106691634451501
-0.0550530097037325	0.0721095976613725
-0.352465255939796	0.544016143061299
-0.0915738691153189	0.128440763619838
0.00878001973381012	0.0116400798339514
0.582922130600561	1.66042127767898
0.0969575129173393	0.114600118320875
-0.179626700924828	0.279568532796221
0.218210607454125	0.303324337290736
0.167042576430728	0.210768271943442
0.000443794990737942	0.00044807854102606
-0.523024186100453	1.03629045344704
-0.36710918993802	0.507625459468262
-0.0881112285191933	0.103180285033458
0.589971276386882	1.13626502149477
-0.447777445023621	0.716918995513211
0.293191313634555	0.449385924195034
-0.0942691578796906	0.124194698228167
-0.47426899966289	0.887109394965449
-0.218807718166951	0.344181932224911
-0.422754498832106	0.743624100907952
-0.167485728188521	0.221945855410474
0.0652133677597439	0.0747168362944602
0.288369615501422	0.425509458248466
0.182482117780208	0.268853201316393
-0.233838272374602	0.357211632105769
-0.0879775048407907	0.103016579035193
0.400760982430377	0.703541105835511
-0.0357045742963059	0.0383050942846182
0.627307869816045	1.25897332752231
0.0220876375855288	0.0238439062118659
-0.0120003690213839	0.0134662140247078
0.027948019564874	0.0321964054496372
-0.311122142652389	0.446367782025616
0.439664207243054	0.726789635203107
0.147159917812626	0.172819548879288
-0.0121338840489219	0.0124056431091302
0.0592323523199273	0.0584330990051275
0.0240394466065147	0.0247656589241724
-0.47912478478337	0.794560064539447
0.542778958855952	1.05324838726915
0.258995390001342	0.385565942195579
-0.0608385269014987	0.0651345492104088
0.0730091143869912	0.0907916867132951
-0.170774149603624	0.243246237258414
0.572216322047422	1.17140735496414
0.175033718226472	0.248665323057688
0.0398797547387829	0.0452248596280906
-0.157121357856156	0.223146211113093
-0.278875547270844	0.384802359902274
0.0505787682439509	0.0622442727766137
0.124053927655763	0.160298207244446
-0.0496964875824243	0.0669191642993942
0.177012838417954	0.255698631122332
-0.284376608778043	0.464789710252103
-0.324466869588222	0.516756918218021
-0.164051618630859	0.200525079043034
0.266026287508432	0.41155560944754
0.135086190106666	0.216587884463012
0.0363849162753114	0.0468354868386519
-0.499697044954895	0.963164911798493
0.295542310854579	0.4615222453123
0.0174957085413322	0.0196568501561284
0.344706165554874	0.660724602124861
-0.155147724316525	0.21287220745996
-0.0604518082411525	0.0646905565829019
-0.0694694201335428	0.0779690885665695
-0.330805032576247	0.47447613971519
0.566422088362046	0.806933907494
-0.166692614302114	0.212593751185049
-0.0611760104621033	0.0746713912009383
-0.116928571307123	0.154467686085427
-0.342872675095507	0.54692342516887
-0.77610413178676	1.98516776377215
0.0167291885370495	0.0187786602979996
0.485709463753111	1.06021513117207
0.285439431290413	0.497867495555876
0.296436164655693	0.470584512878949
0.369716452634575	0.694830108809053
0.00977853178399911	0.0125855636508217
0.271577404800363	0.435379485989603
0.252378000070674	0.361348750524017
-0.014538039191875	0.0163481424995329
0.40072270712597	0.632220121368573
0.17885861458365	0.211618868403142
0.174248772180962	0.305604675288228
0.399284766528481	0.723553607325908
0.89476339714267	2.33447143474933
0.400364715350269	0.619517251373928
-0.378054143463739	0.643598731809471
-0.530783144867425	0.880057625377082
0.102917590296241	0.14835575283231
0.274297026168374	0.511427760844517
-0.523163639159153	1.03675289428434
0.100847272119064	0.129181939585302
-0.118264150239957	0.156446923815273
0.0226642642966632	0.0270147808789614
0.0355774215805339	0.0419158201176086
0.0639189458590998	0.0776509725542408
0.309599382779366	0.536653925678446
0.0874856174894146	0.107363238772453
0.495396969802303	0.99543344845609
0.0976445375588825	0.115513918931504
-0.00172772486497101	0.00185759070255316
0.113753619131956	0.151908865363683
0.535996807706793	1.0715651668639
0.555803900647964	1.02949880099148
0.0357504866779846	0.0421201842693951
-0.782016888828353	1.95963785897326
0.327544205332627	0.507635567546852
-0.000620181425128724	0.000633839857814486
-0.0414802122428675	0.0505826792998824
-0.280754619348282	0.431534592702978
0.014260053463906	0.016626805353322
0.0127575938405011	0.0154115543810871
-0.104261060666113	0.13737202990612
0.112748274726705	0.139762234092021
-0.497574954271068	0.956884375263139
-0.280922262159724	0.4730081024254
0.15440360890687	0.221126593056985
0.0430451007209192	0.0518353466942187
0.333607520093743	0.564310918838322
-0.11245697683703	0.15858421570036
-0.419671687792384	0.800942167317477
-0.274468285920452	0.473864706164764
0.199888141420169	0.286634725579412
0.097045675580277	0.114735263738398
-0.14235500875645	0.232742738467651
-0.0491218763801078	0.0621814961574435
-0.129540455580465	0.151545175667983
0.667288808696881	1.52274966609654
-0.247931364273269	0.37919618197584
0.369578841604863	0.694333227566237
-0.222062085514768	0.328079444149702
-0.109596024696418	0.149721504473615
-0.0778724804235933	0.0987795089879668
0.675725161663193	1.36671814920318
-0.0778977185558783	0.105673391839205
0.150145838114248	0.211165035687629
-0.233484915960994	0.297707394086112
-0.00334848643040294	0.00391676909307096
-0.127128212528544	0.167788752735055
0.0504075894032451	0.0620145471572209
-0.64826963957925	1.2568911961204
-0.195972332875248	0.279478577250942
0.399479600507801	0.846345429379922
-0.0952752093904238	0.137776231544225
0.292227123026108	0.533747281456133
-0.55968132063441	0.89820482290536
-0.238923167320552	0.354280510589842
-0.0508500932592812	0.0517504695988434
-0.0816615832098018	0.0828230764337349
-0.0290270644640533	0.0264261512226349
-0.169740337404015	0.241505677575609
0.319437496575937	0.606163268259012
0.217514920986988	0.33642117028211
0.0112111355604299	0.0139938196607866
-0.194695785568957	0.286783128763475
0.321406034739137	0.611145110672452
-0.382387814358344	0.763608455498941
-0.574205279290659	1.29324055364498
0.0238266691643538	0.0284468382362632
-0.575037001669944	1.43966032085623
0.0759956439135284	0.109773276819668
0.172419836198639	0.244384964590494
0.400246538681378	0.655542568906552
0.433990326085907	0.781413851903953
-0.148540082882054	0.223974721502606
-0.325008960390646	0.641795227002395
-0.0263067522510488	0.0352732669426497
0.275518019595223	0.456316538023783
0.400588445445807	0.632154052574574
-0.182762265384389	0.269067997179489
-0.180572549631554	0.297571232612879
-0.0217556820687408	0.0254430856690307
-0.135390348554135	0.197543255956425
0.261953600093143	0.397326538827172
-0.00555544207050131	0.006499844730669
-0.0437033057832597	0.0512511722402194
0.338887107147963	0.593759795022174
-0.225608528776429	0.322702766956376
0.456307932810195	0.973500898483165
-0.0559061553189624	0.0626813997443387
-0.181965344152647	0.250281977906059
0.229930965710852	0.294857592507555
-0.429125985499224	0.77782375889004
-0.130423768955101	0.201597642290168
-0.529002333586607	1.10475963241694
-0.453153149078207	0.749644664537612
0.182535106130885	0.268915081945181
-0.181540252683881	0.275184100058914
-0.108890409172662	0.162787686971439
-0.098937674215844	0.1474193486879
0.00376995808185217	0.00505151077599218
-0.351713062813461	0.732403895456189
-0.274334147143963	0.47354955609935
0.0867843328849034	0.112616595283103
0.360577369597523	0.552667010987156
0.36178159565394	0.555067002238466
-0.591942896869452	1.01536450331923
-0.409845072698275	0.611495184730206
0.151020133353067	0.197333847514468
0.436645439460392	0.774406823693224
1.06670907317059	3.14093827989332
0.166220684678457	0.24755088195032
-0.0941055658474157	0.123942616718584
0.144061723877142	0.184007479384088
-0.0345921304510988	0.0370723672159473
-0.382534035933882	0.763994223152064
0.502304730553712	1.2196405216941
-0.0776814885694379	0.11187894134847
-0.280906008955102	0.537001571753681
0.302972843043064	0.59557917720052
-0.247202809459574	0.328065540744107
0.441990180720907	0.703593381768324
0.439109180755549	0.725479733284637
-0.0148756284942518	0.0167227963156089
-0.210467123651912	0.289746197616879
-0.0659065116682411	0.0773244523435945
-0.326470043387708	0.615150598460536
0.4613409697307	0.903947314544245
0.232507203779432	0.343536985128255
0.138155922811325	0.172666552755685
0.368113453707379	0.660952702048477
-0.715114229183671	1.66891090207904
1.02693377404544	2.83092422951175
-0.252673392884025	0.374556054401406
0.0305428220915543	0.0372193606392907
-0.171416420152577	0.259788280757225
-0.196137679077158	0.269988546902968
0.128226748694922	0.190287682343171
-0.21029395594176	0.300389139304886
-0.0676829642578777	0.0915314253099367
-0.0016274183288583	0.00175020690385959
0.238398015150509	0.365312708051043
0.0866498139681084	0.106234259007764
-0.241227223155218	0.28126383436916
0.886038680005736	2.45755930283512
-0.0023266311574876	0.00237343036353287
0.470198454910652	0.85362990416463
-0.0814491756592651	0.0912296299236956
-0.229627801374648	0.304795045635296
0.244184645500487	0.335190374944223
-0.281790452429919	0.389776374625211
0.116017796210248	0.155318369058819
0.769454531022244	1.76228827496409
-0.0771619219918634	0.0905139126139053
0.0307891999622641	0.0375312510046493
-0.260684213844659	0.35971209753205
-0.651609365218452	1.22840198442003
-0.01357347435253	0.0138876163068001
-0.0339907144523397	0.036403222962819
-0.280070326149956	0.47123278310117
-0.022209746487478	0.0270035457127749
-0.237961696913193	0.408637507701707
0.0338633054637056	0.0398253724621956
0.0733877932911001	0.0913324375036261
0.117218006779387	0.136498051708981
-0.33251620539476	0.441940664901444
-0.305386339063175	0.37213006858266
-0.0550708364305411	0.0529140264627486
-0.712814543965687	1.10134483935251
-0.317474471301877	0.368974731720215
0.342782319354902	0.407710494583778
-0.425796272088421	0.61065247854618
0.0786879590653675	0.0883699793718808
-0.379975970186673	0.606321748211699
-0.0958994551798331	0.11732086979839
0.634608298889983	1.08483620956293
0.567874046742762	0.80957805590757
0.283486626059648	0.409015338547918
0.494863737397487	0.747417216653045
-0.0614195048912907	0.0657826903726711
0.153074844664557	0.184038438121269
0.0549824772276156	0.0613713913518898
-0.550979447590913	0.758951631334178
0.9495371009528	2.36088639738791
-0.228340051461125	0.241028780296122
0.0825743138848849	0.0930769424669234
-0.51086781469507	0.676008085865577
-0.295380986379295	0.376398680303688
-0.423534930012865	0.677191204112937
-0.652050263971506	1.23021776619671
-0.594592530134685	1.37102008571798
0.259849710136486	0.558050504664467
0.165182884221941	0.280480456517567
0.287082108525504	0.582501294787123
-0.350972177753149	0.764681666466956
0.0346674545392524	0.0509189904461455
-0.113115980130893	0.174321534631306
-0.523741322963307	1.27778392762428
0.371306928537766	0.708747091465907
0.307453786347588	0.524324414224058
0.126772168224006	0.176318300401638
-0.00424649881605614	0.00455910262777431
0.0945501489386251	0.118616356091318
0.0884064464246774	0.114897769507775
0.400132862072396	0.826599043276793
-0.0212741915746591	0.0267720084715213
-0.313276011245612	0.481847702407521
0.318096183415576	0.454541984352245
0.0623765627555272	0.0523909607214932
0.138177920060611	0.142284060310852
-0.263265945904934	0.306080305431062
0.661299931863704	1.37854986615522
-0.380750921473258	0.705328754493546
-0.163859516815608	0.200240586593331
-0.115675598132473	0.168261198545536
-0.421573311206865	0.740503584280605
-0.14356830525002	0.160436536853405
-0.132041668511341	0.125587462237296
0.506646112466594	0.716549382450861
-0.26431351756032	0.307735734154478
0.619332315763525	1.09681462848252
0.633527533846072	1.25224927934243
-0.237121759027037	0.289648955893643
0.0623311676431146	0.0665849786915212
-0.385288330116676	0.676036294375407
-0.592651849178736	1.24084085048611
-0.0986605663674085	0.0998471526203329
-0.0980635480477918	0.0991811375570315
-0.27277669686029	0.34755995083053
0.245867083011262	0.225877588403101
0.729373808659542	1.18410183094304
-0.0116580828654078	0.0119144984298351
0.604381130423117	0.947044013953249
-0.52562228480317	0.813823446962781
0.00181238930686	0.0016696855804488
-0.344179219031781	0.437911879300379
0.235559188451124	0.309433772338351
-0.111051465273775	0.105963263029755
0.283891254354717	0.316815981695239
-0.351292041528633	0.541560497080768
-0.0641277460869338	0.0751254535155609
0.484037426590117	1.06993385813829
0.0846853534635838	0.130291945187357
0.262270903557856	0.570509888234541
-0.286832899289833	0.601965116500223
-0.138321712060958	0.243388160930981
-0.0702009480937002	0.101020638711366
0.155385412935157	0.283418019559918
0.233685993622872	0.467978935188533
-0.0865775315270184	0.139532044772293
0.192376629168369	0.34075018069827
-0.579227127917755	1.71982184932316
0.259426457638371	0.447112655276973
-0.228200514951563	0.3150436826849
0.00177622620236569	0.00224321070299739
-0.205758670431688	0.322746612724044
-0.00559224336089845	0.0074664888356737
0.697736070165576	1.647214494891
-0.0451407389108003	0.0506901745107708
0.445049081003638	0.666606219433776
0.0280857272139196	0.0275026493432241
0.178168130685462	0.184694077858837
0.26366648072155	0.406704560499252
0.0704902673637844	0.0824694988927069
0.183104581960959	0.246474016775791
-0.753148893620477	1.88142453130714
-0.441901434496744	0.683550930989222
0.140132479203146	0.160488213509431
-0.591656740394963	0.814688778425596
0.25519204087823	0.307174911036013
0.00284648133033829	0.00246368372059227
-0.836738113958334	1.38537767888543
-0.140156409723876	0.14901886557059
-0.383128143053699	0.508640452019593
-0.331677522506989	0.403790343210813
0.301556904199404	0.488806431935111
-0.104793342886439	0.138152988361126
-0.690824542890049	1.85992975695611
-0.216054508187386	0.263741264212746
-0.0507698209106328	0.0516650138113244
-0.201039906343319	0.223769542017242
1.04998502474611	1.97886108172456
0.109779635479406	0.0926367547364059
-0.0340913661054013	0.0365087315083419
0.155886224006533	0.170133483715599
-0.400221040275189	0.507680141166313
0.295939516968737	0.358245611675294
-0.627675335537251	0.969762040858283
-0.1798257052576	0.210113720980371
0.195965040978211	0.185410532519242
-0.460675634680619	0.686387672334702
0.104290009674838	0.126187603855857
-0.050236428801384	0.0510897391833933
0.244765633550661	0.388390596985592
-0.0316493577461092	0.0463795550470709
-0.17111714185539	0.281669430925471
-0.433815404036639	0.893161232317566
0.539363469391342	1.06271734494554
-0.253600594887132	0.459153976254704
0.310498661465849	0.659899871833
-0.35512582860304	0.672180140752802
0.494348170488434	1.0085665301541
0.649889765136335	1.8460825054483
-0.170882880162392	0.273724051498244
-0.0314418447546479	0.0382821601019696
0.36348181006401	0.609671344880188
0.138055094548511	0.199562509517079
-0.155286663819284	0.213103232182415
-0.0731784332336113	0.102228935696371
-0.0996776468529292	0.136033310846456
0.168244347331573	0.212521100736698
-0.371900613873978	0.472879283695797
-0.333341836094033	0.443222720377587
0.530597150019239	0.874317296548668
-0.0742608087905281	0.0793793350178314
0.301492968023351	0.496132538127387
0.12212042937563	0.132358580684524
0.398158791846997	0.490063314523997
-0.344329056932755	0.43808589138814
0.220459844394133	0.269752144979121
-0.112442428476436	0.143071915980743
0.193201954981571	0.240481932155329
0.320911518554641	0.468507136649898
0.236073117951846	0.310285354191804
-0.181110322817634	0.230835426164096
-0.0885433440824495	0.103712491517446
-0.227127301662321	0.313250883239269
0.208277530236125	0.310255382762598
-0.549008723047926	1.12054352340589
-0.680272195988933	1.32201036525763
-0.355814096216026	0.472221722616882
0.178794236970221	0.301344515172842
0.00943142552567461	0.0099019556659731
0.651288724858607	1.07125250465126
0.0531054809985237	0.0477470786765134
0.123471591663962	0.108230214616404
-0.0108545213460333	0.00990068459796527
-0.640695100656008	0.80717425656343
0.10827170760527	0.122838265319108
0.1954255088705	0.215089211116239
0.1954255088705	0.215089211116239
-0.519089080032871	0.745525528172747
0.0573451093675111	0.0682036015522116
0.0208231229270478	0.0257050106213682
0.191518129954481	0.338923127756712
0.110734959884155	0.136957174678856
0.118632954136453	0.15021306511545
0.186134624926204	0.225960498633712
0.309014859903353	0.412548974373721
-0.534647629102878	0.916902876759966
0.270867224326265	0.433876604366783
0.13929356997764	0.143559268975176
0.00292717468168313	0.00369380935666096
0.173458860480661	0.26707285052483
0.182343527737878	0.26861168905026
0.273260952143904	0.445106049386254
-0.136232759792181	0.173172200789526
-0.0111786541694826	0.0130505490710271
0.0808105940494534	0.128754920470949
-0.108871414655163	0.148599574487082
-0.249135313735507	0.381577675334882
0.186436233431283	0.199153675187557
0.398965716201272	0.516797489971534
-0.0266372929516591	0.0257649988758002
0.46003949350872	0.555354900302163
0.398441486763482	0.515882205103695
-0.494431021844968	0.764347189418465
-0.254007029098929	0.377051475561478
-0.0226008290097436	0.0264573425126721
0.151622708363703	0.198086118219836
0.366690597241259	0.647440771683008
-0.253309051129663	0.375774967492633
-0.222618187208935	0.329145838239933
-0.332008626199941	0.476797779434999
-0.0978336663168719	0.13319724045707
0.148131384514915	0.157192604673331
-0.278773265147268	0.384542935216674
-0.102554263979494	0.12025684941678
-0.122417699139228	0.1728447437186
-0.416901572163325	0.711609404872957
-0.446360922268033	0.898082867002193
-0.108076475175091	0.132219121503301
-0.356938708362027	0.641347382395999
-0.449163166102546	0.815230470085335
-0.181517430678572	0.240584452569881
-0.118381435595123	0.156622493526481
0.092620879000991	0.135001409936358
-0.317312436587493	0.610029951539837
-0.0865841702576215	0.125015280107952
-0.108170115754169	0.147504178208727
0.093414585746489	0.117012721992792
0.145150068994011	0.200245148091503
0.118867239128463	0.150551420970149
0.132111138437928	0.174739744526502
-0.35032726461927	0.576397636202859
0.497767765441179	1.00189892494773
-0.0415778807596299	0.0486504176206777
-0.247677252915041	0.328908256335151
-0.153992443831719	0.203945417337985
-0.448945036378173	0.620075426926341
0.259497700060947	0.386552358287008
0.497166849043536	0.984047130606404
0.0942172583270305	0.11815443798584
-0.165913473505863	0.219443488092239
0.178356281208746	0.279551250522364
0.102353865679297	0.131336500734863
-0.166982901483708	0.221157815383917
-0.35544516917491	0.471526462271808
0.71887333328173	1.34119566486163
0.0962643355802332	0.113712191001891
0.291216500336144	0.438250716339594
0.364907145919441	0.602864917913811
0.173610507653709	0.224140136894089
-0.231098486010129	0.307035530159345
0.20791552439749	0.241510173368098
0.00520718484684336	0.00419244905559169
0.0783926668587607	0.0683964384915454
-0.30010563768692	0.414801358540064
0.198305319559237	0.252584573789515
-0.150718199954793	0.191831141674687
0.592049934573218	1.14244037511232
0.182495564558514	0.268815038593587
-0.340052095750379	0.608908658560546
-0.145977960644381	0.213327659823661
-0.434066828377435	0.809013043988822
-0.0646611357049803	0.0757904332242977
-0.660665076661625	1.56878075587309
0.144993183441632	0.19995853319276
-0.042877158916799	0.0502514035722717
0.326919168087329	0.515044623780438
0.139065266921102	0.173956241295599
-0.135175334680777	0.19157284329881
0.00939818061839132	0.0103095649459136
0.139087642225235	0.187985778444849
-0.280893582731476	0.431796054857984
-0.0405692561538553	0.0513176225559775
-0.571117372560185	1.22489176800281
-0.639431189955789	1.44658597297942
-0.169994342976128	0.241941438023068
-0.0053145586715344	0.00709169359377527
0.0142398294180482	0.0166037165676947
0.342831180550568	0.638561383244651
0.0305745999510368	0.0372599769672018
0.374966684307822	0.758123300394221
0.261953600093143	0.397326538827172
-0.133697633443315	0.189176859693103
0.112580264009287	0.158265070226676
-0.444500546273764	0.783855731795056
0.149195733374415	0.209619410065334
0.169829510627345	0.257227097548088
0.290477032605966	0.436823260323331
0.208000747129216	0.309741908856976
0.131290742849323	0.160267518881078
-0.263580757867931	0.403991009596668
-0.364433166633356	0.543494549458707
0.297981095310271	0.47391719151908
-0.087405170881107	0.118760900619934
0.157058397629115	0.225461500092574
0.0638671459769678	0.0775880537835258
0.16754462840838	0.23283871933133
0.346710256221666	0.434322456377745
-0.593974263750934	1.08618176177847
0.145910132842074	0.186730192064742
-0.0236276806906566	0.0241104478830235
-0.239319381644096	0.342026182125074
-0.0478371441066759	0.051268332655904
0.303911318204041	0.387435574557415
-0.243092786002152	0.283821539733971
0.64467527352038	0.903726883653554
-0.676520197442483	1.35146661096891
0.400176664043947	0.73726860699233
-0.246986081930407	0.327745096688113
0.0125995150872529	0.0152188661776189
-0.00583302074697565	0.00682527472465918
0.183809667391912	0.247653596593657
0.202750561414784	0.263931205782402
-0.342688217216538	0.473555859458092
-0.253273045423269	0.375688476506133
0.00352790366700804	0.00304857035663926
-0.150692144217604	0.184545490463925
0.161199199848361	0.19880506334338
-0.180502108902136	0.256457460620022
0.28975040237251	0.42799926427314
-0.280765971780176	0.342426815346152
-0.263890115656338	0.404593245043929
-0.121623552644495	0.129451664486638
0.247705155409972	0.399939465433408
0.00805755769562628	0.00883316611396336
0.20330359448625	0.264805591940803
-0.105434162443078	0.139119159535622
-0.384540671528257	0.572654504760403
0.0121027631182806	0.0146130113328911
0.270475595225241	0.551843958907507
0.0324031174630024	0.0429120385325364
-0.213266878894169	0.363901157090377
-0.0968484788203883	0.140337729727805
0.479690854295581	1.11500853044178
-0.161380799321234	0.251332986033767
-0.143553687923257	0.23509310404802
0.238432149622131	0.449358021171516
-0.298988748445416	0.533355676078169
0.642235351469266	1.69932058458935
-0.534632667871338	1.17294003254622
0.0472675803690121	0.0548197539997848
0.58650404964098	1.31429203678896
0.0350930101043204	0.041327011211452
-0.0141353614076205	0.0165520019006662
0.142216650505992	0.209096163166332
-0.372251302386268	0.574634035369059
0.0650203553958836	0.0834553510022779
0.247734958087118	0.28987519392525
-0.0370381387691641	0.039774777045968
0.356795178969402	0.524277368428536
0.704081019563568	1.50266281409216
0.0640134757682438	0.0732513710053159
-0.0330476461256837	0.0370842167834324
0.292511021871305	0.345021683039683
-0.0319137333042239	0.0271678514565463
-0.147303987036919	0.112517074553261
0.247663743370231	0.289705137210805
0.108851721012481	0.123563551609045
0.130792051449903	0.159621198149954
0.862024504044404	2.17572001224235
-0.306300017338196	0.486531091070252
-0.147972007578012	0.216778842970634
-0.0448020605129009	0.0502932013359923
-0.515211819690609	0.938773096391146
-0.531087044025409	0.880774600904962
-0.280989816553785	0.342770107426908
0.278505026035049	0.38596447657859
-0.232553415257834	0.296377562557135
-0.235190034741828	0.286722107077771
0.0903948419740807	0.0972248281608339
0.199057884405271	0.285245262704903
0.0330804876397419	0.0349571101368246
0.554479618601362	0.825592972826135
-0.291207348812687	0.417185486025037
0.0919425195377963	0.0831175027897814
-0.362301918612659	0.578818363891227
-0.0554938925693467	0.0533521103749305
0.0322779692430959	0.0298394564377431
-0.32006467916517	0.442058777012476
0.2860258350838	0.413843176744996
-0.131983565235045	0.186305576288712
-0.112608519127046	0.173447037109068
0.448951262052971	1.07090889567544
0.251099827941005	0.457341246095467
0.140275070296868	0.241322635318566
-0.088547620631033	0.120491128527766
-0.244114458874215	0.473820442655301
0.0853476224302825	0.121922782691572
-0.280550251464338	0.575407536672044
-0.0703591619053626	0.101299903836466
-0.13877110287235	0.214603559294195
-0.169879291673288	0.241731805253834
-0.222201141186335	0.328354764987215
0.0727994783972631	0.0905506351467066
0.43011345966084	0.861617329548646
-0.342750332400419	0.615665326960828
-0.149171294402772	0.182461639609784
0.637853153572341	1.23856262584652
-0.298260212243004	0.41152213210151
-0.12088037599586	0.128570930447157
-0.0559374689482832	0.0538006341006595
0.361016778918569	0.54308816622719
-0.0226207286200047	0.0264795371299231
0.222536452592475	0.232232227142606
-0.0619289031591353	0.055928965984431
0.326373783203032	0.334715172852154
0.0720442947062724	0.0480459965639456
0.165223587333881	0.185585463571594
-0.261692840234868	0.361445851682133
-0.220030986401037	0.256897734744054
-0.143181390846042	0.159988243805616
0.194917093210571	0.214451768201474
0.400629164097305	0.783741472329319
0.310450179068673	0.645020725092138
-0.00169338455915955	0.00182085687329415
-0.257915781687374	0.369795883625057
0.288863710341269	0.331720774295457
0.327105096894634	0.506741597219581
-0.197431455183966	0.251611396546862
-0.440597321468379	0.583362768773973
-0.424095629375524	0.678470084856336
0.463290072497516	0.544429735812657
0.508642040708663	0.70256433733816
0.496945482642194	0.7337824875071
0.979816538228178	2.23012021588628
1.1730042608171	2.35448626370624
0.122843820848243	0.10763174589575
-0.104069594749337	0.0934064355609656
0.0797033874097883	0.0695898908160365
-0.223168089668148	0.24808637139592
0.10962917925396	0.0924783618184741
-0.655829850871345	0.708884605254298
-0.319713608039711	0.407303963595166
0.0561429641555507	0.0666908903055424
0.156670801987245	0.209076866074973
-0.477406560853334	1.15860229616214
-0.209184938952301	0.384681915946445
-0.118606228336595	0.201938747987425
0.526707406103881	1.3021457726314
0.334104890543247	0.735473773110639
-0.261459459423361	0.485920429480014
-0.112669119769278	0.17774476769025
-0.140051609924294	0.216950898909675
-0.0645821449101566	0.0900573203471762
0.153472194525314	0.248552181870356
-0.156535722102523	0.222148997770816
-0.0356282920279628	0.0400754291650564
-0.398112956734377	0.73943999545986
-0.252807727925715	0.374824728134529
0.172886995188646	0.245203200940125
0.463057526330184	0.909028079002408
0.491985019209776	1.01748641617956
0.0325145794244637	0.0300634153788196
-0.091039577086196	0.0870849333620277
0.361921190781492	0.555335814307416
0.147031709091992	0.172645478108246
-0.563495026698967	0.967471875619101
0.092000559544576	0.0990855698724788
-0.0365866455132307	0.0288464621497403
-0.65551033165996	0.708408896246319
-0.284998881457209	0.377675157625613
0.440587636255104	0.714730080829037
-0.473069505647785	0.757868219255939
0.456143341639824	0.59601133384068
-0.14830091402642	0.181226214526148
0.0517002868468788	0.0637031843897577
0.076892443703628	0.102492538796837
0.454290449063126	0.593086347324407
-0.535018417300744	0.917789519636392
-0.289199653955278	0.336190040281805
0.915766406428578	1.77575802306772
0.0706083825527197	0.0773691253891437
-0.153611347488167	0.136775865132963
-0.200218438701163	0.222667560314979
0.358750928252565	0.52830575344085
0.0798655333455584	0.101485450943607
0.179069185068557	0.211913853812136
-0.0714577280093451	0.0602202456578621
0.186385770657506	0.199066228021739
-0.331657188327528	0.327778532089556
-0.0821016522338647	0.0739228138287178
0.023306416936444	0.0195079844703852
-0.0906678335319965	0.0866974936235532
-0.352131265755634	0.543323743332075
-0.377593509821614	0.542918973682487
0.188286853504433	0.258836996084007
0.528919034497899	1.31063082901694
0.0645353711168555	0.0938523018863896
0.143227917091793	0.249783484771948
0.187711990478901	0.304599962378026
0.0461784923740311	0.0682716220456482
-0.104883279047046	0.174365323707369
-0.238096243013942	0.45176824346805
0.259005190550393	0.498729391226997
-0.0282392320244204	0.0367528838801414
-0.220486568505924	0.396546432634983
0.0237326748052956	0.0244427001996598
0.0973707281531846	0.115158690598221
-0.125379361727572	0.182665889169312
0.263172066565783	0.514977511869108
0.205702244811776	0.361375788101689
-0.158017914059106	0.238357522847371
0.824567088388329	1.61460082953323
0.148652137635611	0.140003671699523
-0.354924671202833	0.328456763531471
-0.210051912731484	0.198124144035511
-0.401217350849566	0.576378661935235
-0.195564139107922	0.269017806505914
-0.523489156235687	0.781760219929105
0.466460736300371	0.532523419448777
0.0963516122778251	0.136185461676707
0.0489408613851448	0.0568631725126221
0.0238460870221997	0.0245510461530547
-0.17952669112333	0.21916109923401
0.185262484725239	0.224672534958284
-0.0413727381307196	0.0504435828215268
-0.0487120786607748	0.0592417164993179
-0.405228937161988	0.774050824009069
-0.0446672184502215	0.0501322203362174
-0.266252537866825	0.353477946564665
0.359668366661852	0.540492240693314
0.3735103093197	0.763872325669095
-0.303299393473378	0.368769394676719
0.456721459774848	0.58165509520019
0.289773077620268	0.43529078083968
-0.147527746937231	0.21599273284366
-0.0341551357154831	0.0400748675912629
-0.360586108364244	0.438652282480275
0.304729249277472	0.388737926115099
0.398282969504148	0.540831075285056
0.125558096572974	0.162537840301382
0.0927254027737099	0.0838688220576758
0.398829434322542	0.516505072875344
0.112944903520135	0.158857575315694
-0.285742933960058	0.467712418181035
-0.0273570363582406	0.0367284441764818
-0.239666505927014	0.400417041178092
0.499215271538526	1.24053244948558
-0.103530354555791	0.15905187570939
-0.363559591457673	0.671283513421504
-0.180171279259733	0.296736731472394
-0.0106022610531955	0.0141498363271185
-0.681595185558426	1.65672865097381
-0.43420623027368	0.809405160905644
0.368021646389262	0.650538188067212
-0.29871219925465	0.532768941260185
0.251352562016302	0.463368038284085
-0.261542879894724	0.486117398960711
0.498485049882036	0.987990145592578
0.358379734613339	0.527589629671363
-0.0253660297798673	0.0245151758777784
0.102361096264886	0.104714540392998
-0.475446449645208	0.629816958784352
0.137235053804535	0.185107579117847
0.125056703300779	0.161802248189449
0.310280070088648	0.414906072396005
0.198345820273143	0.252617931256931
0.486426005567404	0.780650956080549
0.189760107405957	0.261215414967861
0.354249698166855	0.488809359371023
0.398590770855272	0.698745109319244
0.252748152923521	0.362020852266355
0.398803712460689	0.603922084459619
-0.251248299796835	0.466544984503362
0.28894000541815	0.525341330423321
-0.038258044676351	0.0482447995622432
0.252946805706178	0.416253029936033
-0.251375954530459	0.420353851907319
0.0296482031806616	0.036084010758441
-0.448739200365157	0.814389307563217
-0.414687752200066	0.832972139745144
-0.207144164986827	0.315526840642434
0.15574088790914	0.169939044217924
-0.269367267543462	0.400023480889691
-0.290828486817561	0.416505824399716
0.0860245491094853	0.117383432269843
0.24492798769245	0.336352571753471
0.016284631915351	0.01546885447663
0.245019893037258	0.336557207174672
0.600623519694923	1.11971384390045
-0.56089232549844	0.931123565386337
0.108109541098215	0.122632736809047
-0.00135809481273929	0.00146227190163348
-0.0124173971445693	0.0155899379089019
0.342546831677638	0.637871062378837
-0.347277507689865	0.639272916631636
0.0181163721498497	0.023058648693013
0.435931866831253	0.785966795493921
0.0557444946920335	0.0661685332796207
0.0122474742692939	0.0147899212532429
0.369539305789524	0.684483085999283
-0.149261544897442	0.182577736804149
0.443781885042189	0.693042110943776
0.718727829609439	1.19141308758492
-0.456405706537986	0.656190583359103
0.362944570312681	0.578156340028294
0.0192759126173362	0.0207585471211188
-0.787788768756345	1.70997992230118
0.0855245567580791	0.110811081674504
-0.0237820430932909	0.0255258366896639
-0.433152663586324	0.717612628641748
-0.0034809977228123	0.00391059415204709
0.144364159048873	0.184428801208216
0.272376515150476	0.361395327392577
0.492226716334181	0.75922129272061
-0.0369476012969683	0.0396770397697214
-0.24542523782882	0.432623821861713
-0.344728291602897	0.699707656472833
0.225520156367175	0.399879637433902
0.136664373394429	0.184177046653798
-0.04761906026341	0.0601727794395491
-0.036680221483181	0.0478291043265651
-0.211906313366541	0.292187847552561
0.475293519028588	0.835702413575976
0.139816756293432	0.1750269350976
-0.409315185939977	0.610446716297434
-0.0625825562036585	0.081919687089381
0.0071703506640917	0.00817629347494443
0.193616265187901	0.296549722333497
-0.70882342588057	1.41859089035062
0.106443549750071	0.12904398429061
-0.561555857829916	0.932627379380295
0.283003027773806	0.401088961484704
0.216797064721876	0.335109988548526
-0.0517425084796077	0.0527020620158649
0.0986600247183215	0.116820673103791
0.331431475136736	0.542080716722315
-0.14095484257129	0.18653362372514
0.224300463608076	0.430402726872234
0.143153545032517	0.210720506460518
-0.38110913838883	0.70627594567006
0.300210563357407	0.373146383440816
-0.289551970237965	0.336672072022939
-0.318820967796143	0.405961162647383
0.138988781466879	0.173861896154339
-0.0314033369400937	0.0367319495043539
-0.363756808213894	0.542287888220577
-0.404512787347554	0.772255585819734
0.479852675210011	1.10083596295925
0.223519965863949	0.357417861135656
-0.595215576189396	1.37295905780559
0.0404904361910193	0.040866593975498
-0.0215637416109369	0.0271434440664732
-0.134337725878977	0.190240751732067
-0.592108872828036	1.11321743397285
0.121534332567423	0.131703292509236
-0.0264126140262958	0.0255449712995382
0.329333019398832	0.528825807734903
0.0424569909680933	0.0510929553316671
0.401638030689211	1.05161762745987
0.209662886291401	0.432889394220206
0.345200046888816	0.661984833481019
-0.286781533044489	0.536379419087443
-0.250579607966551	0.370448886391435
-0.409315185939977	0.610446716297434
-0.197173235103949	0.240681704983432
0.103407569096438	0.105872276428871
0.0806763355479352	0.0908107884474521
-0.0727328082114557	0.0888942821125094
0.0654556915080275	0.0992854031694517
0.400891811935604	0.656911363858875
-0.106664684418363	0.13027202285895
-0.362696271354531	0.540137352144824
-0.553508474510474	0.793903230486571
0.35749817872876	0.515568459107022
-0.265276677835019	0.309122680103149
-0.0735826170407265	0.0785944499149814
-0.0588569777638832	0.0746149089697313
-0.570181083970738	1.16414573678489
0.223240382231384	0.356947166350397
-0.140759750637545	0.22395630010762
-0.127963028524418	0.197120570677197
-0.630883235975715	1.65484291045909
-0.136851892854506	0.205572076326904
0.276821674097109	0.523788099761706
-0.305178481726301	0.483930899574992
-0.331783577738895	0.608866073674509
0.321328507011846	0.610858639292965
-0.0135195979034688	0.0164207223890469
-0.120609710435704	0.165041272349353
-0.459155834073321	0.555827847214121
0.398913423252251	0.676127273841803
-0.281362664681944	0.343315157616114
-0.319556391719794	0.556756769254741
0.34527693560527	0.662220508995403
0.0610551281162225	0.0651438874372823
0.10649899264427	0.14686483374534
0.399572627552878	0.75852023274927
-0.289117858904103	0.458108728146702
0.626714189253584	1.25742901574164
-0.170241337400506	0.250099085923146
0.161836181340432	0.220373849566592
-0.279480840449124	0.428965370797895
-0.0214121677643499	0.02502259969769
0.131109032987612	0.160054754864225
-0.233309780725514	0.297569228267129
0.209211540244412	0.278794808151152
0.0554493728464595	0.0755506327236562
0.315607867905345	0.581321537542626
-0.181459741780023	0.240371003044624
0.136629187277029	0.184158692984759
0.222667409540708	0.355771648601607
-0.404229686358447	0.83047447725912
0.103354099249198	0.149072948085254
-0.0426790552022884	0.0500056384912952
0.241119978543298	0.418792161278674
0.900250419890754	2.47515477553802
0.0404684456782801	0.0547307075929883
-0.252244118173297	0.373757474489229
0.366339674044282	0.636587494323709
0.204322872061041	0.298740113675362
-0.645743742038815	1.32370706577489
-0.182730925105691	0.293807460008243
0.328367536690389	0.677723412766173
0.073667594655513	0.101453269355016
0.185225718818718	0.296131047165991
0.166488060821704	0.231128758277333
-0.138872157865075	0.177004627366228
0.192731941722356	0.239805511255265
0.400223919076774	0.619223461820829
0.325057228772787	0.493876758066248
-0.454928488770918	1.05389404309255
0.0506879403091474	0.067907464782835
0.510954954048677	0.936839042465874
0.0644563849392329	0.0783563236402257
0.223240382231384	0.356947166350397
0.400140871629383	0.815635376606682
0.374370276540718	0.766415413067402
-0.568270880518637	1.09958256928985
-0.168737082603812	0.239790960898949
0.039745279661651	0.0450668628753087
0.016158169945328	0.01813159095561
0.300276554129795	0.486100537489884
0.212731262821677	0.289250578783039
-0.134329748810534	0.190241446516724
0.0351619347260477	0.041403645917695
-0.0898620101533712	0.114243152744208
0.0474331579302151	0.0550197453444501
-0.0252745504205398	0.0258255001892226
0.157339131980782	0.210099523207387
0.329567721897854	0.529341002695115
-0.222981311602505	0.329815030688745
0.509524205254623	1.17990561979933
0.39928478466899	0.641381560038183
-0.115668825077448	0.152581413098502
-0.0345364195791682	0.046408194389985
-0.235318419551524	0.360112843108754
-0.124810473825549	0.181701092250831
-0.140591133398616	0.18597622895121
-0.280728778566812	0.472724894446795
-0.0848433726748461	0.111755838050588
-0.00458050043492578	0.00555474356559316
-0.167342869766914	0.229632833889882
0.320885941082884	0.617711490788701
0.250359677878547	0.351697364347718
0.10970486749053	0.161290935234726
0.236717744409946	0.311279129155473
-0.0249620977543589	0.0280770596310769
0.0918342263786778	0.121410745582562
0.0478218932561185	0.065978134354795
0.542494703173481	1.25192427873632
-0.121251080626347	0.166036385829499
0.542423881981201	1.25177664885902
0.399246014088777	0.676902615003266
-0.313805463036029	0.48291004823454
0.0725396057676477	0.0850615417170075
0.864630140497184	1.76131806185349
-0.0738086621512675	0.0788570446232453
0.262287416802064	0.398021654544937
0.0781824884121005	0.104413150989028
0.435266487494192	0.770979524250967
0.0140682617102598	0.0164015162229396
0.00630504394831778	0.00718662853499154
-0.0941845986199377	0.124064136783517
-0.478073576854542	0.919273526195377
-0.260905014876466	0.413196442659218
-0.390559784345488	0.704370160092017
0.148322318228412	0.222332377337828
0.164821357230398	0.279690499759303
0.431181013395009	0.839250550820649
0.0812966921979412	0.0976557445982616
0.551132680570611	1.03714058926029
-0.166048036056023	0.219658604763075
-0.28630006923517	0.468920885253416
-0.0136784985805954	0.0166171434466907
-0.23052238084064	0.362636140472074
0.045585022236841	0.0495958966840115
0.0168940102255588	0.0189707065766393
-0.264477688554866	0.405766746676615
0.107399703473286	0.164741259768833
-0.316999126198997	0.686225623228592
-0.109182542635967	0.163276708241997
-0.293176410169787	0.604214295395886
-0.0514199312613984	0.0757308145273383
-0.0503351469272549	0.0613505585539727
0.539363469391342	1.06271734494554
-0.00426594769640206	0.00498833089222005
-0.453017009068644	0.845317864724166
0.25829174602168	0.384215677447751
-0.317449386841423	0.521574697435498
0.269302283884691	0.424396058907568
0.0134842850389622	0.0187068303045727
-0.266007830273476	0.483029089348734
-0.0824497596627469	0.0924666574810996
-0.320118170836595	0.61744882335587
-0.270639639643098	0.44198835090242
-0.463082767536713	0.91334959292528
-0.297256576415411	0.457234419900382
0.170257216607311	0.258000549736654
0.072845477086876	0.104765328270836
0.153602970036857	0.234457335207764
0.336996829558923	0.598103940604163
-0.361571602014277	0.702368826156692
-0.205349628190824	0.331645541929533
0.194791278444917	0.273735304033618
-0.210530777131601	0.28986660659682
-0.182624832992974	0.242339409722478
-0.124678666736843	0.181469114293954
0.493221478908876	1.0052212324338
0.144509863565882	0.199246035495682
0.124589299801394	0.161103384825098
0.224455759802745	0.359358218957377
-0.145423648461667	0.206245082277971
0.27343342619654	0.445556531993637
0.26984002296914	0.425436413200471
-0.133156215632655	0.162607941840119
0.241561387877968	0.376794162320142
0.26416632708432	0.334314996118438
0.02936040865824	0.0370432381407785
-0.110463788969987	0.155336100723179
0.455300125752838	0.956434564958869
-0.483371026962399	0.827528215947692
0.613709451214369	1.10730105671433
-0.44023170424951	0.844101818864306
0.459429137023452	0.941230138829219
-0.169226455818053	0.248295746230815
0.0252332890765035	0.0260194623699517
0.673056612183816	1.66777044647173
-0.301853763129486	0.523169569988865
-0.266288751822414	0.447171229648262
0.163577786515286	0.22317046519168
0.15549123475	0.222945934414946
-0.439285346910453	0.8415634069959
0.540937729500166	1.26456567405217
-0.148720390128976	0.236567501087067
0.4558722661032	0.985661653360319
-0.00598764363320435	0.00751409333916654
0.36647079362409	0.65676952063225
-0.110599539047779	0.155568646697191
0.0538276591116476	0.0699204193204644
0.177256189962198	0.256097285773036
0.456588519145959	0.960551270824949
0.204756909783055	0.299456340179988
0.32294946552693	0.630789841840153
0.255565470947208	0.427457905755898
-0.264029197496245	0.40488811089144
-0.0768054545335029	0.110495947800056
0.23701219195382	0.36253234999407
-0.33298949813548	0.547236779514358
-0.170163532514156	0.242199057473863
0.522183370272315	1.12059267509384
0.2559188603194	0.428223516649225
0.296545762742081	0.463537088380015
-0.194308960585957	0.313265345492412
-0.0685556131592908	0.0928133665802634
0.568279498570204	1.54470337432702
-0.650763150990729	1.226492017376
0.165932285560271	0.209099659149633
0.14496906957127	0.185352826855522
-0.197098753297508	0.251185316127879
0.209028857849311	0.278537451312777
-0.044632758728494	0.0500831713158792
-0.302855480479527	0.45001714461448
-0.309179037522326	0.410860896467298
0.0349543878748014	0.0411585372990969
-0.0575039109727968	0.0727751377730971
-0.502049872433251	0.993338576132609
-0.308234168380366	0.490636857362519
-0.0674519923592201	0.0854704234863504
0.198191695522372	0.283709932116038
0.112303919386063	0.157846838664878
0.191099665820239	0.263376275122234
0.255605366758536	0.373199912385017
-0.181636492157387	0.212543571542608
-0.0115287474296323	0.0139743443908443
-0.0764574022675663	0.0896262050930466
-0.594744088559611	1.24848196012645
-0.0970098689325027	0.140564654933853
-0.159013455000276	0.240180832533436
0.303834653331526	0.387315544387943
-0.157390464267402	0.237160505005343
0.125610243760724	0.174507483411472
-0.0503564232132723	0.0613839655457262
-0.386490336729355	0.576665557290401
0.157006194690358	0.171521509316966
0.180381468902723	0.23831535120946
-0.272617359262851	0.347300666453253
0.756503728834205	2.17435923481101
-0.264948600086526	0.406689991677141
-0.0423119976646834	0.0495547513202261
0.498082735588057	0.986842849429963
-0.269600501955721	0.400455804909499
0.263356936810386	0.400088711265149
-0.0442393607204007	0.0596847851918029
0.320985080828552	0.744289711818485
-0.0845700234583309	0.12891391918099
-0.229758361702312	0.372739419226323
-0.0901541370694133	0.141705119848297
0.0515425748013718	0.0877809438865309
0.163368173035911	0.242421661025047
-0.280334961329093	0.387068605974913
0.687314456215513	1.50688823809157
0.476369190695038	1.11838880800696
-0.0528505995465614	0.0618985823621889
0.105209302049426	0.189437383135757
0.244319256191326	0.335355171269782
-0.362555303791545	0.539869511806305
-0.0177816466509221	0.0244961620912585
0.00467178515456895	0.00739276711363895
-0.347546288956259	0.787513531489906
-0.23270782994307	0.472067125160653
-0.0389926472308494	0.0572959121596191
0.0990697708936148	0.186790162339577
0.493223590882571	1.52078119173873
-0.0836445406918789	0.127303403544558
-0.141210731217154	0.265342642562445
-0.181183129207621	0.221582801239885
-0.258158106156585	0.491241162725995
0.179985348746072	0.345029865333772
0.33328035856443	0.563505921488254
-0.11173310101329	0.106680530389651
-0.0844967303681722	0.0762026890387606
0.136090955576251	0.123722068700649
0.341946268104274	0.406492233939568
-0.426847427267337	0.612908960709093
-0.0132371670007107	0.0160743517503154
-0.0813408075478391	0.120612781771535
-0.0900631785913715	0.13388873601803
0.123886083832189	0.160017551607633
0.634460707866418	1.08444268116843
0.473163869216832	0.845986633117606
0.030475800636666	0.0415569606793535
-0.0542131852969799	0.0777311749269298
0.105568112162154	0.145425124055641
-0.281619939358553	0.538835715442131
0.0890406685775143	0.102740238170241
0.0704902673637844	0.0824694988927069
-0.167689214591962	0.213989922424988
-0.230367964220415	0.306005830758921
-0.055718082437547	0.0624691100660219
-0.0805428449797938	0.0815846112043207
-0.120678631843056	0.16515363528797
-0.252145820687979	0.37355964728866
-0.0292241532479183	0.036797839448203
0.131848055132304	0.16109753102431
-0.0128337722700766	0.0117117386102889
0.000223320030282201	0.000223594240007186
0.631589019189897	1.41110487859648
0.0308329035160646	0.0341192573561189
-0.0752832657459886	0.0881287038510146
-0.16277467691887	0.190431960457098
-0.398393624922214	0.740145097623
0.00180439088782807	0.00227916318154866
-0.182978354451498	0.302416498991913
0.0317033655138506	0.0419406008103275
-0.0204318865021578	0.0265468429632399
0.0113182882612079	0.0145840987010177
-0.0755945087019985	0.124187333637939
-0.369242436583917	0.788033739519327
-0.0392043237092129	0.0495194379454547
0.078459167676513	0.104833910774225
-0.0567186838083133	0.0789967387506569
-0.245953727141069	0.388447009253909
-0.134040906174935	0.163827263719208
-0.0670046866825754	0.0848554209282533
-0.55328517790533	1.24231277490716
0.574266363011187	0.992439097650555
0.13219814413144	0.17487208007911
-0.448684795857932	0.81423356675346
0.240001047867912	0.322310336266296
0.210729039889564	0.319087722371413
-0.144266026679633	0.198023970523951
0.280271047428186	0.473202597012153
-0.0568498299557232	0.0718956547113939
-0.222255078513306	0.328467409408389
-0.0327452441943721	0.0399211513487423
0.156370254784616	0.25694145593996
-0.169772242406908	0.256801288219822
-0.132112069319271	0.181067862268965
0.157370640682181	0.258916796007689
0.252024363338094	0.414371571279648
-0.0743483079950599	0.104012348443571
0.0119269183917558	0.0148971914704687
0.371443365198136	0.709188253497991
0.399174274586304	0.790865580168652
-0.169907700884017	0.25706651729606
0.156536883186192	0.20886341892398
-0.111406897303284	0.124791131049692
-0.180198289512476	0.210640649511698
-0.500181288146898	0.801964168604869
-0.267797351043322	0.396983361514602
0.362702697339291	0.58780654518427
-0.464917266173521	0.819890141682902
-0.411863673572465	0.546321465105928
0.167686263063396	0.211710859681618
0.315833079179474	0.441787289863601
-0.592016025359679	0.949841703257455
0.305870671249498	0.520531488335748
0.545978232675039	0.849348307680604
-0.242769066688861	0.334667696429703
0.0297226803648707	0.032854500735993
0.194958703341394	0.27404317066746
0.361379180096321	0.564594413754588
-0.487318791965955	0.859832025277989
-0.385746068498501	0.575191402274783
-0.256502984882838	0.367199456414302
0.0863152066622464	0.111954415638754
0.0305975651101595	0.0338513766600022
0.116553819240126	0.112684686617553
0.00497352050412615	0.0058772086860736
0.0345042464016093	0.0406084536193663
-0.0650298814159957	0.0762552239520282
0.272585484344907	0.361674774229781
-0.181290497055574	0.282819449146492
-0.197212258028393	0.281657551972269
-0.431448256702252	0.71392081369809
0.0554859693652827	0.0619693423085486
0.188616888700613	0.283571297951792
0.0634193632111129	0.0725470092873962
0.0561773147426314	0.0667296435704875
-0.0356081199235079	0.0463622139573301
-0.248826699056722	0.380992338023642
-0.0336458795378123	0.0451685752092238
0.200361261615051	0.317257920249798
0.399782935281829	0.814589056230689
-0.195502344468607	0.278712623719207
-0.057194239579245	0.0723381222600737
0.0375566142618087	0.0467052615243651
-0.410445190063772	0.544090997163656
-0.929313692600163	1.59003627070735
-1.07145109159026	2.07454145679002
-0.0641625661830437	0.0751646888846403
-0.197260167058301	0.261773375242389
0.173974154545496	0.224691618801441
-0.28058890757174	0.38780896069672
1.11898598125405	2.9030829500402
0.36429151909616	0.580878454084806
0.282126461297161	0.399499131506011
0.21425007557003	0.255487880650467
-0.463346465491049	0.81580128211175
-0.0130333636470524	0.0146389522280946
0.263022621788582	0.399430676105982
0.262354486089664	0.398163644306615
0.00623790396284061	0.00710966243800653
0.699623758137948	1.34932269944135
-0.021927260507147	0.0256495620745294
-0.485691241490864	0.98468388637283
0.125671537454746	0.150093090979981
-0.0778010464461117	0.091323594332395
0.252142243122064	0.360918011062959
0.120977963183172	0.165034064478739
-0.0734335791690792	0.0964299063374723
0.0460198434529172	0.0585174488204749
-0.325584582362034	0.58224449452396
-0.0209763515358422	0.0245076548359822
-0.232604158574087	0.366891554764868
-0.0136013676204216	0.0159174097653327
-0.0544512077879697	0.0638869908145126
0.0797113852330341	0.0896250387961113
-0.0110152156487604	0.011254131070361
1.17597628592832	3.10878136262069
-0.0233368067515658	0.0238066911285245
0.167825828131413	0.211918891456657
-0.534329498067837	0.916059210699314
0.461392240930606	0.918771618500299
-0.155920921590366	0.221100277905448
0.0719022825121333	0.0842530647261693
-0.210208060165858	0.300236387614083
0.0713980835731692	0.0836216914512111
-0.0893845612523407	0.0954626110115439
0.252142243122064	0.360918011062959
0.27081553118602	0.433789520797048
-0.16980652558713	0.249349241700318
-0.0506662369196154	0.0617861025876811
0.398718947129612	0.554312467242828
0.0175302159868748	0.0196949596167437
-0.272506166455299	0.389934109808073
-0.022436799427242	0.0240491069452677
-0.274360106119235	0.349965577747081
0.183809965473429	0.247614119150008
0.525948179287084	1.09648006975603
0.481881349716802	0.803370455100719
-0.146227545180454	0.171187017415578
-0.424554223418923	0.679523845813626
-0.127161929456911	0.190629796720757
-0.31386611267398	0.676815179349729
-0.0256364778249324	0.0354235762593319
0.109308464557227	0.143301878645885
-0.170796789270483	0.251079328942156
0.354996799020348	0.49014343076415
0.17389812984352	0.304923233442295
0.16602811656642	0.209207822678143
0.292798419749939	0.345414059963291
-0.181560678618754	0.160803559018408
0.518041361141329	0.682254103400744
0.240407915874664	0.323033924790726
-0.203378085216855	0.215092358467082
-0.456255727951581	0.655821548930507
-0.202010367644908	0.225070197169136
0.678621705195	1.04867617007219
-0.320163268064042	0.408075596142678
0.214517884602872	0.292240495484636
-0.0743916321037675	0.0795198621080995
-0.56245270546808	1.02304962972782
-0.467697168629092	0.723660382284365
-0.1986587140732	0.242891374957376
0.12460804274545	0.148680433997297
0.22164389230696	0.314102629179824
-0.0235884864069457	0.0265049287482618
-0.115529860745261	0.152362969765623
0.168056471346999	0.212249738932319
0.0403078824902802	0.0544935608548362
-0.181362036232882	0.221813847586972
-0.0215485682339809	0.0261834728020385
0.0176537436176309	0.0224579632047658
0.166282854330775	0.266768914730262
0.098524437384778	0.14626563708036
-0.168543914708823	0.254481592594139
-0.134116355383703	0.189892300932033
0.0565501040507899	0.0805444317839929
0.158911483242	0.231725976575563
0.134023126968729	0.202591974180909
0.0168900451137284	0.018959494068013
0.535119373282319	1.06914090106108
0.495848430856484	0.996784483503896
0.466050282029184	0.872677969594886
0.626740685042398	1.41870734787078
-0.016172071649805	0.0182048046120013
0.479889894604842	0.814967345476055
-0.0242420421153136	0.0260303514568387
0.352727975550138	0.475710339339372
0.628413150035577	1.09510153218803
0.33889291171064	0.391811611017294
0.108045848880603	0.141454713152129
-0.473990544611863	0.886455591155078
0.760139941507797	1.47831527218002
-0.42539842581711	0.834088855685745
0.25738556568812	0.376464818181989
0.0723677406106066	0.0794294613155526
-0.228298325420283	0.302585006987437
-0.269403213859643	0.400085060527781
0.322622824540531	0.480435492048619
-0.0603714043379824	0.0645935112975592
0.443715437181451	0.678498768116585
-0.0449713871601413	0.0504955698712853
0.303586467936666	0.50816973172432
-0.242620733338253	0.535315886547689
-0.110896658317306	0.184363417808423
-0.235432619720322	0.360325194516066
-0.0846295783400382	0.11144959831771
-0.241301698378669	0.281371148322701
0.268890390121114	0.541449181591621
-0.0989003075595739	0.134845911173934
0.0534380076318144	0.0480525910080421
0.386173263868048	0.299105166377908
-0.156125436077866	0.148163479360785
-0.529376421082538	0.849528495507092
-0.0143459873634505	0.0113768268361228
0.842266664585395	1.47247549277725
-0.236468431647204	0.288698699015622
0.138934763760809	0.15895804499477
0.448279410726824	0.627897754841792
0.574556475821817	0.993100434291243
-0.288960903599459	0.335772049373611
0.0994912451318694	0.109925557121208
-0.180278290102335	0.210739344398548
0.132961282164833	0.162622973065745
0.158206858615377	0.245684355217217
0.702880759686429	1.49909124808153
-0.482429836479652	0.953361660957351
-0.0444444865267422	0.052170626946155
-0.104519704013621	0.160762518307803
-0.160309618307168	0.262976327433011
0.242184001241346	0.426157471523638
-0.022310244761086	0.026104236777748
-0.143553687923257	0.23509310404802
0.30453789214834	0.510331996118058
0.181421495771378	0.285249550943867
0.115231749594086	0.172498956752073
0.0947181562285968	0.118846316857946
-0.220231555208228	0.346932013321031
0.213136961719905	0.289973815700094
0.440209959997328	0.713906252383794
0.32992805876054	0.53868362095226
0.215596227417146	0.332807099933111
0.0612976702014586	0.0654142237810871
0.0447940734718376	0.0487037086804359
-0.0958896193191687	0.10742577649349
0.343058162350707	0.408146213597764
0.71798326592223	1.18975990724389
-0.0999299495983079	0.101242860288833
-0.16414125808221	0.200655674005284
0.173470033936109	0.223988373080632
-0.457152636905164	0.657514120094095
0.82266581426255	2.03956357380515
0.0705908279642759	0.0825940482162706
0.718334508296374	1.33947582684166
0.20279337796683	0.229568877029465
-0.322399762975928	0.479837061781503
0.440816706327987	0.701039552598149
-0.440199956773015	0.582323226428219
-0.657266240472051	1.12723662571523
-0.0285879451047061	0.0260210384551089
0.556604757844596	1.2042184838391
-0.0127577074254223	0.0180834816119993
-0.069734250988434	0.105953811553032
-0.230648141679569	0.306459285905625
-0.2059326178392	0.313167802569896
0.209183080737857	0.243274044962783
0.14400196307789	0.212189606176372
-0.112209504912372	0.142737193490284
-0.441624123883642	0.484662667170899
-0.716094656710993	0.814326505229244
0.108994561706121	0.0919192669114304
-0.475008473294749	0.629123202915956
-0.122552763424419	0.102276593950924
0.194332360510181	0.242004039107178
0.712186079491946	1.77824864590948
-0.0344589471005826	0.0387117399753035
-0.755994468083458	1.64012934454061
0.112385545568873	0.11840260785307
1.76692494419103	4.33364214846865
-0.342409106344914	0.473007154481017
-0.105352273763266	0.0946440408953407
-0.118199764639684	0.119487992980661
-0.481126119305748	0.664359263433189
0.102212124086913	0.104548892233963
0.578707539403554	0.98122382164291
-0.00024867927079708	0.000255943155215342
-0.0227395970971963	0.0266243219391416
0.585495184651623	1.14594351511603
0.671159392399098	1.80825597128343
-0.0861150259884177	0.124237328730359
0.138469213805749	0.225336671532758
0.149367374293797	0.209892218792521
0.28593742095672	0.498940824523556
0.0350833139733503	0.0501147052593872
-0.31181148474405	0.556862785166371
-0.802919823451508	2.39578831128768
-0.34728617981102	0.673133234494296
0.20316368396936	0.264574730385042
-0.291426742759655	0.417665926364921
0.209584792925849	0.279404434054894
0.632185497846779	1.24825359943853
-0.935620569979152	2.66710154365769
0.149611513853403	0.210288323912733
0.279993636880712	0.395464587426131
0.0914167290960774	0.0984347521034176
-0.418009093825248	0.409758277732746
-0.547016736367913	0.692019694334963
0.019191302334672	0.0171685710926716
-0.207067365866419	0.315359149917742
-0.197900300404249	0.262776269177434
-0.150647972832306	0.19175540681418
-0.248368510439456	0.330031070272539
-0.233505486335162	0.356582520659163
0.360900237187291	0.553303787725074
-0.242048312478916	0.282420317076826
-0.149081140333795	0.182339823102839
0.115880638423634	0.134760062758475
0.146727521715067	0.155497529977062
0.292003131508008	0.344244015879373
0.0533597322552539	0.0594562734718741
0.24245025063936	0.426847973255615
0.103016221871512	0.170580482805784
0.109047526860533	0.167635072093209
0.320450251010407	0.616540794093239
0.429955412052918	0.84866917419122
0.356646336647428	0.503513079165597
0.0866109575319567	0.118221310270012
-0.415859736133762	0.708725265417559
-0.180886725929135	0.181466221210164
-0.0719485349417639	0.0606537952103905
0.88814015727511	1.33523923462866
0.237645069782231	0.263457270075291
-0.359995388194462	0.437772319426422
0.304054301426272	0.38763279904741
0.292451552364627	0.447929977749939
0.105434082745448	0.12772696753989
-0.418706607870388	0.577965865070322
-0.23110805305674	0.307175251812609
-0.0819999751878358	0.091918134190649
-0.148521360704541	0.181519155922525
0.253316964346424	0.304355846672211
0.354410842359836	0.489022456351989
-0.486684538710618	0.69949573964144
0.317732200767791	0.453867924324977
-0.333149521431852	0.51371607991558
-0.115520196668412	0.152334716612974
-0.0053852190253595	0.0062998639586446
-0.246050931100306	0.388752836160408
0.2098501943502	0.374676423317348
0.111213102402906	0.163790461761185
-0.247846593291791	0.37901550090645
0.150155343763579	0.269398446219711
-0.0871515049250038	0.125930810529765
0.291955970889891	0.439621794034085
-0.578240165598393	1.4512458200465
-0.474935481516024	1.02996211781356
0.400053618492181	0.837331306357752
-0.100845441674873	0.128242099409086
-0.272702415623848	0.390325990901501
-0.511911764368167	1.09352453899205
-0.233813255725083	0.357185295638299
0.335251586285927	0.576754435421473
0.330361519442598	0.539726312044485
-0.342450421470007	0.581040621062169
-0.344701512705054	0.438764307766092
0.231480625542654	0.297356555428304
-0.378079542968534	0.437959385480014
0.328360638286056	0.517967817179786
-0.291336831038975	0.417508352338716
-0.161965345210036	0.189333828695153
-0.168968352183036	0.232329940181363
0.398604264461723	0.663589565830988
0.267416843355802	0.346329994742577
0.241200298710176	0.324388576165302
-0.161239246238584	0.179999888783544
0.358078637211652	0.516608562611312
0.471707958880184	0.857697501809759
-0.682594401002422	1.28730320419149
-0.213602387470157	0.272010739903005
-0.832249392704682	1.76196379764919
-0.360232524177917	0.612514615610328
-0.206597373000718	0.397522252296804
0.00162449661699123	0.00229296154646665
-0.332373693937902	0.673631168135261
-0.0649997308586514	0.0762182538692926
0.620576474491414	1.10057869888881
0.0254188296888287	0.0330115048195667
-0.0327866107886186	0.0384162503269756
-0.804259218453742	1.65628483410444
-0.0364849037445294	0.0371694264390908
0.194628283844332	0.214063405184022
0.446925487706388	0.655627107522504
0.0270441299491476	0.0264566100732285
-0.155008764685602	0.212637742601237
0.252580697758079	0.361681698590552
-0.181618129407357	0.26699613722408
0.398803712460689	0.603922084459619
1.21653870211399	3.44948555998613
-0.363385999131844	0.541571253215509
0.639107248184635	1.24281637568199
-0.729712124795977	1.29558470511335
0.232078625011795	0.298280651690885
0.105736611728358	0.128128798598886
0.265075694783554	0.335672176253396
-0.110051516387572	0.123113066297399
-0.459289227503863	0.785099603684358
-0.100115258631717	0.117058602931929
0.110795035369606	0.155425392017671
-0.206999103032677	0.315242941525093
0.0174957085413322	0.0196568501561284
0.372164368964098	0.730779424482696
0.198329984866258	0.283965020412473
0.154039002277744	0.23523127884375
0.105706841316822	0.145631569920946
-0.6186956344154	1.26595479413697
0.272079018702324	0.436423755996453
0.18012740069938	0.282895194630059
-0.245258142394656	0.387135998941254
0.599536016888069	1.45966586751721
0.37348543050049	0.773581812103366
0.255572265096607	0.373157555558601
-0.263580757867931	0.403991009596668
0.160042941673299	0.197116260081495
-0.925872676418194	2.22543528210769
-0.2902611751109	0.460602070606099
-0.21146888034024	0.280187590497195
-0.295901886303917	0.499634328205429
0.0900068661005619	0.0967916052837723
-0.590636722294041	0.879473791124274
-0.0246900194953229	0.0238478906464117
0.139495341326858	0.174580243286817
-0.139559380732244	0.148291312967238
-0.712076923110083	1.3841342610589
0.242598679545483	0.378800701052283
-0.53753298535464	0.951555908207873
-0.394089361034181	0.608812791608024
0.67886350367998	1.04939362663168
-0.278964961814067	0.384962328352822
0.476492837884868	0.838575392571832
-0.163859516815608	0.200240586593331
0.00343190233825746	0.00296597250181665
-0.0817573696204274	0.0916291283938975
-0.536897131288151	0.949924674299734
-0.197755943477957	0.241563963797474
0.105048968550623	0.0982906234477564
0.124151987603347	0.147986400628654
-0.363156080289136	0.541101134269363
0.57252123143327	1.17252891981982
0.228163901625924	0.371589822814858
0.170552639597218	0.258477203178152
-0.102554413967165	0.169928011801691
0.0429503547021446	0.0607663595378669
-0.018252349448818	0.0272972203029781
0.169037483267718	0.255777441867004
0.355528032564198	0.501493758087209
0.0398587597276026	0.0497110669599411
-0.275157030082731	0.394785222748186
-0.0996309657804556	0.100908719971379
-0.0613707625628239	0.0657330387977697
0.626884307588798	0.920777298101345
-0.257880144470237	0.369732039373917
0.0116590844879254	0.0122503013678361
0.321928408521239	0.470267783454388
0.432556938837187	0.82996118198113
-0.492169373771962	1.04813238915228
0.143783497927643	0.198092039679067
0.0558062940322556	0.0662532537222591
-0.0525878874404482	0.0642365541323312
-0.201637077338389	0.224610498449725
0.29288844310116	0.448851488356959
0.172311521469151	0.198694900069487
-0.242562120091542	0.347731599756744
0.028682978399845	0.0281003530477052
0.0972194712689565	0.122248932631351
-0.309794633430422	0.523478837739515
0.0351835244331513	0.0372649436565751
0.131448283452351	0.186206547066877
0.0308741012734815	0.0376393554891839
-0.00565493452789131	0.00686045753852917
-0.0575670521819035	0.0728716045269239
-0.161836177083324	0.245058286284686
-0.00586139158317939	0.00711274597721731
0.149678928271703	0.224709156310016
0.401972281355217	0.876115613233598
-0.228752373921127	0.370673326111123
-0.281954013794467	0.499623896741884
0.480541064135676	0.816485864014666
0.208882110357226	0.242862206287655
-0.166377453767534	0.212100961734638
0.435437203277875	0.771634601316115
0.1528939740739	0.183783644219437
-0.0362835783001175	0.0472818074578733
-0.367063816887937	0.6424470797648
-0.0373901796614886	0.03812531564852
-0.467258763902013	0.592012069492888
0.146416936551932	0.171827685250695
0.325860258843577	0.504263230990871
0.0325651907266744	0.0301103544349031
-0.41594506862908	0.709104556497001
0.929738759845197	2.20539418170149
0.013324175630665	0.0133484680791317
0.400990998767874	0.596103539357168
-0.280946985730253	0.388397145020692
-0.180493191269335	0.220589549598148
0.0887683500051563	0.102409990701957
-0.198339696496659	0.253071548366764
0.246218393547838	0.338627582770179
0.131421757640708	0.146517965874714
-0.279054473513179	0.385108149101064
0.232096263054906	0.298313420733104
0.0265489015780103	0.030548903225481
-0.205521411384634	0.341548429127536
-0.069511907788875	0.105572983698687
0.236431669239562	0.444455254645507
-0.195416891229925	0.278557301700128
-0.36815376338392	0.645184683798824
0.75459469163427	2.0494198916504
-0.156506412219053	0.222108185277904
0.349527934831735	0.45958692782955
-0.241674709208532	0.281896533623016
0.310327801925901	0.415035457306704
-0.28166167864396	0.343766767026692
-0.410445190063772	0.544090997163656
0.608312244291178	1.11732660587704
0.157406747152721	0.210226687036543
-0.0287378371047602	0.0361725413624522
-0.105434162443078	0.139119159535622
-0.162580953931743	0.181687071428381
-0.441188169223138	0.584473792408725
-0.401775407284834	0.510392322677639
0.326869192194562	0.506262658874609
-0.0242408957019723	0.0247482284763937
0.356145555712814	0.502651572844307
0.401099930664036	0.633193484103405
0.398586857152679	0.651525815367358
0.400176664043947	0.73726860699233
0.0572906300365778	0.0719500703781849
0.182935695431761	0.291763415624544
0.0979826900698065	0.138821089704481
0.153759938424053	0.234709644002804
0.257049416120068	0.375858211180424
0.553474927588066	1.21362818995029
-0.365280449093297	0.638125280159796
-0.23145213603877	0.364566979575697
0.204093979215653	0.266040818749374
-0.278964961814067	0.384962328352822
0.353319758050805	0.476668863681009
0.275743683181811	0.374110375387142
-0.312638211573009	0.480461272344509
0.251097789999339	0.358930455621839
0.131662457960055	0.1865637108651
0.0609780884827296	0.0808229335481478
0.479845740516356	0.814871996463877
-0.225919108915594	0.311153749816213
0.130060135393518	0.144819657712802
0.355808614588965	0.491478513539996
-0.448378094988531	0.718281834829769
-0.170635150218721	0.243019679539296
0.0421608889705092	0.0507132719579443
-0.340868828708987	0.506799472310377
0.0610551281162225	0.0651438874372823
0.360178769277715	0.561916675114934
0.282636780033839	0.400376771262422
-0.232793342429026	0.296759952607769
0.173378488913627	0.223850826212902
0.502073816590327	0.72621495018537
0.541595695066922	0.860106373976089
-0.196031735652855	0.289191476667266
0.183207618098485	0.313958814111786
-0.248919675881618	0.473557191034616
-0.182275532571223	0.292845979268622
-0.0122354096287706	0.0143013906601516
0.251401938299091	0.359529514992278
-0.0404858626385184	0.0512035019014558
0.153744569763153	0.220007433502779
0.112831075395864	0.118921683570084
0.346999144091443	0.434826536853042
0.193800982226565	0.213006267015802
-0.0819613718591865	0.0831482183703231
0.101238074999436	0.103433023770117
-0.0624162310903007	0.0563960050426865
-0.0309874781279014	0.0362287421807638
0.21895001512962	0.30456336967634
-0.072904594504557	0.0778005924660096
0.138155922811325	0.172666552755685
-0.303801293665789	0.451821011511759
-0.97913788106606	1.84173247831079
-1.13839310255425	2.33422688153732
0.0986830995254926	0.108955453369182
0.271795527527138	0.360430052422961
-0.394459527641178	0.609562080858686
0.194696852227572	0.214167577991878
0.189291644747481	0.260512323602091
0.0706927222092234	0.0827207156226352
0.288021753115136	0.51040862860303
0.23425113983317	0.393951941916112
0.224241610533647	0.358943783698177
0.0305051511943573	0.0371703553004237
0.10649899264427	0.14686483374534
0.271854020966953	0.435966694365239
0.147606005179301	0.221048473159206
0.0573142396209684	0.0681416400725623
-0.53549487413697	1.22686912063558
-0.101906029124677	0.119404172867166
-0.134958855386319	0.165123308801352
-0.211523978175844	0.302494962662001
0.253488461308448	0.363330831746281
-0.0286621403213512	0.037322445075877
-0.0440651384837295	0.0494226805862332
0.400634090119641	0.583007082413475
0.17947328344634	0.236969272068658
0.523502287237661	1.10712817848649
-0.311402718937826	0.446913318398664
-0.115675956155369	0.135490121023706
0.201369498162385	0.227633625653984
-0.395174609068573	0.672360194334233
0.0239633729734828	0.0310486758082268
-0.12631930264494	0.184223287917155
-0.0227693193271839	0.0277066382719695
-0.351476721997139	0.541839713221398
0.128336021433644	0.128189914467903
0.401433905694694	0.621618988250943
0.582905023368106	0.968024621798512
0.636798873700425	0.91502179586392
-0.591877931636603	0.678472481210195
-0.59257686147404	0.53225867383193
0.186942586122518	0.199754289144747
0.197458039890426	0.187108922554471
0.00442439644674926	0.0038183007695772
0.0993624315103405	0.109793331481298
0.117550414784444	0.136936741810843
0.525194633375625	0.899799837389677
0.48913239709282	0.769731475178971
0.237206015063161	0.262890155760175
0.475067957410553	0.492384097302597
0.0707079182392535	0.0718900816377274
0.105439450601049	0.0986962765664771
-0.0601457392431876	0.0643344351099015
0.346915614171236	0.434679563305598
0.297109597687148	0.359993774749003
-0.143460802718563	0.160351263878482
-0.482630432826534	0.666194224614483
0.0887195402387877	0.102343981922382
0.211836563127315	0.321243600371388
0.0456676373644162	0.0580496139652149
0.308980998078761	0.412630367234513
0.320217125080708	0.467187475000407
0.0180286245033652	0.0161193300567697
0.00994129899513215	0.0104404684310332
0.168936504501631	0.213504492639537
-0.352661495314775	0.506040604871488
-0.293360606738155	0.421208656649763
0.187330581452996	0.281235500933259
0.117499950235875	0.136870180346671
0.0434511110919556	0.0471713287791701
-0.0960338893382759	0.11749659689192
-0.195769843619235	0.269372689768541
0.455108591375896	1.02367120749501
-0.370891063181534	0.70408022859813
0.0116750534231551	0.0140908651200022
0.274556778295253	0.447994046057192
-0.0721572543605785	0.100647870018988
0.555109675873918	1.02769122492806
0.0282173815927581	0.0355565518439978
0.399782616782789	0.770225578760891
-0.0761919887493062	0.0892788316733122
-0.144659746342741	0.161850331307979
0.253757264427521	0.363781768505997
0.313007360394067	0.428213550557916
0.0182315506647582	0.0204953118013949
0.462307885725515	0.906674925185439
-0.203513724692959	0.327939722512834
0.366528499152198	0.636953820126806
0.0538965339902734	0.0700147631070489
0.117762091408627	0.148957577079389
0.0302156800989271	0.036807290162504
-0.120874915981211	0.147859666811285
-0.343392520845118	0.511941174967873
0.088069951128576	0.10150510359963
-0.112513052632918	0.143149673666381
0.183910445562484	0.247828893207407
0.332603517226219	0.561911718200808
0.0281315057200864	0.0341710004566778
0.0443070101796004	0.0534237905202718
-0.0137134108530759	0.0172357858285603
-0.195693678418145	0.297934050605605
-0.168465950579171	0.231509220608949
0.143524901290707	0.197676691459695
0.21223306784962	0.321992223359881
-0.235263800720661	0.360024201441961
-0.0116507341857337	0.0125008530896991
0.0361316850016762	0.0425917548740591
-0.281321842060944	0.432550431623403
0.112297470497477	0.157831032660265
-0.502969991505315	0.995886898407251
-0.157081165013375	0.215954346539162
-0.377806890275644	0.643025521147755
0.0041767334452866	0.00475883215656868
0.22614066538929	0.283623047060676
0.0222901062060144	0.0265704771703693
0.554599619397335	1.02597445777635
0.198868671615044	0.2848781960622
0.0380655621053655	0.0473784900913408
0.10159170547597	0.130241263374284
-0.416104576542963	0.709715246926173
-0.198578647871898	0.242772178833844
0.185309570006054	0.224767474682109
-0.261103929059901	0.360420838738459
-1.01333426947647	1.96502673590789
0.0443929661028661	0.0535322380061141
0.17315860288724	0.266346883504986
0.182868680202253	0.291637640363383
-0.206318292840603	0.206508412097398
0.173613560574246	0.200446502467897
0.00333102891592814	0.00393621742403047
-0.0555731546745007	0.0622895336563668
0.554769067769424	0.826157432885666
0.252849503816276	0.362194042699984
-0.180930132807987	0.230560719815119
0.105097248327275	0.127261332366799
0.195692765238233	0.275110944782504
-0.0368067367740664	0.0375022093816837
0.483809902486095	0.791326527916382
-0.246577555911576	0.326977365549413
-0.553897692389421	1.21749815659667
0.0339154038403094	0.0398885618134979
0.37106091704079	0.717878847006025
-0.308791320106862	0.521237774368267
0.175677389096006	0.27118009678234
-0.0328727970734158	0.0385189168065602
0.24320838518422	0.385313418590467
0.00321695446537512	0.00278156453505343
-0.200890751015228	0.223628622817492
-0.181540252683881	0.275184100058914
-0.593094364967031	1.05123177754307
-0.0336565694123085	0.0466355087121948
0.517924264064585	0.919028847326245
-0.0342861089039787	0.0385190417697958
0.377743629956728	0.846685669500241
-0.347521198294303	0.820424822332052
-0.102664481082351	0.157535891051752
0.00206740340154801	0.00260989971496042
-0.0892194808799041	0.140058073806135
-0.170540492629346	0.287884045827824
-0.0690327172941399	0.0935316876328618
-0.0550613023548646	0.0721206379533107
0.067219540065306	0.0949755957097048
0.282996046829352	0.558571930287025
-0.17059161894192	0.25073972044749
-0.273607694786639	0.471823169178387
0.108064142257091	0.158509333752194
0.125825792092642	0.162917099516286
-0.012841157046755	0.0161298299169549
-0.373710940731968	0.673026966744779
0.0493381618411487	0.0659907076499449
0.137985823667493	0.199436199545446
-0.00352083881891277	0.00426763325426071
0.0360067936852711	0.0381648826081427
-0.180424695869441	0.191103700950382
0.317464086213925	0.444607525007975
-0.142389769446643	0.19504355786115
-0.254176975116806	0.494260405947172
-0.0881464141827193	0.135014544222518
-0.0205276830243914	0.0266784163957758
0.237846884069463	0.406616913597173
-0.383522175581473	0.766754093714967
-0.0197482998002113	0.0256407079590023
0.0418966664267394	0.0633082292357314
0.137564187278252	0.198657098638506
-0.256588059418511	0.418161175444829
-0.00642608675787358	0.0078003511011373
-0.0134949293071799	0.0157936155819523
0.00299156703518898	0.00389119677104113
0.210437457372069	0.434866703130523
-0.172123207955829	0.261076558047926
0.117509913562492	0.136863732925965
-0.319977043463453	0.647118633010172
-0.12336851883179	0.156769806272498
-0.131356705744067	0.179865692132793
0.0144396001353178	0.014473061736273
0.226901910810732	0.284718468506215
-0.0308253334433768	0.0375031370281528
0.290458106315857	0.522697287763228
-0.333151749510717	0.547525221331037
0.263356936810386	0.400088711265149
0.348817923221181	0.448158839219842
0.0803984482072837	0.0840971359185698
0.30114229234381	0.48794442646894
0.07358879385519	0.101329008658616
0.0541722653845657	0.0703768684335119
0.187027827939947	0.199885559504346
0.444074323246043	0.664460355390584
0.563224678642422	1.18502942985482
0.0246526155953038	0.025406558562564
-0.0264050071535028	0.0255375638141787
0.208733733548201	0.242664267318631
-0.0257755362824035	0.0263400480203869
0.579681729889609	0.983584796931865
-0.592477329528522	1.1141103726532
0.047060235350237	0.0512610214115931
0.364384863362558	0.591479081864927
0.518152890003288	0.919114342179123
-0.45330516311029	0.74993330105621
-0.169192008045107	0.255726811321117
0.397634364989581	0.753110342265482
-0.0449293296183401	0.0586316570732905
0.528142163275714	1.10345028243853
0.282901667467098	0.485514200581851
0.0418373037762933	0.0548186842014609
-0.0978175875696346	0.133200160708066
0.243109306418953	0.277044943800416
0.139290629365036	0.159395358432126
-0.388268415623672	0.849944364982371
0.506546911865743	0.959882459848073
0.190232848264629	0.336102639930819
0.17323985182555	0.223640106520511
0.0800707255270714	0.101761101977131
0.450859564038374	1.09060276532414
0.194901307054116	0.373132107025073
0.275852628622996	0.527311058711284
0.163576908295736	0.242862369954147
0.255631600423988	0.479175602021694
0.511780850385295	1.38113524802871
-0.295456741564339	0.376522000162783
0.36550056071087	0.624400022516562
-0.222006265269123	0.389281922443851
0.0658034155401852	0.0998655055164923
-0.499871526004536	1.16196442514806
-0.0126165031408575	0.0158442263766887
-0.199643045834849	0.347838318931905
-0.0735850145745002	0.102858426294975
-0.243383951403927	0.396005921313001
-0.0466199805847346	0.0588286448543373
-0.129094207945708	0.19404119478951
0.367975206545949	0.660626837813325
-0.365271623009436	0.675690783133616
-0.38514339538803	0.573947204795389
-0.783240873990556	1.5215329290527
-0.050463002672315	0.0513341243854069
-0.0820262100752804	0.100076288531342
0.147624242766202	0.234704967696491
-0.0245650743088906	0.0338901697385558
0.481497181314816	1.07603911779159
-0.0120966739240541	0.014137355785104
-0.485523012958781	0.983544033155365
-0.444262542305914	0.874078995488154
0.425035109843048	0.956611496056012
0.401206104972705	0.829686897037194
0.027439593329955	0.0345414239641222
-0.0692444691273124	0.0938433934897866
-0.0398903423095806	0.0485504819763786
0.0847570033569681	0.115380096083522
0.142216650505992	0.209096163166332
-0.105828077961999	0.153542633317132
0.452239365803301	1.02830076361525
-0.226743826425612	0.377669363027378
0.107065144378498	0.147716180534842
0.340679790280368	0.63286897418988
0.483749344223853	1.06897292158056
0.182323815556578	0.268557799932282
-0.100805030750332	0.117977486012989
-0.207491076936688	0.305894445916163
-0.251085643522548	0.419733417651779
0.732697607452748	1.90799136800875
-0.414167620093572	0.704674388764333
0.429962998533526	0.823072181974165
0.096311568532149	0.113767604363318
-0.677859854564717	1.3555151213204
0.0497774761117181	0.0578772828663115
0.438984222994991	0.739136638699275
-0.065927807816164	0.0669962559073934
-0.0716756590414094	0.0875092511261944
-0.0888514954389004	0.0948427425996268
0.351318260459713	0.462805545411693
-0.0284354493979948	0.0258801068383749
-0.244617227715727	0.385801977244352
0.858784217192821	2.86397366124067
-0.290180732552136	0.415145994075831
0.742709207045525	1.76792183853873
0.549787676218151	0.83672072262628
-0.0494113942789856	0.0625635411480035
-0.194636810299127	0.277157066533443
-0.250448380829869	0.384114519342222
-0.101174566139276	0.118464378659448
0.159624168049759	0.232979868503483
0.554924098081931	1.02706101754425
-0.242444899571842	0.394015097385531
-0.209430869080135	0.37541864340127
-0.130315723813894	0.206487068243926
-0.101585387471314	0.118997409741904
-0.569081134941849	1.10174974660607
0.285895374703448	0.572795144737984
0.0640197267848953	0.0891377045338913
0.0616540820455338	0.0921391507527426
0.361471197858829	0.564773960116828
0.015995656610999	0.0209665513107038
-0.25225111775108	0.455836201194707
0.52442712746686	1.32881994446115
-0.0312724465287003	0.0380685358404576
0.0247569421859171	0.0321201884236807
0.174537181778589	0.289356019629838
-0.00480711005424628	0.00562139551419483
0.257844804118327	0.437933308756675
0.459353403611744	0.955172190144082
-0.321539641918666	0.65140987686344
-0.153452379178301	0.258437884039919
0.159108627046945	0.280015620156802
-0.270494438067953	0.441661213935799
0.216214517524478	0.36598740588657
-0.343780959421064	0.73034446798547
0.377303235494737	0.824880011450554
0.0100551980506291	0.0129444326885822
-0.403178321320624	0.827454328193882
0.708570103787551	1.92792291258301
0.035745269812612	0.0459778228503084
0.226204954237303	0.283726769757557
-0.331406854114793	0.475656212896002
0.215157652462012	0.29322198972966
-0.22586933135809	0.386868961769688
-0.291752339572289	0.600233609511728
0.0255098563412348	0.0342027373547292
0.0734434477773015	0.101105905780797
0.291029741185783	0.530734508117962
-0.117775332137097	0.176202430488712
0.0163326395379979	0.0190764559173616
0.100812209592829	0.12913673926103
-0.531418646994828	1.13757516251035
-0.0743641784386482	0.104052121923853
-0.438421936499978	0.924904560570996
0.37741964997725	0.815363957838915
0.284831612706867	0.569968903964654
0.152828746973748	0.24731642898287
0.0953148925677538	0.153335972582788
0.0345141736028499	0.049263840301664
0.138663617489745	0.213219802979494
0.164288980180426	0.244161188104721
-0.341339401509698	0.543633694702077
0.334073409507988	0.565241312226619
0.33715856690294	0.589918513656386
0.220459844394133	0.269752144979121
0.921158145707893	2.3475313559654
0.39933523833291	0.72373034551083
0.0862874678481711	0.123413642408286
0.481870113687674	1.077786020945
-0.802540147864252	2.22415507091919
0.0876853851331272	0.107636721389122
0.45082805896787	0.61759525200146
-0.09492899706776	0.116016608355497
0.292125635187172	0.439937008457109
0.0215316889990064	0.0232345450371258
0.112831075395864	0.118921683570084
-0.0232730690329813	0.02496916883064
0.824015240258036	1.7589384267554
-0.359252236714977	0.610218932920859
0.0813787561461382	0.0916551582459781
0.150752407643767	0.196908822403083
0.344999778452306	0.421388172689255
0.169164811588691	0.170050926250177
0.586147031406304	0.776696664031106
-0.810686728350016	1.06210455727179
-0.310572940367517	0.445331927233385
-0.0124671847120738	0.0139962676737284
-0.324253606073589	0.578991735860963
0.149558644296107	0.210213170129896
-0.164580439562922	0.209411912360828
0.0208231229270478	0.0257050106213682
0.0529663602158246	0.0687260726602659
-0.183093503404753	0.243052699827058
-0.182111386134583	0.276256384439432
-0.523331246691863	1.03716008619362
0.0614711206202293	0.0701509147625005
0.0692852785382983	0.0703676733909119
0.231239234280519	0.341382589742345
0.646201040121232	1.38300832704465
0.253757264427521	0.363781768505997
-0.239041164169946	0.354519589348946
0.254414873408423	0.425057304875437
0.0427762896785573	0.0561249482906384
-0.814899116522443	2.17304367488204
0.124645066680862	0.182027773351992
0.11529178388556	0.154239573191832
0.144801084632556	0.185111766792433
0.0786372307181429	0.0997879481006678
-0.074180450375366	0.0792866642909743
-0.0341713858637956	0.036602789449202
0.167460664419494	0.211358126833352
0.256277713173787	0.374471559947453
0.332747065231366	0.553695113139128
-0.116224481692493	0.153432056662882
-0.157436681883016	0.230571451917646
0.0349529366555001	0.0449127497596811
-0.683356569294482	1.66341409945542
0.718955820754842	1.34137576870125
-0.555761747314671	1.25042363092873
0.529320996962115	1.08903968380512
-0.377134218922942	0.641463194775828
0.197701672360738	0.251664459000585
-0.0812451981914062	0.0909958095038317
-0.59510441977554	1.1861856086615
0.138880361918	0.187615939058496
-0.230048108235649	0.305503689393857
-0.846592031790447	2.07837913768771
0.820303037570773	2.16959783055559
-0.472271364972576	0.75607330340131
0.20986258527513	0.279808405314817
-0.0129693706427174	0.0132658651123768
0.095284376032819	0.119630309843266
-0.367092712189584	0.642682827945631
-0.512863107657174	1.12018742141304
0.296262245357738	0.55722670442933
0.162909401375736	0.222081878144663
0.131713740313453	0.160925656262838
-0.342701225906875	0.473597274144692
-0.143261510063761	0.160075001422715
0.12612532267716	0.163373764413423
-0.800601171195584	1.87521951745338
0.177790539252441	0.234307964287612
0.0707886146035132	0.0775800947145667
0.090291079071706	0.10431248927757
0.349643663250702	0.449505350751883
0.273117155310659	0.438473684766451
0.158075059146853	0.211240934104696
0.00682018823249442	0.00747231965511004
-0.167620279835114	0.222149659982175
0.0198237982028104	0.0244438361165922
0.0924753987463584	0.128661482744147
-0.536706276442863	0.949410871690563
0.0363790691858682	0.0385701541040229
-0.180720975549076	0.220920387571777
-0.0655512991497405	0.0665905652847993
-0.441864790171836	0.585691683831412
0.456195238948227	0.580742454467731
0.0727421689734551	0.0853088345459192
0.27235569134877	0.436985195623991
0.588214507056827	1.48052040551246
-0.07890765874701	0.100210685844952
0.110121241656785	0.144469397451321
0.402712954398406	0.844578788819763
0.203058319670273	0.296481793301609
-0.0841874779473439	0.11078315115307
-0.15896274813267	0.246820702670159
-0.357790412884412	0.643531703235548
0.074028332495761	0.0921781029677791
0.2608365154302	0.388907128164992
0.00742333706532166	0.00813524791732704
0.710200742408521	1.49174422222479
-0.194974031131027	0.287312181986196
-0.167289748435063	0.229546040754647
-0.141040119771648	0.218725969546345
-0.390336871772524	0.703772865603725
0.201499770474574	0.319498390250987
0.110128193296808	0.161995830710655
-0.779818103623327	1.73387698618087
0.272320954185185	0.436857806901
0.027183783342822	0.031295047229134
-0.274417092574528	0.39350141855081
-0.391225962372839	0.762414188483425
0.139350910160339	0.201671947632782
0.0648398054223157	0.0742511190519357
0.373259765896429	0.74359025128346
0.0546202150175581	0.0710097939100374
-0.365193380515226	0.675371862613239
-0.12298905304791	0.173776837593954
-0.102059716581523	0.143554309728144
0.257681387942284	0.489840703051094
-0.0614866278970288	0.0750759112572986
0.192615137945435	0.294722463686863
-0.299296140022397	0.534034525038979
-0.593464655111244	1.08469575468914
-0.135700441508126	0.172317176616576
-0.326351328719665	0.552908237032917
0.198832260643269	0.284855533594388
0.0724869184009486	0.0950214459759894
0.39900870644173	0.722774151911075
-0.145959400486512	0.21328403220138
0.634588981980064	1.39585564496823
-0.155457266044639	0.213363172780922
0.438152802533847	0.737239043527481
-0.572280767051564	1.20006629063555
0.313647138545817	0.561416731027371
-0.169238720930601	0.240657056002359
-0.15597568965428	0.221180745469475
0.154248048840939	0.220862954347418
0.148724812741717	0.25044515937634
-0.0887788090116029	0.104011035262422
0.505370262728228	0.95673463901219
-0.390754829127266	0.704858527759964
-0.227455723729044	0.367828653951179
0.006651392768211	0.00728739182027805
0.0511130450793321	0.0629410116496066
0.138988781466879	0.173861896154339
-0.432891596666661	0.717026961130089
0.304952892622918	0.511229480121282
0.145607651367555	0.186227987392138
-0.353350320373604	0.507468493024052
-0.0475939437600808	0.05099107272612
-0.297499516657405	0.457881537825794
0.223603966586786	0.357661916279956
-0.194775770140225	0.277414003141415
-0.196587281588768	0.250398430649633
-1.17098632751379	2.60505671627741
-0.256808471099387	0.36783799465071
0.500813445068664	0.977809432021858
-0.0334458596605049	0.0392073921256906
0.182769199789616	0.245936556320775
-0.148291141350586	0.181195228168622
0.298044751335601	0.473887035997149
-0.180274927974143	0.280883152728292
-0.310879128833239	0.525930244264726
-0.0832041541439811	0.0933715378927572
-0.0125614038815893	0.0114649985970946
-0.157563999759734	0.230784027360276
-0.280198562839177	0.430403438592729
-0.453629497492848	0.846949842307701
0.0654431805331591	0.084037989877843
-0.0261434222071228	0.0350444191175617
0.0264248628343972	0.034358221349331
-0.122434411415811	0.193948048333155
-0.105040608906112	0.138540829224645
0.130332121883469	0.205472374378092
-0.0828439923927713	0.108862537979624
0.436377961236064	0.773815902295124
-0.120381512986918	0.164673435879642
-0.596746843857557	1.34825976842194
-0.0986539288907291	0.146933568716413
-0.098115447342676	0.133645245012397
0.250654781034875	0.411506202355891
-0.06301736488363	0.0825436418957692
0.248053577837472	0.450107951619175
0.551706700906408	1.40732289195765
0.130706703753117	0.172596236961687
-0.275499991737778	0.514617810199568
-0.183363561611267	0.29502095127616
0.139110047214671	0.22658454391415
0.0152881988237797	0.0171390472382344
0.198627477141662	0.253060595081365
-0.52907200955168	0.848824990062863
-0.297363865811907	0.529672702800077
-0.415255848155432	0.834544424918711
0.192285688561455	0.344167743072596
-0.00139245548745873	0.00149888696728394
-0.547503142526326	1.11606234362473
0.0230157966363144	0.0274568314607518
0.207948920074057	0.309610627596625
-0.253174718018991	0.375520448759076
0.145479817088328	0.200719122751382
-0.125590977211316	0.183022421377711
-0.13152593024776	0.180146083776348
0.203492560654122	0.297275936908566
-0.0226399025685236	0.0264888907736722
0.530834596404069	1.2818151829381
0.331521567386888	0.703092328885965
-0.0604819970050574	0.0737522766596498
0.0424736215444303	0.0556954150481353
-0.221395112682546	0.338225895318401
-0.138098831114698	0.207731529513418
-0.340669211500228	0.610577855788034
0.285802908425764	0.498642471261213
-0.385398022934991	0.676247630378487
-0.0128171065658102	0.0155579519883686
-0.178930803402012	0.218258513718846
0.458314126551429	0.965941533359542
0.615650076289608	1.72708374500176
0.400072693585405	0.815432052269465
0.00377152029664258	0.00445581434990559
-0.420500850392687	0.803048551984328
0.011982515672097	0.0119947347155458
-0.34405554132283	0.475926746734046
0.209628880295585	0.279482128777395
-0.158849148321641	0.226022337000446
0.15095337664467	0.197237539003432
-0.265405887361958	0.407380194648807
-0.0953277000239685	0.125738425588498
0.359696212367876	0.550763380543111
-0.147790583080503	0.180496750019449
-0.0122462614462765	0.011865061366985
0.240317021327482	0.322905704065576
-0.126989380305445	0.167573748879429
0.212027738846761	0.321548174837095
-0.220056207531051	0.335627391167832
0.0793207465729602	0.106104950388796
-0.14714019041834	0.179541987971426
-0.296568067303417	0.455994461141632
-0.0369578408627615	0.0482044894848737
-0.121795466384643	0.171769815138275
-0.284627874642439	0.465351508295367
-0.232817450841576	0.36731057985417
0.119995867248842	0.163523436367715
-0.459362331229115	0.785333056498449
-0.155233008863363	0.213001546230935
-0.272904059535719	0.470163540817929
0.0861478394258802	0.105556995015757
0.452239365803301	1.02830076361525
0.121894793489286	0.166469404152038
-0.333559339776644	0.613502643925488
0.119335798804543	0.15122293311699
0.0494366121521095	0.0607507168111579
0.310943448332984	0.547479123165584
-0.094885131640582	0.12509793138146
-0.326936933271248	0.554169385367051
-0.571775873523975	1.25594200587731
0.0365378546259204	0.0470363407930535
0.396781729754584	0.728158242649757
0.329469166941744	0.529087444331814
0.0159588628266684	0.0179035554759489
-0.441507927750672	0.682830895536727
0.138754466690703	0.200658743412959
0.117514942605882	0.168189074081378
0.285328501271542	0.571328249084367
-0.803059225703607	2.05770024426435
-0.0322166319872471	0.0377220574700314
0.0207472508726809	0.0256087241122764
-0.278559624283211	0.507144099716869
0.151992388933281	0.198805055982958
-0.181404670024862	0.266606246302663
0.0792523091346656	0.0950063538526348
-0.00382703790985013	0.00447560642754091
0.310510619269989	0.546450968014104
-0.332837922400819	0.579665043967005
0.130548460113486	0.205885347705396
-0.0124408838301197	0.0161324853000985
0.166189699209572	0.266619928524364
0.0488751461961974	0.0653101452081939
-0.415336669044389	0.834722562589553
0.198164594603103	0.252370413152868
0.24495156648735	0.388869446912686
0.399620041275812	0.781010551511874
0.132874440458773	0.175877651678017
0.371019442159331	0.736575351049466
-0.109748095957943	0.149917936764152
0.097439982169792	0.131272391776176
0.427408241871694	0.878650250431022
0.503165379349013	0.967736878567278
0.595243401476995	1.30006897413619
-0.144783089519245	0.205170854569205
-0.369949927549739	0.61015527970912
-0.0113254902099377	0.0121504336318764
0.179035436683422	0.236267419117284
-0.227746278942128	0.368501704008863
-1.03575359921799	2.96278468087796
-0.40937729074322	0.676189089097392
0.363377144626812	0.589301875232051
0.160868996590212	0.198336816456554
0.439289702993343	0.725677204186903
-1.03769249226326	1.9511460399644
0.172319022363146	0.222216261804971
0.400646217446424	0.620068862596466
0.0966473196362722	0.130040576497836
-0.284237756399689	0.464242575687011
-0.635559758371368	1.57135904908112
-0.473515762128279	1.00525157820408
0.398639127059951	0.756009732215342
-0.197508363927763	0.251822215030553
-0.349770823858569	0.645635475199026
-0.724600218971875	1.80039179884786
-0.194900220152961	0.296474060303736
-0.425767755265659	0.835195490219816
0.159279097167791	0.247653605261851
-0.145278692770137	0.206002207806704
-0.0618029029524331	0.0837536739528114
0.0255508019879889	0.0331884171309243
-0.0336168357868618	0.0377466995386684
0.211559563642946	0.320732287650735
-0.368517075746379	0.606854034554543
0.189425631951492	0.260722889279969
0.219888670870839	0.345656092723213
0.398421863650936	0.755410986815197
-0.367025587675303	0.730715890429428
0.309655963624861	0.544336344045954
0.257764237221754	0.437908159558763
0.33814765417653	0.600987131366015
0.273830708177061	0.446444269645919
0.0502644917514049	0.0673083875250928
-0.314123742306153	0.620251440216471
0.892129167595999	2.60012361379236
0.125759585591473	0.174755347255328
-0.567417375360129	1.03722304701089
0.363160444311468	0.598811231146849
-0.350319577089334	0.612283680844601
-0.334334212592706	0.550126573862619
0.487944167585748	1.05183288565098
0.893278494726264	2.60575611094704
-0.539560051233324	1.31859991235309
0.130604092757342	0.172430436637116
0.0036204403749046	0.00427790717109137
-0.0580704711042071	0.0735530568186939
0.255543292758042	0.432868435258977
-0.573274062616033	1.26137782906526
-0.461806076773487	0.90956084937875
-0.1180383574314	0.176790110805056
0.267417345589337	0.41411599285216
-0.0325278705188431	0.0381025326876695
0.499413554412772	0.97384495330899
-0.541894014470632	1.01774911297487
0.399828363286335	0.736381447250943
0.453834635781994	1.01983626201942
0.188755691088601	0.259629237104425
-0.367205239946522	0.642936034411098
0.1825894365239	0.291084876793309
-0.34936203818179	0.574085183156155
0.0680301551185527	0.0919852180897221
0.187606232168595	0.281692987034672
-0.545541033460097	1.0828618318385
-0.0211969294820445	0.0257466692644522
0.148852278623486	0.236941013651969
-0.33261843135292	0.512682394157813
0.196866606312438	0.250358971322533
0.0851615465588734	0.110291240590936
0.00511815856301571	0.00604865541276517
0.364639453786539	0.60227283674962
0.26299544968791	0.332476682973155
0.276528621882517	0.458473423759978
0.0330892777052692	0.03060916937627
0.00183040126680368	0.00159316130737601
0.728062902205943	0.869988096715897
-0.673712319208061	1.00302054882573
0.352425656303047	0.475150663664285
-0.378703963422108	0.644999667029594
0.211144212797766	0.319931178584463
-0.864400061109813	1.67991239259644
0.220232756579008	0.269415444401099
0.316910933688276	0.443580040628663
-0.10686926693544	0.130571276814706
-0.560205595414058	0.929139031956467
0.637132114890498	1.40479443874689
-0.113445302802569	0.160151803699693
-0.0294424147401917	0.0383729506304465
-0.251485631456247	0.466979514694476
0.289161974482134	0.426926428099896
-0.557021050952634	0.862009318209101
-0.0408386755761918	0.0393994344577641
0.331698513979806	0.542630333848595
-0.290237495504147	0.460499036512253
0.251536329110627	0.359788178688107
0.768683340424454	1.75950137165493
0.580592802133795	1.33652340207444
0.116632613371873	0.184880117756589
-0.00513730520387155	0.0062313960287441
-0.278232131722124	0.54539118642189
-0.171533120161792	0.282499657647425
-0.10432044282169	0.151085425033038
-0.750358148907142	1.66936210504112
-0.816867897085105	2.00509187274921
-0.521709124848702	1.00731678110798
-0.356114879003492	0.472801644225508
-0.286523760955911	0.425794589558061
-0.322498258155716	0.480013447539342
-0.137836208163307	0.175542219372257
0.120554002708702	0.183689184320676
0.112278554046377	0.139118098606511
0.230801067581801	0.296253713309831
0.591706830284093	1.31033359411122
-0.111311219796668	0.124684504232436
-0.082320397134248	0.0923147677443707
0.130741031506286	0.145679124641893
-0.0818103304145244	0.0829853014844206
0.204426520696861	0.29882751091043
0.287444447862572	0.509032224030487
-0.265524036903919	0.481812142230839
0.10904438382329	0.167626222666269
0.0540483457339633	0.0702215378922207
0.0557794895606148	0.0760242166567057
0.083913631487745	0.108478782184896
-0.0471845740135237	0.0595886201773589
0.0263736822397738	0.0342785080188884
-0.0825002910240847	0.0925346997322006
0.114618448863141	0.153222311423428
0.0901528203390235	0.0969659331543547
-0.0881724282013641	0.0940398643650282
0.166484714821725	0.209930850489112
0.491701142390787	1.01653939374745
-0.108779858917624	0.133168480814934
-0.206282299044077	0.313840220104865
-0.0357948215135862	0.0384058917982795
-0.546380662120079	1.08547031440466
0.434902275306385	0.770295521830364
-0.0541530121566969	0.0635191936590454
-0.0135268227992575	0.0164314798632422
0.167251361861266	0.232429865849114
-0.21029395594176	0.300389139304886
-0.110955028394586	0.124238066716894
-0.290051673779557	0.502924052285062
-0.128005070948998	0.169080194630201
0.317830645887423	0.594514026160858
-0.0512447745307706	0.0598893067825626
-0.319275497255686	0.556101299642544
-0.119534050398868	0.16336418933362
-0.42967210505276	0.946158097552517
0.0464537068090235	0.0591058730666628
0.400109597158033	0.793532283302057
0.315419001091223	0.573272821163642
-0.00522085133888106	0.00633318260216722
-0.213164900669204	0.363528627207295
0.363380106467944	0.579009036792677
-0.13756243305233	0.138733489976493
-0.158570659047339	0.232574714975767
-0.135090785507477	0.165324833770957
0.06301420419101	0.087636680821739
0.282267388137075	0.484055346492855
-0.181685400392717	0.27546895868404
-0.358845755310716	0.646044491911353
-0.252583622764227	0.423017425921144
-0.249147442101099	0.428332986026437
-0.631201021343646	1.6563768729712
-0.212854046893116	0.282489046328802
-0.00335527589388605	0.00420673300789216
-0.062757352995903	0.0733702893979936
0.56426511239887	1.010248134737
0.331428801586261	0.550689765097253
0.521536128024812	1.11862477315918
-0.0216169913316037	0.0252770028366868
0.430260493875602	0.862022081565255
-0.236568071544134	0.405575082048892
0.179652072638161	0.303119716737824
-0.0532798263877234	0.0696242845280239
0.378827912836048	0.890441903977498
0.276306845977843	0.458099845093562
-0.153982797849845	0.265863550749714
-0.148182527542733	0.279115768120979
-0.351365537117857	0.731323932581526
-0.0621884908348835	0.0942544994837173
0.0472675803690121	0.0548197539997848
0.35875911253795	0.517821978416451
0.134651964440947	0.215744600771646
-0.18192042816862	0.316419607282086
-0.0975359684772324	0.132767330638051
-0.21806722883493	0.353272320545563
-0.0665096054946935	0.0983794985090718
0.223180617409261	0.356686763198101
0.372532980760305	0.731660136384856
-0.0879278372212427	0.111523899271088
0.65587117689788	1.53554095176461
0.3733237507964	0.753611697426414
-0.0207536595360781	0.0269776104538374
-0.171900943576764	0.260685046858341
0.127595490024078	0.165478336921565
0.398206355913346	0.540649490080587
-0.104496164038199	0.111376799882291
-0.401270042766125	0.509682486768827
0.195303925637442	0.214874571219081
0.400868302393795	0.632727210876997
0.192459821456145	0.239403255792768
-0.665732130837904	1.51212156921638
0.228163901625924	0.371589822814858
0.625622418322616	1.41510967770454
-0.0734084141983605	0.0704421061034382
0.508808710290801	1.1774763507918
-0.530189858185953	1.10834972537639
-0.181588023962964	0.240718248997309
0.261786193192362	0.397040319224818
0.530814590020471	1.09347687632476
0.0395757344231086	0.0493412860780864
0.0943168163689785	0.118293011231439
-0.779436571209434	2.15928947346548
0.188402557177973	0.28319038244011
-0.12987301765235	0.200615856710659
-0.285209586262335	0.532311705093028
-0.552053984854983	1.23798879361282
-0.358071156959099	0.644248390249868
-0.234061752247384	0.357662546997315
0.309796547478901	0.544735525491215
-0.481311851221097	0.822250302280299
0.145638909380202	0.17068015127232
0.351246211850267	0.462682700087582
0.371548993568875	0.689185365975646
0.26322330585982	0.39984143179799
0.399284325368905	0.757776736108686
0.0844354778469779	0.109244891773926
-0.447734110745437	0.811613820611139
0.0951271520586011	0.14680315784322
-0.340105669038378	0.67466864357402
0.0572213698640225	0.0781442769695554
-0.0185317529675998	0.0240215649293998
-0.268694339741612	0.398636850883115
0.136840609204018	0.197484055994008
-0.434437561413017	0.551600132230963
0.277963032286081	0.301144225298836
-0.296582705746326	0.378227674543885
0.161017085917354	0.198514898722834
-0.444609547190666	0.874873957871918
-0.158570659047339	0.232574714975767
0.0240394466065147	0.0247656589241724
0.399049553469449	0.779477326212199
0.187750543350387	0.281972987572035
0.0113856549419411	0.0137372038926356
0.0868697975629428	0.112742475685879
-0.120182234180928	0.164370381393868
0.0991341827423363	0.140636302840372
-0.056070404294294	0.0849220452974079
0.0602078828688876	0.0797227814934777
-0.421586394163418	0.806372494133143
0.0899415951213958	0.096701244282438
-0.105393476817721	0.112435662040411
-0.556484934855659	1.30744503502677
0.260501609695342	0.502526503341681
-0.060951328599836	0.0743772230323496
0.371731782132112	0.709930296687872
0.29322209220478	0.536068841820545
-0.391741680321849	0.764172646614491
-0.0572692289442976	0.0798264464954602
-0.106564917180263	0.130143718975407
0.0100318721101965	0.0105359703554577
0.0659642445742592	0.0847220181130434
-0.455636555001599	0.964455377234601
0.234274105298894	0.352200923609948
0.28491731304929	0.411803325122092
-0.272406584544907	0.301715886354228
0.398853220258903	0.503784906490525
0.0638267839971188	0.0729982460826719
-0.33153166179699	0.440318549669671
-0.423496798148596	0.677083050991253
0.265675103264443	0.472894622098784
-0.195726721458122	0.279107587895058
0.0718133990880501	0.0892279566312823
-0.34537407680291	0.70150908683632
0.129232620342529	0.192008659955729
-0.686876990118375	1.25730303481041
-0.341333029377844	0.578460778866502
-0.384811568681983	0.674846734970551
0.283054921903349	0.485830345505741
-0.242241926933853	0.393652822117121
-0.0311261178394209	0.0363969524410947
0.0102741341517492	0.012811090648872
0.289717614688672	0.520886451113387
-0.281571290390438	0.474452982416527
-0.0659448887258038	0.0921297471052703
0.0425407135125457	0.060140310429266
-0.179646498663174	0.303621820423072
-0.240090120766001	0.444671022942088
0.0668006027225225	0.090196820657675
-0.0866821642313022	0.125156005261134
0.127698660851843	0.17783079721744
-0.0835250072193183	0.102081815501924
-0.116796186134095	0.117937205271453
-0.0236593822602448	0.0241351010433512
0.666697781880354	1.52065397469296
-0.0716938212709407	0.0875188836285504
0.427526154101592	0.903526496583326
-0.313555639882254	0.589832404830196
-0.560609344829171	1.48864409592882
0.2294562443633	0.338104091263575
-0.0743412132487572	0.0794694656703647
-0.0581460692540679	0.0736503099452822
-0.0668416535383813	0.0845997574950338
-0.00320889163606133	0.00389188213290184
0.304814539359269	0.510937898924285
-0.317640767760487	0.581737190170151
-0.179748631594331	0.200251436443036
-0.344701560951983	0.438718100126893
0.0920158502075205	0.0913411862663608
-0.0501852992879384	0.0611557670519918
-0.205981412353963	0.323230159816402
-0.150583301582239	0.191639728547865
0.213258623402159	0.355573096894257
0.268900656009473	0.486337836435609
0.257218261704722	0.376144631262585
-0.229893548185133	0.373028165103038
0.0346618422865275	0.0460275393456864
0.294361082950407	0.54572780911836
0.219464715547333	0.409760343370825
-0.27036182195103	0.478822850927859
-0.107138675146302	0.130933534231844
0.33129065827764	0.550355142456215
0.264136342631008	0.523318599388152
-0.574386373284839	1.37939361661072
-0.0145333090300439	0.0176705393823001
0.660047789174397	1.524221260837
0.367248802793229	0.668584128226129
0.802570788361818	2.17072144823657
-0.229147550736605	0.423157576993359
0.472965888488751	0.845315847050702
0.364384863362558	0.591479081864927
-0.0290275708817377	0.0365517955024006
0.346511068088807	0.682904707611721
0.166999039304654	0.210662095532482
-0.068498921646274	0.0768023616614412
-0.0356144241236025	0.038203292755553
-0.291845187183114	0.418469013465289
-0.0825903845293342	0.0926405782057285
-0.18173480366732	0.222346692723641
-0.0960688508061438	0.107643018947469
-0.278621295135493	0.206556098928513
0.0753304047049347	0.0583770622624133
0.703932861705556	0.707578493277966
0.749913361611899	0.869300378711871
-0.0136999601434939	0.0117056004868477
0.0868146393177395	0.124210992435462
-0.0670806599894993	0.0938376472142135
0.0751050241126316	0.108346306214611
0.322820323302259	0.320240429522109
-0.331880930730927	0.366743957020511
0.107429641043292	0.148284755809308
0.102917590296241	0.14835575283231
0.3705191034106	0.706642343793515
0.0303190712821895	0.0369374022394197
0.131557447484609	0.173896348830283
-0.273506369470459	0.391812648673748
-0.130336946675606	0.152592448380094
0.615739167975006	1.27260329105861
0.357207920960982	0.514986621872984
0.292511021871305	0.345021683039683
0.339839081028841	0.613730028120598
0.371925899888932	0.720351772586272
0.0213336581942165	0.0263451031838903
0.543067933157539	1.25377908999841
0.105920746234543	0.145960263430557
0.197851253929267	0.308440642411066
-0.250225262066018	0.417779007833458
-0.343532454679885	0.512187827870118
0.146852387714478	0.17239372405567
0.370575078912909	0.696989757321775
0.245557620858162	0.390124316616461
-0.593775585370004	1.21372357910763
-0.24947238129474	0.429069323194331
0.301492968023351	0.496132538127387
0.189057218783203	0.260117443955052
0.695390351827828	1.50452423915815
0.137945082481388	0.186234601213062
-0.25624086145996	0.366799441270482
0.205232677872887	0.304460683977989
0.240004723091055	0.373616165850561
0.368603569092415	0.682067601083923
-0.318381171902254	0.61305016319303
0.2269437247348	0.328502493175871
0.190965644050832	0.291630178640645
0.233110046668014	0.391458011365899
-0.362463233789182	0.57891291916032
0.070861187919028	0.0879426536612163
0.0777431002027493	0.0930069468105226
0.124689158656513	0.16125590910346
0.535996807706793	1.0715651668639
-0.286864617841037	0.536587507660412
-0.00418970059560822	0.00489974938956719
0.139468867246681	0.159638702450738
0.609763225549168	1.277729003998
0.696740364900879	1.1998665448239
-0.0975958770904254	0.132843118284535
-0.10673456363379	0.130386867805444
-0.0257913662598597	0.026361684872446
-0.334129213450937	0.614912185010675
-0.433955011949135	0.808629702459185
0.0503341869239877	0.0619212213504554
0.0506487780728612	0.0678396853812977
0.196711908284436	0.306332282543757
-0.124139502993527	0.157914919255452
-0.15708725342105	0.229907557162743
0.178914542925939	0.259017192014377
0.146111742432344	0.187036838789542
0.119995867248842	0.163523436367715
0.56652063603952	1.17451962447239
0.0257154072618733	0.0295648869062917
0.399284325368905	0.757776736108686
0.0218418541719869	0.0260224614639902
-0.217340995490931	0.351775898530476
-0.0449847097651177	0.060747398665202
0.0791760814347914	0.105892485184567
-0.467150766613844	0.825280643117061
0.365940667381184	0.625533177821825
-0.220111174642354	0.335687318043827
-0.0869575619365211	0.125611049666658
0.152686923837466	0.247031261882904
0.264860928676818	0.409045987550354
0.00628262997740708	0.00688246525762842
0.620140821093173	1.09937923697406
0.448801948238329	0.629029484604463
-0.35560877145978	0.329164829810967
-0.0127654948831965	0.0116505158818389
-0.180556095419222	0.181060829509768
0.457381166275196	0.582519864885549
0.329333019398832	0.528825807734903
0.0140533494990436	0.019510893625634
-0.27098129055271	0.480439077885334
-0.357121397399853	0.641649032078015
-0.0820897366246176	0.0920333224791113
0.0399711362965101	0.0403243483238951
0.525896009970842	0.657239538658742
0.395488340741759	0.421544700728746
0.0466514189102307	0.044592660625307
-0.028098327524688	0.0353362135549725
-0.0570752393902229	0.0795290531061844
0.435329185181877	0.78462356801719
0.238137132433501	0.407266426522487
0.347288192355174	0.667096709008615
-0.341864159749067	0.579688253169739
0.256176703643137	0.374288027798207
-0.333940162384475	0.549364359705753
-0.322489849683189	0.479980009334182
-0.0328784685617817	0.0368862590963319
0.369006203805667	0.702566468941414
0.296897701998127	0.565689945968954
0.179437623051026	0.302680109977297
-0.0910556081865131	0.135536369235444
-0.145286386027849	0.20600679733382
0.144858744130488	0.199685397809005
-0.423032912158216	0.744369141860717
-0.228188208212497	0.380718298782166
-0.391051465258043	0.762000627145588
0.557471619836201	1.39197182521554
0.0262385755206295	0.0341001285391404
-0.105851019331831	0.139738032090892
0.198305319559237	0.252584573789515
-0.595362351329646	1.28175743807093
-0.217139039288709	0.351421378891386
0.310725158103074	0.546949320381272
-0.311297639436794	0.555753826024527
-0.0135118385759489	0.0175423284058591
0.102137676592643	0.153912734158948
0.234372174850332	0.394089749725323
0.0815124418814274	0.114614077062477
0.367483691314109	0.669145374450697
0.0301803633117992	0.0367609447615036
0.320121346409315	0.607962795472596
0.095560259213588	0.147537662047918
0.194091128262704	0.324872441564669
-0.0191650075285723	0.0248634647989833
-0.357800444101706	0.606736037779573
-0.0386324475443503	0.0487635750822561
0.318711301933092	0.604342885767046
0.340627353222291	0.615624271818208
0.133744743086788	0.20211540533896
0.148162750109401	0.235730321643352
-0.180946508134485	0.290273288573156
-0.00660949806661727	0.00829813399230757
0.208363971210469	0.310401469426795
-0.155087343770821	0.20561157190603
-0.00115749589325217	0.00124771178820559
-0.243595673258732	0.336114265797449
0.586307964107263	1.14850190088371
0.211230362125998	0.320078353842327
-0.021624433973159	0.0262795845479871
0.0261196050797868	0.033951198664043
0.149328318744619	0.237926870462561
0.159414939810544	0.232597778866018
-0.207494123559696	0.316160083606132
-0.0695357597684381	0.094272766041403
-0.42406965349882	0.746865193458752
-0.554340033368005	1.2985102761783
0.267973700510743	0.484116404626318
-0.307229142583752	0.488594220808983
-0.292138337106055	0.464433071937544
-0.498618848345232	0.798188991758989
0.229421410813427	0.24674332701323
-0.908188365286196	0.961612927129647
0.13661787687253	0.124255637952751
-0.213876035722566	0.188588824222948
0.395318637994029	0.43445269024932
-0.0234541616938282	0.0263508227581299
-0.535032939581317	1.19991665082673
-0.115850045450381	0.168510563819721
0.0963304381650345	0.148956487264882
-0.247467254634336	0.274704852353309
-0.155554520362803	0.147539347120239
-0.295119133923204	0.292665029678278
0.23571232323844	0.20827609408742
0.727861369708651	0.869575134452339
0.252718241160167	0.303423557043843
-0.385338187280013	0.574343971565659
-0.479440345235371	0.923041184623025
-0.0211614348959426	0.0275220829585181
-0.205361161993792	0.312026585246634
0.50603833466033	0.958413589099663
0.161785172560457	0.220298800853322
-0.0116825684951037	0.0106592114124215
0.0975045955646933	0.131365024294578
-0.333554606768117	0.514567417660842
0.152260756190057	0.199209549423731
-0.220586490551193	0.336680508652546
0.0991484471004722	0.133863593877901
0.0653682824540143	0.0839242721294549
0.298157482729536	0.481427417656785
0.168930033782275	0.213429634373049
0.750269641320753	1.76170943929902
0.251512424729167	0.413296033942084
0.371423185009437	0.719002818857833
-0.0721606086747314	0.094590625304366
-0.0684857283309864	0.0868848294967534
0.152374114559607	0.23216817714276
-0.536337445385716	0.94837544482477
-0.219583684228777	0.334704119313295
-0.1321967508297	0.186672371324963
-0.18203686353741	0.267688214904288
-0.228809360755306	0.370713125352049
-0.570914309885184	1.19540857488963
-0.434763636132465	0.810796977901585
-0.0660280902241349	0.0867719098255814
-0.0425450486076362	0.0498421294274466
-0.0722645169890153	0.0882885243485207
-0.100912245917955	0.128352938455977
-0.170283651728471	0.265173027901252
-0.20312237496201	0.33666386505761
0.199211440108937	0.285453315374691
-0.142860261587486	0.195761201448383
0.0923926419162831	0.115584141348127
-0.294845114367069	0.497290332937361
-0.237137782069847	0.351010655010155
0.466591571979518	0.889449745326355
-0.554980134743505	1.24808582864295
-0.143061418514901	0.196130262401494
0.170540322339701	0.258502325708265
-0.256177329400911	0.366610178861064
-0.144598071016925	0.198565722456698
0.00477026028469676	0.00563561878803383
-0.517667944973549	0.970419684786256
0.131622358505441	0.160791524641388
-0.0729921816005203	0.0892460337705977
-0.0334277327078032	0.0391949191173551
0.0460261328457212	0.0585322867100932
0.844293876212963	2.58021216459938
-0.207635535767596	0.305979657665251
-0.024814109901405	0.0291090340008533
-0.202853240118811	0.21443223239013
0.0455383275485722	0.0434886725418748
0.447770571635943	0.642132135721209
-0.258834989325655	0.316136150586322
-0.239958862757259	0.279338438961772
0.273571874744816	0.445842639343123
-0.672894585789149	1.41998773630251
0.137858453029182	0.186101864347224
0.103992935045557	0.179058803540197
-0.333757940428816	0.581728960991038
0.260634615778594	0.449910767982165
0.0860177196471501	0.117368566515915
-0.181227940399648	0.315013712141703
0.825241663366294	1.46935869143705
-0.123065837929704	0.173903601553826
-0.0610643198665595	0.0653898347153889
-0.440555211956583	0.680397994095111
-0.446153016933387	0.712803176875274
-0.150818127681526	0.234332785085608
-0.150696017710434	0.240353340620823
-0.163678332145079	0.191662395939531
-0.14247697877881	0.188809888486566
-0.332765423815123	0.546732540798792
0.262220857806917	0.397891175348657
-0.100402036654932	0.137101437685129
0.515132637672435	1.37792358806205
-0.572782758356273	1.20155404868902
-0.0638785937712371	0.0837641775526511
0.296679464471897	0.463788025796628
0.165902416987607	0.281949343448743
-0.26675079861167	0.5572397171994
0.334443562417418	0.583169007032576
-0.728307473319807	1.81688644149879
0.308089027390888	0.533299872232053
0.0916904385323598	0.127441194997093
-0.391925318647529	0.707851782914524
0.164005248323821	0.243646135392138
0.106955468739914	0.139836783218431
0.0870493738516753	0.106777801769882
0.130845194794668	0.172805414575615
0.0502157050156995	0.061771036408951
-0.426416241374489	0.836934081169952
-0.362229526106311	0.578463496430113
0.298762630694616	0.570536492886976
0.1534012074232	0.248419023260902
-0.0191148442712903	0.0247969995476644
-0.00037828887970773	0.000512694867200594
-0.0648958037041833	0.103701957118599
0.211361401093428	0.408299491357861
-0.0647759600697206	0.0903281054811939
-0.138238807194983	0.213584474318286
0.0963990080028148	0.142708643476906
-0.13727409300284	0.206320945584765
-0.0733894792928307	0.102555455485339
-0.243112561127708	0.395383394640868
0.0796727242413009	0.106617077138593
0.462082823728111	0.920717052559816
0.037245591524198	0.0479865683931106
-0.0418206930426156	0.0510125256098627
-0.307314431432299	0.488755467493255
-0.292074504573762	0.418897909387202
0.130883490731246	0.159759085398301
-0.367371159460924	0.64328091364687
-0.188320271282632	0.34361361258168
0.0661916145144413	0.0964878044361212
-0.0415827535105544	0.0577599778529207
0.0438385908564344	0.0528327493482201
0.194658439625522	0.273520498927855
-0.0827603383458168	0.108724585239529
0.00596045261715729	0.00679319680919405
0.282411869280264	0.484349504704329
0.208339797408086	0.277343742122556
0.154073548818783	0.220527208103705
0.137581526225352	0.18566570058626
0.899492617553504	1.18381616954718
0.166897199520141	0.210507961758665
0.219697346016206	0.268600848285425
0.447704658392313	0.642108358144146
0.0988928188513591	0.109192577090401
0.148380978067421	0.249749170358233
0.085101184441808	0.115973565033126
0.0754256382738087	0.108857462842824
0.138155260920201	0.172591653003467
0.0905254674347092	0.0974027766410963
-0.218467029173706	0.254704432132707
0.544886477368333	0.625715532053132
0.392878487970496	0.391050428063394
0.128555409627955	0.128432134377561
0.0807887054901732	0.0845240368200331
-0.618464823767848	1.36688992403517
-0.150817973483492	0.191996643209333
0.159304543307064	0.247597812508516
-0.156720604076472	0.229293414062279
0.0459506433911944	0.0584278476181307
-0.0286695136002861	0.0360835789800664
-0.059381886186419	0.0802370900561267
0.0793963842234736	0.10621119720788
0.369895380053157	0.685356364295572
0.17416933917266	0.268393407181133
0.299104417976081	0.584901222879161
-0.0197482998002113	0.0256407079590023
0.431917426431372	0.828397743932268
0.325057286997903	0.493950867494557
0.172964816437258	0.223196473729971
-0.326156834735899	0.552545779443367
0.0868166449498604	0.112669269522463
-0.0824855592330808	0.108338296803258
0.182396465291313	0.268681069096974
0.210470485249083	0.31863720759644
0.0792516629926558	0.106001270690522
-0.0198940543531177	0.0258344446718351
0.154798530909892	0.221763994921988
-0.443594249667874	0.781647171838323
0.467964043905061	0.862866724229498
0.118967417967572	0.150698677476416
0.172661986824098	0.244815576356769
-0.404356488814425	0.77175124924058
0.00279582664769237	0.00352821857024232
-0.735023110180949	1.98769873799637
-0.27368605902682	0.472038799221293
0.399135036094124	0.768553993586954
-0.36014463546266	0.698368270483754
0.110035072758293	0.14434541201721
0.187754861627491	0.282024609696334
-0.33201531768848	0.511428223659355
-0.182762265384389	0.269067997179489
0.520459231974736	1.11497717791741
-0.0140368616497471	0.0170579829332831
0.315911991719824	0.574404028724734
-0.226321756672889	0.376779696471354
0.341999226114199	0.644885031414521
0.279046596718792	0.470412288749003
-0.319596492282447	0.616307267230993
-0.201384985284058	0.342399388631521
-0.00431929654158705	0.00541475595226973
-0.270916553818858	0.480258167113119
0.259213556097494	0.446602164720376
0.0714498095552143	0.0887390252036532
-0.383034706137046	0.819466943146059
-0.265090148634329	0.444532596181084
0.167338385862257	0.232570260106719
0.275627762594803	0.450124763272567
-0.0554423400389875	0.0532910062874258
-0.258759210303537	0.316033481864026
0.352953006605594	0.476102662252208
-0.0569833323481603	0.0548538287892239
0.532786044872816	0.648681699044969
-0.110600999836346	0.105477261221035
0.684373682291999	1.36442238428289
0.0108213049856035	0.011369772317278
-0.0988848841999376	0.10010317987969
0.427601347862075	0.854221169032447
0.0987365471298052	0.133235947524799
0.284582737319247	0.495904861883955
-0.286508410513891	0.60116803076578
-0.0779064678061616	0.105668613025151
0.173561483679331	0.224118692186612
-0.0984050504858735	0.134072942334594
-0.277215925894932	0.503811329561609
0.120273076688647	0.163962119123941
0.0553083166384704	0.065633192665785
-0.960815065012442	1.8669671760412
0.486880485212798	0.781700291444432
-0.210899467080092	0.290504240307532
0.639528910095332	1.87362487493813
0.349151220346545	0.707832754261797
-0.105681091113863	0.139478806987662
0.252081323882354	0.414338038933115
0.273450656526383	0.509350455884088
0.0185138706681762	0.0235783544773814
0.238311279608845	0.365147877231039
0.041715989471103	0.0546560661295145
-0.494447136948241	1.07728225859242
-0.194337492625266	0.295413483159501
0.068582349277893	0.092797856289646
0.198796116497796	0.284778455189049
0.208436971318748	0.242253169432136
0.267450771128	0.34638543620445
0.0862505288787826	0.111843892686262
-0.332384395121919	0.512194616024916
-0.642979967467089	1.38812357467939
-0.409846484157966	0.741343330449733
-0.113465886385016	0.144519913562588
0.192251330110972	0.294070680256485
-0.225315016132918	0.310072819730431
0.578580840979319	0.980782058337726
-0.0510767651942142	0.0519922786123581
-0.134311494833374	0.16424457308586
0.0181565329624357	0.0231131664370333
-0.191981767923279	0.31742999421882
-0.220586490551193	0.336680508652546
-0.262599652072652	0.488764021672306
-0.0108455926951833	0.0161438007000935
0.0987949982961691	0.133349094897519
-0.3969812538278	0.793972255620886
0.14881075040159	0.236968790835896
0.00208152064325965	0.0026279538280998
-0.264875218022552	0.480255021904668
0.228014260096258	0.33034973530249
-0.154861598428301	0.205246890459778
-0.325878254965316	0.674741866708207
0.635117554866412	1.8782218335933
-0.598858468009328	1.47703508736462
0.14732993569893	0.220533350482557
0.228829025373721	0.336868994337402
-0.526686708109983	1.07251112547609
-0.19780044355643	0.262611360982184
-0.180281188411323	0.229564159455468
-0.135331740329044	0.171760693898346
0.266298576401508	0.344464826556728
-0.0948589820130232	0.115912359489213
0.00952941157818878	0.0100048808167635
-0.200367787703088	0.222892341552707
0.100774554658544	0.158313627479718
0.24271724110989	0.42737603878411
-0.237996960737891	0.43936175474183
0.378031251146852	0.837492828358704
-0.302792296337719	0.525318440243071
-0.434397432606931	0.647803267085404
-0.000299306486918186	0.000307305329469209
0.13157909515404	0.219344054465333
0.0475301514044689	0.0655538871501688
-0.441785984122655	0.683295076466332
-0.248190853349849	0.426243774163343
-0.0944262556385377	0.115334473885415
0.275611989076317	0.4500849865312
-0.154428956817219	0.266771015494309
-0.106038344067253	0.157851564307896
0.138661175669518	0.173394804966465
-0.74070558473626	1.48202927390959
-0.569043723358063	1.10181418540426
-0.774496781512688	1.54886116473963
-0.194293121175643	0.304240250251016
0.399284325368905	0.757776736108686
0.254773488762132	0.42582738758589
0.161139827441464	0.269249923674996
0.1141167313581	0.152463669920433
-0.888148086551935	1.31657118129095
-0.0444459913482924	0.0402910438302794
-0.020688061499485	0.0268887067108232
-0.27933579969043	0.38563835122838
0.852074274763193	2.17933310802618
-0.274587070458305	0.43500351032317
0.138734501308312	0.142857837432737
-0.59139653685621	0.847696554959338
-0.265073915467145	0.308798329859957
0.517692720927162	0.918439717110139
-0.0369055267030639	0.0481382731918976
-0.294273866470506	0.496024578653681
-0.0778626667301918	0.098733716917392
-0.314173695406812	0.483687110172078
0.466315623747869	0.88870785116551
0.139880634981483	0.21539940380187
0.153604561045351	0.219755316620833
-0.0694955559715602	0.0999432921648626
0.427924775464075	0.92922474119685
-0.276207191685934	0.438314876523424
0.491862120105679	0.75852498285655
-0.0340311966794631	0.0364452224893121
-0.274860283638962	0.51307966330546
-0.276853386951131	0.579994173198489
0.179631685043123	0.28198605595593
-0.218144913808559	0.353412280114968
-0.143146341118961	0.196261901056933
-0.243451739482144	0.396134340047571
-0.0428130620131617	0.0501684447886959
0.0345907099784055	0.0407147598273112
-0.573145409823844	1.28938139851035
-0.242106492629014	0.393358075855906
-0.87255202960552	2.80734211624596
0.067661308568025	0.0914586871747792
0.0221947936535847	0.0185688603713056
0.400072693585405	0.815432052269465
0.31405030693237	0.569942878825297
0.0243941955355134	0.0326594597803248
-0.12150222326165	0.1875174437977
-0.19374308264052	0.303313238839662
0.467116628104592	0.875910919860108
-0.0495770051114735	0.0603724394779535
-0.0355938443056533	0.0463321760650794
-0.182934925849819	0.260727004390189
-0.0038100208243907	0.00427920008935069
-0.333770141142945	0.548996084395694
-0.0412108213651574	0.0481970270484381
-0.112312004021869	0.15835291565145
-0.245814650064576	0.388199104072283
-0.258373528332248	0.456996085512493
-0.227297759617548	0.313504806958543
0.279431374525171	0.387578345858407
-0.090931209490373	0.115697612477525
-0.319790478282976	0.407507721629237
0.187445048299552	0.304141411065195
0.102138545631565	0.104462033890839
0.120016677404504	0.163542001867897
0.13886262359391	0.187640333815536
-0.467630338482994	0.723536294125337
-0.143181390846042	0.159988243805616
0.154425038131119	0.185928668344912
0.0124240465532436	0.0144582802628633
0.203137421162808	0.326573749906946
-0.0814219492739784	0.120736198879023
-0.0343460057793634	0.0403006172571749
-0.0931626539647624	0.130932478418331
-0.0388300856975858	0.0490014927929139
0.0861623413451718	0.117589276646218
0.31462742302714	0.571410848634821
-0.0820897366246176	0.0920333224791113
-0.563998804662369	0.998682014624531
-0.208246839337015	0.307296999590307
-0.274904085631552	0.474855031432609
-0.150696775219392	0.2466135864158
0.118665904659581	0.198613787636823
-0.379263123862024	0.79392799909167
0.010593177878246	0.01276868615401
0.0446674094859075	0.0567006678589634
-0.422245806287065	0.74234651842339
-0.398258244311826	0.739809562834227
-0.269244403812465	0.476311174504791
-0.46214267490453	0.910389471809142
0.169037483267718	0.255777441867004
-0.0748671821894731	0.10482175699842
-0.121925481865847	0.12983560710617
0.331932619807992	0.543126393958868
0.198119190678856	0.28356507356586
-0.170172859126217	0.249956964561283
-0.298886024254172	0.559923904489355
0.060482579848646	0.080122476948295
0.284133550857486	0.41029487199852
0.279557238514492	0.471597078124932
0.13072578373221	0.184971383340144
-0.359784720046752	0.611498012257429
-0.182519096207805	0.242033867266872
0.501639094888721	0.98021207960973
0.221845358481466	0.314482767652774
-0.224775052252092	0.321235159701997
0.625936408352493	1.41632810935626
-0.275261706623269	0.47565424254802
-0.250054701441144	0.383375088283479
0.209489796082826	0.279257888514329
0.0706587731597383	0.0826846970189674
0.401436430197133	0.819172513244888
-0.0387773123871566	0.0489557459197641
-0.0379310430249676	0.0478292226431565
0.0311023810678349	0.0344243087332937
0.334647849512083	0.566665957012668
0.179053593426796	0.280876009137739
-0.229627801374648	0.304795045635296
0.486488991573343	0.78071869535155
-0.487465791614405	0.860768457391367
0.0658170614040834	0.0887389929522816
-0.147468895416699	0.215925717530933
-0.0712255983804375	0.0869115267307001
-0.00394548011521106	0.00423554818850228
0.0616527636402389	0.0658209915126499
-1.08486242489461	2.35503136063992
-0.149879305176043	0.190554722680673
0.307558495614868	0.524458443454456
-0.21104423527161	0.388889718112691
0.274141678958433	0.573987745760862
-0.400980297336448	0.879339489444841
0.557825534282169	1.0139334185478
-0.652035068333555	1.19134176469785
0.43379213686254	0.780828920258968
0.313123325017354	0.567624752240463
-0.120320014329297	0.16459732755908
0.0163370373166132	0.0220943932493676
-0.0127550828488439	0.0154779869243592
0.0811198382759218	0.108699994742126
-0.258235465653391	0.315248580303311
-0.281034252152329	0.537415284965026
-0.191718996611279	0.351460200780175
0.155612158195769	0.269896894710586
0.324780630961285	0.794313597791457
-0.180836125377657	0.265437182658161
0.0803326922432222	0.0840272831738695
0.0632228453814907	0.0723030154442844
-0.0622641347979334	0.0971444947884278
-0.0184115717920022	0.0230816280193652
0.268938610293244	0.423670954328821
-0.24969171415881	0.382685196901821
-0.322219873289633	0.479499733437366
0.187619680630071	0.281736737584931
-0.274553679825972	0.550279135140248
-0.0206349569819869	0.0259462611219151
0.0659409825987835	0.0847159013533614
-0.295600450580087	0.453995700763868
-0.0726152711071781	0.0696377960666245
-0.210764728431885	0.290267665424242
0.026315702839002	0.0302735494430724
-0.224572597238919	0.394940672562262
-0.333151749510717	0.547525221331037
-0.302984592915389	0.525839455058551
-0.114130631324805	0.165666879041652
0.122509131821298	0.132858492731108
0.102060981244546	0.104370378056162
0.108027819503027	0.141414342168418
0.128427197698994	0.190617323132249
0.186962937181003	0.280541920028625
-0.542802612540388	1.02044991809164
0.108840785763752	0.142602172675518
-0.402979735092038	0.707598059623014
0.361056057308779	0.563637232024646
-0.081898082020626	0.0918028926948112
0.308733276622888	0.534819912136147
0.0709476090815142	0.088061318751793
-0.0951454309239279	0.137559069399746
-0.11941849135191	0.203580208883413
-0.164575766233882	0.305812472030944
0.430727675416229	0.812195789188029
-0.0699274912838476	0.100626573607333
0.0105848860838179	0.0132026075389399
0.365258488124261	0.593212039579839
0.065668568304646	0.084348502435399
0.0974184807865287	0.144371308824821
-0.730699225002464	2.01299676734886
0.149183165616208	0.223849661994243
-0.241141070490016	0.226609351869021
0.264848381277019	0.335343104613232
0.21947017074224	0.268245526173142
0.10391991280812	0.125681744842064
-0.0650646543143777	0.0763036205668603
0.244641121686786	0.388279858172599
-0.148969287447167	0.230935092552603
0.214924245706287	0.25643367686256
0.0280140560127286	0.0274306424466293
-0.22767403104764	0.240297918771295
0.336948472979193	0.378999690366075
0.483293617023806	0.789981928753746
-0.500294244712153	0.987660036733361
-0.0835462963608246	0.109866621259223
0.459558483734082	0.927678937175252
0.118599037765004	0.150170603124313
-0.431610114984181	0.714343204081382
-0.0886865406381328	0.112596881059358
0.275083024229526	0.372979634062914
0.963806498392138	2.36419430791165
-0.504075796504283	0.835857580403281
-0.482823923384776	0.82625949147796
0.336479863411994	0.579567499380818
0.0921324036369465	0.128084613270756
-0.228965033226925	0.371116315879868
0.0466384638454814	0.0642428346558341
-0.285937744035438	0.468169080868496
0.149645934370995	0.195202238912084
-0.167685665464279	0.230187329665691
0.476262041614788	0.838048708557863
-0.307810634990161	0.408544339068862
0.0202475492324272	0.0218223409298807
0.168426697502658	0.212781882690032
-0.170526347200703	0.242814925769721
0.365350254102871	0.624172447292458
0.399991695648499	0.690404739429065
-0.044770695389137	0.0502567475391858
-0.278580234990536	0.467939870062291
-0.0595802213190818	0.0636986371054925
0.0722632920782806	0.0898337666187355
0.429381343220842	0.847068653443455
0.161282636178562	0.219468870309017
0.0670976103388303	0.0863187764509624
0.265749741753011	0.411018668099762
-0.0244233753350444	0.026229602816128
-0.0886840600438	0.120690220455978
-0.256288787533868	0.417608379333204
0.292016756340843	0.447028257704305
-0.163449535805972	0.199651205279818
0.139087642225235	0.187985778444849
0.0737134225956584	0.096760050812612
0.115239069857004	0.154158194851139
0.196008417162091	0.32887562776463
0.238899829092422	0.366254040719675
0.0470149859068867	0.0379917886116863
0.301652090152467	0.496348412668537
-0.320040096142524	0.587061621821386
0.153669978619729	0.234576894485716
0.904692808140841	1.91610096795807
-0.209064004736064	0.298168652430996
-0.0530493371268619	0.0621496150117532
-0.0423400746258204	0.0569946043291916
0.242057970467602	0.420899320148707
0.0336381670871651	0.0395498647803529
0.158266721893583	0.15397426603462
0.16846148256832	0.169274308254824
0.393259358896398	0.377794374234029
-0.132255667618409	0.125819698151443
-0.306707086574657	0.4065480357795
-0.624563373719755	1.07243872135404
0.241025581368913	0.375692868171367
0.254670199452528	0.306452002483707
0.525194633375625	0.899799837389677
-0.208270799272015	0.307337050354302
-0.237832678863876	0.352329755614821
0.252799699235696	0.303670177801505
0.328161126667842	0.517708095557121
-0.332464982151356	0.367525988002286
0.160969321301903	0.218950614430761
0.153306419943253	0.184364044465988
-0.672008377854545	0.999138856607396
0.0736137463770052	0.10136404872157
0.0932700004642151	0.123521176513119
-0.0419989352298579	0.0565082240110492
-0.258071328303306	0.421217061327093
0.515161441139133	0.93005820227848
-0.41967587556479	0.57989062763474
-0.565576791494148	1.03280491959325
-0.00131268599029427	0.00133919538734259
-0.159414896500617	0.254433398234081
0.662157001461169	1.82263953664465
0.334755405736448	0.737272480029232
-0.0559056532566079	0.0870514224610893
0.144965294683972	0.227182643252664
-0.511007317260046	0.902873058933273
-0.309245476034637	0.411008599395065
0.0241037370639875	0.0248328478754837
0.353479733133124	0.476951428396414
-0.165025113465168	0.201905626557762
0.33069622843288	0.540479464263028
-0.264809607815793	0.40643349940751
0.00203541980154466	0.00187358430093033
0.337359908498897	0.379540342766644
-0.539228331292916	0.619339426962442
0.602285086167164	1.44778708353255
0.255062368274481	0.426425342167783
0.0128955231734393	0.0155815374957108
0.104390856964923	0.126318115883304
0.0337247287956479	0.0396552377079831
-0.000389366190323662	0.000398975689774564
0.195775540323378	0.30451988923804
0.340050306522852	0.614280550465803
-0.0361930816242349	0.0368597421157906
-0.210477594595148	0.198562003655507
-0.350525946043238	0.366947926706935
0.147556400487751	0.138843513929277
0.325739671231691	0.333940579964917
0.435355742454551	0.757535940508133
-0.0242408957019723	0.0247482284763937
-0.539866610998905	0.985004769315769
0.17968493423413	0.212758927748544
-0.370920246757961	0.471253628661845
0.508481413387298	0.947811854793354
0.286598570209485	0.506978749660125
0.316494521766436	0.442988525273808
-0.36665722929908	0.506803359451882
-0.155391311896237	0.20608724109202
-0.56486389967163	1.00101590347355
-0.36815376338392	0.645184683798824
0.160637890995896	0.198008009020095
0.185996707524428	0.198600326445638
-0.396532110848859	0.675611004824889
0.0514230036869044	0.0633416802878503
0.00216162550862862	0.0027288270468871
0.147095854586342	0.172740303720022
0.0689166715907264	0.0699565092638112
-0.377349936849834	0.641660521127536
0.188755691088601	0.259629237104425
0.0597622698453454	0.0855140685770369
-0.0430380524294519	0.0579835616720262
0.238656096589848	0.449691978066304
-0.171944308629578	0.29825192114298
0.0222047565732333	0.0264657926683434
0.367500456266038	0.669348394861337
-0.110713999998267	0.123943889883696
0.138999389507656	0.159034930791976
0.528458695280856	0.888832875093303
0.0578809732227777	0.0688629123608114
0.0668777163468695	0.0860178796190251
0.864802819496932	1.76171692016472
0.314060407779019	0.430022338012941
-0.509631424209985	0.673728883775196
-0.0833273818697813	0.075106250847072
-0.127801953115109	0.11428623391595
0.104737146757893	0.0979776819981704
-0.0113783560837858	0.0103809052173988
-0.15770707098745	0.22413192987454
-0.341474110310161	0.543946604834556
-0.222308902319285	0.32855253626087
0.156110922618433	0.170420291399852
0.0855038790989891	0.110794129904695
-0.249290321429375	0.331464809496539
-0.0232242942857844	0.0249159905629905
0.125190549757998	0.161997785475213
-0.416840106337984	0.711459714353393
-0.154838168615608	0.212368475014615
-0.623459480903193	1.06940424194214
-0.0717812722291964	0.0605185346528655
-0.33174179312026	0.476203800549314
0.0888592193394088	0.102523310218688
-0.324172716262012	0.516025555690915
-0.116338802445053	0.169341248615292
-0.258262347530577	0.456673149154932
0.142650461508965	0.209852809111397
-0.257644862880228	0.420379753603134
0.237276960048553	0.405374385459699
0.398985780281185	0.768022512329652
0.0664496694192914	0.0854318276328932
0.313935854470731	0.562053369068528
0.0854394572604153	0.116471933319021
-0.160522084549866	0.24287191965862
-0.851670198353153	2.55040775620534
0.426785752103174	0.913539536146737
-0.392586542269162	0.822651848156246
0.275058189265873	0.4490306269763
-0.421954917008763	0.807312161650395
-0.444635284929769	0.784127623896765
0.15275283435179	0.183583193937152
-0.363142048387227	0.541015441845755
-0.29029184897744	0.460667267502412
0.305605249380138	0.520108431668093
0.309751100028012	0.65045031069213
-0.503694780478672	0.997771626925882
-0.314824792441289	0.51570142925811
-0.314775387399651	0.484907819322666
-0.022417241981183	0.0272674378975935
0.489815156809264	0.771272293617288
-0.168829488949861	0.232105447102856
0.0944163663723199	0.118428458847356
-0.236028673337831	0.287958562433357
0.237864487009329	0.263731783042147
0.13782227519563	0.141869289217999
0.242957347102069	0.276850763604786
0.102436540888166	0.104799973626049
-0.792927608940108	1.49801762064407
-0.182368018064802	0.250957598073335
-0.347914507949461	0.640937928291338
-0.0615921773135689	0.0752102330635518
0.513597833361692	0.693122410240237
-0.124005132047018	0.157718267971444
-0.0127338164433446	0.0154542501774591
0.137928151459747	0.186123898476161
0.429669513086294	0.84788976995607
0.0640248254355855	0.0777634129594202
0.229820467211882	0.338790561031687
-0.144154020129569	0.161224978380167
0.541518247675935	0.859978111261281
0.444399649727757	0.694231835937933
-0.356414386395833	0.473262145349941
0.216044526343052	0.333648660386394
0.400504065994486	0.738062849054382
-1.0734105531652	3.07382269559817
-0.20665741621451	0.314532111646617
0.488239359458116	1.03747344499714
0.227024274086601	0.369293803618992
-0.0931821405148233	0.122595064776549
-0.0488457729525494	0.0617962584623207
0.332157055248903	0.552375909475198
-0.23528750640727	0.402731605355431
-0.0449713871601413	0.0504955698712853
-0.131664898345344	0.180363157800651
0.164149815830939	0.243901208238773
-0.0578499225673951	0.0732535969197873
0.165729152797794	0.246667674379313
-0.00577787245031317	0.00701026605597022
-0.244199310417062	0.384823343600638
-0.169323354546425	0.240803389892507
0.3971242196566	0.76269440827892
0.0464446993324031	0.0639612394865434
0.0800560298039284	0.096054085301341
-0.196090056757833	0.279742618712071
0.55665524179853	1.20431161366386
0.144015059751984	0.212185081001896
0.428966184170668	0.858441174909662
-0.107735550316118	0.146833343197974
-0.0235717848230109	0.0276191683602399
0.338509909191058	0.601761008234462
0.218811758885777	0.343529634992294
-0.513169104035303	0.908023425275843
0.147467926393595	0.220801047941212
0.549048749993083	0.835047757450151
0.209700393972496	0.243909171610661
0.979010193758096	2.0860131392587
0.267839998028237	0.346896020843085
0.289573400618564	0.520500589087225
0.694783428575964	1.50253515961198
-0.263248568583729	0.403216588693011
-0.318669871946302	0.405615140798781
-0.0747130306774674	0.0798978161588103
-0.22370760751087	0.331125215581051
0.274885867134652	0.448625073377837
-0.26985471314514	0.440314887276626
0.256395239975715	0.434783430160193
-0.0121820185856325	0.0142384123372399
0.0409291763347441	0.041319802525298
0.0395105472414026	0.044789985086379
0.348444133159738	0.447517894704989
-0.219886543025203	0.256719380352384
-0.166783175280287	0.212723516700655
0.500270294475814	0.976414388951641
0.657253998767491	1.82729687254686
-0.437639817408221	0.747703003821221
-0.426751626564106	0.837948913432632
-0.524112441056529	1.03962232390971
-0.0958644582360849	0.117276800474417
-0.181272533210712	0.221702115756118
-0.267330909810285	0.396056237895141
0.270116574256051	0.425979652563744
0.243299735160475	0.471517392615231
-0.0687149914822371	0.0987085551002438
0.371299724278107	0.698726265578701
-0.12631930264494	0.184223287917155
-0.103898343427801	0.136824132909878
-0.239032539342163	0.399065513911802
-0.0555304489339977	0.0622471313944413
-0.246622879124437	0.389889963029637
0.369349679502224	0.673964769187218
0.0352502786138344	0.0453109964571904
0.653762596437814	1.83681369949593
-0.048542567028142	0.061407719399721
0.372395699918808	0.750891872228413
0.521105434706028	1.11722057640798
-0.0595175718785643	0.07248053175901
0.296412060545367	0.463278628374218
0.11231241302516	0.139166275998058
0.300916681007463	0.487491168281834
0.608045997213057	1.27215166547522
0.374686704500731	0.757385633779962
0.266971608730509	0.475811026736226
-0.397694828267244	0.796066899193551
-0.31661306632695	0.549712643359024
0.0497164604846415	0.0716948362779802
-0.0325459229367412	0.0381103271792132
0.131951594303504	0.187041073543689
0.502391717474886	0.965412432861273
0.322306240753691	0.470945890673671
0.288949777497544	0.331825196915554
-0.347139326458554	0.40282586742428
-0.552479831651242	0.791649495036971
0.532629341964219	0.648427659826732
0.277416106957057	0.300318670506177
0.368674372044649	0.682213641380638
-0.282847696644712	0.502044226379889
-0.425901760186201	0.835596321344097
-0.134214164013346	0.164098520723522
0.257111998701838	0.436424856945196
-0.329972856202961	0.472780648030252
-0.249413554233326	0.3821452830828
0.221946078642535	0.314658429447827
0.22995876526387	0.33904566717979
0.452954393449637	0.606121398209152
-0.319341007560703	0.40674694059658
0.336520136542565	0.378406958992029
-0.450962110125611	0.520663219804758
0.298678849583829	0.475321734487336
0.164503086654637	0.244543921371537
-0.409736070705595	0.741167825042443
0.0982221053380991	0.132474017057186
0.132475046561158	0.175283946669641
0.283003027773806	0.401088961484704
0.398514021876221	0.686844951379872
0.709329696559338	1.34625282103751
-0.128732121289614	0.170200081617834
-0.0567738920132466	0.0717879122569273
0.173198512633075	0.245736153860846
0.591724125562821	1.47305898893235
0.209042529326686	0.342688160034944
-0.168791464353295	0.239881001785403
-0.0122440299082981	0.0131450361030162
0.0726268158645059	0.090319256175447
-0.0525999600583595	0.0642717135539705
-0.149442335138636	0.182792603522644
0.093726416572156	0.117447956442209
-0.504075796504283	0.835857580403281
0.433042668228315	0.805261742620215
-0.0562198932885505	0.0630692407058931
-0.0677180733150032	0.0758510636839212
0.25389378778448	0.363953471639446
-0.0645961936488759	0.0757159442046533
0.712376533063678	1.49850272875579
0.124967049618607	0.173462211319235
0.158333452666506	0.230706130626914
0.293626184473688	0.45032464966155
-0.380579753121637	0.60770872553603
-0.619757515615434	1.30376454291463
0.291569575210148	0.532015496673109
0.0727658232348588	0.100070799286677
0.0408905287860979	0.0553279385496211
0.0852196236068737	0.116103012156386
0.0939146335238138	0.124451771059835
-0.144706698997277	0.205042614267634
-0.245837511885309	0.388319123271836
-0.69318553982664	1.53818249473963
-0.0426091553651773	0.0499206338226242
-0.250865666946646	0.384893807991058
0.165573300344934	0.246417108970461
-0.0339005245654355	0.0363020085145929
0.235327447481172	0.30904951304662
0.0993624315103405	0.109793331481298
0.147968263601655	0.139299141506533
0.305863967411101	0.52072345208123
-0.502632121084736	1.17213568819281
-0.493330370053816	1.07355431266961
-0.0889861570073427	0.104316476934121
-0.290709157196732	0.461554388048693
0.20372752409131	0.352963935435226
-0.0698798050046809	0.0947745648538463
-0.209474463091162	0.309559667878759
0.0671611234429099	0.0864002938239887
0.0591547729761073	0.0583503714563174
-0.251181922820817	0.319801096298082
-0.132099391488712	0.125650147877769
-0.372102689879336	0.473239156487025
0.369934391293252	0.695388056177431
0.342472667735241	0.63765609590678
-0.0776169796593535	0.0984245629131935
-0.0135696476317101	0.0152481596077702
0.521968090019448	1.11991813339258
-0.0535524607554986	0.0700099279541288
0.139725249038033	0.174902673327963
-0.0302935396791384	0.0368277099090074
0.455952698187777	0.972494787007536
0.118298467162028	0.14971801956482
0.217797160173327	0.341376058205193
0.427837268446032	0.879933043066329
0.311801342193652	0.549428744955402
-0.0724555224385488	0.0885372922510547
0.27066111996946	0.433331345335017
0.0798928234697734	0.0898566274122653
0.104963114209208	0.127092440428975
0.151154311267617	0.197543534990215
0.0317379138306512	0.0387265287268512
-0.354302966917749	0.509051577133114
-0.00469371798336852	0.00527276196422375
-0.295456741564339	0.376522000162783
0.0340884306870025	0.0401006075729317
0.0191795182251193	0.0206472617611891
-0.27522785075685	0.436268980180661
0.152864202781542	0.200097461845565
-0.182963607740968	0.277800184407228
-0.289190689301378	0.501037224010879
-0.0782254244846943	0.0992319787086997
-0.296000162268565	0.526296659069978
-0.302366933223016	0.524275307945314
-0.153586558449615	0.25868703501606
0.254996921131044	0.4773214146726
0.0538198687191631	0.0599976857439438
-0.32479100640087	0.549371554652188
-0.222949795680826	0.329696291604622
0.0104429783487913	0.0109686919389505
0.111506232504969	0.138022005942379
0.39906928077423	0.757198899794291
0.0426308609015996	0.0559232822107048
-0.0422071515817978	0.0494195011468446
-0.065927807816164	0.0669962559073934
-0.373070198163921	0.474726572250254
0.245282262653283	0.225308675397367
0.402171632306041	0.899291054951433
-0.509420614642518	1.08553376650031
0.425372045911278	0.970154656838148
0.437534015330608	0.721564231754792
-0.0777437195339654	0.105441676467875
-0.702612381134212	1.44250956856116
0.214931783825472	0.331537176724941
0.246593308170894	0.392119848274962
-0.674277530773642	1.38473104523531
-0.0127840087392957	0.0109220302901689
-0.273295671203496	0.348395553760376
0.306235905957452	0.27121692922313
-0.442091716422919	0.485449364648804
0.245610272217043	0.390198645328542
-0.255701146885361	0.365773713243191
-0.0202433158658459	0.0226551428117771
-0.0565887006837651	0.0635090527886339
0.737856428429567	1.63283286798464
0.436867060199906	0.761492058677281
0.328563265522339	0.527173699892221
0.0727421689734551	0.0853088345459192
-0.082885694655796	0.116110517206963
-0.0746463634811796	0.0981545420918841
0.491760052371779	1.01683222277371
0.104712199677892	0.144084213230093
-0.234677618803334	0.358898080447493
0.359211283623496	0.539499714925736
-0.286868796827844	0.380999810798635
-0.0329253431662255	0.0385853995580581
0.149712753713033	0.195314836766469
0.253470095063587	0.304669742322753
-1.23643617472114	2.59929021111051
0.440026864664331	0.713534161808481
0.244785575107614	0.336238371284501
-0.142435345147671	0.159010328931316
0.661528633561657	1.22505903802028
-1.10017557576827	2.77146647013098
-0.0353742470030514	0.0379388883211692
0.0269460498170174	0.0310138568866345
-0.51525356958212	1.15174839679051
-0.414912655033748	0.833530552180729
-0.0899721442374693	0.122617690160359
-0.202812754814902	0.336003150650038
0.0392671777458283	0.0530246665519082
0.277788331510336	0.532444000192847
-0.434318513468102	0.894821136733425
-0.1619797057762	0.189328447795027
-0.0685892952494908	0.0769105106352003
0.56924523107066	1.00147699435867
-0.370812431205081	0.703825893319059
0.0307487161464718	0.0406222361887461
0.266666963780732	0.412757215258327
-0.0498634415962714	0.0506889723587822
0.0188394431896035	0.0168523527890268
0.0250881274342123	0.0258668282433191
-0.182998260556965	0.233614762732576
0.0253137432504768	0.0290904342034727
-0.216288979447942	0.349684144540956
-0.235652128142351	0.348146991265341
-0.140366226066599	0.18562773053047
0.53564122902702	0.866366468823092
-0.117320172766282	0.118528966272264
0.272321540837925	0.2862276450246
0.24512383261273	0.225131528614599
0.0561284839059248	0.0415738627721337
0.147757708008066	0.173606284735804
0.647881528274743	1.3890641190593
0.0792447436578876	0.10060860813926
0.0256391489776305	0.0294610585131237
0.259397036423908	0.386376965922756
0.131660205064096	0.174054612555717
-0.0737920317277211	0.09694408929446
-0.170826746840457	0.258741244241773
-0.0116580828654078	0.0119144984298351
0.369860635429807	0.695214383328317
-0.153717158105534	0.210491867781541
0.249945839158095	0.351031183004885
-0.753248969752322	1.42221195263589
0.0615074699317568	0.0656571908807659
-0.38579901861783	0.575297912266427
0.124517025997331	0.148551150816689
-0.705742610645267	1.1305230644981
-0.359623644860555	0.437197700613792
-0.372391011844893	0.57490525538404
-0.385480010611353	0.574606831959365
-0.564433896779165	1.0295159562148
0.131617791410307	0.160781412261266
-0.393305165468092	0.768525658383658
-0.537764498903402	1.25973020346981
-0.054585452352945	0.0640543158018514
0.244884537734528	0.388771027905818
-0.0674519923592201	0.0854704234863504
-0.0135302857324003	0.0170067425182793
-0.0939913002569012	0.123790819202661
0.01986863739412	0.0214016877073922
-0.231745943328497	0.295090492871573
-0.193902395255925	0.294594403736689
0.137221357995533	0.234981414765454
-0.121565300288784	0.171442372088087
-0.0773949780362447	0.104920312198351
-0.109527298393438	0.149609632064675
-0.404143809797646	0.771210606670662
0.230094594010241	0.380339814373104
-0.259034854862422	0.409329111741823
-0.304738909497144	0.453623655864997
-0.149876790932964	0.232601662588731
0.1635073067294	0.242721385901922
0.133450067200381	0.189488386285915
-0.669347458061624	1.79787723928642
0.0781353819301202	0.0990860745140359
-0.538359638261763	0.953552961817375
0.0636491102117392	0.0728268934987956
-0.576670073877692	1.50455278103195
0.322116800966252	0.47948409549196
0.47598348006683	0.837252652561457
0.494567743605348	0.746778232721216
-0.343431603372828	0.474855341074415
-0.591628249224613	1.04675297906942
0.000199283761090523	0.000278226565961911
0.25512723115427	0.426562263672958
-0.0576527923614289	0.0647626724293618
-0.171026462434937	0.251478730287638
0.00906847828885062	0.00951800085500611
-0.239178422121408	0.399381288327653
-0.144918216958701	0.217317240990774
0.319716069978687	0.73998723804757
0.224535566360797	0.35950527959569
-0.223033897886677	0.247893551226544
-0.152398806332284	0.135534911902843
-0.934590843809783	1.27309508424609
-0.181333609543177	0.171456363014284
-0.758922106428068	0.951543844626277
-0.0914984265357171	0.0875409253502716
-0.432709904262101	0.548926362919553
-0.0444023847391296	0.0402550841970189
-0.591790922675516	0.848300274634844
-0.301648994850537	0.333928194860062
-0.380985436682489	0.608638399916538
-0.232700470838761	0.461083623904673
0.0762829709711605	0.132827935705696
0.14850316232809	0.208447292915552
0.0492778679536927	0.057250714261282
0.312167537832686	0.287715406569604
0.864281891810968	1.32805869233658
0.400513579908824	0.557629559938263
-0.372696683960011	0.474164941888737
0.0919317426324833	0.0912444418018615
0.053614071981024	0.0696249980386665
-0.426420074528409	0.918622536421088
0.401451887395699	0.97493005836436
0.129905698630564	0.204699246884538
0.204002704294525	0.265888805375411
-0.111391561161598	0.124785903975975
0.065448677142587	0.0840505642238593
-0.18332056586116	0.261354671710771
-0.098115447342676	0.133645245012397
-0.125441377891743	0.159801812624162
-0.303431776941684	0.451128350702558
-0.410056986856639	0.611938251625043
-0.0880757202967915	0.127412951737454
-0.0539839041704036	0.0633100309947405
-0.0366276883691845	0.0477579148238658
0.431680450310634	0.81480130741468
-0.493652439834029	0.569152210254724
0.207171159736594	0.308112469886032
-0.118330486053149	0.177294325011398
-0.0518087245628556	0.0632536638471773
0.211922557127859	0.321414229076701
0.373758864447672	0.754850524180768
-0.260492336033707	0.448199538818328
0.0931081058152402	0.129625798625245
0.34290125002361	0.638698972232612
-0.567945179741125	1.06895462218573
-0.365419727069388	0.638495637184703
-0.0138142239751862	0.0161605971718129
0.546244010661164	1.24610847642726
0.0886773842017085	0.102293508699223
-0.142808367913493	0.159502093456951
0.0339179250634623	0.0313918494254587
-0.301184922067371	0.416665362890715
-1.03220563379268	2.2399179860842
-0.111614791160035	0.106549615275915
0.355044544237414	0.49009643150426
0.225978156941045	0.28337701401998
-0.467861229527315	0.593255303158778
0.105736611728358	0.128128798598886
-0.197789405664967	0.252248466418521
0.117147794394221	0.203308854990882
-0.0865529969909407	0.117455962013488
0.398854214675774	0.756609874049943
0.719359909995746	1.7755432164173
0.157272824775063	0.210019425395605
0.0478015046271894	0.0554717784130083
-0.643957339437647	1.35490344397796
0.673686897391731	1.51758681347766
0.509552432898126	0.950590670184377
0.0514155051484244	0.0720138811874159
0.3692633022298	0.673772946958164
0.0252731602971835	0.0328163305046178
-0.59524623052268	1.24999372659983
-0.171906415850447	0.283191100702504
-0.194115545471379	0.29499907210637
-0.324914422305553	0.611057732374612
-0.402084033518378	0.705243534412165
0.0890896999079647	0.102812872612637
-0.381966987679592	0.762369344029138
-0.094577150557203	0.124649584548674
0.154762284538669	0.268079634270743
-0.833675268014235	1.57365523571507
0.633566810910286	1.08189290077627
-0.0483359327441898	0.0611320031293299
0.373037775972303	0.742966887276757
0.39961567187881	0.879902725315052
0.00333901553036671	0.0043445865311886
0.21965345709763	0.377852611147802
-0.0936804717846405	0.143285230117074
-0.45983636302189	0.996712770360553
0.0200755773718197	0.0256091925111027
0.628096502123575	1.26127845289811
-0.128336378883708	0.169633476179729
-0.195747924191773	0.27907685184683
-0.402870639644875	0.707220421305015
-0.0216169913316037	0.0252770028366868
-0.152289581730355	0.20127860513682
-0.111303525869715	0.106233567170821
-0.749724169631268	1.19924449672926
0.165008359792163	0.185338640170868
0.0803326922432222	0.0840272831738695
0.398384490957312	0.590742917007185
0.0133085022304971	0.0133323137009047
-0.368013333135087	0.509174033895757
0.22630795393648	0.327283060257805
0.558613382579384	1.01631657273961
0.21867557718471	0.407899600651613
-0.164205688686597	0.298327635947434
-0.262682993807769	0.488943713210177
-0.0043818821189269	0.00492236091813956
0.527902269967216	0.887325873841524
0.104693874626928	0.126736418792209
-0.0469005310201519	0.0502152531848963
0.017863629240179	0.0200761699205192
0.355801130731061	0.501750216669549
-0.049449958313047	0.0665553255576407
0.0846627689820684	0.126272372784505
-0.326467012733946	0.766387955519543
-0.175107727323373	0.334474056844703
0.350091614577738	0.728173738843118
-0.12385049993142	0.175169252655781
-0.0321995328032789	0.045892450847288
0.0285831546792698	0.0360306135293558
-0.15464912186891	0.204847644339772
-0.216133057433409	0.349332997056814
-0.441195856151374	1.19208157224811
-0.0276355616114735	0.038282892249515
-0.270929973672778	0.442619447966532
0.425294721906649	0.982108735031623
-0.0937696026631497	0.131865365357703
0.0358822033101251	0.0461608896591373
0.378301524180431	0.858556519789732
0.156470515508055	0.208751459499627
0.0704670693856305	0.0772021202594205
0.130793780693504	0.172733765305428
-0.545839368890671	0.690101813730883
-0.356112913469278	0.472798039006803
0.847351422062335	1.90294038067815
0.399573650128055	0.735450590074693
0.108062657057522	0.122554450130084
-0.0343551984507802	0.0386046967651443
0.268789352814806	0.429202472890855
0.148885592169235	0.209102364085532
-0.0485570331969606	0.067493078403555
0.334652892407386	0.728850954447272
-0.171824755131042	0.275605021457716
0.036603968863811	0.0523733782843607
0.117935224347388	0.168871828824353
-0.0257051550753203	0.0355213474651369
0.226542164388907	0.327716455416066
-0.00132655278872921	0.00142802915151116
0.0248784246021635	0.0256427475591327
0.0982616664550769	0.13926500763565
-0.111034161385402	0.170656435570444
-0.26630872863028	0.447139903747696
0.357062784969098	0.514679833799681
-0.390190968855427	0.473735303269332
0.311879731342606	0.549537487551947
0.376301350257961	0.821824554176612
0.0668836102824506	0.0860251230657263
-0.332149829518135	0.477052773609042
-0.127503254306733	0.191276909728186
0.231840000492297	0.342439505834914
0.0113396643024648	0.0141526469161612
-0.209652399757091	0.299232962733047
0.0461708213636858	0.0587269829038726
0.156930197394042	0.171411825079645
0.177720942761583	0.256891568310629
0.0560853672604639	0.0415412232781959
-0.0420560086116263	0.030223905683875
-0.536948345896103	0.94991590569563
0.126091292214484	0.163318526943077
-0.240406504378584	0.280059365340216
0.0535349527476106	0.0481495082573046
0.270870927535534	0.358849889167537
0.544822732626656	1.03867930630324
0.126408191418238	0.196149673579257
-0.313272896201489	0.617980842788504
0.000413533294624305	0.000584775477485442
-0.29283392182426	0.603299841833923
-0.168824267379229	0.223995037977324
-0.211695940153827	0.302797699369558
0.0240394466065147	0.0247656589241724
0.153216073562521	0.184242577783996
0.615714320115514	1.11230548561567
0.138585583003554	0.187224888548047
0.321578860315388	0.619470818940408
-0.0354740864548494	0.0380494343644521
0.283233375655972	0.315952812653577
0.0122938446674683	0.01535886621436
0.238075291975026	0.489105186983918
0.521032013998369	1.11680346694344
-0.272018769769472	0.346310420971264
-0.161876729629089	0.266111970172251
0.152428661074364	0.199443557967617
0.0435577121255478	0.0572033797760574
-0.494804100672215	1.07847922539975
-0.396104084433715	0.674678239100984
-0.289047020589593	0.335950983802001
-0.0547926713568864	0.0613600222920953
0.748422114931286	0.867146201783064
0.147846962406396	0.156888345944418
0.400063247160398	0.606629489093798
-0.417072427408846	0.644730986617234
0.130594894559776	0.145492972244748
0.398565176271775	0.490706842486301
-0.712712084218847	1.3858127897827
-0.112174204321428	0.142683451035472
-0.152479612162545	0.268775598136081
0.529814597090947	1.29589317962264
-0.369837052443594	0.827303770142977
-0.118893112641026	0.198222889485598
-0.0138045483402334	0.0161604314204901
0.248707843551281	0.40201274628575
0.241571835422055	0.324989910087825
0.19365581954062	0.271839147665777
-0.132527664896681	0.126107584049342
0.211559563642946	0.320732287650735
0.0805340001794526	0.113094905927823
-0.180797171383473	0.211468512384744
0.131098537931962	0.146111291727619
0.280901876439388	0.480950872057965
-0.15204642334921	0.255556167859298
-0.0567833520475574	0.0790970375095167
-0.0568427643193313	0.0718770854048738
0.00541399092145097	0.00639914230948511
-0.243408292732485	0.335731605647468
0.0929125888260536	0.135461262226056
0.139100368986829	0.214001881756266
0.211593296829149	0.320774491530408
0.0596054123256186	0.0588157014036576
-0.133573810025821	0.163209940993637
-0.0133998377662486	0.0106255927515714
-0.282786054721958	0.297153695107015
-0.26952866503969	0.400211419392707
-0.163466891238913	0.191380496927216
0.504582047444364	0.713125106506565
0.255840527720409	0.373648966442523
0.15095337664467	0.197237539003432
-0.138134297460227	0.207855765656556
-0.0426969860871054	0.0575033780207691
-0.170996465763265	0.296100693977235
0.448000173607728	1.12029129845016
-0.484778903021178	1.12657889418245
0.752224280070638	2.03975197733873
0.20713590490467	0.308125198313774
-0.0416505111999941	0.0508000181592951
0.536558299237986	1.07337362380294
-0.0844086542858571	0.111123901401842
-0.420332344016474	0.946232952022861
-0.225518677681715	0.32257221956527
0.348222325908228	0.447126462709898
0.488988135880809	0.785768966074756
0.360856418540598	0.553234347530758
0.0507914144353033	0.0527153565969944
-0.223100932460161	0.247995430640287
0.0485382002816728	0.0563725882467179
0.23500493199131	0.308504598581371
-0.198019642505146	0.252596316116158
0.208754114936	0.278081338724366
0.157078847952589	0.17157943340844
-0.536440676574623	0.585128919584933
-0.0896769058061631	0.0958042611382855
0.272263488393475	0.286139267247417
0.278216567088091	0.301466844458251
-0.0728390577324375	0.0777266250194279
-0.0959345807505402	0.107440930284718
-0.289504923828194	0.33663891462196
-0.342688217216538	0.473555859458092
0.34814637696563	0.447002187463196
0.716061343792454	1.03670370448147
0.609661555063592	0.934145587470644
-0.320050783389111	0.442108845861291
0.597480003701449	0.955972538182608
0.613936699871132	1.1078983777164
-0.149501282453267	0.182919303075744
0.130481154279064	0.172245047722444
-0.591772055413249	0.915607710183542
0.435484486005918	0.75822722717242
-0.217463219887733	0.265793167676311
0.226542770873517	0.284053986393974
0.841674135127673	1.47105540282196
-0.00167452482060778	0.00170798712751994
0.172327274284466	0.198775988898873
0.0398578580158881	0.0346249619481273
0.117175198557847	0.113352137061894
0.349321097210147	0.708112575782472
0.00968498139996751	0.0144506772368412
-0.213852219618474	0.365169811354868
0.320137351965737	0.45808007293567
0.0496292168199458	0.0664061520445778
-0.25254885408731	0.37427803183521
0.254110550488916	0.525949844550651
-0.470679377503485	1.09327705549182
-0.183044400226657	0.269551408333838
0.294133700661449	0.347302533661429
-0.639497493826983	1.48259238138746
-0.842789960173966	1.2021531648607
0.0670952912367415	0.0624223079711907
-0.482823923384776	0.82625949147796
-0.264670595336869	0.406169097031098
0.185607349823151	0.198053144311387
-0.344179219031781	0.437911879300379
-0.0127005977620963	0.014261328482918
0.143921985980641	0.198316272661089
0.112448583716768	0.158073291748867
-0.0802581367611572	0.109166797379184
-0.109745447046702	0.122725572859044
0.0401830348040468	0.0405444039276518
-0.623924661310311	1.10672092791598
0.0434096660751528	0.047120819193871
-0.27268995291678	0.302127764819202
0.369542432530421	0.684372643827657
-0.350457036236612	0.763012937236666
-0.245196693113076	0.432125111665774
-0.0888785821346638	0.112866624520324
-0.0469788685087767	0.0651548105829216
0.309722609608291	0.544554766204458
0.493830636146879	1.25174328320912
-0.06999727005209	0.100736352059108
-0.117929426946201	0.138408046640589
0.397894683189206	0.464112134183711
-0.253738376000975	0.37653471067778
-0.1228108710974	0.102484164892517
0.321827603574453	0.319047351958613
-0.166982901483708	0.221157815383917
-0.1462775266525	0.171245316751057
-0.707142954463279	1.13376600903253
0.0000828106972604119	0.0000808226360665893
-0.306811820592735	0.487653429023514
-0.458758732387635	0.783808247318713
0.646958798952337	1.23906191302284
0.837290780915949	1.76106220337222
-0.197750918057414	0.252142115618477
-0.0125965602324687	0.0128821146512997
0.358601138702901	0.538293625940656
0.229481667947883	0.246829679028796
-0.193996361691716	0.285494677296842
-0.222851682836471	0.440087634228251
-0.732194495412973	1.78821510841747
0.147261816405943	0.206366463621868
0.0252043676161932	0.0337852432674932
0.245505079762449	0.390022336509619
0.120504623571478	0.212069661282169
0.461241373118895	1.27512218249902
0.563825805029125	1.18691147122011
0.604747731308481	0.761785845467742
-0.321323130770733	0.444367534989808
0.00711146762821427	0.00527168258388551
-0.028130461636781	0.0255966592157813
-0.925890867359499	2.06637386354359
0.276664203561226	0.452101937273195
-0.224350935213739	0.24963259225069
-0.180494534921024	0.201252444198059
-0.260404548962383	0.359200978587972
-0.64797266156206	1.2936655026087
-0.736652904530919	1.51674071371857
0.173683230812846	0.24650990599994
0.362395516787754	0.566694580815257
-0.367841908392151	0.508779205435279
0.243397546074179	0.277457625154805
0.227767547072268	0.409573125470385
0.17941154943657	0.281555554693954
-0.169972057952095	0.264526554568385
0.661670680295558	1.37967961498149
-0.0127421400267553	0.017050029870987
-0.19662002659476	0.260722353256081
-0.180573561546947	0.305614334568307
-0.793774418324256	2.45610640472339
-0.311789583074375	0.556905236556061
-0.467919670372482	0.593331606857353
-0.324957281030958	0.517629365100314
0.852210052554473	1.02192022260635
-0.728535962368748	1.04233998058163
-0.341168372326295	0.543136367805399
0.428698419853954	0.88252748751355
-0.478066133826731	0.792085755320247
-0.241526048926225	0.28166812385464
-0.150982462618742	0.192251662228334
-0.402894960966389	0.707359280408735
0.0286806679179385	0.0316639891730096
0.245247183020622	0.337022704116069
0.47221912811678	0.843391894322297
0.245064163858021	0.33670654503615
-0.446096526907094	1.0746919155121
0.613189752723689	1.91507683848109
0.476748261549717	1.1197891199591
-0.129220181803832	0.151099176293951
-0.162529779445021	0.274156235306233
-0.031824013538593	0.0401926507769042
-0.260034875310782	0.530850346984091
0.076674190617994	0.115636972387312
-0.111020161950241	0.124326654257662
0.16447755255689	0.184641466063577
0.168147482236881	0.212368998805126
-0.520276712152383	0.471143430628877
-0.159693663766446	0.169497432273099
0.330741180367586	0.531792112174041
0.496338792830083	1.01369385377429
-0.20305114309735	0.214626981563556
-0.253578465352871	0.266933985798239
0.153165131441797	0.184156262559652
0.244865525261785	0.388725534556647
0.297528987208431	0.472972916444113
0.0304628278584237	0.0336982173596109
-0.148761016700691	0.181885838801912
-0.622209611038002	1.17297541896471
0.0618951719643819	0.0660894402619738
0.20563731687818	0.361045649233678
-0.137254048021891	0.26342752664541
-0.302759346981215	0.693874018073216
-0.213306319986264	0.187992006831888
0.262211762769	0.453332716998831
-0.414985538275836	1.03545557628438
-0.265549310301647	0.481866704419189
0.11433152345495	0.195977620702011
-0.145874222311709	0.262776554950221
0.0741704544925304	0.102210612453635
0.467920876796786	0.878119489634461
0.115100533523369	0.153946550502832
-0.304418395571682	0.370591365953782
-0.20029183477957	0.234063438497673
0.144008212229765	0.198447195681919
-0.0602773614659694	0.0734910598565667
-0.257078314998054	0.368321777697136
0.130835749659732	0.159695207847789
0.215504013671622	0.21817597160253
0.599199483276601	0.959143287650955
0.434114000109751	1.34907811598563
0.00159603011363532	0.00254264934924417
-0.332818718544796	0.828509578411893
0.163808265154037	0.183783196853308
0.140296369775876	0.265111459112358
-0.115847083639195	0.228805045482002
-0.290525946652048	0.700405088295836
-0.138741956461136	0.24428236082404
-0.18941357279574	0.386549650577137
0.488782882439446	1.29476332045664
-0.420231740717329	0.802596416413228
-0.169154057829126	0.240504122022107
0.264196068495813	0.334177046753542
0.0135663751829206	0.015808634320448
-0.0121218413845168	0.011062128279349
0.399963587795088	0.701911906180252
0.347219381510248	0.435181322154968
-0.74104028890234	1.48337686760733
0.289877550167708	0.521413229720606
-0.267303168123297	0.685480749805077
-0.409965801174145	1.11746196912706
0.132960100003502	0.255101976311124
0.142355212682307	0.209327310741398
0.191410207170361	0.237849182722145
-0.122298266831648	0.130280983323942
-0.55661055031867	1.36235968200055
-0.0181801040593226	0.0297659194154946
0.0764809824977476	0.145253657287836
0.363225891705599	0.933953418637205
-0.0286137478780593	0.0461177575494915
0.200191985390827	0.448516155910816
0.247328204221066	0.539035545110691
0.0899682423880972	0.147886844512346
0.167489728332185	0.304027841043568
0.313337613692408	0.568178465356109
-0.369190533863744	0.825335467276445
0.00856199027515958	0.0110051815984392
0.0435261472005851	0.0616340544560166
0.360389740395616	0.552210538416742
-0.595818764626744	1.40636559067216
-0.0133059409369763	0.0161581356002711
-0.42732218433106	0.839495634753374
0.652776720859379	1.2284677053775
-0.479220730302857	0.660563219090902
-0.342985279197828	0.435715371935726
-0.0642367928883181	0.0842693540488634
0.0684937959369448	0.101162097005328
0.17356194004934	0.246348645067504
0.0331829414876416	0.0439895786599704
0.234743800294514	0.395016222779729
0.0806249616536976	0.102530091548654
0.330888968208376	0.549388999041226
-0.0122440299082981	0.0131450361030162
0.00812645311941002	0.00890914979705964
0.332972960159599	0.554187977909085
0.00339665345357425	0.00415151692322792
-0.0327528164509382	0.0383759795682129
0.211091982437638	0.319797117938599
0.179204254002996	0.236548524723859
-0.0813858804299399	0.091172624014457
-0.28080651097798	0.388136018431193
-0.380190631137526	0.703942367114515
-0.341358437602866	0.578354095067819
-0.0333742352218525	0.0462292355952551
-0.754858873852605	2.48706727502316
0.374942583344092	0.797576564366028
-0.13956614669832	0.216066369366029
0.234949539523667	0.395409229939926
0.361039863460764	0.553603243649996
-0.0565046557038203	0.0633939457935572
-0.324333004528884	0.729921677253758
0.00276451496803066	0.00337996390420855
-0.34136617259081	0.507957122349097
0.464736539541993	0.913480169828404
0.181373950803112	0.266816389394175
0.645326885220461	1.23424822082133
-0.475814151970662	0.912038258368142
-0.0683314162740847	0.092492946188663
0.023860968994018	0.0245717756780183
0.194833617831019	0.214348639180325
0.0800616127065649	0.127446046910331
-0.0568735228183292	0.0638285596165269
0.203631893638317	0.26531830267593
-0.145891586768176	0.21317787460881
-0.39544375487528	0.673014152042189
0.195770641468118	0.304442666960577
0.14792217959951	0.156979012816088
-0.355059141366424	0.671969729353679
-0.708631903124721	1.41786203984508
-0.0366308217966009	0.0373233409067473
0.397760771479309	0.539769713079362
0.0698599997060203	0.103380594387307
-0.0421430301146039	0.0493475556448632
-0.668159480267767	1.83134326588697
-0.147201539869096	0.179572020930334
-0.38108448281946	0.608855209314091
0.22529447194895	0.432859280036654
-0.0140989976696361	0.0171359097395789
-0.482366048124597	1.09648787068399
0.209676412125307	0.279557737687902
-0.551710308335275	1.23670390043851
-0.182770053146027	0.269082066579027
0.130255591581921	0.171891930289967
0.0493747952509133	0.0573883721792869
-0.241313090323178	0.391672237572149
-0.246121388481063	0.388862703007725
-0.0823936717865985	0.100572946111084
-0.231905816940642	0.376892403503517
