group	fill	colour	clickSelects
2	#E16A9A	#383838	211
3	#E16A9A	#383838	211
4	#FEF7FA	#CACACA	64
5	#FFFFFF	#D3D3D3	57
6	#FFFFFF	#D3D3D3	57
7	#FFFFFF	#D3D3D3	57
8	#FFFFFF	#D3D3D3	57
9	#FFFFFF	#D3D3D3	57
10	#FFFFFF	#D3D3D3	57
11	#FFFFFF	#D3D3D3	57
12	#FFFFFF	#D3D3D3	57
13	#FFFFFF	#D3D3D3	57
14	#FFFEFE	#D2D2D2	20
15	#FFFFFF	#D3D3D3	57
16	#FFFFFF	#D3D3D3	57
17	#FFFFFF	#D3D3D3	57
18	#FFFFFF	#D3D3D3	57
19	#FFFFFF	#D3D3D3	57
20	#FFFFFF	#D3D3D3	57
21	#FFFFFF	#D3D3D3	57
22	#FFFFFF	#D3D3D3	57
23	#FFFFFF	#D3D3D3	57
24	#FFFFFF	#D3D3D3	57
25	#FFFEFE	#D2D2D2	20
26	#FFFFFF	#D3D3D3	57
27	#FFFFFF	#D3D3D3	57
28	#FFFFFF	#D3D3D3	60
29	#FFFFFF	#D3D3D3	60
30	#FFFFFF	#D3D3D3	60
31	#FFFFFF	#D3D3D3	60
32	#FFFFFF	#D3D3D3	60
33	#FFFFFF	#D3D3D3	60
34	#FFFFFF	#D3D3D3	60
35	#FFFFFF	#D3D3D3	60
36	#FEF7FA	#CACACA	64
37	#FFFFFF	#D3D3D3	13
38	#FFFFFF	#D3D3D3	13
39	#FFFFFF	#D3D3D3	76
40	#FFFFFF	#D3D3D3	76
41	#FFFFFF	#D3D3D3	76
42	#FFFFFF	#D3D3D3	76
43	#FFFFFF	#D3D3D3	76
44	#FFFFFF	#D3D3D3	76
45	#FFFFFF	#D3D3D3	76
46	#FEF7FA	#CACACA	64
47	#FEF7FA	#CACACA	64
48	#FEF7FA	#CACACA	64
49	#FEF7FA	#CACACA	64
50	#FEF7FA	#CACACA	64
52	#E16A9A	#383838	211
53	#E16A9A	#383838	211
54	#FEF7FA	#CACACA	64
55	#FEF7FA	#CACACA	64
56	#FFFFFF	#D3D3D3	57
57	#FFFFFF	#D3D3D3	57
58	#FFFFFF	#D3D3D3	57
59	#FFFFFF	#D3D3D3	57
60	#FFFFFF	#D3D3D3	57
61	#FFFFFF	#D3D3D3	57
62	#FFFFFF	#D3D3D3	57
63	#FFFFFF	#D3D3D3	57
64	#FFFEFE	#D2D2D2	20
65	#FFFFFF	#D3D3D3	57
66	#FFFFFF	#D3D3D3	57
67	#FFFFFF	#D3D3D3	57
68	#FFFFFF	#D3D3D3	57
69	#FFFFFF	#D3D3D3	57
70	#FFFFFF	#D3D3D3	57
71	#FFFFFF	#D3D3D3	57
72	#FFFFFF	#D3D3D3	57
73	#FFFFFF	#D3D3D3	57
74	#FFFFFF	#D3D3D3	57
75	#FFFEFE	#D2D2D2	20
76	#FFFFFF	#D3D3D3	57
77	#FFFFFF	#D3D3D3	57
78	#FFFFFF	#D3D3D3	57
79	#FFFFFF	#D3D3D3	60
80	#FFFFFF	#D3D3D3	60
81	#FFFFFF	#D3D3D3	60
82	#FFFFFF	#D3D3D3	60
83	#FFFFFF	#D3D3D3	60
84	#FFFFFF	#D3D3D3	60
85	#FFFFFF	#D3D3D3	60
86	#FFFEFE	#D2D2D2	20
87	#FFFFFF	#D3D3D3	13
88	#FFFFFF	#D3D3D3	76
89	#FFFFFF	#D3D3D3	13
90	#FFFFFF	#D3D3D3	76
91	#FFFFFF	#D3D3D3	76
92	#FFFFFF	#D3D3D3	76
93	#FFFFFF	#D3D3D3	76
94	#FFFFFF	#D3D3D3	76
95	#FFFFFF	#D3D3D3	76
96	#FFFFFF	#D3D3D3	76
97	#FEF7FA	#CACACA	64
98	#FEF7FA	#CACACA	64
99	#FEF7FA	#CACACA	64
100	#FEF7FA	#CACACA	64
101	#FEF7FA	#CACACA	64
103	#E16A9A	#383838	211
104	#FFFEFE	#D2D2D2	20
105	#FEF7FA	#CACACA	64
106	#FEF7FA	#CACACA	64
107	#FFFFFF	#D3D3D3	57
108	#FFFFFF	#D3D3D3	57
109	#FFFFFF	#D3D3D3	57
110	#FFFFFF	#D3D3D3	57
111	#FFFFFF	#D3D3D3	57
112	#FFFFFF	#D3D3D3	57
113	#FFFFFF	#D3D3D3	57
114	#FFFFFF	#D3D3D3	57
115	#FFFEFE	#D2D2D2	20
116	#FFFFFF	#D3D3D3	57
117	#FFFFFF	#D3D3D3	57
118	#FFFFFF	#D3D3D3	57
119	#FFFFFF	#D3D3D3	57
120	#FFFFFF	#D3D3D3	57
121	#FFFFFF	#D3D3D3	57
122	#FFFFFF	#D3D3D3	57
123	#FFFFFF	#D3D3D3	57
124	#FFFFFF	#D3D3D3	57
125	#FFFFFF	#D3D3D3	57
126	#FFFEFE	#D2D2D2	20
127	#FFFFFF	#D3D3D3	57
128	#FFFFFF	#D3D3D3	57
129	#FFFFFF	#D3D3D3	57
130	#FFFFFF	#D3D3D3	60
131	#FFFFFF	#D3D3D3	60
132	#FFFFFF	#D3D3D3	60
133	#FFFFFF	#D3D3D3	60
134	#FFFFFF	#D3D3D3	60
135	#FFFFFF	#D3D3D3	60
136	#FFFFFF	#D3D3D3	13
137	#FEF7FA	#CACACA	64
138	#FFFFFF	#D3D3D3	76
139	#FFFFFF	#D3D3D3	76
140	#FFFFFF	#D3D3D3	76
141	#FFFFFF	#D3D3D3	76
142	#FFFFFF	#D3D3D3	76
143	#FFFFFF	#D3D3D3	76
144	#FFFFFF	#D3D3D3	76
145	#FFFFFF	#D3D3D3	76
146	#FFFFFF	#D3D3D3	76
147	#FEF7FA	#CACACA	64
148	#FEF7FA	#CACACA	64
149	#FEF7FA	#CACACA	64
150	#FEF7FA	#CACACA	64
151	#FEF7FA	#CACACA	64
153	#FFFFFF	#D3D3D3	172
154	#FFFFFF	#D3D3D3	168
155	#FFFFFF	#D3D3D3	24
156	#FFFFFF	#D3D3D3	24
157	#FFFFFF	#D3D3D3	24
158	#FFFFFF	#D3D3D3	24
159	#FEF7FA	#CACACA	64
160	#FFFFFF	#D3D3D3	24
161	#FFFFFF	#D3D3D3	24
162	#FEF7FA	#CACACA	64
163	#FEF7FA	#CACACA	64
164	#FEF7FA	#CACACA	64
165	#FFFFFF	#D3D3D3	168
166	#FEF7FA	#CACACA	64
167	#FFFFFF	#D3D3D3	24
168	#FFFFFF	#D3D3D3	24
169	#FFFFFF	#D3D3D3	57
170	#FFFFFF	#D3D3D3	57
171	#FFFFFF	#D3D3D3	57
172	#FFFFFF	#D3D3D3	57
173	#FFFFFF	#D3D3D3	57
174	#FFFFFF	#D3D3D3	57
175	#FFFFFF	#D3D3D3	57
176	#FFFFFF	#D3D3D3	168
177	#FFFFFF	#D3D3D3	57
178	#FFFFFF	#D3D3D3	60
179	#FFFFFF	#D3D3D3	60
180	#FFFFFF	#D3D3D3	60
181	#FFFFFF	#D3D3D3	60
182	#FFFFFF	#D3D3D3	60
183	#FFFFFF	#D3D3D3	106
184	#FFFFFF	#D3D3D3	106
185	#FFFFFF	#D3D3D3	106
186	#FFFFFF	#D3D3D3	106
187	#FFFEFE	#D2D2D2	20
188	#FFFFFF	#D3D3D3	106
189	#FFFFFF	#D3D3D3	106
190	#FFFFFF	#D3D3D3	106
191	#FFFFFF	#D3D3D3	106
192	#FFFFFF	#D3D3D3	106
193	#FFFFFF	#D3D3D3	106
194	#FFFFFF	#D3D3D3	106
195	#FFFFFF	#D3D3D3	106
196	#FFFFFF	#D3D3D3	76
197	#FFFFFF	#D3D3D3	76
198	#FFFFFF	#D3D3D3	221
199	#FFFFFF	#D3D3D3	221
200	#FFFFFF	#D3D3D3	24
201	#FFFFFF	#D3D3D3	24
202	#FFFFFF	#D3D3D3	24
204	#FFFFFF	#D3D3D3	172
205	#FFFFFF	#D3D3D3	168
206	#FFFFFF	#D3D3D3	24
207	#FFFFFF	#D3D3D3	24
208	#FFFFFF	#D3D3D3	24
209	#FEF7FA	#CACACA	64
210	#FFFFFF	#D3D3D3	24
211	#FFFFFF	#D3D3D3	24
212	#FEF7FA	#CACACA	64
213	#FEF7FA	#CACACA	64
214	#FEF7FA	#CACACA	64
215	#FEF7FA	#CACACA	64
216	#FFFFFF	#D3D3D3	168
217	#FFFFFF	#D3D3D3	24
218	#FFFFFF	#D3D3D3	24
219	#FFFFFF	#D3D3D3	57
220	#FFFFFF	#D3D3D3	57
221	#FFFFFF	#D3D3D3	57
222	#FFFFFF	#D3D3D3	57
223	#FFFFFF	#D3D3D3	57
224	#FFFFFF	#D3D3D3	57
225	#FFFFFF	#D3D3D3	57
226	#FFFFFF	#D3D3D3	57
227	#FFFEFE	#D2D2D2	20
228	#FFFFFF	#D3D3D3	57
229	#FFFFFF	#D3D3D3	60
230	#FFFFFF	#D3D3D3	60
231	#FFFFFF	#D3D3D3	60
232	#FFFFFF	#D3D3D3	60
233	#FFFFFF	#D3D3D3	106
234	#FFFFFF	#D3D3D3	106
235	#FFFFFF	#D3D3D3	106
236	#FFFFFF	#D3D3D3	106
237	#FFFFFF	#D3D3D3	106
238	#FFFEFE	#D2D2D2	20
239	#FFFFFF	#D3D3D3	106
240	#FFFFFF	#D3D3D3	106
241	#FFFFFF	#D3D3D3	106
242	#FFFFFF	#D3D3D3	106
243	#FFFFFF	#D3D3D3	106
244	#FFFFFF	#D3D3D3	106
245	#FFFFFF	#D3D3D3	106
246	#FFFFFF	#D3D3D3	106
247	#FFFFFF	#D3D3D3	76
248	#FFFFFF	#D3D3D3	221
249	#FFFFFF	#D3D3D3	221
250	#FFFFFF	#D3D3D3	24
251	#FFFFFF	#D3D3D3	24
252	#FFFFFF	#D3D3D3	24
254	#FFFFFF	#D3D3D3	172
255	#FFFFFF	#D3D3D3	168
256	#FFFFFF	#D3D3D3	24
257	#FFFFFF	#D3D3D3	24
258	#FFFFFF	#D3D3D3	221
259	#FFFFFF	#D3D3D3	24
260	#FFFFFF	#D3D3D3	24
261	#FFFFFF	#D3D3D3	24
262	#FEF7FA	#CACACA	64
263	#FEF7FA	#CACACA	64
264	#FEF7FA	#CACACA	64
265	#FEF7FA	#CACACA	64
266	#FFFFFF	#D3D3D3	168
267	#FFFFFF	#D3D3D3	24
268	#FFFFFF	#D3D3D3	24
269	#FFFFFF	#D3D3D3	24
270	#FFFFFF	#D3D3D3	57
271	#FFFFFF	#D3D3D3	57
272	#FFFFFF	#D3D3D3	57
273	#FFFFFF	#D3D3D3	57
274	#FFFFFF	#D3D3D3	57
275	#FFFFFF	#D3D3D3	24
276	#FFFFFF	#D3D3D3	57
277	#FFFEFE	#D2D2D2	20
278	#FFFFFF	#D3D3D3	57
279	#FFFFFF	#D3D3D3	60
280	#FFFFFF	#D3D3D3	60
281	#FFFFFF	#D3D3D3	60
282	#FFFFFF	#D3D3D3	60
283	#FFFFFF	#D3D3D3	106
284	#FFFFFF	#D3D3D3	60
285	#FFFFFF	#D3D3D3	60
286	#FFFFFF	#D3D3D3	106
287	#FFFFFF	#D3D3D3	106
288	#FFFEFE	#D2D2D2	20
289	#FFFFFF	#D3D3D3	106
290	#FFFFFF	#D3D3D3	106
291	#FFFFFF	#D3D3D3	106
292	#FFFFFF	#D3D3D3	106
293	#FFFFFF	#D3D3D3	106
294	#FFFFFF	#D3D3D3	106
295	#FFFFFF	#D3D3D3	106
296	#FFFFFF	#D3D3D3	106
297	#FFFFFF	#D3D3D3	106
298	#FFFFFF	#D3D3D3	76
299	#FFFEFE	#D2D2D2	20
300	#FFFFFF	#D3D3D3	221
301	#FFFFFF	#D3D3D3	221
302	#FFFFFF	#D3D3D3	24
303	#FFFFFF	#D3D3D3	24
305	#FFFFFF	#D3D3D3	172
306	#FFFFFF	#D3D3D3	168
307	#FFFFFF	#D3D3D3	24
308	#FFFFFF	#D3D3D3	221
309	#FFFFFF	#D3D3D3	24
310	#FFFFFF	#D3D3D3	24
311	#FFFFFF	#D3D3D3	24
312	#FEF7FA	#CACACA	64
313	#FEF7FA	#CACACA	64
314	#FEF7FA	#CACACA	64
315	#FEF7FA	#CACACA	64
316	#FEF7FA	#CACACA	64
317	#FFFFFF	#D3D3D3	168
318	#FFFFFF	#D3D3D3	24
319	#FFFFFF	#D3D3D3	24
320	#FFFFFF	#D3D3D3	24
321	#FFFFFF	#D3D3D3	57
322	#FFFFFF	#D3D3D3	57
323	#FFFFFF	#D3D3D3	57
324	#FFFFFF	#D3D3D3	57
325	#FFFFFF	#D3D3D3	24
326	#FFFFFF	#D3D3D3	24
327	#FFFFFF	#D3D3D3	57
328	#FFFEFE	#D2D2D2	20
329	#FFFFFF	#D3D3D3	57
330	#FFFFFF	#D3D3D3	60
331	#FFFFFF	#D3D3D3	60
332	#FFFFFF	#D3D3D3	60
333	#FFFFFF	#D3D3D3	60
334	#FFFFFF	#D3D3D3	60
335	#FFFFFF	#D3D3D3	60
336	#FFFFFF	#D3D3D3	60
337	#FFFFFF	#D3D3D3	106
338	#FFFFFF	#D3D3D3	106
339	#FFFEFE	#D2D2D2	20
340	#FFFFFF	#D3D3D3	106
341	#FFFFFF	#D3D3D3	106
342	#FFFFFF	#D3D3D3	106
343	#FFFFFF	#D3D3D3	106
344	#FFFFFF	#D3D3D3	106
345	#FFFFFF	#D3D3D3	106
346	#FFFFFF	#D3D3D3	106
347	#FFFFFF	#D3D3D3	106
348	#FFFFFF	#D3D3D3	106
349	#FFFFFF	#D3D3D3	221
350	#FFFFFF	#D3D3D3	221
351	#FFFFFF	#D3D3D3	24
352	#FFFFFF	#D3D3D3	24
353	#FFFFFF	#D3D3D3	24
355	#FFFFFF	#D3D3D3	172
356	#FFFFFF	#D3D3D3	172
357	#FFFFFF	#D3D3D3	221
358	#FFFFFF	#D3D3D3	221
359	#FFFFFF	#D3D3D3	24
360	#FFFFFF	#D3D3D3	221
361	#FFFFFF	#D3D3D3	24
362	#FEF7FA	#CACACA	64
363	#FEF7FA	#CACACA	64
364	#FEF7FA	#CACACA	64
365	#FFFFFF	#D3D3D3	24
366	#FFFFFF	#D3D3D3	24
367	#FFFFFF	#D3D3D3	168
368	#FEF7FA	#CACACA	64
369	#FEF7FA	#CACACA	64
370	#FFFFFF	#D3D3D3	24
371	#FFFFFF	#D3D3D3	24
372	#FFFFFF	#D3D3D3	57
373	#FFFFFF	#D3D3D3	57
374	#FFFFFF	#D3D3D3	57
375	#FFFFFF	#D3D3D3	24
376	#FFFFFF	#D3D3D3	24
377	#FFFFFF	#D3D3D3	57
378	#FFFFFF	#D3D3D3	168
379	#FFFFFF	#D3D3D3	57
380	#FFFFFF	#D3D3D3	57
381	#FFFFFF	#D3D3D3	60
382	#FFFFFF	#D3D3D3	60
383	#FFFFFF	#D3D3D3	60
384	#FFFFFF	#D3D3D3	60
385	#FFFFFF	#D3D3D3	60
386	#FFFFFF	#D3D3D3	60
387	#FFFFFF	#D3D3D3	60
388	#FFFFFF	#D3D3D3	106
389	#FFFEFE	#D2D2D2	20
390	#FFFFFF	#D3D3D3	106
391	#FFFFFF	#D3D3D3	106
392	#FFFFFF	#D3D3D3	106
393	#FFFFFF	#D3D3D3	106
394	#FFFFFF	#D3D3D3	106
395	#FFFFFF	#D3D3D3	106
396	#FFFFFF	#D3D3D3	106
397	#FFFFFF	#D3D3D3	106
398	#FFFFFF	#D3D3D3	106
399	#FFFFFF	#D3D3D3	106
400	#FFFEFE	#D2D2D2	20
401	#FFFFFF	#D3D3D3	221
402	#FFFFFF	#D3D3D3	221
403	#FFFFFF	#D3D3D3	24
404	#FFFFFF	#D3D3D3	24
406	#FFFFFF	#D3D3D3	172
407	#FFFFFF	#D3D3D3	168
408	#FFFFFF	#D3D3D3	221
409	#FFFFFF	#D3D3D3	24
410	#FFFFFF	#D3D3D3	221
411	#FFFFFF	#D3D3D3	221
412	#FFFFFF	#D3D3D3	24
413	#FEF7FA	#CACACA	64
414	#FEF7FA	#CACACA	64
415	#FFFFFF	#D3D3D3	24
416	#FFFFFF	#D3D3D3	24
417	#FEF7FA	#CACACA	64
418	#FFFFFF	#D3D3D3	168
419	#FEF7FA	#CACACA	64
420	#FFFFFF	#D3D3D3	24
421	#FFFFFF	#D3D3D3	24
422	#FFFFFF	#D3D3D3	24
423	#FFFFFF	#D3D3D3	57
424	#FFFFFF	#D3D3D3	57
425	#FFFFFF	#D3D3D3	24
426	#FFFFFF	#D3D3D3	24
427	#FFFFFF	#D3D3D3	24
428	#FFFFFF	#D3D3D3	60
429	#FFFEFE	#D2D2D2	20
430	#FFFFFF	#D3D3D3	57
431	#FFFFFF	#D3D3D3	57
432	#FFFFFF	#D3D3D3	60
433	#FFFFFF	#D3D3D3	60
434	#FFFFFF	#D3D3D3	60
435	#FFFFFF	#D3D3D3	60
436	#FFFFFF	#D3D3D3	60
437	#FFFFFF	#D3D3D3	60
438	#FFFFFF	#D3D3D3	106
439	#FFFFFF	#D3D3D3	106
440	#FFFEFE	#D2D2D2	20
441	#FFFFFF	#D3D3D3	106
442	#FFFFFF	#D3D3D3	106
443	#FFFFFF	#D3D3D3	106
444	#FFFFFF	#D3D3D3	106
445	#FFFFFF	#D3D3D3	106
446	#FFFFFF	#D3D3D3	106
447	#FFFFFF	#D3D3D3	106
448	#FFFFFF	#D3D3D3	106
449	#FFFFFF	#D3D3D3	106
450	#FFFEFE	#D2D2D2	20
451	#FFFFFF	#D3D3D3	221
452	#FFFFFF	#D3D3D3	221
453	#FFFFFF	#D3D3D3	24
454	#FFFFFF	#D3D3D3	221
456	#FFFFFF	#D3D3D3	172
457	#FFFFFF	#D3D3D3	168
458	#FFFFFF	#D3D3D3	221
459	#FFFFFF	#D3D3D3	221
460	#FFFFFF	#D3D3D3	221
461	#FFFFFF	#D3D3D3	221
462	#FFFFFF	#D3D3D3	24
463	#FFFFFF	#D3D3D3	24
464	#FEF7FA	#CACACA	64
465	#FFFFFF	#D3D3D3	24
466	#FFFFFF	#D3D3D3	24
467	#FFFFFF	#D3D3D3	24
468	#FFFFFF	#D3D3D3	168
469	#FEF7FA	#CACACA	64
470	#FFFFFF	#D3D3D3	24
471	#FFFFFF	#D3D3D3	24
472	#FFFFFF	#D3D3D3	24
473	#FFFFFF	#D3D3D3	24
474	#FFFFFF	#D3D3D3	57
475	#FFFFFF	#D3D3D3	24
476	#FFFFFF	#D3D3D3	24
477	#FFFFFF	#D3D3D3	24
478	#FFFFFF	#D3D3D3	60
479	#FFFFFF	#D3D3D3	168
480	#FFFFFF	#D3D3D3	60
481	#FFFFFF	#D3D3D3	57
482	#FFFFFF	#D3D3D3	57
483	#FFFFFF	#D3D3D3	60
484	#FFFFFF	#D3D3D3	60
485	#FFFFFF	#D3D3D3	60
486	#FFFFFF	#D3D3D3	60
487	#FFFFFF	#D3D3D3	60
488	#FFFFFF	#D3D3D3	60
489	#FFFFFF	#D3D3D3	106
490	#FFFEFE	#D2D2D2	20
491	#FFFFFF	#D3D3D3	106
492	#FFFFFF	#D3D3D3	106
493	#FFFFFF	#D3D3D3	106
494	#FFFFFF	#D3D3D3	60
495	#FFFFFF	#D3D3D3	106
496	#FFFFFF	#D3D3D3	106
497	#FFFFFF	#D3D3D3	106
498	#FFFFFF	#D3D3D3	106
499	#FFFFFF	#D3D3D3	106
500	#FFFFFF	#D3D3D3	106
501	#FFFEFE	#D2D2D2	20
502	#FFFEFE	#D2D2D2	20
503	#FFFFFF	#D3D3D3	221
504	#FFFFFF	#D3D3D3	221
505	#FFFFFF	#D3D3D3	221
507	#FFFFFF	#D3D3D3	172
508	#FFFFFF	#D3D3D3	168
509	#FFFFFF	#D3D3D3	221
510	#FFFFFF	#D3D3D3	221
511	#FFFFFF	#D3D3D3	221
512	#FFFFFF	#D3D3D3	24
513	#FFFFFF	#D3D3D3	24
514	#FFFFFF	#D3D3D3	24
515	#FFFFFF	#D3D3D3	24
516	#FFFFFF	#D3D3D3	24
517	#FFFFFF	#D3D3D3	24
518	#FEF7FA	#CACACA	64
519	#FFFFFF	#D3D3D3	168
520	#FFFFFF	#D3D3D3	24
521	#FFFFFF	#D3D3D3	24
522	#FFFFFF	#D3D3D3	24
523	#FFFFFF	#D3D3D3	24
524	#FFFFFF	#D3D3D3	24
525	#FFFFFF	#D3D3D3	24
526	#FFFFFF	#D3D3D3	24
527	#FFFFFF	#D3D3D3	24
528	#FFFFFF	#D3D3D3	60
529	#FFFFFF	#D3D3D3	60
530	#FFFFFF	#D3D3D3	168
531	#FFFFFF	#D3D3D3	60
532	#FFFFFF	#D3D3D3	57
533	#FFFFFF	#D3D3D3	57
534	#FFFFFF	#D3D3D3	57
535	#FFFFFF	#D3D3D3	60
536	#FFFFFF	#D3D3D3	60
537	#FFFFFF	#D3D3D3	60
538	#FFFFFF	#D3D3D3	60
539	#FFFFFF	#D3D3D3	60
540	#FFFFFF	#D3D3D3	60
541	#FFFEFE	#D2D2D2	20
542	#FFFFFF	#D3D3D3	106
543	#FFFFFF	#D3D3D3	106
544	#FFFFFF	#D3D3D3	106
545	#FFFFFF	#D3D3D3	60
546	#FFFFFF	#D3D3D3	60
547	#FFFFFF	#D3D3D3	106
548	#FFFFFF	#D3D3D3	106
549	#FFFFFF	#D3D3D3	106
550	#FFFFFF	#D3D3D3	106
551	#FFFEFE	#D2D2D2	20
552	#FFFEFE	#D2D2D2	20
553	#FFFFFF	#D3D3D3	221
554	#FFFFFF	#D3D3D3	221
555	#FFFFFF	#D3D3D3	221
557	#FFFFFF	#D3D3D3	172
558	#FFFFFF	#D3D3D3	168
559	#FFFFFF	#D3D3D3	221
560	#FFFFFF	#D3D3D3	221
561	#FFFFFF	#D3D3D3	221
562	#FFFFFF	#D3D3D3	24
563	#FFFFFF	#D3D3D3	24
564	#FFFFFF	#D3D3D3	24
565	#FFFFFF	#D3D3D3	24
566	#FFFFFF	#D3D3D3	24
567	#FFFFFF	#D3D3D3	24
568	#FEF7FA	#CACACA	64
569	#FFFFFF	#D3D3D3	168
570	#FEF7FA	#CACACA	64
571	#FFFFFF	#D3D3D3	24
572	#FFFFFF	#D3D3D3	24
573	#FFFFFF	#D3D3D3	24
574	#FFFFFF	#D3D3D3	24
575	#FFFFFF	#D3D3D3	24
576	#FFFFFF	#D3D3D3	24
577	#FFFFFF	#D3D3D3	24
578	#FFFFFF	#D3D3D3	60
579	#FFFFFF	#D3D3D3	60
580	#FFFFFF	#D3D3D3	168
581	#FFFFFF	#D3D3D3	60
582	#FFFFFF	#D3D3D3	60
583	#FFFFFF	#D3D3D3	57
584	#FFFFFF	#D3D3D3	57
585	#FFFFFF	#D3D3D3	57
586	#FFFFFF	#D3D3D3	60
587	#FFFFFF	#D3D3D3	60
588	#FFFFFF	#D3D3D3	60
589	#FFFFFF	#D3D3D3	60
590	#FFFFFF	#D3D3D3	60
591	#FFFFFF	#D3D3D3	168
592	#FFFFFF	#D3D3D3	106
593	#FFFFFF	#D3D3D3	106
594	#FFFFFF	#D3D3D3	106
595	#FFFFFF	#D3D3D3	106
596	#FFFFFF	#D3D3D3	60
597	#FFFFFF	#D3D3D3	60
598	#FFFFFF	#D3D3D3	106
599	#FFFFFF	#D3D3D3	106
600	#FFFFFF	#D3D3D3	106
601	#FFFFFF	#D3D3D3	106
602	#FFFEFE	#D2D2D2	20
603	#FFFEFE	#D2D2D2	20
604	#FFFEFE	#D2D2D2	20
605	#FFFFFF	#D3D3D3	221
606	#FFFFFF	#D3D3D3	221
608	#FFFFFF	#D3D3D3	172
609	#FFFFFF	#D3D3D3	168
610	#FFFFFF	#D3D3D3	221
611	#FFFFFF	#D3D3D3	221
612	#FFFFFF	#D3D3D3	24
613	#FFFFFF	#D3D3D3	24
614	#FFFFFF	#D3D3D3	24
615	#FFFFFF	#D3D3D3	221
616	#FFFFFF	#D3D3D3	24
617	#FFFFFF	#D3D3D3	24
618	#FEF7FA	#CACACA	64
619	#FEF7FA	#CACACA	64
620	#FFFFFF	#D3D3D3	168
621	#FFFFFF	#D3D3D3	24
622	#FFFFFF	#D3D3D3	24
623	#FFFFFF	#D3D3D3	24
624	#FFFFFF	#D3D3D3	24
625	#FFFFFF	#D3D3D3	24
626	#FFFFFF	#D3D3D3	24
627	#FFFFFF	#D3D3D3	24
628	#FFFFFF	#D3D3D3	60
629	#FFFFFF	#D3D3D3	60
630	#FFFFFF	#D3D3D3	60
631	#FFFFFF	#D3D3D3	168
632	#FFFFFF	#D3D3D3	60
633	#FFFFFF	#D3D3D3	60
634	#FFFFFF	#D3D3D3	57
635	#FFFFFF	#D3D3D3	57
636	#FFFFFF	#D3D3D3	60
637	#FFFFFF	#D3D3D3	60
638	#FFFFFF	#D3D3D3	60
639	#FFFFFF	#D3D3D3	60
640	#FFFFFF	#D3D3D3	60
641	#FFFFFF	#D3D3D3	60
642	#FFFEFE	#D2D2D2	20
643	#FFFFFF	#D3D3D3	106
644	#FFFFFF	#D3D3D3	106
645	#FFFFFF	#D3D3D3	60
646	#FFFFFF	#D3D3D3	106
647	#FFFFFF	#D3D3D3	60
648	#FFFFFF	#D3D3D3	60
649	#FFFFFF	#D3D3D3	106
650	#FFFFFF	#D3D3D3	106
651	#FFFFFF	#D3D3D3	106
652	#FFFEFE	#D2D2D2	20
653	#FFFEFE	#D2D2D2	20
654	#FFFFFF	#D3D3D3	221
655	#FFFFFF	#D3D3D3	221
656	#FFFFFF	#D3D3D3	221
658	#FFFFFF	#D3D3D3	172
659	#FFFFFF	#D3D3D3	168
660	#FFFFFF	#D3D3D3	221
661	#FFFFFF	#D3D3D3	221
662	#FFFFFF	#D3D3D3	24
663	#FFFFFF	#D3D3D3	24
664	#FFFFFF	#D3D3D3	24
665	#FFFFFF	#D3D3D3	221
666	#FFFFFF	#D3D3D3	221
667	#FFFFFF	#D3D3D3	24
668	#FFFFFF	#D3D3D3	24
669	#FEF7FA	#CACACA	64
670	#FFFFFF	#D3D3D3	168
671	#FEF7FA	#CACACA	64
672	#FFFFFF	#D3D3D3	24
673	#FFFFFF	#D3D3D3	24
674	#FFFFFF	#D3D3D3	24
675	#FFFFFF	#D3D3D3	24
676	#FFFFFF	#D3D3D3	24
677	#FFFFFF	#D3D3D3	24
678	#FFFFFF	#D3D3D3	60
679	#FFFFFF	#D3D3D3	60
680	#FFFFFF	#D3D3D3	60
681	#FFFFFF	#D3D3D3	168
682	#FFFFFF	#D3D3D3	60
683	#FFFFFF	#D3D3D3	60
684	#FFFFFF	#D3D3D3	60
685	#FFFFFF	#D3D3D3	57
686	#FFFFFF	#D3D3D3	60
687	#FFFFFF	#D3D3D3	60
688	#FFFFFF	#D3D3D3	60
689	#FFFFFF	#D3D3D3	60
690	#FFFFFF	#D3D3D3	60
691	#FFFFFF	#D3D3D3	60
692	#FFFEFE	#D2D2D2	20
693	#FFFFFF	#D3D3D3	60
694	#FFFFFF	#D3D3D3	106
695	#FFFFFF	#D3D3D3	106
696	#FFFFFF	#D3D3D3	60
697	#FFFFFF	#D3D3D3	106
698	#FFFFFF	#D3D3D3	60
699	#FFFFFF	#D3D3D3	60
700	#FFFFFF	#D3D3D3	106
701	#FFFFFF	#D3D3D3	106
702	#FFFFFF	#D3D3D3	106
703	#FFFEFE	#D2D2D2	20
704	#FFFEFE	#D2D2D2	20
705	#FFFFFF	#D3D3D3	221
706	#FFFFFF	#D3D3D3	221
707	#FFFFFF	#D3D3D3	221
709	#FFFFFF	#D3D3D3	172
710	#FFFFFF	#D3D3D3	168
711	#FFFFFF	#D3D3D3	221
712	#FFFFFF	#D3D3D3	24
713	#FFFFFF	#D3D3D3	24
714	#FFFFFF	#D3D3D3	24
715	#FFFFFF	#D3D3D3	221
716	#FFFFFF	#D3D3D3	221
717	#FFFFFF	#D3D3D3	221
718	#FFFFFF	#D3D3D3	24
719	#FFFFFF	#D3D3D3	24
720	#FEF7FA	#CACACA	64
721	#FFFFFF	#D3D3D3	168
722	#FFFFFF	#D3D3D3	24
723	#FFFFFF	#D3D3D3	24
724	#FFFFFF	#D3D3D3	24
725	#FFFFFF	#D3D3D3	24
726	#FFFFFF	#D3D3D3	24
727	#FFFFFF	#D3D3D3	24
728	#FFFFFF	#D3D3D3	60
729	#FFFFFF	#D3D3D3	60
730	#FFFFFF	#D3D3D3	60
731	#FFFFFF	#D3D3D3	60
732	#FFFEFE	#D2D2D2	20
733	#FFFFFF	#D3D3D3	60
734	#FFFFFF	#D3D3D3	60
735	#FFFFFF	#D3D3D3	60
736	#FFFFFF	#D3D3D3	60
737	#FFFFFF	#D3D3D3	60
738	#FFFFFF	#D3D3D3	60
739	#FFFFFF	#D3D3D3	60
740	#FFFFFF	#D3D3D3	60
741	#FFFFFF	#D3D3D3	60
742	#FFFFFF	#D3D3D3	60
743	#FFFEFE	#D2D2D2	20
744	#FFFFFF	#D3D3D3	60
745	#FFFFFF	#D3D3D3	60
746	#FFFFFF	#D3D3D3	106
747	#FFFFFF	#D3D3D3	60
748	#FFFFFF	#D3D3D3	106
749	#FFFFFF	#D3D3D3	60
750	#FFFFFF	#D3D3D3	60
751	#FFFFFF	#D3D3D3	60
752	#FFFFFF	#D3D3D3	106
753	#FFFEFE	#D2D2D2	20
754	#FFFFFF	#D3D3D3	221
755	#FFFFFF	#D3D3D3	221
756	#FFFFFF	#D3D3D3	221
757	#FFFFFF	#D3D3D3	221
759	#FFFFFF	#D3D3D3	172
760	#FFFFFF	#D3D3D3	168
761	#FFFFFF	#D3D3D3	221
762	#FFFFFF	#D3D3D3	221
763	#FFFFFF	#D3D3D3	24
764	#FFFFFF	#D3D3D3	24
765	#FFFFFF	#D3D3D3	221
766	#FFFFFF	#D3D3D3	221
767	#FFFFFF	#D3D3D3	221
768	#FFFFFF	#D3D3D3	24
769	#FFFFFF	#D3D3D3	24
770	#FFFFFF	#D3D3D3	24
771	#FFFFFF	#D3D3D3	168
772	#FFFFFF	#D3D3D3	24
773	#FFFFFF	#D3D3D3	24
774	#FFFFFF	#D3D3D3	24
775	#FFFFFF	#D3D3D3	24
776	#FFFFFF	#D3D3D3	24
777	#FFFFFF	#D3D3D3	24
778	#FFFFFF	#D3D3D3	24
779	#FFFFFF	#D3D3D3	60
780	#FFFFFF	#D3D3D3	60
781	#FFFFFF	#D3D3D3	60
782	#FFFEFE	#D2D2D2	20
783	#FFFFFF	#D3D3D3	60
784	#FFFFFF	#D3D3D3	60
785	#FFFFFF	#D3D3D3	60
786	#FFFFFF	#D3D3D3	60
787	#FFFFFF	#D3D3D3	60
788	#FFFFFF	#D3D3D3	60
789	#FFFFFF	#D3D3D3	60
790	#FFFFFF	#D3D3D3	60
791	#FFFFFF	#D3D3D3	60
792	#FFFFFF	#D3D3D3	60
793	#FFFEFE	#D2D2D2	20
794	#FFFFFF	#D3D3D3	60
795	#FFFFFF	#D3D3D3	60
796	#FFFFFF	#D3D3D3	60
797	#FFFFFF	#D3D3D3	60
798	#FFFFFF	#D3D3D3	60
799	#FFFFFF	#D3D3D3	106
800	#FFFFFF	#D3D3D3	60
801	#FFFFFF	#D3D3D3	60
802	#FFFFFF	#D3D3D3	106
803	#FFFFFF	#D3D3D3	106
804	#FFFEFE	#D2D2D2	20
805	#FFFEFE	#D2D2D2	20
806	#FFFFFF	#D3D3D3	221
807	#FFFFFF	#D3D3D3	221
808	#FFFFFF	#D3D3D3	221
810	#FFFFFF	#D3D3D3	168
811	#FFFFFF	#D3D3D3	168
812	#FFFFFF	#D3D3D3	221
813	#FFFFFF	#D3D3D3	221
814	#FFFFFF	#D3D3D3	24
815	#FFFFFF	#D3D3D3	221
816	#FFFFFF	#D3D3D3	221
817	#FFFFFF	#D3D3D3	221
818	#FFFFFF	#D3D3D3	233
819	#FFFFFF	#D3D3D3	233
820	#FFFFFF	#D3D3D3	24
821	#FFFFFF	#D3D3D3	24
822	#FFFEFE	#D2D2D2	20
823	#FFFFFF	#D3D3D3	24
824	#FFFFFF	#D3D3D3	24
825	#FFFFFF	#D3D3D3	24
826	#FFFFFF	#D3D3D3	24
827	#FFFFFF	#D3D3D3	24
828	#FFFFFF	#D3D3D3	24
829	#FFFFFF	#D3D3D3	24
830	#FFFFFF	#D3D3D3	60
831	#FFFFFF	#D3D3D3	60
832	#FFFFFF	#D3D3D3	60
833	#FFFEFE	#D2D2D2	20
834	#FFFFFF	#D3D3D3	60
835	#FFFFFF	#D3D3D3	60
836	#FFFFFF	#D3D3D3	60
837	#FFFFFF	#D3D3D3	60
838	#FFFFFF	#D3D3D3	60
839	#FFFFFF	#D3D3D3	60
840	#FFFFFF	#D3D3D3	60
841	#FFFFFF	#D3D3D3	60
842	#FFFFFF	#D3D3D3	60
843	#FFFFFF	#D3D3D3	60
844	#FFFEFE	#D2D2D2	20
845	#FFFFFF	#D3D3D3	60
846	#FFFFFF	#D3D3D3	60
847	#FFFFFF	#D3D3D3	60
848	#FFFFFF	#D3D3D3	60
849	#FFFFFF	#D3D3D3	60
850	#FFFFFF	#D3D3D3	60
851	#FFFFFF	#D3D3D3	60
852	#FFFFFF	#D3D3D3	106
853	#FFFFFF	#D3D3D3	106
854	#FFFEFE	#D2D2D2	20
855	#FFFFFF	#D3D3D3	221
856	#FFFFFF	#D3D3D3	221
857	#FFFFFF	#D3D3D3	221
858	#FFFFFF	#D3D3D3	221
860	#FFFFFF	#D3D3D3	168
861	#FFFFFF	#D3D3D3	168
862	#FFFFFF	#D3D3D3	221
863	#FFFFFF	#D3D3D3	221
864	#FFFFFF	#D3D3D3	221
865	#FFFFFF	#D3D3D3	221
866	#FFFFFF	#D3D3D3	221
867	#FFFFFF	#D3D3D3	221
868	#FFFFFF	#D3D3D3	233
869	#FFFFFF	#D3D3D3	233
870	#FFFFFF	#D3D3D3	233
871	#FFFFFF	#D3D3D3	24
872	#FFFEFE	#D2D2D2	20
873	#FFFFFF	#D3D3D3	24
874	#FFFFFF	#D3D3D3	24
875	#FFFFFF	#D3D3D3	24
876	#FFFFFF	#D3D3D3	24
877	#FFFFFF	#D3D3D3	24
878	#FFFFFF	#D3D3D3	24
879	#FFFFFF	#D3D3D3	24
880	#FFFFFF	#D3D3D3	24
881	#FFFFFF	#D3D3D3	60
882	#FFFFFF	#D3D3D3	60
883	#FFFEFE	#D2D2D2	20
884	#FFFFFF	#D3D3D3	60
885	#FFFFFF	#D3D3D3	60
886	#FFFFFF	#D3D3D3	60
887	#FFFFFF	#D3D3D3	60
888	#FFFFFF	#D3D3D3	60
889	#FFFFFF	#D3D3D3	60
890	#FFFFFF	#D3D3D3	60
891	#FFFFFF	#D3D3D3	60
892	#FFFFFF	#D3D3D3	60
893	#FFFFFF	#D3D3D3	60
894	#FFFEFE	#D2D2D2	20
895	#FFFFFF	#D3D3D3	60
896	#FFFFFF	#D3D3D3	60
897	#FFFFFF	#D3D3D3	60
898	#FFFFFF	#D3D3D3	60
899	#FFFFFF	#D3D3D3	60
900	#FFFFFF	#D3D3D3	60
901	#FFFFFF	#D3D3D3	60
902	#FFFFFF	#D3D3D3	60
903	#FFFFFF	#D3D3D3	106
904	#FFFFFF	#D3D3D3	106
905	#FFFEFE	#D2D2D2	20
906	#FFFEFE	#D2D2D2	20
907	#FFFFFF	#D3D3D3	221
908	#FFFFFF	#D3D3D3	221
909	#FFFFFF	#D3D3D3	221
911	#FFFFFF	#D3D3D3	168
912	#FFFEFE	#D2D2D2	20
913	#FFFFFF	#D3D3D3	221
914	#FFFFFF	#D3D3D3	221
915	#FFFFFF	#D3D3D3	221
916	#FFFFFF	#D3D3D3	221
917	#FFFFFF	#D3D3D3	221
918	#FFFFFF	#D3D3D3	24
919	#FFFFFF	#D3D3D3	233
920	#FFFFFF	#D3D3D3	233
921	#FFFFFF	#D3D3D3	233
922	#FFFFFF	#D3D3D3	24
923	#FFFEFE	#D2D2D2	20
924	#FFFFFF	#D3D3D3	24
925	#FFFFFF	#D3D3D3	24
926	#FFFFFF	#D3D3D3	24
927	#FFFFFF	#D3D3D3	24
928	#FFFFFF	#D3D3D3	24
929	#FFFFFF	#D3D3D3	24
930	#FFFFFF	#D3D3D3	24
931	#FFFFFF	#D3D3D3	24
932	#FFFFFF	#D3D3D3	60
933	#FFFFFF	#D3D3D3	60
934	#FFFEFE	#D2D2D2	20
935	#FFFFFF	#D3D3D3	60
936	#FFFFFF	#D3D3D3	60
937	#FFFFFF	#D3D3D3	60
938	#FFFFFF	#D3D3D3	60
939	#FFFFFF	#D3D3D3	60
940	#FFFFFF	#D3D3D3	60
941	#FFFFFF	#D3D3D3	60
942	#FFFFFF	#D3D3D3	60
943	#FFFFFF	#D3D3D3	60
944	#FFFFFF	#D3D3D3	60
945	#FFFEFE	#D2D2D2	20
946	#FFFFFF	#D3D3D3	60
947	#FFFFFF	#D3D3D3	60
948	#FFFFFF	#D3D3D3	60
949	#FFFFFF	#D3D3D3	60
950	#FFFFFF	#D3D3D3	60
951	#FFFFFF	#D3D3D3	60
952	#FFFFFF	#D3D3D3	60
953	#FFFFFF	#D3D3D3	60
954	#FFFFFF	#D3D3D3	60
955	#FFFEFE	#D2D2D2	20
956	#FFFEFE	#D2D2D2	20
957	#FFFFFF	#D3D3D3	221
958	#FFFFFF	#D3D3D3	221
959	#FFFFFF	#D3D3D3	221
961	#FFFFFF	#D3D3D3	84
962	#FFFFFF	#D3D3D3	168
963	#FFFFFF	#D3D3D3	221
964	#FFFFFF	#D3D3D3	221
965	#FFFFFF	#D3D3D3	221
966	#FFFFFF	#D3D3D3	221
967	#FFFFFF	#D3D3D3	221
968	#FFFFFF	#D3D3D3	24
969	#FFFFFF	#D3D3D3	24
970	#FFFFFF	#D3D3D3	233
971	#FFFFFF	#D3D3D3	233
972	#FFFFFF	#D3D3D3	233
973	#FFFEFE	#D2D2D2	20
974	#FFFFFF	#D3D3D3	24
975	#FFFFFF	#D3D3D3	24
976	#FFFFFF	#D3D3D3	24
977	#FFFFFF	#D3D3D3	24
978	#FFFFFF	#D3D3D3	24
979	#FFFFFF	#D3D3D3	24
980	#FFFFFF	#D3D3D3	24
981	#FFFFFF	#D3D3D3	24
982	#FFFFFF	#D3D3D3	24
983	#FFFFFF	#D3D3D3	60
984	#FFFEFE	#D2D2D2	20
985	#FFFFFF	#D3D3D3	60
986	#FFFFFF	#D3D3D3	60
987	#FFFFFF	#D3D3D3	60
988	#FFFFFF	#D3D3D3	60
989	#FFFFFF	#D3D3D3	60
990	#FFFFFF	#D3D3D3	60
991	#FFFFFF	#D3D3D3	60
992	#FFFFFF	#D3D3D3	60
993	#FFFFFF	#D3D3D3	60
994	#FFFFFF	#D3D3D3	60
995	#FFFEFE	#D2D2D2	20
996	#FFFFFF	#D3D3D3	60
997	#FFFFFF	#D3D3D3	60
998	#FFFFFF	#D3D3D3	60
999	#FFFFFF	#D3D3D3	60
1000	#FFFFFF	#D3D3D3	60
1001	#FFFFFF	#D3D3D3	60
1002	#FFFFFF	#D3D3D3	60
1003	#FFFFFF	#D3D3D3	60
1004	#FFFFFF	#D3D3D3	60
1005	#FFFFFF	#D3D3D3	60
1006	#FFFEFE	#D2D2D2	20
1007	#FFFEFE	#D2D2D2	20
1008	#FFFFFF	#D3D3D3	221
1009	#FFFFFF	#D3D3D3	221
1010	#FFFFFF	#D3D3D3	221
1012	#FFFFFF	#D3D3D3	84
1013	#FFFEFE	#D2D2D2	20
1014	#FFFFFF	#D3D3D3	221
1015	#FFFFFF	#D3D3D3	121
1016	#FFFFFF	#D3D3D3	221
1017	#FFFFFF	#D3D3D3	221
1018	#FFFFFF	#D3D3D3	24
1019	#FFFFFF	#D3D3D3	24
1020	#FFFFFF	#D3D3D3	233
1021	#FFFFFF	#D3D3D3	233
1022	#FFFFFF	#D3D3D3	233
1023	#FFFFFF	#D3D3D3	24
1024	#FFFEFE	#D2D2D2	20
1025	#FFFFFF	#D3D3D3	24
1026	#FFFFFF	#D3D3D3	24
1027	#FFFFFF	#D3D3D3	24
1028	#FFFFFF	#D3D3D3	24
1029	#FFFFFF	#D3D3D3	24
1030	#FFFFFF	#D3D3D3	24
1031	#FFFFFF	#D3D3D3	24
1032	#FFFFFF	#D3D3D3	24
1033	#FFFFFF	#D3D3D3	24
1034	#FFFFFF	#D3D3D3	60
1035	#FFFEFE	#D2D2D2	20
1036	#FFFFFF	#D3D3D3	60
1037	#FFFFFF	#D3D3D3	60
1038	#FFFFFF	#D3D3D3	60
1039	#FFFFFF	#D3D3D3	60
1040	#FFFFFF	#D3D3D3	60
1041	#FFFFFF	#D3D3D3	60
1042	#FFFFFF	#D3D3D3	60
1043	#FFFFFF	#D3D3D3	60
1044	#FFFFFF	#D3D3D3	60
1045	#FFFFFF	#D3D3D3	60
1046	#FFFEFE	#D2D2D2	20
1047	#FFFFFF	#D3D3D3	60
1048	#FFFFFF	#D3D3D3	60
1049	#FFFFFF	#D3D3D3	60
1050	#FFFFFF	#D3D3D3	60
1051	#FFFFFF	#D3D3D3	60
1052	#FFFFFF	#D3D3D3	60
1053	#FFFFFF	#D3D3D3	60
1054	#FFFFFF	#D3D3D3	60
1055	#FFFFFF	#D3D3D3	60
1056	#FFFEFE	#D2D2D2	20
1057	#FFFFFF	#D3D3D3	221
1058	#FFFFFF	#D3D3D3	221
1059	#FFFFFF	#D3D3D3	221
1060	#FFFFFF	#D3D3D3	221
1062	#FFFFFF	#D3D3D3	84
1063	#FFFEFE	#D2D2D2	20
1064	#FFFFFF	#D3D3D3	221
1065	#FFFFFF	#D3D3D3	121
1066	#FFFFFF	#D3D3D3	121
1067	#FFFFFF	#D3D3D3	221
1068	#FFFFFF	#D3D3D3	121
1069	#FFFFFF	#D3D3D3	24
1070	#FFFFFF	#D3D3D3	24
1071	#FFFFFF	#D3D3D3	233
1072	#FFFFFF	#D3D3D3	233
1073	#FFFFFF	#D3D3D3	233
1074	#FFFEFE	#D2D2D2	20
1075	#FFFFFF	#D3D3D3	24
1076	#FFFFFF	#D3D3D3	24
1077	#FFFFFF	#D3D3D3	24
1078	#FFFFFF	#D3D3D3	24
1079	#FFFFFF	#D3D3D3	24
1080	#FFFFFF	#D3D3D3	24
1081	#FFFFFF	#D3D3D3	24
1082	#FFFFFF	#D3D3D3	24
1083	#FFFFFF	#D3D3D3	24
1084	#FFFFFF	#D3D3D3	24
1085	#FFFEFE	#D2D2D2	20
1086	#FFFFFF	#D3D3D3	60
1087	#FFFFFF	#D3D3D3	60
1088	#FFFFFF	#D3D3D3	60
1089	#FFFFFF	#D3D3D3	60
1090	#FFFFFF	#D3D3D3	60
1091	#FFFFFF	#D3D3D3	60
1092	#FFFFFF	#D3D3D3	60
1093	#FFFFFF	#D3D3D3	60
1094	#FFFFFF	#D3D3D3	60
1095	#FFFFFF	#D3D3D3	60
1096	#FFFEFE	#D2D2D2	20
1097	#FFFFFF	#D3D3D3	60
1098	#FFFFFF	#D3D3D3	60
1099	#FFFFFF	#D3D3D3	60
1100	#FFFFFF	#D3D3D3	60
1101	#FFFFFF	#D3D3D3	60
1102	#FFFFFF	#D3D3D3	60
1103	#FFFFFF	#D3D3D3	60
1104	#FFFFFF	#D3D3D3	60
1105	#FFFFFF	#D3D3D3	60
1106	#FFFFFF	#D3D3D3	60
1107	#FFFEFE	#D2D2D2	20
1108	#FFFFFF	#D3D3D3	221
1109	#FFFFFF	#D3D3D3	221
1110	#FFFFFF	#D3D3D3	221
1111	#FFFFFF	#D3D3D3	221
1113	#FFFFFF	#D3D3D3	84
1114	#FFFEFE	#D2D2D2	20
1115	#FFFFFF	#D3D3D3	121
1116	#FFFFFF	#D3D3D3	121
1117	#FFFFFF	#D3D3D3	121
1118	#FFFFFF	#D3D3D3	121
1119	#FFFFFF	#D3D3D3	24
1120	#FFFFFF	#D3D3D3	24
1121	#FFFFFF	#D3D3D3	233
1122	#FFFFFF	#D3D3D3	24
1123	#FFFFFF	#D3D3D3	233
1124	#FFFFFF	#D3D3D3	24
1125	#FFFEFE	#D2D2D2	20
1126	#FFFFFF	#D3D3D3	24
1127	#FFFFFF	#D3D3D3	24
1128	#FFFFFF	#D3D3D3	24
1129	#FFFFFF	#D3D3D3	24
1130	#FFFFFF	#D3D3D3	24
1131	#FFFFFF	#D3D3D3	24
1132	#FFFFFF	#D3D3D3	24
1133	#FFFFFF	#D3D3D3	24
1134	#FFFFFF	#D3D3D3	24
1135	#FFFFFF	#D3D3D3	24
1136	#FFFEFE	#D2D2D2	20
1137	#FFFFFF	#D3D3D3	60
1138	#FFFFFF	#D3D3D3	60
1139	#FFFFFF	#D3D3D3	60
1140	#FFFFFF	#D3D3D3	60
1141	#FFFFFF	#D3D3D3	60
1142	#FFFFFF	#D3D3D3	60
1143	#FFFFFF	#D3D3D3	60
1144	#FFFFFF	#D3D3D3	60
1145	#FFFFFF	#D3D3D3	60
1146	#FFFFFF	#D3D3D3	60
1147	#FFFEFE	#D2D2D2	20
1148	#FFFFFF	#D3D3D3	60
1149	#FFFFFF	#D3D3D3	60
1150	#FFFFFF	#D3D3D3	60
1151	#FFFFFF	#D3D3D3	60
1152	#FFFFFF	#D3D3D3	60
1153	#FFFFFF	#D3D3D3	60
1154	#FFFFFF	#D3D3D3	60
1155	#FFFFFF	#D3D3D3	60
1156	#FFFFFF	#D3D3D3	60
1157	#FFFFFF	#D3D3D3	221
1158	#FFFFFF	#D3D3D3	221
1159	#FFFFFF	#D3D3D3	221
1160	#FFFFFF	#D3D3D3	221
1161	#FFFFFF	#D3D3D3	221
1163	#E16A9A	#383838	211
1164	#FFFEFE	#D2D2D2	20
1165	#FEF7FA	#CACACA	64
1166	#FEF7FA	#CACACA	64
1167	#FEF7FA	#CACACA	64
1168	#FFFFFF	#D3D3D3	57
1169	#FFFFFF	#D3D3D3	57
1170	#FFFFFF	#D3D3D3	57
1171	#FFFFFF	#D3D3D3	57
1172	#FFFFFF	#D3D3D3	57
1173	#FFFFFF	#D3D3D3	57
1174	#FFFFFF	#D3D3D3	57
1175	#FFFEFE	#D2D2D2	20
1176	#FFFFFF	#D3D3D3	57
1177	#FFFFFF	#D3D3D3	57
1178	#FFFFFF	#D3D3D3	57
1179	#FFFFFF	#D3D3D3	57
1180	#FFFFFF	#D3D3D3	57
1181	#FFFFFF	#D3D3D3	57
1182	#FFFFFF	#D3D3D3	57
1183	#FFFFFF	#D3D3D3	57
1184	#FFFFFF	#D3D3D3	57
1185	#FFFFFF	#D3D3D3	57
1186	#FFFEFE	#D2D2D2	20
1187	#FFFFFF	#D3D3D3	57
1188	#FFFFFF	#D3D3D3	57
1189	#FFFFFF	#D3D3D3	57
1190	#FFFFFF	#D3D3D3	60
1191	#FFFFFF	#D3D3D3	60
1192	#FFFFFF	#D3D3D3	60
1193	#FFFFFF	#D3D3D3	60
1194	#FFFFFF	#D3D3D3	60
1195	#FFFFFF	#D3D3D3	60
1196	#FFFFFF	#D3D3D3	60
1197	#FEF7FA	#CACACA	64
1198	#FFFFFF	#D3D3D3	76
1199	#FFFFFF	#D3D3D3	76
1200	#FFFFFF	#D3D3D3	76
1201	#FFFFFF	#D3D3D3	76
1202	#FFFFFF	#D3D3D3	76
1203	#FFFFFF	#D3D3D3	76
1204	#FFFFFF	#D3D3D3	76
1205	#FFFFFF	#D3D3D3	76
1206	#FFFFFF	#D3D3D3	76
1207	#FFFFFF	#D3D3D3	76
1208	#FEF7FA	#CACACA	64
1209	#FEF7FA	#CACACA	64
1210	#FEF7FA	#CACACA	64
1211	#FEF7FA	#CACACA	64
1212	#FEF7FA	#CACACA	64
1214	#FFFEFE	#D2D2D2	20
1215	#FFFEFE	#D2D2D2	20
1216	#FEF7FA	#CACACA	64
1217	#FEF7FA	#CACACA	64
1218	#FEF7FA	#CACACA	64
1219	#FFFFFF	#D3D3D3	57
1220	#FFFFFF	#D3D3D3	57
1221	#FFFFFF	#D3D3D3	57
1222	#FFFFFF	#D3D3D3	57
1223	#FFFFFF	#D3D3D3	57
1224	#FFFFFF	#D3D3D3	57
1225	#FFFFFF	#D3D3D3	24
1226	#FFFEFE	#D2D2D2	20
1227	#FFFFFF	#D3D3D3	57
1228	#FFFFFF	#D3D3D3	57
1229	#FFFFFF	#D3D3D3	57
1230	#FFFFFF	#D3D3D3	57
1231	#FFFFFF	#D3D3D3	57
1232	#FFFFFF	#D3D3D3	57
1233	#FFFFFF	#D3D3D3	57
1234	#FFFFFF	#D3D3D3	57
1235	#FFFFFF	#D3D3D3	57
1236	#FFFFFF	#D3D3D3	57
1237	#FEF7FA	#CACACA	64
1238	#FFFFFF	#D3D3D3	57
1239	#FFFFFF	#D3D3D3	60
1240	#FFFFFF	#D3D3D3	60
1241	#FFFFFF	#D3D3D3	60
1242	#FFFFFF	#D3D3D3	60
1243	#FFFFFF	#D3D3D3	60
1244	#FFFFFF	#D3D3D3	60
1245	#FFFFFF	#D3D3D3	60
1246	#FFFFFF	#D3D3D3	60
1247	#FFFFFF	#D3D3D3	106
1248	#FEF7FA	#CACACA	64
1249	#FFFFFF	#D3D3D3	76
1250	#FFFFFF	#D3D3D3	76
1251	#FFFFFF	#D3D3D3	76
1252	#FFFFFF	#D3D3D3	76
1253	#FFFFFF	#D3D3D3	76
1254	#FFFFFF	#D3D3D3	76
1255	#FFFFFF	#D3D3D3	76
1256	#FFFFFF	#D3D3D3	76
1257	#FFFFFF	#D3D3D3	76
1258	#FEF7FA	#CACACA	64
1259	#FEF7FA	#CACACA	64
1260	#FEF7FA	#CACACA	64
1261	#FEF7FA	#CACACA	64
1262	#FEF7FA	#CACACA	64
1264	#FFFFFF	#D3D3D3	84
1265	#FFFEFE	#D2D2D2	20
1266	#FFFFFF	#D3D3D3	121
1267	#FFFFFF	#D3D3D3	121
1268	#FFFFFF	#D3D3D3	121
1269	#FFFFFF	#D3D3D3	121
1270	#FFFFFF	#D3D3D3	121
1271	#FFFFFF	#D3D3D3	24
1272	#FFFFFF	#D3D3D3	24
1273	#FFFFFF	#D3D3D3	24
1274	#FFFFFF	#D3D3D3	24
1275	#FFFFFF	#D3D3D3	24
1276	#FFFEFE	#D2D2D2	20
1277	#FFFFFF	#D3D3D3	24
1278	#FFFFFF	#D3D3D3	24
1279	#FFFFFF	#D3D3D3	24
1280	#FFFFFF	#D3D3D3	24
1281	#FFFFFF	#D3D3D3	24
1282	#FFFFFF	#D3D3D3	24
1283	#FFFFFF	#D3D3D3	24
1284	#FFFFFF	#D3D3D3	24
1285	#FFFFFF	#D3D3D3	24
1286	#FFFFFF	#D3D3D3	24
1287	#FFFEFE	#D2D2D2	20
1288	#FFFFFF	#D3D3D3	24
1289	#FFFFFF	#D3D3D3	60
1290	#FFFFFF	#D3D3D3	60
1291	#FFFFFF	#D3D3D3	60
1292	#FFFFFF	#D3D3D3	60
1293	#FFFFFF	#D3D3D3	60
1294	#FFFFFF	#D3D3D3	60
1295	#FFFFFF	#D3D3D3	60
1296	#FFFFFF	#D3D3D3	60
1297	#FFFFFF	#D3D3D3	60
1298	#FFFEFE	#D2D2D2	20
1299	#FFFFFF	#D3D3D3	60
1300	#FFFFFF	#D3D3D3	60
1301	#FFFFFF	#D3D3D3	60
1302	#FFFFFF	#D3D3D3	60
1303	#FFFFFF	#D3D3D3	60
1304	#FFFFFF	#D3D3D3	60
1305	#FFFFFF	#D3D3D3	60
1306	#FFFFFF	#D3D3D3	60
1307	#FFFFFF	#D3D3D3	60
1308	#FFFFFF	#D3D3D3	68
1309	#FFFFFF	#D3D3D3	221
1310	#FFFFFF	#D3D3D3	221
1311	#FFFFFF	#D3D3D3	221
1312	#FFFFFF	#D3D3D3	221
1313	#FFFFFF	#D3D3D3	221
1315	#FFFFFF	#D3D3D3	84
1316	#FFFEFE	#D2D2D2	20
1317	#FFFFFF	#D3D3D3	121
1318	#FFFFFF	#D3D3D3	121
1319	#FFFFFF	#D3D3D3	121
1320	#FFFFFF	#D3D3D3	121
1321	#FFFFFF	#D3D3D3	24
1322	#FFFFFF	#D3D3D3	24
1323	#FFFFFF	#D3D3D3	24
1324	#FFFFFF	#D3D3D3	24
1325	#FFFFFF	#D3D3D3	24
1326	#FFFFFF	#D3D3D3	24
1327	#FFFEFE	#D2D2D2	20
1328	#FFFFFF	#D3D3D3	24
1329	#FFFFFF	#D3D3D3	294
1330	#FFFFFF	#D3D3D3	24
1331	#FFFFFF	#D3D3D3	92
1332	#FFFFFF	#D3D3D3	24
1333	#FFFFFF	#D3D3D3	24
1334	#FFFFFF	#D3D3D3	24
1335	#FFFFFF	#D3D3D3	24
1336	#FFFFFF	#D3D3D3	24
1337	#FFFFFF	#D3D3D3	24
1338	#FFFEFE	#D2D2D2	20
1339	#FFFFFF	#D3D3D3	24
1340	#FFFFFF	#D3D3D3	60
1341	#FFFFFF	#D3D3D3	60
1342	#FFFFFF	#D3D3D3	60
1343	#FFFFFF	#D3D3D3	60
1344	#FFFFFF	#D3D3D3	60
1345	#FFFFFF	#D3D3D3	60
1346	#FFFFFF	#D3D3D3	60
1347	#FFFFFF	#D3D3D3	60
1348	#FFFFFF	#D3D3D3	60
1349	#FFFEFE	#D2D2D2	20
1350	#FFFFFF	#D3D3D3	60
1351	#FFFFFF	#D3D3D3	60
1352	#FFFFFF	#D3D3D3	60
1353	#FFFFFF	#D3D3D3	60
1354	#FFFFFF	#D3D3D3	60
1355	#FFFFFF	#D3D3D3	60
1356	#FFFFFF	#D3D3D3	60
1357	#FFFFFF	#D3D3D3	60
1358	#FFFFFF	#D3D3D3	68
1359	#FFFFFF	#D3D3D3	221
1360	#FFFFFF	#D3D3D3	221
1361	#FFFFFF	#D3D3D3	221
1362	#FFFFFF	#D3D3D3	221
1363	#FFFFFF	#D3D3D3	221
1365	#FFFFFF	#D3D3D3	84
1366	#FFFFFF	#D3D3D3	84
1367	#FFFFFF	#D3D3D3	221
1368	#FFFFFF	#D3D3D3	121
1369	#FFFFFF	#D3D3D3	121
1370	#FFFFFF	#D3D3D3	121
1371	#FFFFFF	#D3D3D3	121
1372	#FFFFFF	#D3D3D3	24
1373	#FFFFFF	#D3D3D3	24
1374	#FFFFFF	#D3D3D3	24
1375	#FFFFFF	#D3D3D3	24
1376	#FFFFFF	#D3D3D3	24
1377	#FFFEFE	#D2D2D2	20
1378	#FFFFFF	#D3D3D3	24
1379	#FFFFFF	#D3D3D3	294
1380	#FFFFFF	#D3D3D3	294
1381	#FFFFFF	#D3D3D3	92
1382	#FFFFFF	#D3D3D3	92
1383	#FFFFFF	#D3D3D3	24
1384	#FFFFFF	#D3D3D3	24
1385	#FFFFFF	#D3D3D3	24
1386	#FFFFFF	#D3D3D3	24
1387	#FFFFFF	#D3D3D3	24
1388	#FFFEFE	#D2D2D2	20
1389	#FFFFFF	#D3D3D3	24
1390	#FFFFFF	#D3D3D3	24
1391	#FFFFFF	#D3D3D3	60
1392	#FFFFFF	#D3D3D3	60
1393	#FFFFFF	#D3D3D3	60
1394	#FFFFFF	#D3D3D3	60
1395	#FFFFFF	#D3D3D3	60
1396	#FFFFFF	#D3D3D3	60
1397	#FFFFFF	#D3D3D3	60
1398	#FFFFFF	#D3D3D3	60
1399	#FFFEFE	#D2D2D2	20
1400	#FFFFFF	#D3D3D3	60
1401	#FFFFFF	#D3D3D3	60
1402	#FFFFFF	#D3D3D3	60
1403	#FFFFFF	#D3D3D3	60
1404	#FFFFFF	#D3D3D3	60
1405	#FFFFFF	#D3D3D3	60
1406	#FFFFFF	#D3D3D3	60
1407	#FFFFFF	#D3D3D3	60
1408	#FFFFFF	#D3D3D3	60
1409	#FFFFFF	#D3D3D3	68
1410	#FFFEFE	#D2D2D2	20
1411	#FFFFFF	#D3D3D3	221
1412	#FFFFFF	#D3D3D3	221
1413	#FFFFFF	#D3D3D3	221
1414	#FFFFFF	#D3D3D3	221
1416	#FFFFFF	#D3D3D3	84
1417	#FFFFFF	#D3D3D3	84
1418	#FFFFFF	#D3D3D3	221
1419	#FFFFFF	#D3D3D3	221
1420	#FFFFFF	#D3D3D3	121
1421	#FFFFFF	#D3D3D3	121
1422	#FFFFFF	#D3D3D3	121
1423	#FFFFFF	#D3D3D3	24
1424	#FFFFFF	#D3D3D3	24
1425	#FFFFFF	#D3D3D3	121
1426	#FFFFFF	#D3D3D3	24
1427	#FFFFFF	#D3D3D3	24
1428	#FFFEFE	#D2D2D2	20
1429	#FFFFFF	#D3D3D3	294
1430	#FFFFFF	#D3D3D3	294
1431	#FFFFFF	#D3D3D3	294
1432	#FFFFFF	#D3D3D3	92
1433	#FFFFFF	#D3D3D3	92
1434	#FFFFFF	#D3D3D3	24
1435	#FFFFFF	#D3D3D3	24
1436	#FFFFFF	#D3D3D3	24
1437	#FFFFFF	#D3D3D3	24
1438	#FFFFFF	#D3D3D3	24
1439	#FFFEFE	#D2D2D2	20
1440	#FFFFFF	#D3D3D3	24
1441	#FFFFFF	#D3D3D3	24
1442	#FFFFFF	#D3D3D3	60
1443	#FFFFFF	#D3D3D3	60
1444	#FFFFFF	#D3D3D3	60
1445	#FFFFFF	#D3D3D3	60
1446	#FFFFFF	#D3D3D3	60
1447	#FFFFFF	#D3D3D3	60
1448	#FFFFFF	#D3D3D3	60
1449	#FFFFFF	#D3D3D3	60
1450	#FFFEFE	#D2D2D2	20
1451	#FFFFFF	#D3D3D3	60
1452	#FFFFFF	#D3D3D3	60
1453	#FFFFFF	#D3D3D3	60
1454	#FFFFFF	#D3D3D3	60
1455	#FFFFFF	#D3D3D3	60
1456	#FFFFFF	#D3D3D3	60
1457	#FFFFFF	#D3D3D3	60
1458	#FFFFFF	#D3D3D3	68
1459	#FFFFFF	#D3D3D3	68
1460	#FFFFFF	#D3D3D3	221
1461	#FFFFFF	#D3D3D3	221
1462	#FFFFFF	#D3D3D3	221
1463	#FFFFFF	#D3D3D3	221
1464	#FFFFFF	#D3D3D3	221
1466	#FFFFFF	#D3D3D3	84
1467	#FFFFFF	#D3D3D3	84
1468	#FFFFFF	#D3D3D3	221
1469	#FFFFFF	#D3D3D3	221
1470	#FFFFFF	#D3D3D3	221
1471	#FFFFFF	#D3D3D3	121
1472	#FFFFFF	#D3D3D3	121
1473	#FFFFFF	#D3D3D3	121
1474	#FFFFFF	#D3D3D3	121
1475	#FFFFFF	#D3D3D3	24
1476	#FFFFFF	#D3D3D3	121
1477	#FFFFFF	#D3D3D3	24
1478	#FFFFFF	#D3D3D3	84
1479	#FFFFFF	#D3D3D3	92
1480	#FFFFFF	#D3D3D3	294
1481	#FFFFFF	#D3D3D3	294
1482	#FFFFFF	#D3D3D3	294
1483	#FFFFFF	#D3D3D3	92
1484	#FFFFFF	#D3D3D3	92
1485	#FFFFFF	#D3D3D3	24
1486	#FFFFFF	#D3D3D3	24
1487	#FFFFFF	#D3D3D3	24
1488	#FFFFFF	#D3D3D3	24
1489	#FFFEFE	#D2D2D2	20
1490	#FFFFFF	#D3D3D3	24
1491	#FFFFFF	#D3D3D3	24
1492	#FFFFFF	#D3D3D3	24
1493	#FFFFFF	#D3D3D3	60
1494	#FFFFFF	#D3D3D3	60
1495	#FFFFFF	#D3D3D3	60
1496	#FFFFFF	#D3D3D3	60
1497	#FFFFFF	#D3D3D3	60
1498	#FFFFFF	#D3D3D3	60
1499	#FFFFFF	#D3D3D3	60
1500	#FFFEFE	#D2D2D2	20
1501	#FFFFFF	#D3D3D3	60
1502	#FFFFFF	#D3D3D3	60
1503	#FFFFFF	#D3D3D3	60
1504	#FFFFFF	#D3D3D3	60
1505	#FFFFFF	#D3D3D3	60
1506	#FFFFFF	#D3D3D3	68
1507	#FFFFFF	#D3D3D3	60
1508	#FFFFFF	#D3D3D3	68
1509	#FFFFFF	#D3D3D3	68
1510	#FFFFFF	#D3D3D3	68
1511	#FFFEFE	#D2D2D2	20
1512	#FFFFFF	#D3D3D3	221
1513	#FFFFFF	#D3D3D3	221
1514	#FFFFFF	#D3D3D3	221
1515	#FFFFFF	#D3D3D3	221
1517	#FFFFFF	#D3D3D3	84
1518	#FFFFFF	#D3D3D3	84
1519	#FFFFFF	#D3D3D3	221
1520	#FFFFFF	#D3D3D3	221
1521	#FFFFFF	#D3D3D3	221
1522	#FFFFFF	#D3D3D3	121
1523	#FFFFFF	#D3D3D3	121
1524	#FFFFFF	#D3D3D3	121
1525	#FFFFFF	#D3D3D3	121
1526	#FFFFFF	#D3D3D3	121
1527	#FFFFFF	#D3D3D3	121
1528	#FFFFFF	#D3D3D3	92
1529	#FFFEFE	#D2D2D2	20
1530	#FFFFFF	#D3D3D3	92
1531	#FFFFFF	#D3D3D3	294
1532	#FFFFFF	#D3D3D3	294
1533	#FFFFFF	#D3D3D3	294
1534	#FFFFFF	#D3D3D3	92
1535	#FFFFFF	#D3D3D3	92
1536	#FFFFFF	#D3D3D3	24
1537	#FFFFFF	#D3D3D3	24
1538	#FFFFFF	#D3D3D3	24
1539	#FFFFFF	#D3D3D3	24
1540	#FFFEFE	#D2D2D2	20
1541	#FFFFFF	#D3D3D3	24
1542	#FFFFFF	#D3D3D3	24
1543	#FFFFFF	#D3D3D3	24
1544	#FFFFFF	#D3D3D3	60
1545	#FFFFFF	#D3D3D3	60
1546	#FFFFFF	#D3D3D3	60
1547	#FFFFFF	#D3D3D3	60
1548	#FFFFFF	#D3D3D3	60
1549	#FFFFFF	#D3D3D3	60
1550	#FFFFFF	#D3D3D3	24
1551	#FFFEFE	#D2D2D2	20
1552	#FFFFFF	#D3D3D3	60
1553	#FFFFFF	#D3D3D3	60
1554	#FFFFFF	#D3D3D3	60
1555	#FFFFFF	#D3D3D3	60
1556	#FFFFFF	#D3D3D3	60
1557	#FFFFFF	#D3D3D3	68
1558	#FFFFFF	#D3D3D3	68
1559	#FFFFFF	#D3D3D3	68
1560	#FFFFFF	#D3D3D3	68
1561	#FFFEFE	#D2D2D2	20
1562	#FFFFFF	#D3D3D3	221
1563	#FFFFFF	#D3D3D3	221
1564	#FFFFFF	#D3D3D3	221
1565	#FFFFFF	#D3D3D3	221
1567	#FFFFFF	#D3D3D3	84
1568	#FFFFFF	#D3D3D3	84
1569	#FFFFFF	#D3D3D3	221
1570	#FFFFFF	#D3D3D3	221
1571	#FFFFFF	#D3D3D3	221
1572	#FFFFFF	#D3D3D3	221
1573	#FFFFFF	#D3D3D3	121
1574	#FFFFFF	#D3D3D3	121
1575	#FFFFFF	#D3D3D3	121
1576	#FFFFFF	#D3D3D3	121
1577	#FFFFFF	#D3D3D3	121
1578	#FFFFFF	#D3D3D3	263
1579	#FFFEFE	#D2D2D2	20
1580	#FFFFFF	#D3D3D3	92
1581	#FFFFFF	#D3D3D3	294
1582	#FFFFFF	#D3D3D3	294
1583	#FFFFFF	#D3D3D3	294
1584	#FFFFFF	#D3D3D3	294
1585	#FFFFFF	#D3D3D3	92
1586	#FFFFFF	#D3D3D3	24
1587	#FFFFFF	#D3D3D3	24
1588	#FFFFFF	#D3D3D3	24
1589	#FFFFFF	#D3D3D3	24
1590	#FFFEFE	#D2D2D2	20
1591	#FFFFFF	#D3D3D3	24
1592	#FFFFFF	#D3D3D3	24
1593	#FFFFFF	#D3D3D3	24
1594	#FFFFFF	#D3D3D3	24
1595	#FFFFFF	#D3D3D3	60
1596	#FFFFFF	#D3D3D3	60
1597	#FFFFFF	#D3D3D3	60
1598	#FFFFFF	#D3D3D3	60
1599	#FFFFFF	#D3D3D3	60
1600	#FFFFFF	#D3D3D3	24
1601	#FFFEFE	#D2D2D2	20
1602	#FFFFFF	#D3D3D3	24
1603	#FFFFFF	#D3D3D3	60
1604	#FFFFFF	#D3D3D3	60
1605	#FFFFFF	#D3D3D3	60
1606	#FFFFFF	#D3D3D3	60
1607	#FFFFFF	#D3D3D3	60
1608	#FFFFFF	#D3D3D3	68
1609	#FFFFFF	#D3D3D3	68
1610	#FFFFFF	#D3D3D3	68
1611	#FFFFFF	#D3D3D3	68
1612	#FFFEFE	#D2D2D2	20
1613	#FFFEFE	#D2D2D2	20
1614	#FFFFFF	#D3D3D3	221
1615	#FFFFFF	#D3D3D3	221
1616	#FFFFFF	#D3D3D3	221
1618	#FFFFFF	#D3D3D3	84
1619	#FFFFFF	#D3D3D3	84
1620	#FFFFFF	#D3D3D3	221
1621	#FFFFFF	#D3D3D3	221
1622	#FFFFFF	#D3D3D3	221
1623	#FFFFFF	#D3D3D3	121
1624	#FFFFFF	#D3D3D3	121
1625	#FFFFFF	#D3D3D3	121
1626	#FFFFFF	#D3D3D3	121
1627	#FFFFFF	#D3D3D3	121
1628	#FFFFFF	#D3D3D3	263
1629	#FFFFFF	#D3D3D3	263
1630	#FFFEFE	#D2D2D2	20
1631	#FFFFFF	#D3D3D3	92
1632	#FFFFFF	#D3D3D3	294
1633	#FFFFFF	#D3D3D3	294
1634	#FFFFFF	#D3D3D3	294
1635	#FFFFFF	#D3D3D3	294
1636	#FFFFFF	#D3D3D3	92
1637	#FFFFFF	#D3D3D3	24
1638	#FFFFFF	#D3D3D3	24
1639	#FFFFFF	#D3D3D3	24
1640	#FFFFFF	#D3D3D3	24
1641	#FFFEFE	#D2D2D2	20
1642	#FFFFFF	#D3D3D3	24
1643	#FFFFFF	#D3D3D3	24
1644	#FFFFFF	#D3D3D3	24
1645	#FFFFFF	#D3D3D3	24
1646	#FFFFFF	#D3D3D3	24
1647	#FFFFFF	#D3D3D3	60
1648	#FFFFFF	#D3D3D3	60
1649	#FFFFFF	#D3D3D3	60
1650	#FFFFFF	#D3D3D3	24
1651	#FFFFFF	#D3D3D3	24
1652	#FFFEFE	#D2D2D2	20
1653	#FFFFFF	#D3D3D3	24
1654	#FFFFFF	#D3D3D3	60
1655	#FFFFFF	#D3D3D3	60
1656	#FFFFFF	#D3D3D3	60
1657	#FFFFFF	#D3D3D3	60
1658	#FFFFFF	#D3D3D3	68
1659	#FFFFFF	#D3D3D3	68
1660	#FFFFFF	#D3D3D3	68
1661	#FFFFFF	#D3D3D3	68
1662	#FFFEFE	#D2D2D2	20
1663	#FFFFFF	#D3D3D3	221
1664	#FFFFFF	#D3D3D3	221
1665	#FFFFFF	#D3D3D3	221
1666	#FFFFFF	#D3D3D3	221
1668	#FFFFFF	#D3D3D3	84
1669	#FFFFFF	#D3D3D3	84
1670	#FFFFFF	#D3D3D3	221
1671	#FFFFFF	#D3D3D3	221
1672	#FFFFFF	#D3D3D3	221
1673	#FFFFFF	#D3D3D3	221
1674	#FFFFFF	#D3D3D3	121
1675	#FFFFFF	#D3D3D3	121
1676	#FFFFFF	#D3D3D3	121
1677	#FFFFFF	#D3D3D3	121
1678	#FFFFFF	#D3D3D3	263
1679	#FFFFFF	#D3D3D3	263
1680	#FFFFFF	#D3D3D3	84
1681	#FFFFFF	#D3D3D3	92
1682	#FFFFFF	#D3D3D3	294
1683	#FFFFFF	#D3D3D3	294
1684	#FFFFFF	#D3D3D3	294
1685	#FFFFFF	#D3D3D3	294
1686	#FFFFFF	#D3D3D3	294
1687	#FFFFFF	#D3D3D3	92
1688	#FFFFFF	#D3D3D3	24
1689	#FFFFFF	#D3D3D3	24
1690	#FFFFFF	#D3D3D3	24
1691	#FFFEFE	#D2D2D2	20
1692	#FFFFFF	#D3D3D3	24
1693	#FFFFFF	#D3D3D3	24
1694	#FFFFFF	#D3D3D3	24
1695	#FFFFFF	#D3D3D3	24
1696	#FFFFFF	#D3D3D3	24
1697	#FFFFFF	#D3D3D3	24
1698	#FFFFFF	#D3D3D3	60
1699	#FFFFFF	#D3D3D3	60
1700	#FFFFFF	#D3D3D3	24
1701	#FFFFFF	#D3D3D3	24
1702	#FFFEFE	#D2D2D2	20
1703	#FFFFFF	#D3D3D3	24
1704	#FFFFFF	#D3D3D3	60
1705	#FFFFFF	#D3D3D3	60
1706	#FFFFFF	#D3D3D3	60
1707	#FFFFFF	#D3D3D3	60
1708	#FFFFFF	#D3D3D3	68
1709	#FFFFFF	#D3D3D3	68
1710	#FFFFFF	#D3D3D3	68
1711	#FFFFFF	#D3D3D3	68
1712	#FFFFFF	#D3D3D3	68
1713	#FFFEFE	#D2D2D2	20
1714	#FFFFFF	#D3D3D3	221
1715	#FFFFFF	#D3D3D3	221
1716	#FFFFFF	#D3D3D3	221
1717	#FFFFFF	#D3D3D3	221
1719	#FFFFFF	#D3D3D3	84
1720	#FFFFFF	#D3D3D3	84
1721	#FFFFFF	#D3D3D3	221
1722	#FFFFFF	#D3D3D3	221
1723	#FFFFFF	#D3D3D3	221
1724	#FFFFFF	#D3D3D3	121
1725	#FFFFFF	#D3D3D3	121
1726	#FFFFFF	#D3D3D3	121
1727	#FFFFFF	#D3D3D3	121
1728	#FFFFFF	#D3D3D3	121
1729	#FFFFFF	#D3D3D3	263
1730	#FFFFFF	#D3D3D3	263
1731	#FFFEFE	#D2D2D2	20
1732	#FFFFFF	#D3D3D3	92
1733	#FFFFFF	#D3D3D3	294
1734	#FFFFFF	#D3D3D3	294
1735	#FFFFFF	#D3D3D3	294
1736	#FFFFFF	#D3D3D3	294
1737	#FFFFFF	#D3D3D3	294
1738	#FFFFFF	#D3D3D3	92
1739	#FFFFFF	#D3D3D3	92
1740	#FFFFFF	#D3D3D3	24
1741	#FFFFFF	#D3D3D3	24
1742	#FFFEFE	#D2D2D2	20
1743	#FFFFFF	#D3D3D3	24
1744	#FFFFFF	#D3D3D3	24
1745	#FFFFFF	#D3D3D3	24
1746	#FFFFFF	#D3D3D3	24
1747	#FFFFFF	#D3D3D3	24
1748	#FFFFFF	#D3D3D3	24
1749	#FFFFFF	#D3D3D3	60
1750	#FFFFFF	#D3D3D3	24
1751	#FFFFFF	#D3D3D3	24
1752	#FFFFFF	#D3D3D3	24
1753	#FFFEFE	#D2D2D2	20
1754	#FFFFFF	#D3D3D3	60
1755	#FFFFFF	#D3D3D3	60
1756	#FFFFFF	#D3D3D3	68
1757	#FFFFFF	#D3D3D3	68
1758	#FFFFFF	#D3D3D3	68
1759	#FFFFFF	#D3D3D3	68
1760	#FFFFFF	#D3D3D3	68
1761	#FFFFFF	#D3D3D3	68
1762	#FFFFFF	#D3D3D3	68
1763	#FFFFFF	#D3D3D3	221
1764	#FFFFFF	#D3D3D3	221
1765	#FFFFFF	#D3D3D3	221
1766	#FFFFFF	#D3D3D3	221
1767	#FFFFFF	#D3D3D3	221
1769	#FFFFFF	#D3D3D3	84
1770	#FFFFFF	#D3D3D3	84
1771	#FFFFFF	#D3D3D3	121
1772	#FFFFFF	#D3D3D3	121
1773	#FFFFFF	#D3D3D3	221
1774	#FFFFFF	#D3D3D3	121
1775	#FFFFFF	#D3D3D3	121
1776	#FFFFFF	#D3D3D3	121
1777	#FFFFFF	#D3D3D3	121
1778	#FFFFFF	#D3D3D3	121
1779	#FFFFFF	#D3D3D3	121
1780	#FFFFFF	#D3D3D3	263
1781	#FFFEFE	#D2D2D2	20
1782	#FFFFFF	#D3D3D3	92
1783	#FFFFFF	#D3D3D3	92
1784	#FFFFFF	#D3D3D3	294
1785	#FFFFFF	#D3D3D3	294
1786	#FFFFFF	#D3D3D3	294
1787	#FFFFFF	#D3D3D3	294
1788	#FFFFFF	#D3D3D3	294
1789	#FFFFFF	#D3D3D3	92
1790	#FFFFFF	#D3D3D3	24
1791	#FFFFFF	#D3D3D3	24
1792	#FFFEFE	#D2D2D2	20
1793	#FFFFFF	#D3D3D3	24
1794	#FFFFFF	#D3D3D3	24
1795	#FFFFFF	#D3D3D3	24
1796	#FFFFFF	#D3D3D3	24
1797	#FFFFFF	#D3D3D3	24
1798	#FFFFFF	#D3D3D3	24
1799	#FFFFFF	#D3D3D3	24
1800	#FFFFFF	#D3D3D3	24
1801	#FFFFFF	#D3D3D3	24
1802	#FFFFFF	#D3D3D3	24
1803	#FFFEFE	#D2D2D2	20
1804	#FFFFFF	#D3D3D3	60
1805	#FFFFFF	#D3D3D3	60
1806	#FFFFFF	#D3D3D3	60
1807	#FFFFFF	#D3D3D3	68
1808	#FFFFFF	#D3D3D3	68
1809	#FFFFFF	#D3D3D3	68
1810	#FFFFFF	#D3D3D3	68
1811	#FFFFFF	#D3D3D3	68
1812	#FFFFFF	#D3D3D3	68
1813	#FFFFFF	#D3D3D3	68
1814	#FFFFFF	#D3D3D3	221
1815	#FFFFFF	#D3D3D3	221
1816	#FFFFFF	#D3D3D3	221
1817	#FFFFFF	#D3D3D3	221
1818	#FFFFFF	#D3D3D3	221
1820	#FFFFFF	#D3D3D3	84
1821	#FFFFFF	#D3D3D3	84
1822	#FFFFFF	#D3D3D3	121
1823	#FFFFFF	#D3D3D3	121
1824	#FFFFFF	#D3D3D3	121
1825	#FFFFFF	#D3D3D3	121
1826	#FFFFFF	#D3D3D3	121
1827	#FFFFFF	#D3D3D3	121
1828	#FFFFFF	#D3D3D3	121
1829	#FFFFFF	#D3D3D3	121
1830	#FFFFFF	#D3D3D3	121
1831	#FFFFFF	#D3D3D3	263
1832	#FFFEFE	#D2D2D2	20
1833	#FFFFFF	#D3D3D3	263
1834	#FFFFFF	#D3D3D3	92
1835	#FFFFFF	#D3D3D3	92
1836	#FFFFFF	#D3D3D3	294
1837	#FFFFFF	#D3D3D3	294
1838	#FFFFFF	#D3D3D3	294
1839	#FFFFFF	#D3D3D3	294
1840	#FFFFFF	#D3D3D3	92
1841	#FFFFFF	#D3D3D3	24
1842	#FFFFFF	#D3D3D3	24
1843	#FFFEFE	#D2D2D2	20
1844	#FFFFFF	#D3D3D3	24
1845	#FFFFFF	#D3D3D3	24
1846	#FFFFFF	#D3D3D3	24
1847	#FFFFFF	#D3D3D3	24
1848	#FFFFFF	#D3D3D3	24
1849	#FFFFFF	#D3D3D3	24
1850	#FFFFFF	#D3D3D3	24
1851	#FFFFFF	#D3D3D3	24
1852	#FFFFFF	#D3D3D3	24
1853	#FFFFFF	#D3D3D3	60
1854	#FFFFFF	#D3D3D3	221
1855	#FFFFFF	#D3D3D3	60
1856	#FFFFFF	#D3D3D3	60
1857	#FFFFFF	#D3D3D3	60
1858	#FFFFFF	#D3D3D3	68
1859	#FFFFFF	#D3D3D3	68
1860	#FFFFFF	#D3D3D3	68
1861	#FFFFFF	#D3D3D3	68
1862	#FFFFFF	#D3D3D3	68
1863	#FFFFFF	#D3D3D3	68
1864	#FFFFFF	#D3D3D3	221
1865	#FFFFFF	#D3D3D3	221
1866	#FFFFFF	#D3D3D3	221
1867	#FFFFFF	#D3D3D3	221
1868	#FFFFFF	#D3D3D3	121
1870	#FFFFFF	#D3D3D3	84
1871	#FFFFFF	#D3D3D3	84
1872	#FFFFFF	#D3D3D3	121
1873	#FFFFFF	#D3D3D3	121
1874	#FFFFFF	#D3D3D3	121
1875	#FFFFFF	#D3D3D3	121
1876	#FFFFFF	#D3D3D3	121
1877	#FFFFFF	#D3D3D3	121
1878	#FFFFFF	#D3D3D3	121
1879	#FFFFFF	#D3D3D3	121
1880	#FFFFFF	#D3D3D3	121
1881	#FFFFFF	#D3D3D3	121
1882	#FFFEFE	#D2D2D2	20
1883	#FFFFFF	#D3D3D3	263
1884	#FFFFFF	#D3D3D3	263
1885	#FFFFFF	#D3D3D3	92
1886	#FFFFFF	#D3D3D3	294
1887	#FFFFFF	#D3D3D3	294
1888	#FFFFFF	#D3D3D3	294
1889	#FFFFFF	#D3D3D3	294
1890	#FFFFFF	#D3D3D3	294
1891	#FFFFFF	#D3D3D3	92
1892	#FFFFFF	#D3D3D3	24
1893	#FFFEFE	#D2D2D2	20
1894	#FFFFFF	#D3D3D3	24
1895	#FFFFFF	#D3D3D3	24
1896	#FFFFFF	#D3D3D3	24
1897	#FFFFFF	#D3D3D3	24
1898	#FFFFFF	#D3D3D3	24
1899	#FFFFFF	#D3D3D3	24
1900	#FFFFFF	#D3D3D3	24
1901	#FFFFFF	#D3D3D3	24
1902	#FFFFFF	#D3D3D3	24
1903	#FFFFFF	#D3D3D3	60
1904	#FFFEFE	#D2D2D2	20
1905	#FFFFFF	#D3D3D3	60
1906	#FFFFFF	#D3D3D3	60
1907	#FFFFFF	#D3D3D3	60
1908	#FFFFFF	#D3D3D3	68
1909	#FFFFFF	#D3D3D3	68
1910	#FFFFFF	#D3D3D3	68
1911	#FFFFFF	#D3D3D3	68
1912	#FFFFFF	#D3D3D3	68
1913	#FFFFFF	#D3D3D3	68
1914	#FFFFFF	#D3D3D3	68
1915	#FFFFFF	#D3D3D3	221
1916	#FFFFFF	#D3D3D3	221
1917	#FFFFFF	#D3D3D3	221
1918	#FFFFFF	#D3D3D3	221
1919	#FFFFFF	#D3D3D3	221
1921	#FFFFFF	#D3D3D3	84
1922	#FFFEFE	#D2D2D2	20
1923	#FFFFFF	#D3D3D3	121
1924	#FFFFFF	#D3D3D3	121
1925	#FFFFFF	#D3D3D3	121
1926	#FFFFFF	#D3D3D3	121
1927	#FFFFFF	#D3D3D3	121
1928	#FFFFFF	#D3D3D3	121
1929	#FFFFFF	#D3D3D3	121
1930	#FFFFFF	#D3D3D3	121
1931	#FFFFFF	#D3D3D3	121
1932	#FFFFFF	#D3D3D3	121
1933	#FFFEFE	#D2D2D2	20
1934	#FFFFFF	#D3D3D3	263
1935	#FFFFFF	#D3D3D3	263
1936	#FFFFFF	#D3D3D3	92
1937	#FFFFFF	#D3D3D3	294
1938	#FFFFFF	#D3D3D3	92
1939	#FFFFFF	#D3D3D3	294
1940	#FFFFFF	#D3D3D3	294
1941	#FFFFFF	#D3D3D3	92
1942	#FFFFFF	#D3D3D3	92
1943	#FFFFFF	#D3D3D3	24
1944	#FFFEFE	#D2D2D2	20
1945	#FFFFFF	#D3D3D3	24
1946	#FFFFFF	#D3D3D3	24
1947	#FFFFFF	#D3D3D3	24
1948	#FFFFFF	#D3D3D3	24
1949	#FFFFFF	#D3D3D3	24
1950	#FFFFFF	#D3D3D3	24
1951	#FFFFFF	#D3D3D3	24
1952	#FFFFFF	#D3D3D3	24
1953	#FFFFFF	#D3D3D3	60
1954	#FFFFFF	#D3D3D3	60
1955	#FFFEFE	#D2D2D2	20
1956	#FFFFFF	#D3D3D3	60
1957	#FFFFFF	#D3D3D3	60
1958	#FFFFFF	#D3D3D3	68
1959	#FFFFFF	#D3D3D3	24
1960	#FFFFFF	#D3D3D3	68
1961	#FFFFFF	#D3D3D3	68
1962	#FFFFFF	#D3D3D3	68
1963	#FFFFFF	#D3D3D3	68
1964	#FFFFFF	#D3D3D3	197
1965	#FFFFFF	#D3D3D3	221
1966	#FFFEFE	#D2D2D2	20
1967	#FFFEFE	#D2D2D2	20
1968	#FFFFFF	#D3D3D3	221
1969	#FFFFFF	#D3D3D3	221
1971	#FFFFFF	#D3D3D3	84
1972	#FFFEFE	#D2D2D2	20
1973	#FFFFFF	#D3D3D3	221
1974	#FFFFFF	#D3D3D3	121
1975	#FFFFFF	#D3D3D3	121
1976	#FFFFFF	#D3D3D3	121
1977	#FFFFFF	#D3D3D3	121
1978	#FFFFFF	#D3D3D3	121
1979	#FFFFFF	#D3D3D3	121
1980	#FFFFFF	#D3D3D3	121
1981	#FFFFFF	#D3D3D3	121
1982	#FFFFFF	#D3D3D3	121
1983	#FFFEFE	#D2D2D2	20
1984	#FFFFFF	#D3D3D3	121
1985	#FFFFFF	#D3D3D3	263
1986	#FFFFFF	#D3D3D3	92
1987	#FFFFFF	#D3D3D3	92
1988	#FFFFFF	#D3D3D3	92
1989	#FFFFFF	#D3D3D3	294
1990	#FFFFFF	#D3D3D3	294
1991	#FFFFFF	#D3D3D3	92
1992	#FFFFFF	#D3D3D3	92
1993	#FFFFFF	#D3D3D3	92
1994	#FFFEFE	#D2D2D2	20
1995	#FFFFFF	#D3D3D3	24
1996	#FFFFFF	#D3D3D3	24
1997	#FFFFFF	#D3D3D3	24
1998	#FFFFFF	#D3D3D3	24
1999	#FFFFFF	#D3D3D3	24
2000	#FFFFFF	#D3D3D3	24
2001	#FFFFFF	#D3D3D3	24
2002	#FFFFFF	#D3D3D3	24
2003	#FFFFFF	#D3D3D3	24
2004	#FFFFFF	#D3D3D3	60
2005	#FFFEFE	#D2D2D2	20
2006	#FFFFFF	#D3D3D3	60
2007	#FFFFFF	#D3D3D3	60
2008	#FFFFFF	#D3D3D3	68
2009	#FFFFFF	#D3D3D3	24
2010	#FFFFFF	#D3D3D3	24
2011	#FFFFFF	#D3D3D3	68
2012	#FFFFFF	#D3D3D3	68
2013	#FFFFFF	#D3D3D3	68
2014	#FFFFFF	#D3D3D3	197
2015	#FFFFFF	#D3D3D3	197
2016	#FFFEFE	#D2D2D2	20
2017	#FFFEFE	#D2D2D2	20
2018	#FFFEFE	#D2D2D2	20
2019	#FFFEFE	#D2D2D2	20
2020	#FFFFFF	#D3D3D3	221
2022	#FFFFFF	#D3D3D3	84
2023	#FFFEFE	#D2D2D2	20
2024	#FFFFFF	#D3D3D3	121
2025	#FFFFFF	#D3D3D3	121
2026	#FFFFFF	#D3D3D3	121
2027	#FFFFFF	#D3D3D3	121
2028	#FFFFFF	#D3D3D3	121
2029	#FFFFFF	#D3D3D3	121
2030	#FFFFFF	#D3D3D3	121
2031	#FFFFFF	#D3D3D3	121
2032	#FFFFFF	#D3D3D3	121
2033	#FFFFFF	#D3D3D3	121
2034	#FFFEFE	#D2D2D2	20
2035	#FFFFFF	#D3D3D3	121
2036	#FFFFFF	#D3D3D3	263
2037	#FFFFFF	#D3D3D3	263
2038	#FFFFFF	#D3D3D3	92
2039	#FFFFFF	#D3D3D3	294
2040	#FFFFFF	#D3D3D3	294
2041	#FFFFFF	#D3D3D3	92
2042	#FFFFFF	#D3D3D3	92
2043	#FFFFFF	#D3D3D3	92
2044	#FFFFFF	#D3D3D3	92
2045	#FFFEFE	#D2D2D2	20
2046	#FFFFFF	#D3D3D3	24
2047	#FFFFFF	#D3D3D3	24
2048	#FFFFFF	#D3D3D3	24
2049	#FFFFFF	#D3D3D3	24
2050	#FFFFFF	#D3D3D3	24
2051	#FFFFFF	#D3D3D3	24
2052	#FFFFFF	#D3D3D3	24
2053	#FFFFFF	#D3D3D3	24
2054	#FFFFFF	#D3D3D3	24
2055	#FFFFFF	#D3D3D3	60
2056	#FFFEFE	#D2D2D2	20
2057	#FFFFFF	#D3D3D3	60
2058	#FFFFFF	#D3D3D3	68
2059	#FFFFFF	#D3D3D3	24
2060	#FFFFFF	#D3D3D3	24
2061	#FFFFFF	#D3D3D3	24
2062	#FFFFFF	#D3D3D3	68
2063	#FFFFFF	#D3D3D3	68
2064	#FFFFFF	#D3D3D3	68
2065	#FFFFFF	#D3D3D3	197
2066	#FFFEFE	#D2D2D2	20
2067	#FFFEFE	#D2D2D2	20
2068	#FFFEFE	#D2D2D2	20
2069	#FFFFFF	#D3D3D3	221
2070	#FFFFFF	#D3D3D3	221
2072	#FFFFFF	#D3D3D3	84
2073	#FFFEFE	#D2D2D2	20
2074	#FFFFFF	#D3D3D3	121
2075	#FFFFFF	#D3D3D3	121
2076	#FFFFFF	#D3D3D3	121
2077	#FFFFFF	#D3D3D3	121
2078	#FFFFFF	#D3D3D3	121
2079	#FFFFFF	#D3D3D3	121
2080	#FFFFFF	#D3D3D3	121
2081	#FFFFFF	#D3D3D3	121
2082	#FFFFFF	#D3D3D3	121
2083	#FFFFFF	#D3D3D3	121
2084	#FFFEFE	#D2D2D2	20
2085	#FFFFFF	#D3D3D3	121
2086	#FFFFFF	#D3D3D3	121
2087	#FFFFFF	#D3D3D3	263
2088	#FFFFFF	#D3D3D3	263
2089	#FFFFFF	#D3D3D3	92
2090	#FFFFFF	#D3D3D3	92
2091	#FFFFFF	#D3D3D3	92
2092	#FFFFFF	#D3D3D3	92
2093	#FFFFFF	#D3D3D3	92
2094	#FFFFFF	#D3D3D3	92
2095	#FFFEFE	#D2D2D2	20
2096	#FFFFFF	#D3D3D3	92
2097	#FFFFFF	#D3D3D3	24
2098	#FFFFFF	#D3D3D3	24
2099	#FFFFFF	#D3D3D3	24
2100	#FFFFFF	#D3D3D3	24
2101	#FFFFFF	#D3D3D3	24
2102	#FFFFFF	#D3D3D3	24
2103	#FFFFFF	#D3D3D3	24
2104	#FFFFFF	#D3D3D3	24
2105	#FFFFFF	#D3D3D3	24
2106	#FFFEFE	#D2D2D2	20
2107	#FFFFFF	#D3D3D3	60
2108	#FFFFFF	#D3D3D3	68
2109	#FFFFFF	#D3D3D3	24
2110	#FFFFFF	#D3D3D3	24
2111	#FFFFFF	#D3D3D3	68
2112	#FFFFFF	#D3D3D3	68
2113	#FFFFFF	#D3D3D3	68
2114	#FFFFFF	#D3D3D3	68
2115	#FFFFFF	#D3D3D3	68
2116	#FFFFFF	#D3D3D3	197
2117	#FFFEFE	#D2D2D2	20
2118	#FFFFFF	#D3D3D3	221
2119	#FFFEFE	#D2D2D2	20
2120	#FFFFFF	#D3D3D3	221
2121	#FFFFFF	#D3D3D3	221
2123	#FFFFFF	#D3D3D3	84
2124	#FFFEFE	#D2D2D2	20
2125	#FFFFFF	#D3D3D3	121
2126	#FFFFFF	#D3D3D3	121
2127	#FFFFFF	#D3D3D3	121
2128	#FFFFFF	#D3D3D3	121
2129	#FFFFFF	#D3D3D3	121
2130	#FFFFFF	#D3D3D3	121
2131	#FFFFFF	#D3D3D3	121
2132	#FFFFFF	#D3D3D3	121
2133	#FFFFFF	#D3D3D3	121
2134	#FFFFFF	#D3D3D3	121
2135	#FFFEFE	#D2D2D2	20
2136	#FFFFFF	#D3D3D3	121
2137	#FFFFFF	#D3D3D3	121
2138	#FFFFFF	#D3D3D3	263
2139	#FFFFFF	#D3D3D3	92
2140	#FFFFFF	#D3D3D3	92
2141	#FFFFFF	#D3D3D3	92
2142	#FFFFFF	#D3D3D3	92
2143	#FFFFFF	#D3D3D3	92
2144	#FFFFFF	#D3D3D3	92
2145	#FFFFFF	#D3D3D3	92
2146	#FFFEFE	#D2D2D2	20
2147	#FFFFFF	#D3D3D3	92
2148	#FFFFFF	#D3D3D3	24
2149	#FFFFFF	#D3D3D3	24
2150	#FFFFFF	#D3D3D3	24
2151	#FFFFFF	#D3D3D3	24
2152	#FFFFFF	#D3D3D3	24
2153	#FFFFFF	#D3D3D3	24
2154	#FFFFFF	#D3D3D3	24
2155	#FFFFFF	#D3D3D3	24
2156	#FFFFFF	#D3D3D3	24
2157	#FFFEFE	#D2D2D2	20
2158	#FFFFFF	#D3D3D3	68
2159	#FFFFFF	#D3D3D3	24
2160	#FFFFFF	#D3D3D3	24
2161	#FFFFFF	#D3D3D3	24
2162	#FFFFFF	#D3D3D3	68
2163	#FFFFFF	#D3D3D3	68
2164	#FFFFFF	#D3D3D3	68
2165	#FFFFFF	#D3D3D3	68
2166	#FFFFFF	#D3D3D3	197
2167	#FFFFFF	#D3D3D3	221
2168	#FFFFFF	#D3D3D3	221
2169	#FFFFFF	#D3D3D3	221
2170	#FFFFFF	#D3D3D3	221
2171	#FFFFFF	#D3D3D3	121
2173	#FFFFFF	#D3D3D3	84
2174	#FFFEFE	#D2D2D2	20
2175	#FFFFFF	#D3D3D3	121
2176	#FFFFFF	#D3D3D3	121
2177	#FFFFFF	#D3D3D3	121
2178	#FFFFFF	#D3D3D3	121
2179	#FFFFFF	#D3D3D3	121
2180	#FFFFFF	#D3D3D3	121
2181	#FFFFFF	#D3D3D3	121
2182	#FFFFFF	#D3D3D3	121
2183	#FFFFFF	#D3D3D3	121
2184	#FFFFFF	#D3D3D3	121
2185	#FFFEFE	#D2D2D2	20
2186	#FFFFFF	#D3D3D3	121
2187	#FFFFFF	#D3D3D3	121
2188	#FFFFFF	#D3D3D3	121
2189	#FFFFFF	#D3D3D3	263
2190	#FFFFFF	#D3D3D3	263
2191	#FFFFFF	#D3D3D3	263
2192	#FFFFFF	#D3D3D3	263
2193	#FFFFFF	#D3D3D3	92
2194	#FFFFFF	#D3D3D3	92
2195	#FFFFFF	#D3D3D3	92
2196	#FFFEFE	#D2D2D2	20
2197	#FFFFFF	#D3D3D3	92
2198	#FFFFFF	#D3D3D3	24
2199	#FFFFFF	#D3D3D3	24
2200	#FFFFFF	#D3D3D3	24
2201	#FFFFFF	#D3D3D3	24
2202	#FFFFFF	#D3D3D3	24
2203	#FFFFFF	#D3D3D3	24
2204	#FFFFFF	#D3D3D3	24
2205	#FFFFFF	#D3D3D3	24
2206	#FFFFFF	#D3D3D3	24
2207	#FFFEFE	#D2D2D2	20
2208	#FFFFFF	#D3D3D3	24
2209	#FFFFFF	#D3D3D3	24
2210	#FFFFFF	#D3D3D3	24
2211	#FFFFFF	#D3D3D3	24
2212	#FFFFFF	#D3D3D3	68
2213	#FFFFFF	#D3D3D3	68
2214	#FFFFFF	#D3D3D3	68
2215	#FFFFFF	#D3D3D3	68
2216	#FFFFFF	#D3D3D3	68
2217	#FFFFFF	#D3D3D3	68
2218	#FFFEFE	#D2D2D2	20
2219	#FFFFFF	#D3D3D3	221
2220	#FFFFFF	#D3D3D3	221
2221	#FFFFFF	#D3D3D3	221
2222	#FFFFFF	#D3D3D3	121
2224	#FFFFFF	#D3D3D3	84
2225	#FFFEFE	#D2D2D2	20
2226	#FFFFFF	#D3D3D3	121
2227	#FFFFFF	#D3D3D3	121
2228	#FFFFFF	#D3D3D3	121
2229	#FFFFFF	#D3D3D3	121
2230	#FFFFFF	#D3D3D3	121
2231	#FFFFFF	#D3D3D3	121
2232	#FFFFFF	#D3D3D3	121
2233	#FFFFFF	#D3D3D3	121
2234	#FFFFFF	#D3D3D3	121
2235	#FFFFFF	#D3D3D3	121
2236	#FFFEFE	#D2D2D2	20
2237	#FFFFFF	#D3D3D3	121
2238	#FFFFFF	#D3D3D3	121
2239	#FFFFFF	#D3D3D3	121
2240	#FFFFFF	#D3D3D3	263
2241	#FFFFFF	#D3D3D3	263
2242	#FFFFFF	#D3D3D3	263
2243	#FFFFFF	#D3D3D3	92
2244	#FFFFFF	#D3D3D3	92
2245	#FFFFFF	#D3D3D3	92
2246	#FFFFFF	#D3D3D3	92
2247	#FFFEFE	#D2D2D2	20
2248	#FFFFFF	#D3D3D3	92
2249	#FFFFFF	#D3D3D3	24
2250	#FFFFFF	#D3D3D3	24
2251	#FFFFFF	#D3D3D3	24
2252	#FFFFFF	#D3D3D3	24
2253	#FFFFFF	#D3D3D3	24
2254	#FFFFFF	#D3D3D3	24
2255	#FFFFFF	#D3D3D3	24
2256	#FFFFFF	#D3D3D3	24
2257	#FFFFFF	#D3D3D3	24
2258	#FFFEFE	#D2D2D2	20
2259	#FFFFFF	#D3D3D3	24
2260	#FFFFFF	#D3D3D3	24
2261	#FFFFFF	#D3D3D3	24
2262	#FFFFFF	#D3D3D3	68
2263	#FFFFFF	#D3D3D3	68
2264	#FFFFFF	#D3D3D3	68
2265	#FFFFFF	#D3D3D3	68
2266	#FFFFFF	#D3D3D3	68
2267	#FFFFFF	#D3D3D3	68
2268	#FFFEFE	#D2D2D2	20
2269	#FFFFFF	#D3D3D3	221
2270	#FFFFFF	#D3D3D3	221
2271	#FFFFFF	#D3D3D3	121
2272	#FFFFFF	#D3D3D3	121
2274	#FFFFFF	#D3D3D3	172
2275	#FFFEFE	#D2D2D2	20
2276	#FEF7FA	#CACACA	64
2277	#FEF7FA	#CACACA	64
2278	#FEF7FA	#CACACA	64
2279	#FEF7FA	#CACACA	64
2280	#FFFFFF	#D3D3D3	57
2281	#FFFFFF	#D3D3D3	57
2282	#FFFFFF	#D3D3D3	57
2283	#FFFFFF	#D3D3D3	57
2284	#FFFFFF	#D3D3D3	57
2285	#FFFFFF	#D3D3D3	24
2286	#FFFEFE	#D2D2D2	20
2287	#FFFFFF	#D3D3D3	24
2288	#FFFFFF	#D3D3D3	57
2289	#FFFFFF	#D3D3D3	57
2290	#FFFFFF	#D3D3D3	57
2291	#FFFFFF	#D3D3D3	57
2292	#FFFFFF	#D3D3D3	57
2293	#FFFFFF	#D3D3D3	57
2294	#FFFFFF	#D3D3D3	57
2295	#FFFFFF	#D3D3D3	57
2296	#FFFFFF	#D3D3D3	57
2297	#FEF7FA	#CACACA	64
2298	#FFFFFF	#D3D3D3	57
2299	#FFFFFF	#D3D3D3	57
2300	#FFFFFF	#D3D3D3	60
2301	#FFFFFF	#D3D3D3	60
2302	#FFFFFF	#D3D3D3	60
2303	#FFFFFF	#D3D3D3	60
2304	#FFFFFF	#D3D3D3	60
2305	#FFFFFF	#D3D3D3	60
2306	#FFFFFF	#D3D3D3	60
2307	#FFFFFF	#D3D3D3	106
2308	#FFFFFF	#D3D3D3	24
2309	#FFFFFF	#D3D3D3	76
2310	#FFFFFF	#D3D3D3	76
2311	#FFFFFF	#D3D3D3	76
2312	#FFFFFF	#D3D3D3	76
2313	#FFFFFF	#D3D3D3	76
2314	#FFFFFF	#D3D3D3	76
2315	#FFFFFF	#D3D3D3	76
2316	#FFFFFF	#D3D3D3	76
2317	#FFFFFF	#D3D3D3	76
2318	#FFFFFF	#D3D3D3	76
2319	#FEF7FA	#CACACA	64
2320	#FEF7FA	#CACACA	64
2321	#FEF7FA	#CACACA	64
2322	#FEF7FA	#CACACA	64
2323	#FEF7FA	#CACACA	64
2325	#FFFFFF	#D3D3D3	172
2326	#FFFEFE	#D2D2D2	20
2327	#FEF7FA	#CACACA	64
2328	#FEF7FA	#CACACA	64
2329	#FEF7FA	#CACACA	64
2330	#FEF7FA	#CACACA	64
2331	#FFFFFF	#D3D3D3	57
2332	#FFFFFF	#D3D3D3	57
2333	#FFFFFF	#D3D3D3	57
2334	#FFFFFF	#D3D3D3	57
2335	#FFFFFF	#D3D3D3	24
2336	#FFFFFF	#D3D3D3	24
2337	#FEF7FA	#CACACA	64
2338	#FFFFFF	#D3D3D3	57
2339	#FFFFFF	#D3D3D3	57
2340	#FFFFFF	#D3D3D3	57
2341	#FFFFFF	#D3D3D3	57
2342	#FFFFFF	#D3D3D3	57
2343	#FFFFFF	#D3D3D3	57
2344	#FFFFFF	#D3D3D3	57
2345	#FFFFFF	#D3D3D3	57
2346	#FFFFFF	#D3D3D3	57
2347	#FFFFFF	#D3D3D3	57
2348	#FFFFFF	#D3D3D3	24
2349	#FFFFFF	#D3D3D3	60
2350	#FFFFFF	#D3D3D3	60
2351	#FFFFFF	#D3D3D3	60
2352	#FFFFFF	#D3D3D3	60
2353	#FFFFFF	#D3D3D3	60
2354	#FFFFFF	#D3D3D3	60
2355	#FFFFFF	#D3D3D3	60
2356	#FFFFFF	#D3D3D3	60
2357	#FFFFFF	#D3D3D3	60
2358	#FFFFFF	#D3D3D3	106
2359	#FFFFFF	#D3D3D3	24
2360	#FFFFFF	#D3D3D3	106
2361	#FFFFFF	#D3D3D3	76
2362	#FFFFFF	#D3D3D3	76
2363	#FFFFFF	#D3D3D3	76
2364	#FFFFFF	#D3D3D3	76
2365	#FFFFFF	#D3D3D3	76
2366	#FFFFFF	#D3D3D3	76
2367	#FFFFFF	#D3D3D3	76
2368	#FFFFFF	#D3D3D3	76
2369	#FEF7FA	#CACACA	64
2370	#FEF7FA	#CACACA	64
2371	#FEF7FA	#CACACA	64
2372	#FEF7FA	#CACACA	64
2373	#FEF7FA	#CACACA	64
2375	#FFFFFF	#D3D3D3	84
2376	#FFFEFE	#D2D2D2	20
2377	#FFFFFF	#D3D3D3	121
2378	#FFFFFF	#D3D3D3	121
2379	#FFFFFF	#D3D3D3	121
2380	#FFFFFF	#D3D3D3	121
2381	#FFFFFF	#D3D3D3	121
2382	#FFFFFF	#D3D3D3	121
2383	#FFFFFF	#D3D3D3	121
2384	#FFFFFF	#D3D3D3	121
2385	#FFFFFF	#D3D3D3	121
2386	#FFFFFF	#D3D3D3	121
2387	#FFFEFE	#D2D2D2	20
2388	#FFFFFF	#D3D3D3	121
2389	#FFFFFF	#D3D3D3	121
2390	#FFFFFF	#D3D3D3	121
2391	#FFFFFF	#D3D3D3	121
2392	#FFFFFF	#D3D3D3	263
2393	#FFFFFF	#D3D3D3	263
2394	#FFFFFF	#D3D3D3	92
2395	#FFFFFF	#D3D3D3	92
2396	#FFFFFF	#D3D3D3	92
2397	#FFFFFF	#D3D3D3	92
2398	#FFFEFE	#D2D2D2	20
2399	#FFFFFF	#D3D3D3	92
2400	#FFFFFF	#D3D3D3	92
2401	#FFFFFF	#D3D3D3	87
2402	#FFFFFF	#D3D3D3	24
2403	#FFFFFF	#D3D3D3	24
2404	#FFFFFF	#D3D3D3	24
2405	#FFFFFF	#D3D3D3	24
2406	#FFFFFF	#D3D3D3	24
2407	#FFFFFF	#D3D3D3	24
2408	#FFFFFF	#D3D3D3	24
2409	#FFFEFE	#D2D2D2	20
2410	#FFFFFF	#D3D3D3	24
2411	#FFFFFF	#D3D3D3	24
2412	#FFFFFF	#D3D3D3	24
2413	#FFFFFF	#D3D3D3	68
2414	#FFFFFF	#D3D3D3	68
2415	#FFFFFF	#D3D3D3	68
2416	#FFFFFF	#D3D3D3	68
2417	#FFFFFF	#D3D3D3	68
2418	#FFFFFF	#D3D3D3	68
2419	#FFFFFF	#D3D3D3	68
2420	#FFFEFE	#D2D2D2	20
2421	#FFFEFE	#D2D2D2	20
2422	#FFFFFF	#D3D3D3	221
2423	#FFFEFE	#D2D2D2	20
2424	#FFFFFF	#D3D3D3	121
2426	#FFFFFF	#D3D3D3	84
2427	#FFFEFE	#D2D2D2	20
2428	#FFFFFF	#D3D3D3	121
2429	#FFFFFF	#D3D3D3	121
2430	#FFFFFF	#D3D3D3	121
2431	#FFFFFF	#D3D3D3	121
2432	#FFFFFF	#D3D3D3	121
2433	#FFFFFF	#D3D3D3	121
2434	#FFFFFF	#D3D3D3	121
2435	#FFFFFF	#D3D3D3	121
2436	#FFFFFF	#D3D3D3	121
2437	#FFFFFF	#D3D3D3	121
2438	#FFFEFE	#D2D2D2	20
2439	#FFFFFF	#D3D3D3	121
2440	#FFFFFF	#D3D3D3	121
2441	#FFFFFF	#D3D3D3	121
2442	#FFFFFF	#D3D3D3	263
2443	#FFFFFF	#D3D3D3	263
2444	#FFFFFF	#D3D3D3	263
2445	#FFFFFF	#D3D3D3	92
2446	#FFFFFF	#D3D3D3	92
2447	#FFFFFF	#D3D3D3	92
2448	#FFFFFF	#D3D3D3	92
2449	#FFFEFE	#D2D2D2	20
2450	#FFFFFF	#D3D3D3	92
2451	#FFFFFF	#D3D3D3	121
2452	#FFFFFF	#D3D3D3	87
2453	#FFFFFF	#D3D3D3	87
2454	#FFFFFF	#D3D3D3	24
2455	#FFFFFF	#D3D3D3	24
2456	#FFFFFF	#D3D3D3	24
2457	#FFFFFF	#D3D3D3	24
2458	#FFFFFF	#D3D3D3	24
2459	#FFFFFF	#D3D3D3	24
2460	#FFFEFE	#D2D2D2	20
2461	#FFFFFF	#D3D3D3	24
2462	#FFFFFF	#D3D3D3	24
2463	#FFFFFF	#D3D3D3	68
2464	#FFFFFF	#D3D3D3	68
2465	#FFFFFF	#D3D3D3	68
2466	#FFFFFF	#D3D3D3	68
2467	#FFFFFF	#D3D3D3	68
2468	#FFFFFF	#D3D3D3	68
2469	#FFFFFF	#D3D3D3	68
2470	#FFFEFE	#D2D2D2	20
2471	#FFFEFE	#D2D2D2	20
2472	#FFFEFE	#D2D2D2	20
2473	#FFFEFE	#D2D2D2	20
2474	#FFFFFF	#D3D3D3	121
2476	#FFFFFF	#D3D3D3	84
2477	#FFFFFF	#D3D3D3	84
2478	#FFFFFF	#D3D3D3	121
2479	#FFFFFF	#D3D3D3	121
2480	#FFFFFF	#D3D3D3	121
2481	#FFFFFF	#D3D3D3	121
2482	#FFFFFF	#D3D3D3	121
2483	#FFFFFF	#D3D3D3	121
2484	#FFFFFF	#D3D3D3	121
2485	#FFFFFF	#D3D3D3	121
2486	#FFFFFF	#D3D3D3	121
2487	#FFFFFF	#D3D3D3	121
2488	#FFFEFE	#D2D2D2	20
2489	#FFFFFF	#D3D3D3	121
2490	#FFFFFF	#D3D3D3	121
2491	#FFFFFF	#D3D3D3	121
2492	#FFFFFF	#D3D3D3	263
2493	#FFFFFF	#D3D3D3	263
2494	#FFFFFF	#D3D3D3	263
2495	#FFFFFF	#D3D3D3	263
2496	#FFFFFF	#D3D3D3	92
2497	#FFFFFF	#D3D3D3	92
2498	#FFFFFF	#D3D3D3	92
2499	#FFFEFE	#D2D2D2	20
2500	#FFFFFF	#D3D3D3	92
2501	#FFFFFF	#D3D3D3	92
2502	#FFFFFF	#D3D3D3	121
2503	#FFFFFF	#D3D3D3	87
2504	#FFFFFF	#D3D3D3	24
2505	#FFFFFF	#D3D3D3	24
2506	#FFFFFF	#D3D3D3	24
2507	#FFFFFF	#D3D3D3	24
2508	#FFFFFF	#D3D3D3	24
2509	#FFFFFF	#D3D3D3	24
2510	#FFFEFE	#D2D2D2	20
2511	#FFFFFF	#D3D3D3	24
2512	#FFFFFF	#D3D3D3	24
2513	#FFFFFF	#D3D3D3	68
2514	#FFFFFF	#D3D3D3	24
2515	#FFFFFF	#D3D3D3	68
2516	#FFFFFF	#D3D3D3	68
2517	#FFFFFF	#D3D3D3	68
2518	#FFFFFF	#D3D3D3	68
2519	#FFFFFF	#D3D3D3	68
2520	#FFFFFF	#D3D3D3	68
2521	#FFFEFE	#D2D2D2	20
2522	#FFFEFE	#D2D2D2	20
2523	#FFFEFE	#D2D2D2	20
2524	#FFFEFE	#D2D2D2	20
2525	#FFFEFE	#D2D2D2	20
2527	#FFFFFF	#D3D3D3	84
2528	#FFFEFE	#D2D2D2	20
2529	#FFFFFF	#D3D3D3	121
2530	#FFFFFF	#D3D3D3	121
2531	#FFFFFF	#D3D3D3	121
2532	#FFFFFF	#D3D3D3	121
2533	#FFFFFF	#D3D3D3	121
2534	#FFFFFF	#D3D3D3	121
2535	#FFFFFF	#D3D3D3	121
2536	#FFFFFF	#D3D3D3	121
2537	#FFFFFF	#D3D3D3	121
2538	#FFFFFF	#D3D3D3	121
2539	#FFFEFE	#D2D2D2	20
2540	#FFFFFF	#D3D3D3	121
2541	#FFFFFF	#D3D3D3	121
2542	#FFFFFF	#D3D3D3	263
2543	#FFFFFF	#D3D3D3	263
2544	#FFFFFF	#D3D3D3	263
2545	#FFFFFF	#D3D3D3	263
2546	#FFFFFF	#D3D3D3	263
2547	#FFFFFF	#D3D3D3	263
2548	#FFFFFF	#D3D3D3	92
2549	#FFFFFF	#D3D3D3	92
2550	#FFFEFE	#D2D2D2	20
2551	#FFFFFF	#D3D3D3	92
2552	#FFFFFF	#D3D3D3	121
2553	#FFFFFF	#D3D3D3	121
2554	#FFFFFF	#D3D3D3	87
2555	#FFFFFF	#D3D3D3	24
2556	#FFFFFF	#D3D3D3	24
2557	#FFFFFF	#D3D3D3	24
2558	#FFFFFF	#D3D3D3	24
2559	#FFFFFF	#D3D3D3	24
2560	#FFFFFF	#D3D3D3	24
2561	#FFFEFE	#D2D2D2	20
2562	#FFFFFF	#D3D3D3	24
2563	#FFFFFF	#D3D3D3	68
2564	#FFFFFF	#D3D3D3	24
2565	#FFFFFF	#D3D3D3	68
2566	#FFFFFF	#D3D3D3	68
2567	#FFFFFF	#D3D3D3	68
2568	#FFFFFF	#D3D3D3	68
2569	#FFFFFF	#D3D3D3	68
2570	#FFFFFF	#D3D3D3	68
2571	#FFFEFE	#D2D2D2	20
2572	#FFFEFE	#D2D2D2	20
2573	#FFFEFE	#D2D2D2	20
2574	#FFFEFE	#D2D2D2	20
2575	#FFFEFE	#D2D2D2	20
2577	#FFFFFF	#D3D3D3	84
2578	#FFFEFE	#D2D2D2	20
2579	#FFFFFF	#D3D3D3	121
2580	#FFFFFF	#D3D3D3	121
2581	#FFFFFF	#D3D3D3	121
2582	#FFFFFF	#D3D3D3	121
2583	#FFFFFF	#D3D3D3	121
2584	#FFFFFF	#D3D3D3	121
2585	#FFFFFF	#D3D3D3	121
2586	#FFFFFF	#D3D3D3	121
2587	#FFFFFF	#D3D3D3	121
2588	#FFFFFF	#D3D3D3	121
2589	#FFFEFE	#D2D2D2	20
2590	#FFFFFF	#D3D3D3	121
2591	#FFFFFF	#D3D3D3	121
2592	#FFFFFF	#D3D3D3	121
2593	#FFFFFF	#D3D3D3	263
2594	#FFFFFF	#D3D3D3	121
2595	#FFFFFF	#D3D3D3	263
2596	#FFFFFF	#D3D3D3	263
2597	#FFFFFF	#D3D3D3	263
2598	#FFFFFF	#D3D3D3	263
2599	#FFFFFF	#D3D3D3	92
2600	#FFFEFE	#D2D2D2	20
2601	#FFFFFF	#D3D3D3	92
2602	#FFFFFF	#D3D3D3	121
2603	#FFFFFF	#D3D3D3	121
2604	#FFFFFF	#D3D3D3	87
2605	#FFFFFF	#D3D3D3	87
2606	#FFFFFF	#D3D3D3	24
2607	#FFFFFF	#D3D3D3	24
2608	#FFFFFF	#D3D3D3	24
2609	#FFFFFF	#D3D3D3	24
2610	#FFFFFF	#D3D3D3	24
2611	#FFFEFE	#D2D2D2	20
2612	#FFFFFF	#D3D3D3	24
2613	#FFFFFF	#D3D3D3	68
2614	#FFFFFF	#D3D3D3	24
2615	#FFFFFF	#D3D3D3	24
2616	#FFFFFF	#D3D3D3	68
2617	#FFFFFF	#D3D3D3	68
2618	#FFFFFF	#D3D3D3	68
2619	#FFFFFF	#D3D3D3	68
2620	#FFFFFF	#D3D3D3	68
2621	#FFFFFF	#D3D3D3	68
2622	#FFFEFE	#D2D2D2	20
2623	#FFFEFE	#D2D2D2	20
2624	#FFFEFE	#D2D2D2	20
2625	#FFFEFE	#D2D2D2	20
2626	#FFFEFE	#D2D2D2	20
2628	#FFFEFE	#D2D2D2	20
2629	#FFFEFE	#D2D2D2	20
2630	#FFFFFF	#D3D3D3	121
2631	#FFFFFF	#D3D3D3	121
2632	#FFFFFF	#D3D3D3	121
2633	#FFFFFF	#D3D3D3	121
2634	#FFFFFF	#D3D3D3	121
2635	#FFFFFF	#D3D3D3	121
2636	#FFFFFF	#D3D3D3	121
2637	#FFFFFF	#D3D3D3	121
2638	#FFFFFF	#D3D3D3	121
2639	#FFFFFF	#D3D3D3	121
2640	#FFFEFE	#D2D2D2	20
2641	#FFFFFF	#D3D3D3	121
2642	#FFFFFF	#D3D3D3	121
2643	#FFFFFF	#D3D3D3	121
2644	#FFFFFF	#D3D3D3	263
2645	#FFFFFF	#D3D3D3	121
2646	#FFFFFF	#D3D3D3	121
2647	#FFFFFF	#D3D3D3	263
2648	#FFFFFF	#D3D3D3	263
2649	#FFFFFF	#D3D3D3	263
2650	#FFFFFF	#D3D3D3	121
2651	#FFFEFE	#D2D2D2	20
2652	#FFFFFF	#D3D3D3	121
2653	#FFFFFF	#D3D3D3	121
2654	#FFFFFF	#D3D3D3	87
2655	#FFFFFF	#D3D3D3	87
2656	#FFFFFF	#D3D3D3	87
2657	#FFFFFF	#D3D3D3	24
2658	#FFFFFF	#D3D3D3	24
2659	#FFFFFF	#D3D3D3	24
2660	#FFFFFF	#D3D3D3	24
2661	#FFFFFF	#D3D3D3	24
2662	#FFFEFE	#D2D2D2	20
2663	#FFFFFF	#D3D3D3	68
2664	#FFFFFF	#D3D3D3	24
2665	#FFFFFF	#D3D3D3	24
2666	#FFFFFF	#D3D3D3	68
2667	#FFFFFF	#D3D3D3	68
2668	#FFFFFF	#D3D3D3	68
2669	#FFFFFF	#D3D3D3	68
2670	#FFFFFF	#D3D3D3	68
2671	#FFFFFF	#D3D3D3	68
2672	#FFFEFE	#D2D2D2	20
2673	#FFFEFE	#D2D2D2	20
2674	#FFFEFE	#D2D2D2	20
2675	#FFFEFE	#D2D2D2	20
2676	#FFFFFF	#D3D3D3	121
2678	#FFFFFF	#D3D3D3	336
2679	#FFFEFE	#D2D2D2	20
2680	#FFFFFF	#D3D3D3	121
2681	#FFFFFF	#D3D3D3	121
2682	#FFFFFF	#D3D3D3	121
2683	#FFFFFF	#D3D3D3	121
2684	#FFFFFF	#D3D3D3	121
2685	#FFFFFF	#D3D3D3	121
2686	#FFFFFF	#D3D3D3	121
2687	#FFFFFF	#D3D3D3	121
2688	#FFFFFF	#D3D3D3	121
2689	#FFFFFF	#D3D3D3	121
2690	#FFFEFE	#D2D2D2	20
2691	#FFFFFF	#D3D3D3	121
2692	#FFFFFF	#D3D3D3	121
2693	#FFFFFF	#D3D3D3	121
2694	#FFFFFF	#D3D3D3	121
2695	#FFFFFF	#D3D3D3	263
2696	#FFFFFF	#D3D3D3	121
2697	#FFFFFF	#D3D3D3	121
2698	#FFFFFF	#D3D3D3	263
2699	#FFFFFF	#D3D3D3	263
2700	#FFFFFF	#D3D3D3	121
2701	#FFFEFE	#D2D2D2	20
2702	#FFFFFF	#D3D3D3	121
2703	#FFFFFF	#D3D3D3	121
2704	#FFFFFF	#D3D3D3	87
2705	#FFFFFF	#D3D3D3	87
2706	#FFFFFF	#D3D3D3	87
2707	#FFFFFF	#D3D3D3	87
2708	#FFFFFF	#D3D3D3	24
2709	#FFFFFF	#D3D3D3	24
2710	#FFFFFF	#D3D3D3	24
2711	#FFFFFF	#D3D3D3	24
2712	#FFFEFE	#D2D2D2	20
2713	#FFFFFF	#D3D3D3	68
2714	#FFFFFF	#D3D3D3	24
2715	#FFFFFF	#D3D3D3	24
2716	#FFFFFF	#D3D3D3	24
2717	#FFFFFF	#D3D3D3	68
2718	#FFFFFF	#D3D3D3	68
2719	#FFFFFF	#D3D3D3	68
2720	#FFFFFF	#D3D3D3	68
2721	#FFFFFF	#D3D3D3	68
2722	#FFFFFF	#D3D3D3	68
2723	#FFFEFE	#D2D2D2	20
2724	#FFFEFE	#D2D2D2	20
2725	#FFFEFE	#D2D2D2	20
2726	#FFFEFE	#D2D2D2	20
2727	#FFFEFE	#D2D2D2	20
2729	#FFFFFF	#D3D3D3	336
2730	#FFFEFE	#D2D2D2	20
2731	#FFFFFF	#D3D3D3	121
2732	#FFFFFF	#D3D3D3	121
2733	#FFFFFF	#D3D3D3	121
2734	#FFFFFF	#D3D3D3	121
2735	#FFFFFF	#D3D3D3	121
2736	#FFFFFF	#D3D3D3	121
2737	#FFFFFF	#D3D3D3	121
2738	#FFFFFF	#D3D3D3	121
2739	#FFFFFF	#D3D3D3	121
2740	#FFFFFF	#D3D3D3	121
2741	#FFFEFE	#D2D2D2	20
2742	#FFFFFF	#D3D3D3	121
2743	#FFFFFF	#D3D3D3	121
2744	#FFFFFF	#D3D3D3	121
2745	#FFFFFF	#D3D3D3	121
2746	#FFFFFF	#D3D3D3	263
2747	#FFFFFF	#D3D3D3	263
2748	#FFFFFF	#D3D3D3	121
2749	#FFFFFF	#D3D3D3	263
2750	#FFFFFF	#D3D3D3	121
2751	#FFFFFF	#D3D3D3	121
2752	#FFFEFE	#D2D2D2	20
2753	#FFFFFF	#D3D3D3	121
2754	#FFFFFF	#D3D3D3	87
2755	#FFFFFF	#D3D3D3	87
2756	#FFFFFF	#D3D3D3	87
2757	#FFFFFF	#D3D3D3	87
2758	#FFFFFF	#D3D3D3	24
2759	#FFFFFF	#D3D3D3	24
2760	#FFFFFF	#D3D3D3	24
2761	#FFFFFF	#D3D3D3	24
2762	#FFFFFF	#D3D3D3	68
2763	#FFFEFE	#D2D2D2	20
2764	#FFFFFF	#D3D3D3	24
2765	#FFFFFF	#D3D3D3	24
2766	#FFFFFF	#D3D3D3	24
2767	#FFFFFF	#D3D3D3	24
2768	#FFFFFF	#D3D3D3	68
2769	#FFFFFF	#D3D3D3	68
2770	#FFFFFF	#D3D3D3	68
2771	#FFFFFF	#D3D3D3	68
2772	#FFFFFF	#D3D3D3	68
2773	#FFFEFE	#D2D2D2	20
2774	#FFFEFE	#D2D2D2	20
2775	#FFFEFE	#D2D2D2	20
2776	#FFFFFF	#D3D3D3	121
2777	#FFFEFE	#D2D2D2	20
2779	#FFFFFF	#D3D3D3	336
2780	#FFFEFE	#D2D2D2	20
2781	#FFFFFF	#D3D3D3	121
2782	#FFFFFF	#D3D3D3	121
2783	#FFFFFF	#D3D3D3	121
2784	#FFFFFF	#D3D3D3	121
2785	#FFFFFF	#D3D3D3	121
2786	#FFFFFF	#D3D3D3	121
2787	#FFFFFF	#D3D3D3	121
2788	#FFFFFF	#D3D3D3	121
2789	#FFFFFF	#D3D3D3	121
2790	#FFFFFF	#D3D3D3	121
2791	#FFFEFE	#D2D2D2	20
2792	#FFFFFF	#D3D3D3	121
2793	#FFFFFF	#D3D3D3	121
2794	#FFFFFF	#D3D3D3	121
2795	#FFFFFF	#D3D3D3	121
2796	#FFFFFF	#D3D3D3	121
2797	#FFFFFF	#D3D3D3	263
2798	#FFFFFF	#D3D3D3	121
2799	#FFFFFF	#D3D3D3	121
2800	#FFFFFF	#D3D3D3	121
2801	#FFFFFF	#D3D3D3	121
2802	#FFFEFE	#D2D2D2	20
2803	#FFFFFF	#D3D3D3	121
2804	#FFFFFF	#D3D3D3	121
2805	#FFFFFF	#D3D3D3	87
2806	#FFFFFF	#D3D3D3	87
2807	#FFFFFF	#D3D3D3	87
2808	#FFFFFF	#D3D3D3	24
2809	#FFFFFF	#D3D3D3	24
2810	#FFFFFF	#D3D3D3	24
2811	#FFFFFF	#D3D3D3	24
2812	#FFFFFF	#D3D3D3	68
2813	#FFFEFE	#D2D2D2	20
2814	#FFFFFF	#D3D3D3	24
2815	#FFFFFF	#D3D3D3	24
2816	#FFFFFF	#D3D3D3	24
2817	#FFFFFF	#D3D3D3	24
2818	#FFFFFF	#D3D3D3	24
2819	#FFFFFF	#D3D3D3	68
2820	#FFFFFF	#D3D3D3	68
2821	#FFFFFF	#D3D3D3	68
2822	#FFFFFF	#D3D3D3	68
2823	#FFFFFF	#D3D3D3	68
2824	#FFFEFE	#D2D2D2	20
2825	#FFFEFE	#D2D2D2	20
2826	#FFFEFE	#D2D2D2	20
2827	#FFFFFF	#D3D3D3	121
2828	#FFFFFF	#D3D3D3	121
2830	#FFFFFF	#D3D3D3	336
2831	#FFFEFE	#D2D2D2	20
2832	#FFFFFF	#D3D3D3	121
2833	#FFFFFF	#D3D3D3	121
2834	#FFFFFF	#D3D3D3	121
2835	#FFFFFF	#D3D3D3	121
2836	#FFFFFF	#D3D3D3	121
2837	#FFFFFF	#D3D3D3	121
2838	#FFFFFF	#D3D3D3	121
2839	#FFFFFF	#D3D3D3	121
2840	#FFFFFF	#D3D3D3	121
2841	#FFFFFF	#D3D3D3	121
2842	#FFFEFE	#D2D2D2	20
2843	#FFFFFF	#D3D3D3	121
2844	#FFFFFF	#D3D3D3	121
2845	#FFFFFF	#D3D3D3	121
2846	#FFFFFF	#D3D3D3	121
2847	#FFFFFF	#D3D3D3	121
2848	#FFFFFF	#D3D3D3	121
2849	#FFFFFF	#D3D3D3	121
2850	#FFFFFF	#D3D3D3	121
2851	#FFFFFF	#D3D3D3	121
2852	#FFFFFF	#D3D3D3	121
2853	#FFFEFE	#D2D2D2	20
2854	#FFFFFF	#D3D3D3	121
2855	#FFFFFF	#D3D3D3	87
2856	#FFFFFF	#D3D3D3	87
2857	#FFFFFF	#D3D3D3	87
2858	#FFFFFF	#D3D3D3	24
2859	#FFFFFF	#D3D3D3	121
2860	#FFFFFF	#D3D3D3	24
2861	#FFFFFF	#D3D3D3	24
2862	#FFFFFF	#D3D3D3	68
2863	#FFFFFF	#D3D3D3	24
2864	#FFFEFE	#D2D2D2	20
2865	#FFFFFF	#D3D3D3	24
2866	#FFFFFF	#D3D3D3	24
2867	#FFFFFF	#D3D3D3	24
2868	#FFFFFF	#D3D3D3	24
2869	#FFFFFF	#D3D3D3	24
2870	#FFFFFF	#D3D3D3	68
2871	#FFFFFF	#D3D3D3	68
2872	#FFFFFF	#D3D3D3	68
2873	#FFFFFF	#D3D3D3	68
2874	#FFFEFE	#D2D2D2	20
2875	#FFFEFE	#D2D2D2	20
2876	#FFFEFE	#D2D2D2	20
2877	#FFFFFF	#D3D3D3	121
2878	#FFFFFF	#D3D3D3	121
2880	#FFFFFF	#D3D3D3	336
2881	#FFFEFE	#D2D2D2	20
2882	#FFFFFF	#D3D3D3	121
2883	#FFFFFF	#D3D3D3	121
2884	#FFFFFF	#D3D3D3	121
2885	#FFFFFF	#D3D3D3	121
2886	#FFFFFF	#D3D3D3	121
2887	#FFFFFF	#D3D3D3	121
2888	#FFFFFF	#D3D3D3	121
2889	#FFFFFF	#D3D3D3	121
2890	#FFFFFF	#D3D3D3	121
2891	#FFFFFF	#D3D3D3	121
2892	#FFFEFE	#D2D2D2	20
2893	#FFFFFF	#D3D3D3	121
2894	#FFFFFF	#D3D3D3	121
2895	#FFFFFF	#D3D3D3	121
2896	#FFFFFF	#D3D3D3	121
2897	#FFFFFF	#D3D3D3	121
2898	#FFFFFF	#D3D3D3	121
2899	#FFFFFF	#D3D3D3	121
2900	#FFFFFF	#D3D3D3	121
2901	#FFFFFF	#D3D3D3	121
2902	#FFFFFF	#D3D3D3	121
2903	#FFFEFE	#D2D2D2	20
2904	#FFFFFF	#D3D3D3	121
2905	#FFFFFF	#D3D3D3	87
2906	#FFFFFF	#D3D3D3	87
2907	#FFFFFF	#D3D3D3	87
2908	#FFFFFF	#D3D3D3	24
2909	#FFFFFF	#D3D3D3	121
2910	#FFFFFF	#D3D3D3	121
2911	#FFFFFF	#D3D3D3	24
2912	#FFFFFF	#D3D3D3	68
2913	#FFFFFF	#D3D3D3	24
2914	#FFFEFE	#D2D2D2	20
2915	#FFFFFF	#D3D3D3	24
2916	#FFFFFF	#D3D3D3	24
2917	#FFFFFF	#D3D3D3	24
2918	#FFFFFF	#D3D3D3	24
2919	#FFFFFF	#D3D3D3	24
2920	#FFFFFF	#D3D3D3	24
2921	#FFFFFF	#D3D3D3	68
2922	#FFFFFF	#D3D3D3	68
2923	#FFFFFF	#D3D3D3	68
2924	#FFFFFF	#D3D3D3	68
2925	#FFFEFE	#D2D2D2	20
2926	#FFFEFE	#D2D2D2	20
2927	#FFFEFE	#D2D2D2	20
2928	#FFFEFE	#D2D2D2	20
2929	#FFFFFF	#D3D3D3	121
2931	#FFFFFF	#D3D3D3	336
2932	#FFFEFE	#D2D2D2	20
2933	#FFFFFF	#D3D3D3	121
2934	#FFFFFF	#D3D3D3	121
2935	#FFFFFF	#D3D3D3	121
2936	#FFFFFF	#D3D3D3	121
2937	#FFFFFF	#D3D3D3	121
2938	#FFFFFF	#D3D3D3	121
2939	#FFFFFF	#D3D3D3	121
2940	#FFFFFF	#D3D3D3	121
2941	#FFFFFF	#D3D3D3	121
2942	#FFFFFF	#D3D3D3	121
2943	#FFFEFE	#D2D2D2	20
2944	#FFFFFF	#D3D3D3	121
2945	#FFFFFF	#D3D3D3	121
2946	#FFFFFF	#D3D3D3	121
2947	#FFFFFF	#D3D3D3	121
2948	#FFFFFF	#D3D3D3	121
2949	#FFFFFF	#D3D3D3	121
2950	#FFFFFF	#D3D3D3	121
2951	#FFFFFF	#D3D3D3	121
2952	#FFFFFF	#D3D3D3	121
2953	#FFFFFF	#D3D3D3	121
2954	#FFFEFE	#D2D2D2	20
2955	#FFFFFF	#D3D3D3	121
2956	#FFFFFF	#D3D3D3	87
2957	#FFFFFF	#D3D3D3	87
2958	#FFFFFF	#D3D3D3	24
2959	#FFFFFF	#D3D3D3	121
2960	#FFFFFF	#D3D3D3	121
2961	#FFFFFF	#D3D3D3	24
2962	#FFFFFF	#D3D3D3	68
2963	#FFFFFF	#D3D3D3	24
2964	#FFFFFF	#D3D3D3	24
2965	#FFFEFE	#D2D2D2	20
2966	#FFFFFF	#D3D3D3	24
2967	#FFFFFF	#D3D3D3	24
2968	#FFFFFF	#D3D3D3	24
2969	#FFFFFF	#D3D3D3	24
2970	#FFFFFF	#D3D3D3	24
2971	#FFFFFF	#D3D3D3	24
2972	#FFFFFF	#D3D3D3	68
2973	#FFFFFF	#D3D3D3	68
2974	#FFFFFF	#D3D3D3	68
2975	#FFFEFE	#D2D2D2	20
2976	#FFFEFE	#D2D2D2	20
2977	#FFFEFE	#D2D2D2	20
2978	#FFFEFE	#D2D2D2	20
2979	#FFFFFF	#D3D3D3	121
2981	#FFFFFF	#D3D3D3	336
2982	#FFFEFE	#D2D2D2	20
2983	#FFFFFF	#D3D3D3	121
2984	#FFFFFF	#D3D3D3	121
2985	#FFFFFF	#D3D3D3	121
2986	#FFFFFF	#D3D3D3	121
2987	#FFFFFF	#D3D3D3	121
2988	#FFFFFF	#D3D3D3	121
2989	#FFFFFF	#D3D3D3	121
2990	#FFFFFF	#D3D3D3	121
2991	#FFFFFF	#D3D3D3	121
2992	#FFFFFF	#D3D3D3	121
2993	#FFFEFE	#D2D2D2	20
2994	#FFFFFF	#D3D3D3	121
2995	#FFFFFF	#D3D3D3	121
2996	#FFFFFF	#D3D3D3	121
2997	#FFFFFF	#D3D3D3	121
2998	#FFFFFF	#D3D3D3	121
2999	#FFFFFF	#D3D3D3	121
3000	#FFFFFF	#D3D3D3	121
3001	#FFFFFF	#D3D3D3	121
3002	#FFFFFF	#D3D3D3	121
3003	#FFFFFF	#D3D3D3	121
3004	#FFFEFE	#D2D2D2	20
3005	#FFFFFF	#D3D3D3	121
3006	#FFFFFF	#D3D3D3	121
3007	#FFFFFF	#D3D3D3	121
3008	#FFFFFF	#D3D3D3	24
3009	#FFFFFF	#D3D3D3	121
3010	#FFFFFF	#D3D3D3	121
3011	#FFFFFF	#D3D3D3	24
3012	#FFFFFF	#D3D3D3	24
3013	#FFFFFF	#D3D3D3	24
3014	#FFFFFF	#D3D3D3	24
3015	#FFFEFE	#D2D2D2	20
3016	#FFFFFF	#D3D3D3	24
3017	#FFFFFF	#D3D3D3	24
3018	#FFFFFF	#D3D3D3	24
3019	#FFFFFF	#D3D3D3	24
3020	#FFFFFF	#D3D3D3	24
3021	#FFFFFF	#D3D3D3	24
3022	#FFFFFF	#D3D3D3	24
3023	#FFFFFF	#D3D3D3	68
3024	#FFFFFF	#D3D3D3	68
3025	#FFFFFF	#D3D3D3	24
3026	#FFFEFE	#D2D2D2	20
3027	#FFFFFF	#D3D3D3	121
3028	#FFFEFE	#D2D2D2	20
3029	#FFFEFE	#D2D2D2	20
3030	#FFFFFF	#D3D3D3	121
3032	#FFFFFF	#D3D3D3	336
3033	#FFFEFE	#D2D2D2	20
3034	#FFFFFF	#D3D3D3	121
3035	#FFFFFF	#D3D3D3	121
3036	#FFFFFF	#D3D3D3	121
3037	#FFFFFF	#D3D3D3	121
3038	#FFFFFF	#D3D3D3	121
3039	#FFFFFF	#D3D3D3	121
3040	#FFFFFF	#D3D3D3	121
3041	#FFFFFF	#D3D3D3	121
3042	#FFFFFF	#D3D3D3	121
3043	#FFFFFF	#D3D3D3	121
3044	#FFFEFE	#D2D2D2	20
3045	#FFFFFF	#D3D3D3	121
3046	#FFFFFF	#D3D3D3	121
3047	#FFFFFF	#D3D3D3	121
3048	#FFFFFF	#D3D3D3	121
3049	#FFFFFF	#D3D3D3	121
3050	#FFFFFF	#D3D3D3	121
3051	#FFFFFF	#D3D3D3	121
3052	#FFFFFF	#D3D3D3	121
3053	#FFFFFF	#D3D3D3	121
3054	#FFFFFF	#D3D3D3	121
3055	#FFFEFE	#D2D2D2	20
3056	#FFFFFF	#D3D3D3	121
3057	#FFFFFF	#D3D3D3	121
3058	#FFFFFF	#D3D3D3	121
3059	#FFFFFF	#D3D3D3	121
3060	#FFFFFF	#D3D3D3	121
3061	#FFFFFF	#D3D3D3	24
3062	#FFFFFF	#D3D3D3	24
3063	#FFFFFF	#D3D3D3	24
3064	#FFFFFF	#D3D3D3	24
3065	#FFFFFF	#D3D3D3	24
3066	#FFFEFE	#D2D2D2	20
3067	#FFFFFF	#D3D3D3	24
3068	#FFFFFF	#D3D3D3	24
3069	#FFFFFF	#D3D3D3	24
3070	#FFFFFF	#D3D3D3	24
3071	#FFFFFF	#D3D3D3	24
3072	#FFFFFF	#D3D3D3	24
3073	#FFFFFF	#D3D3D3	24
3074	#FFFFFF	#D3D3D3	24
3075	#FFFFFF	#D3D3D3	24
3076	#FFFFFF	#D3D3D3	121
3077	#FFFFFF	#D3D3D3	121
3078	#FFFEFE	#D2D2D2	20
3079	#FFFFFF	#D3D3D3	121
3080	#FFFFFF	#D3D3D3	121
3082	#FFFFFF	#D3D3D3	336
3083	#FFFEFE	#D2D2D2	20
3084	#FFFFFF	#D3D3D3	121
3085	#FFFFFF	#D3D3D3	121
3086	#FFFFFF	#D3D3D3	121
3087	#FFFFFF	#D3D3D3	121
3088	#FFFFFF	#D3D3D3	121
3089	#FFFFFF	#D3D3D3	121
3090	#FFFFFF	#D3D3D3	121
3091	#FFFFFF	#D3D3D3	121
3092	#FFFFFF	#D3D3D3	121
3093	#FFFFFF	#D3D3D3	121
3094	#FFFEFE	#D2D2D2	20
3095	#FFFFFF	#D3D3D3	121
3096	#FFFFFF	#D3D3D3	121
3097	#FFFFFF	#D3D3D3	121
3098	#FFFFFF	#D3D3D3	121
3099	#FFFFFF	#D3D3D3	121
3100	#FFFFFF	#D3D3D3	121
3101	#FFFFFF	#D3D3D3	121
3102	#FFFFFF	#D3D3D3	121
3103	#FFFFFF	#D3D3D3	121
3104	#FFFFFF	#D3D3D3	121
3105	#FFFEFE	#D2D2D2	20
3106	#FFFFFF	#D3D3D3	121
3107	#FFFFFF	#D3D3D3	121
3108	#FFFFFF	#D3D3D3	121
3109	#FFFFFF	#D3D3D3	121
3110	#FFFFFF	#D3D3D3	121
3111	#FFFFFF	#D3D3D3	121
3112	#FFFFFF	#D3D3D3	24
3113	#FFFFFF	#D3D3D3	24
3114	#FFFFFF	#D3D3D3	115
3115	#FFFFFF	#D3D3D3	115
3116	#FFFEFE	#D2D2D2	20
3117	#FFFFFF	#D3D3D3	24
3118	#FFFFFF	#D3D3D3	24
3119	#FFFFFF	#D3D3D3	24
3120	#FFFFFF	#D3D3D3	24
3121	#FFFFFF	#D3D3D3	24
3122	#FFFFFF	#D3D3D3	24
3123	#FFFFFF	#D3D3D3	24
3124	#FFFFFF	#D3D3D3	24
3125	#FFFFFF	#D3D3D3	24
3126	#FFFFFF	#D3D3D3	68
3127	#FFFFFF	#D3D3D3	121
3128	#FFFFFF	#D3D3D3	121
3129	#FFFFFF	#D3D3D3	121
3130	#FFFFFF	#D3D3D3	121
3131	#FFFFFF	#D3D3D3	121
3133	#FFFFFF	#D3D3D3	336
3134	#FFFEFE	#D2D2D2	20
3135	#FFFFFF	#D3D3D3	121
3136	#FFFFFF	#D3D3D3	121
3137	#FFFFFF	#D3D3D3	121
3138	#FFFFFF	#D3D3D3	121
3139	#FFFFFF	#D3D3D3	121
3140	#FFFFFF	#D3D3D3	121
3141	#FFFFFF	#D3D3D3	121
3142	#FFFFFF	#D3D3D3	121
3143	#FFFFFF	#D3D3D3	121
3144	#FFFFFF	#D3D3D3	121
3145	#FFFEFE	#D2D2D2	20
3146	#FFFFFF	#D3D3D3	121
3147	#FFFFFF	#D3D3D3	121
3148	#FFFFFF	#D3D3D3	121
3149	#FFFFFF	#D3D3D3	121
3150	#FFFFFF	#D3D3D3	121
3151	#FFFFFF	#D3D3D3	121
3152	#FFFFFF	#D3D3D3	121
3153	#FFFFFF	#D3D3D3	121
3154	#FFFFFF	#D3D3D3	121
3155	#FFFFFF	#D3D3D3	121
3156	#FFFEFE	#D2D2D2	20
3157	#FFFFFF	#D3D3D3	121
3158	#FFFFFF	#D3D3D3	121
3159	#FFFFFF	#D3D3D3	121
3160	#FFFFFF	#D3D3D3	121
3161	#FFFFFF	#D3D3D3	121
3162	#FFFFFF	#D3D3D3	24
3163	#FFFFFF	#D3D3D3	24
3164	#FFFFFF	#D3D3D3	115
3165	#FFFFFF	#D3D3D3	115
3166	#FFFFFF	#D3D3D3	115
3167	#FFFEFE	#D2D2D2	20
3168	#FFFFFF	#D3D3D3	24
3169	#FFFFFF	#D3D3D3	24
3170	#FFFFFF	#D3D3D3	24
3171	#FFFFFF	#D3D3D3	24
3172	#FFFFFF	#D3D3D3	24
3173	#FFFFFF	#D3D3D3	24
3174	#FFFFFF	#D3D3D3	24
3175	#FFFFFF	#D3D3D3	24
3176	#FFFFFF	#D3D3D3	24
3177	#FFFFFF	#D3D3D3	121
3178	#FFFFFF	#D3D3D3	121
3179	#FFFFFF	#D3D3D3	121
3180	#FFFFFF	#D3D3D3	121
3181	#FFFFFF	#D3D3D3	121
3183	#FFFFFF	#D3D3D3	336
3184	#FFFEFE	#D2D2D2	20
3185	#FFFFFF	#D3D3D3	121
3186	#FFFFFF	#D3D3D3	121
3187	#FFFFFF	#D3D3D3	121
3188	#FFFFFF	#D3D3D3	121
3189	#FFFFFF	#D3D3D3	121
3190	#FFFFFF	#D3D3D3	121
3191	#FFFFFF	#D3D3D3	121
3192	#FFFFFF	#D3D3D3	121
3193	#FFFFFF	#D3D3D3	121
3194	#FFFFFF	#D3D3D3	121
3195	#FFFEFE	#D2D2D2	20
3196	#FFFFFF	#D3D3D3	121
3197	#FFFFFF	#D3D3D3	121
3198	#FFFFFF	#D3D3D3	121
3199	#FFFFFF	#D3D3D3	121
3200	#FFFFFF	#D3D3D3	121
3201	#FFFFFF	#D3D3D3	121
3202	#FFFFFF	#D3D3D3	121
3203	#FFFFFF	#D3D3D3	121
3204	#FFFFFF	#D3D3D3	121
3205	#FFFFFF	#D3D3D3	121
3206	#FFFEFE	#D2D2D2	20
3207	#FFFFFF	#D3D3D3	121
3208	#FFFFFF	#D3D3D3	121
3209	#FFFFFF	#D3D3D3	121
3210	#FFFFFF	#D3D3D3	121
3211	#FFFFFF	#D3D3D3	121
3212	#FFFFFF	#D3D3D3	24
3213	#FFFFFF	#D3D3D3	24
3214	#FFFFFF	#D3D3D3	115
3215	#FFFFFF	#D3D3D3	115
3216	#FFFFFF	#D3D3D3	115
3217	#FFFEFE	#D2D2D2	20
3218	#FFFFFF	#D3D3D3	115
3219	#FFFFFF	#D3D3D3	24
3220	#FFFFFF	#D3D3D3	24
3221	#FFFFFF	#D3D3D3	24
3222	#FFFFFF	#D3D3D3	24
3223	#FFFFFF	#D3D3D3	24
3224	#FFFFFF	#D3D3D3	24
3225	#FFFFFF	#D3D3D3	24
3226	#FFFFFF	#D3D3D3	24
3227	#FFFFFF	#D3D3D3	24
3228	#FFFEFE	#D2D2D2	20
3229	#FFFFFF	#D3D3D3	121
3230	#FFFFFF	#D3D3D3	121
3231	#FFFFFF	#D3D3D3	121
3232	#FFFFFF	#D3D3D3	121
3234	#FFFFFF	#D3D3D3	336
3235	#FFFEFE	#D2D2D2	20
3236	#FFFFFF	#D3D3D3	121
3237	#FFFFFF	#D3D3D3	121
3238	#FFFFFF	#D3D3D3	121
3239	#FFFFFF	#D3D3D3	121
3240	#FFFFFF	#D3D3D3	121
3241	#FFFFFF	#D3D3D3	121
3242	#FFFFFF	#D3D3D3	121
3243	#FFFFFF	#D3D3D3	121
3244	#FFFFFF	#D3D3D3	121
3245	#FFFFFF	#D3D3D3	121
3246	#FFFEFE	#D2D2D2	20
3247	#FFFFFF	#D3D3D3	121
3248	#FFFFFF	#D3D3D3	121
3249	#FFFFFF	#D3D3D3	121
3250	#FFFFFF	#D3D3D3	121
3251	#FFFFFF	#D3D3D3	121
3252	#FFFFFF	#D3D3D3	121
3253	#FFFFFF	#D3D3D3	121
3254	#FFFFFF	#D3D3D3	121
3255	#FFFFFF	#D3D3D3	121
3256	#FFFFFF	#D3D3D3	121
3257	#FFFEFE	#D2D2D2	20
3258	#FFFFFF	#D3D3D3	121
3259	#FFFFFF	#D3D3D3	121
3260	#FFFFFF	#D3D3D3	121
3261	#FFFFFF	#D3D3D3	121
3262	#FFFFFF	#D3D3D3	24
3263	#FFFFFF	#D3D3D3	24
3264	#FFFFFF	#D3D3D3	24
3265	#FFFFFF	#D3D3D3	115
3266	#FFFFFF	#D3D3D3	115
3267	#FFFFFF	#D3D3D3	115
3268	#FFFEFE	#D2D2D2	20
3269	#FFFFFF	#D3D3D3	115
3270	#FFFFFF	#D3D3D3	24
3271	#FFFFFF	#D3D3D3	24
3272	#FFFFFF	#D3D3D3	24
3273	#FFFFFF	#D3D3D3	24
3274	#FFFFFF	#D3D3D3	24
3275	#FFFFFF	#D3D3D3	24
3276	#FFFFFF	#D3D3D3	24
3277	#FFFFFF	#D3D3D3	24
3278	#FFFFFF	#D3D3D3	31
3279	#FFFFFF	#D3D3D3	121
3280	#FFFFFF	#D3D3D3	121
3281	#FFFFFF	#D3D3D3	121
3282	#FFFFFF	#D3D3D3	121
3284	#FFFFFF	#D3D3D3	336
3285	#FFFFFF	#D3D3D3	336
3286	#FFFFFF	#D3D3D3	121
3287	#FFFFFF	#D3D3D3	121
3288	#FFFFFF	#D3D3D3	121
3289	#FFFFFF	#D3D3D3	121
3290	#FFFFFF	#D3D3D3	121
3291	#FFFFFF	#D3D3D3	121
3292	#FFFFFF	#D3D3D3	121
3293	#FFFFFF	#D3D3D3	121
3294	#FFFFFF	#D3D3D3	121
3295	#FFFFFF	#D3D3D3	121
3296	#FFFEFE	#D2D2D2	20
3297	#FFFFFF	#D3D3D3	121
3298	#FFFFFF	#D3D3D3	121
3299	#FFFFFF	#D3D3D3	121
3300	#FFFFFF	#D3D3D3	121
3301	#FFFFFF	#D3D3D3	121
3302	#FFFFFF	#D3D3D3	121
3303	#FFFFFF	#D3D3D3	121
3304	#FFFFFF	#D3D3D3	121
3305	#FFFFFF	#D3D3D3	121
3306	#FFFFFF	#D3D3D3	121
3307	#FFFEFE	#D2D2D2	20
3308	#FFFFFF	#D3D3D3	121
3309	#FFFFFF	#D3D3D3	121
3310	#FFFFFF	#D3D3D3	121
3311	#FFFFFF	#D3D3D3	121
3312	#FFFFFF	#D3D3D3	24
3313	#FFFFFF	#D3D3D3	24
3314	#FFFFFF	#D3D3D3	24
3315	#FFFFFF	#D3D3D3	115
3316	#FFFFFF	#D3D3D3	115
3317	#FFFFFF	#D3D3D3	115
3318	#FFFEFE	#D2D2D2	20
3319	#FFFFFF	#D3D3D3	115
3320	#FFFFFF	#D3D3D3	115
3321	#FFFFFF	#D3D3D3	24
3322	#FFFFFF	#D3D3D3	24
3323	#FFFFFF	#D3D3D3	24
3324	#FFFFFF	#D3D3D3	24
3325	#FFFFFF	#D3D3D3	24
3326	#FFFFFF	#D3D3D3	24
3327	#FFFFFF	#D3D3D3	24
3328	#FFFFFF	#D3D3D3	24
3329	#FFFFFF	#D3D3D3	31
3330	#FFFFFF	#D3D3D3	31
3331	#FFFFFF	#D3D3D3	121
3332	#FFFFFF	#D3D3D3	121
3333	#FFFFFF	#D3D3D3	121
3335	#FFFFFF	#D3D3D3	336
3336	#FFFFFF	#D3D3D3	336
3337	#FFFFFF	#D3D3D3	121
3338	#FFFFFF	#D3D3D3	121
3339	#FFFFFF	#D3D3D3	121
3340	#FFFFFF	#D3D3D3	121
3341	#FFFFFF	#D3D3D3	121
3342	#FFFFFF	#D3D3D3	121
3343	#FFFFFF	#D3D3D3	121
3344	#FFFFFF	#D3D3D3	121
3345	#FFFFFF	#D3D3D3	121
3346	#FFFFFF	#D3D3D3	121
3347	#FFFEFE	#D2D2D2	20
3348	#FFFFFF	#D3D3D3	121
3349	#FFFFFF	#D3D3D3	121
3350	#FFFFFF	#D3D3D3	121
3351	#FFFFFF	#D3D3D3	121
3352	#FFFFFF	#D3D3D3	121
3353	#FFFFFF	#D3D3D3	121
3354	#FFFFFF	#D3D3D3	121
3355	#FFFFFF	#D3D3D3	121
3356	#FFFFFF	#D3D3D3	121
3357	#FFFFFF	#D3D3D3	121
3358	#FFFEFE	#D2D2D2	20
3359	#FFFFFF	#D3D3D3	121
3360	#FFFFFF	#D3D3D3	121
3361	#FFFFFF	#D3D3D3	121
3362	#FFFFFF	#D3D3D3	24
3363	#FFFFFF	#D3D3D3	24
3364	#FFFFFF	#D3D3D3	24
3365	#FFFFFF	#D3D3D3	115
3366	#FFFFFF	#D3D3D3	115
3367	#FFFFFF	#D3D3D3	115
3368	#FFFFFF	#D3D3D3	115
3369	#FFFEFE	#D2D2D2	20
3370	#FFFFFF	#D3D3D3	115
3371	#FFFFFF	#D3D3D3	115
3372	#FFFFFF	#D3D3D3	24
3373	#FFFFFF	#D3D3D3	24
3374	#FFFFFF	#D3D3D3	24
3375	#FFFFFF	#D3D3D3	24
3376	#FFFFFF	#D3D3D3	24
3377	#FFFFFF	#D3D3D3	24
3378	#FFFFFF	#D3D3D3	24
3379	#FFFFFF	#D3D3D3	31
3380	#FFFFFF	#D3D3D3	31
3381	#FFFFFF	#D3D3D3	121
3382	#FFFFFF	#D3D3D3	121
3383	#FFFFFF	#D3D3D3	121
3385	#FFFFFF	#D3D3D3	172
3386	#FFFEFE	#D2D2D2	20
3387	#FEF7FA	#CACACA	64
3388	#FEF7FA	#CACACA	64
3389	#FEF7FA	#CACACA	64
3390	#FEF7FA	#CACACA	64
3391	#FEF7FA	#CACACA	64
3392	#FFFFFF	#D3D3D3	57
3393	#FFFFFF	#D3D3D3	57
3394	#FFFFFF	#D3D3D3	57
3395	#FFFFFF	#D3D3D3	24
3396	#FFFFFF	#D3D3D3	24
3397	#FFFEFE	#D2D2D2	20
3398	#FFFFFF	#D3D3D3	57
3399	#FFFFFF	#D3D3D3	24
3400	#FFFFFF	#D3D3D3	57
3401	#FFFFFF	#D3D3D3	57
3402	#FFFFFF	#D3D3D3	57
3403	#FFFFFF	#D3D3D3	57
3404	#FFFFFF	#D3D3D3	57
3405	#FFFFFF	#D3D3D3	57
3406	#FFFFFF	#D3D3D3	57
3407	#FFFFFF	#D3D3D3	57
3408	#FFFFFF	#D3D3D3	24
3409	#FFFFFF	#D3D3D3	57
3410	#FFFFFF	#D3D3D3	60
3411	#FFFFFF	#D3D3D3	60
3412	#FFFFFF	#D3D3D3	60
3413	#FFFFFF	#D3D3D3	60
3414	#FFFFFF	#D3D3D3	60
3415	#FFFFFF	#D3D3D3	60
3416	#FFFFFF	#D3D3D3	60
3417	#FFFFFF	#D3D3D3	60
3418	#FFFFFF	#D3D3D3	60
3419	#FFFFFF	#D3D3D3	24
3420	#FFFFFF	#D3D3D3	106
3421	#FFFFFF	#D3D3D3	106
3422	#FFFFFF	#D3D3D3	76
3423	#FFFFFF	#D3D3D3	76
3424	#FFFFFF	#D3D3D3	76
3425	#FFFFFF	#D3D3D3	76
3426	#FFFFFF	#D3D3D3	76
3427	#FFFFFF	#D3D3D3	76
3428	#FFFFFF	#D3D3D3	76
3429	#FFFFFF	#D3D3D3	76
3430	#FFFFFF	#D3D3D3	24
3431	#FFFFFF	#D3D3D3	24
3432	#FEF7FA	#CACACA	64
3433	#FEF7FA	#CACACA	64
3434	#FEF7FA	#CACACA	64
3436	#FFFFFF	#D3D3D3	172
3437	#FFFEFE	#D2D2D2	20
3438	#FEF7FA	#CACACA	64
3439	#FEF7FA	#CACACA	64
3440	#FEF7FA	#CACACA	64
3441	#FEF7FA	#CACACA	64
3442	#FFFFFF	#D3D3D3	57
3443	#FFFFFF	#D3D3D3	57
3444	#FFFFFF	#D3D3D3	57
3445	#FFFFFF	#D3D3D3	24
3446	#FFFFFF	#D3D3D3	24
3447	#FFFFFF	#D3D3D3	57
3448	#FFFEFE	#D2D2D2	20
3449	#FFFFFF	#D3D3D3	24
3450	#FFFFFF	#D3D3D3	24
3451	#FFFFFF	#D3D3D3	57
3452	#FFFFFF	#D3D3D3	57
3453	#FFFFFF	#D3D3D3	57
3454	#FFFFFF	#D3D3D3	57
3455	#FFFFFF	#D3D3D3	57
3456	#FFFFFF	#D3D3D3	57
3457	#FFFFFF	#D3D3D3	57
3458	#FFFFFF	#D3D3D3	57
3459	#FFFFFF	#D3D3D3	24
3460	#FFFFFF	#D3D3D3	60
3461	#FFFFFF	#D3D3D3	60
3462	#FFFFFF	#D3D3D3	60
3463	#FFFFFF	#D3D3D3	60
3464	#FFFFFF	#D3D3D3	60
3465	#FFFFFF	#D3D3D3	60
3466	#FFFFFF	#D3D3D3	60
3467	#FFFFFF	#D3D3D3	60
3468	#FFFFFF	#D3D3D3	106
3469	#FFFFFF	#D3D3D3	106
3470	#FFFFFF	#D3D3D3	24
3471	#FFFFFF	#D3D3D3	106
3472	#FFFFFF	#D3D3D3	106
3473	#FFFFFF	#D3D3D3	76
3474	#FFFFFF	#D3D3D3	76
3475	#FFFFFF	#D3D3D3	76
3476	#FFFFFF	#D3D3D3	76
3477	#FFFFFF	#D3D3D3	76
3478	#FFFFFF	#D3D3D3	76
3479	#FFFFFF	#D3D3D3	76
3480	#FFFFFF	#D3D3D3	24
3481	#FFFFFF	#D3D3D3	24
3482	#FFFFFF	#D3D3D3	24
3483	#FEF7FA	#CACACA	64
3484	#FEF7FA	#CACACA	64
3486	#FFFFFF	#D3D3D3	336
3487	#FFFFFF	#D3D3D3	336
3488	#FFFFFF	#D3D3D3	121
3489	#FFFFFF	#D3D3D3	121
3490	#FFFFFF	#D3D3D3	121
3491	#FFFFFF	#D3D3D3	121
3492	#FFFFFF	#D3D3D3	121
3493	#FFFFFF	#D3D3D3	121
3494	#FFFFFF	#D3D3D3	121
3495	#FFFFFF	#D3D3D3	121
3496	#FFFFFF	#D3D3D3	121
3497	#FFFFFF	#D3D3D3	121
3498	#FFFEFE	#D2D2D2	20
3499	#FFFFFF	#D3D3D3	121
3500	#FFFFFF	#D3D3D3	121
3501	#FFFFFF	#D3D3D3	121
3502	#FFFFFF	#D3D3D3	121
3503	#FFFFFF	#D3D3D3	121
3504	#FFFFFF	#D3D3D3	121
3505	#FFFFFF	#D3D3D3	121
3506	#FFFFFF	#D3D3D3	121
3507	#FFFFFF	#D3D3D3	121
3508	#FFFFFF	#D3D3D3	121
3509	#FFFEFE	#D2D2D2	20
3510	#FFFFFF	#D3D3D3	121
3511	#FFFFFF	#D3D3D3	121
3512	#FFFFFF	#D3D3D3	121
3513	#FFFFFF	#D3D3D3	24
3514	#FFFFFF	#D3D3D3	24
3515	#FFFFFF	#D3D3D3	24
3516	#FFFFFF	#D3D3D3	24
3517	#FFFFFF	#D3D3D3	115
3518	#FFFFFF	#D3D3D3	115
3519	#FFFFFF	#D3D3D3	115
3520	#FFFEFE	#D2D2D2	20
3521	#FFFFFF	#D3D3D3	115
3522	#FFFFFF	#D3D3D3	115
3523	#FFFFFF	#D3D3D3	115
3524	#FFFFFF	#D3D3D3	24
3525	#FFFFFF	#D3D3D3	24
3526	#FFFFFF	#D3D3D3	24
3527	#FFFFFF	#D3D3D3	24
3528	#FFFFFF	#D3D3D3	24
3529	#FFFFFF	#D3D3D3	24
3530	#FFFFFF	#D3D3D3	24
3531	#FFFFFF	#D3D3D3	31
3532	#FFFFFF	#D3D3D3	31
3533	#FFFFFF	#D3D3D3	31
3534	#FFFFFF	#D3D3D3	121
3535	#FFFFFF	#D3D3D3	121
3537	#FFFFFF	#D3D3D3	336
3538	#FFFEFE	#D2D2D2	20
3539	#FFFFFF	#D3D3D3	121
3540	#FFFFFF	#D3D3D3	121
3541	#FFFFFF	#D3D3D3	121
3542	#FFFFFF	#D3D3D3	121
3543	#FFFFFF	#D3D3D3	121
3544	#FFFFFF	#D3D3D3	121
3545	#FFFFFF	#D3D3D3	121
3546	#FFFFFF	#D3D3D3	121
3547	#FFFFFF	#D3D3D3	121
3548	#FFFFFF	#D3D3D3	121
3549	#FFFEFE	#D2D2D2	20
3550	#FFFFFF	#D3D3D3	121
3551	#FFFFFF	#D3D3D3	121
3552	#FFFFFF	#D3D3D3	121
3553	#FFFFFF	#D3D3D3	121
3554	#FFFFFF	#D3D3D3	121
3555	#FFFFFF	#D3D3D3	121
3556	#FFFFFF	#D3D3D3	121
3557	#FFFFFF	#D3D3D3	121
3558	#FFFFFF	#D3D3D3	121
3559	#FFFFFF	#D3D3D3	121
3560	#FFFEFE	#D2D2D2	20
3561	#FFFFFF	#D3D3D3	121
3562	#FFFFFF	#D3D3D3	121
3563	#FFFFFF	#D3D3D3	24
3564	#FFFFFF	#D3D3D3	24
3565	#FFFFFF	#D3D3D3	24
3566	#FFFFFF	#D3D3D3	24
3567	#FFFFFF	#D3D3D3	24
3568	#FFFFFF	#D3D3D3	115
3569	#FFFFFF	#D3D3D3	115
3570	#FFFFFF	#D3D3D3	115
3571	#FFFFFF	#D3D3D3	31
3572	#FFFFFF	#D3D3D3	115
3573	#FFFFFF	#D3D3D3	115
3574	#FFFFFF	#D3D3D3	115
3575	#FFFFFF	#D3D3D3	24
3576	#FFFFFF	#D3D3D3	24
3577	#FFFFFF	#D3D3D3	24
3578	#FFFFFF	#D3D3D3	24
3579	#FFFFFF	#D3D3D3	24
3580	#FFFFFF	#D3D3D3	24
3581	#FFFFFF	#D3D3D3	31
3582	#FFFFFF	#D3D3D3	31
3583	#FFFFFF	#D3D3D3	31
3584	#FFFFFF	#D3D3D3	121
3585	#FFFFFF	#D3D3D3	121
3587	#FFFFFF	#D3D3D3	336
3588	#FFFEFE	#D2D2D2	20
3589	#FFFFFF	#D3D3D3	121
3590	#FFFFFF	#D3D3D3	121
3591	#FFFFFF	#D3D3D3	121
3592	#FFFFFF	#D3D3D3	121
3593	#FFFFFF	#D3D3D3	121
3594	#FFFFFF	#D3D3D3	121
3595	#FFFFFF	#D3D3D3	121
3596	#FFFFFF	#D3D3D3	121
3597	#FFFFFF	#D3D3D3	121
3598	#FFFFFF	#D3D3D3	121
3599	#FFFEFE	#D2D2D2	20
3600	#FFFFFF	#D3D3D3	121
3601	#FFFFFF	#D3D3D3	121
3602	#FFFFFF	#D3D3D3	121
3603	#FFFFFF	#D3D3D3	121
3604	#FFFFFF	#D3D3D3	121
3605	#FFFFFF	#D3D3D3	121
3606	#FFFFFF	#D3D3D3	121
3607	#FFFFFF	#D3D3D3	121
3608	#FFFFFF	#D3D3D3	121
3609	#FFFFFF	#D3D3D3	121
3610	#FFFEFE	#D2D2D2	20
3611	#FFFFFF	#D3D3D3	121
3612	#FFFFFF	#D3D3D3	121
3613	#FFFFFF	#D3D3D3	24
3614	#FFFFFF	#D3D3D3	24
3615	#FFFFFF	#D3D3D3	121
3616	#FFFFFF	#D3D3D3	121
3617	#FFFFFF	#D3D3D3	24
3618	#FFFFFF	#D3D3D3	24
3619	#FFFFFF	#D3D3D3	115
3620	#FFFFFF	#D3D3D3	115
3621	#FFFFFF	#D3D3D3	31
3622	#FFFFFF	#D3D3D3	115
3623	#FFFFFF	#D3D3D3	115
3624	#FFFFFF	#D3D3D3	115
3625	#FFFFFF	#D3D3D3	24
3626	#FFFFFF	#D3D3D3	24
3627	#FFFFFF	#D3D3D3	24
3628	#FFFFFF	#D3D3D3	24
3629	#FFFFFF	#D3D3D3	24
3630	#FFFFFF	#D3D3D3	24
3631	#FFFFFF	#D3D3D3	24
3632	#FFFFFF	#D3D3D3	31
3633	#FFFFFF	#D3D3D3	31
3634	#FFFFFF	#D3D3D3	31
3635	#FFFFFF	#D3D3D3	31
3636	#FFFFFF	#D3D3D3	121
3638	#FFFFFF	#D3D3D3	336
3639	#FFFEFE	#D2D2D2	20
3640	#FFFFFF	#D3D3D3	121
3641	#FFFFFF	#D3D3D3	121
3642	#FFFFFF	#D3D3D3	121
3643	#FFFFFF	#D3D3D3	121
3644	#FFFFFF	#D3D3D3	121
3645	#FFFFFF	#D3D3D3	121
3646	#FFFFFF	#D3D3D3	121
3647	#FFFFFF	#D3D3D3	121
3648	#FFFFFF	#D3D3D3	121
3649	#FFFFFF	#D3D3D3	121
3650	#FFFFFF	#D3D3D3	31
3651	#FFFFFF	#D3D3D3	121
3652	#FFFFFF	#D3D3D3	121
3653	#FFFFFF	#D3D3D3	121
3654	#FFFFFF	#D3D3D3	121
3655	#FFFFFF	#D3D3D3	121
3656	#FFFFFF	#D3D3D3	121
3657	#FFFFFF	#D3D3D3	121
3658	#FFFFFF	#D3D3D3	121
3659	#FFFFFF	#D3D3D3	121
3660	#FFFFFF	#D3D3D3	121
3661	#FFFFFF	#D3D3D3	31
3662	#FFFFFF	#D3D3D3	121
3663	#FFFFFF	#D3D3D3	24
3664	#FFFFFF	#D3D3D3	24
3665	#FFFFFF	#D3D3D3	121
3666	#FFFFFF	#D3D3D3	121
3667	#FFFFFF	#D3D3D3	121
3668	#FFFFFF	#D3D3D3	24
3669	#FFFFFF	#D3D3D3	115
3670	#FFFFFF	#D3D3D3	115
3671	#FFFFFF	#D3D3D3	115
3672	#FFFFFF	#D3D3D3	31
3673	#FFFFFF	#D3D3D3	115
3674	#FFFFFF	#D3D3D3	115
3675	#FFFFFF	#D3D3D3	24
3676	#FFFFFF	#D3D3D3	24
3677	#FFFFFF	#D3D3D3	24
3678	#FFFFFF	#D3D3D3	24
3679	#FFFFFF	#D3D3D3	24
3680	#FFFFFF	#D3D3D3	24
3681	#FFFFFF	#D3D3D3	24
3682	#FFFFFF	#D3D3D3	31
3683	#FFFFFF	#D3D3D3	31
3684	#FFFFFF	#D3D3D3	31
3685	#FFFFFF	#D3D3D3	31
3686	#FFFFFF	#D3D3D3	31
3688	#FFFFFF	#D3D3D3	336
3689	#FFFFFF	#D3D3D3	203
3690	#FFFFFF	#D3D3D3	121
3691	#FFFFFF	#D3D3D3	121
3692	#FFFFFF	#D3D3D3	121
3693	#FFFFFF	#D3D3D3	121
3694	#FFFFFF	#D3D3D3	121
3695	#FFFFFF	#D3D3D3	121
3696	#FFFFFF	#D3D3D3	121
3697	#FFFFFF	#D3D3D3	121
3698	#FFFFFF	#D3D3D3	121
3699	#FFFFFF	#D3D3D3	121
3700	#FFFFFF	#D3D3D3	31
3701	#FFFFFF	#D3D3D3	121
3702	#FFFFFF	#D3D3D3	121
3703	#FFFFFF	#D3D3D3	121
3704	#FFFFFF	#D3D3D3	121
3705	#FFFFFF	#D3D3D3	121
3706	#FFFFFF	#D3D3D3	121
3707	#FFFFFF	#D3D3D3	121
3708	#FFFFFF	#D3D3D3	121
3709	#FFFFFF	#D3D3D3	121
3710	#FFFFFF	#D3D3D3	121
3711	#FFFFFF	#D3D3D3	31
3712	#FFFFFF	#D3D3D3	121
3713	#FFFFFF	#D3D3D3	24
3714	#FFFFFF	#D3D3D3	24
3715	#FFFFFF	#D3D3D3	121
3716	#FFFFFF	#D3D3D3	121
3717	#FFFFFF	#D3D3D3	121
3718	#FFFFFF	#D3D3D3	24
3719	#FFFFFF	#D3D3D3	24
3720	#FFFFFF	#D3D3D3	115
3721	#FFFFFF	#D3D3D3	115
3722	#FFFFFF	#D3D3D3	31
3723	#FFFFFF	#D3D3D3	115
3724	#FFFFFF	#D3D3D3	115
3725	#FFFFFF	#D3D3D3	115
3726	#FFFFFF	#D3D3D3	24
3727	#FFFFFF	#D3D3D3	24
3728	#FFFFFF	#D3D3D3	24
3729	#FFFFFF	#D3D3D3	24
3730	#FFFFFF	#D3D3D3	24
3731	#FFFFFF	#D3D3D3	24
3732	#FFFFFF	#D3D3D3	24
3733	#FFFFFF	#D3D3D3	31
3734	#FFFFFF	#D3D3D3	31
3735	#FFFFFF	#D3D3D3	31
3736	#FFFFFF	#D3D3D3	31
3737	#FFFFFF	#D3D3D3	31
3739	#FFFFFF	#D3D3D3	336
3740	#FFFFFF	#D3D3D3	203
3741	#FFFFFF	#D3D3D3	121
3742	#FFFFFF	#D3D3D3	121
3743	#FFFFFF	#D3D3D3	121
3744	#FFFFFF	#D3D3D3	121
3745	#FFFFFF	#D3D3D3	121
3746	#FFFFFF	#D3D3D3	121
3747	#FFFFFF	#D3D3D3	121
3748	#FFFFFF	#D3D3D3	121
3749	#FFFFFF	#D3D3D3	121
3750	#FFFFFF	#D3D3D3	121
3751	#FFFFFF	#D3D3D3	31
3752	#FFFFFF	#D3D3D3	121
3753	#FFFFFF	#D3D3D3	121
3754	#FFFFFF	#D3D3D3	121
3755	#FFFFFF	#D3D3D3	121
3756	#FFFFFF	#D3D3D3	121
3757	#FFFFFF	#D3D3D3	121
3758	#FFFFFF	#D3D3D3	121
3759	#FFFFFF	#D3D3D3	121
3760	#FFFFFF	#D3D3D3	121
3761	#FFFFFF	#D3D3D3	121
3762	#FFFFFF	#D3D3D3	31
3763	#FFFFFF	#D3D3D3	24
3764	#FFFFFF	#D3D3D3	121
3765	#FFFFFF	#D3D3D3	121
3766	#FFFFFF	#D3D3D3	121
3767	#FFFFFF	#D3D3D3	121
3768	#FFFFFF	#D3D3D3	121
3769	#FFFFFF	#D3D3D3	24
3770	#FFFFFF	#D3D3D3	24
3771	#FFFFFF	#D3D3D3	115
3772	#FFFFFF	#D3D3D3	115
3773	#FFFFFF	#D3D3D3	31
3774	#FFFFFF	#D3D3D3	115
3775	#FFFFFF	#D3D3D3	115
3776	#FFFFFF	#D3D3D3	24
3777	#FFFFFF	#D3D3D3	24
3778	#FFFFFF	#D3D3D3	24
3779	#FFFFFF	#D3D3D3	24
3780	#FFFFFF	#D3D3D3	24
3781	#FFFFFF	#D3D3D3	24
3782	#FFFFFF	#D3D3D3	24
3783	#FFFFFF	#D3D3D3	31
3784	#FFFFFF	#D3D3D3	31
3785	#FFFFFF	#D3D3D3	31
3786	#FFFFFF	#D3D3D3	31
3787	#FFFFFF	#D3D3D3	31
3789	#FFFFFF	#D3D3D3	336
3790	#FFFFFF	#D3D3D3	203
3791	#FFFFFF	#D3D3D3	31
3792	#FFFFFF	#D3D3D3	121
3793	#FFFFFF	#D3D3D3	121
3794	#FFFFFF	#D3D3D3	121
3795	#FFFFFF	#D3D3D3	121
3796	#FFFFFF	#D3D3D3	121
3797	#FFFFFF	#D3D3D3	121
3798	#FFFFFF	#D3D3D3	121
3799	#FFFFFF	#D3D3D3	121
3800	#FFFFFF	#D3D3D3	121
3801	#FFFFFF	#D3D3D3	31
3802	#FFFFFF	#D3D3D3	121
3803	#FFFFFF	#D3D3D3	121
3804	#FFFFFF	#D3D3D3	121
3805	#FFFFFF	#D3D3D3	121
3806	#FFFFFF	#D3D3D3	121
3807	#FFFFFF	#D3D3D3	121
3808	#FFFFFF	#D3D3D3	121
3809	#FFFFFF	#D3D3D3	121
3810	#FFFFFF	#D3D3D3	121
3811	#FFFFFF	#D3D3D3	121
3812	#FFFFFF	#D3D3D3	31
3813	#FFFFFF	#D3D3D3	24
3814	#FFFFFF	#D3D3D3	121
3815	#FFFFFF	#D3D3D3	121
3816	#FFFFFF	#D3D3D3	121
3817	#FFFFFF	#D3D3D3	121
3818	#FFFFFF	#D3D3D3	121
3819	#FFFFFF	#D3D3D3	121
3820	#FFFFFF	#D3D3D3	24
3821	#FFFFFF	#D3D3D3	24
3822	#FFFFFF	#D3D3D3	115
3823	#FFFFFF	#D3D3D3	31
3824	#FFFFFF	#D3D3D3	115
3825	#FFFFFF	#D3D3D3	24
3826	#FFFFFF	#D3D3D3	24
3827	#FFFFFF	#D3D3D3	24
3828	#FFFFFF	#D3D3D3	24
3829	#FFFFFF	#D3D3D3	24
3830	#FFFFFF	#D3D3D3	24
3831	#FFFFFF	#D3D3D3	24
3832	#FFFFFF	#D3D3D3	24
3833	#FFFFFF	#D3D3D3	24
3834	#FFFFFF	#D3D3D3	31
3835	#FFFFFF	#D3D3D3	31
3836	#FFFFFF	#D3D3D3	31
3837	#FFFFFF	#D3D3D3	31
3838	#FFFFFF	#D3D3D3	31
3840	#FFFFFF	#D3D3D3	336
3841	#FFFFFF	#D3D3D3	203
3842	#FFFFFF	#D3D3D3	121
3843	#FFFFFF	#D3D3D3	121
3844	#FFFFFF	#D3D3D3	121
3845	#FFFFFF	#D3D3D3	121
3846	#FFFFFF	#D3D3D3	121
3847	#FFFFFF	#D3D3D3	121
3848	#FFFFFF	#D3D3D3	121
3849	#FFFFFF	#D3D3D3	121
3850	#FFFFFF	#D3D3D3	121
3851	#FFFFFF	#D3D3D3	121
3852	#FFFFFF	#D3D3D3	31
3853	#FFFFFF	#D3D3D3	121
3854	#FFFFFF	#D3D3D3	121
3855	#FFFFFF	#D3D3D3	121
3856	#FFFFFF	#D3D3D3	121
3857	#FFFFFF	#D3D3D3	121
3858	#FFFFFF	#D3D3D3	121
3859	#FFFFFF	#D3D3D3	121
3860	#FFFFFF	#D3D3D3	121
3861	#FFFFFF	#D3D3D3	121
3862	#FFFFFF	#D3D3D3	24
3863	#FFFFFF	#D3D3D3	31
3864	#FFFFFF	#D3D3D3	121
3865	#FFFFFF	#D3D3D3	121
3866	#FFFFFF	#D3D3D3	121
3867	#FFFFFF	#D3D3D3	121
3868	#FFFFFF	#D3D3D3	121
3869	#FFFFFF	#D3D3D3	121
3870	#FFFFFF	#D3D3D3	121
3871	#FFFFFF	#D3D3D3	24
3872	#FFFFFF	#D3D3D3	24
3873	#FFFFFF	#D3D3D3	24
3874	#FFFFFF	#D3D3D3	31
3875	#FFFFFF	#D3D3D3	24
3876	#FFFFFF	#D3D3D3	24
3877	#FFFFFF	#D3D3D3	24
3878	#FFFFFF	#D3D3D3	24
3879	#FFFFFF	#D3D3D3	121
3880	#FFFFFF	#D3D3D3	24
3881	#FFFFFF	#D3D3D3	24
3882	#FFFFFF	#D3D3D3	24
3883	#FFFFFF	#D3D3D3	24
3884	#FFFFFF	#D3D3D3	31
3885	#FFFFFF	#D3D3D3	31
3886	#FFFFFF	#D3D3D3	31
3887	#FFFFFF	#D3D3D3	31
3888	#FFFFFF	#D3D3D3	31
3890	#FFFFFF	#D3D3D3	336
3891	#FFFFFF	#D3D3D3	203
3892	#FFFFFF	#D3D3D3	121
3893	#FFFFFF	#D3D3D3	121
3894	#FFFFFF	#D3D3D3	121
3895	#FFFFFF	#D3D3D3	121
3896	#FFFFFF	#D3D3D3	121
3897	#FFFFFF	#D3D3D3	121
3898	#FFFFFF	#D3D3D3	121
3899	#FFFFFF	#D3D3D3	121
3900	#FFFFFF	#D3D3D3	121
3901	#FFFFFF	#D3D3D3	121
3902	#FFFFFF	#D3D3D3	203
3903	#FFFFFF	#D3D3D3	121
3904	#FFFFFF	#D3D3D3	121
3905	#FFFFFF	#D3D3D3	121
3906	#FFFFFF	#D3D3D3	121
3907	#FFFFFF	#D3D3D3	121
3908	#FFFFFF	#D3D3D3	121
3909	#FFFFFF	#D3D3D3	24
3910	#FFFFFF	#D3D3D3	121
3911	#FFFFFF	#D3D3D3	121
3912	#FFFFFF	#D3D3D3	24
3913	#FFFFFF	#D3D3D3	31
3914	#FFFFFF	#D3D3D3	121
3915	#FFFFFF	#D3D3D3	121
3916	#FFFFFF	#D3D3D3	121
3917	#FFFFFF	#D3D3D3	121
3918	#FFFFFF	#D3D3D3	121
3919	#FFFFFF	#D3D3D3	121
3920	#FFFFFF	#D3D3D3	121
3921	#FFFFFF	#D3D3D3	121
3922	#FFFFFF	#D3D3D3	24
3923	#FFFFFF	#D3D3D3	24
3924	#FFFFFF	#D3D3D3	31
3925	#FFFFFF	#D3D3D3	121
3926	#FFFFFF	#D3D3D3	24
3927	#FFFFFF	#D3D3D3	24
3928	#FFFFFF	#D3D3D3	24
3929	#FFFFFF	#D3D3D3	121
3930	#FFFFFF	#D3D3D3	121
3931	#FFFFFF	#D3D3D3	24
3932	#FFFFFF	#D3D3D3	24
3933	#FFFFFF	#D3D3D3	24
3934	#FFFFFF	#D3D3D3	68
3935	#FFFFFF	#D3D3D3	31
3936	#FFFFFF	#D3D3D3	31
3937	#FFFFFF	#D3D3D3	31
3938	#FFFFFF	#D3D3D3	31
3939	#FFFFFF	#D3D3D3	31
3941	#FFFFFF	#D3D3D3	336
3942	#FFFFFF	#D3D3D3	203
3943	#FFFFFF	#D3D3D3	121
3944	#FFFFFF	#D3D3D3	121
3945	#FFFFFF	#D3D3D3	121
3946	#FFFFFF	#D3D3D3	121
3947	#FFFFFF	#D3D3D3	121
3948	#FFFFFF	#D3D3D3	121
3949	#FFFFFF	#D3D3D3	121
3950	#FFFFFF	#D3D3D3	121
3951	#FFFFFF	#D3D3D3	121
3952	#FFFFFF	#D3D3D3	121
3953	#FFFFFF	#D3D3D3	203
3954	#FFFFFF	#D3D3D3	121
3955	#FFFFFF	#D3D3D3	121
3956	#FFFFFF	#D3D3D3	121
3957	#FFFFFF	#D3D3D3	121
3958	#FFFFFF	#D3D3D3	121
3959	#FFFFFF	#D3D3D3	24
3960	#FFFFFF	#D3D3D3	24
3961	#FFFFFF	#D3D3D3	121
3962	#FFFFFF	#D3D3D3	24
3963	#FFFFFF	#D3D3D3	121
3964	#FFFFFF	#D3D3D3	31
3965	#FFFFFF	#D3D3D3	121
3966	#FFFFFF	#D3D3D3	121
3967	#FFFFFF	#D3D3D3	121
3968	#FFFFFF	#D3D3D3	121
3969	#FFFFFF	#D3D3D3	121
3970	#FFFFFF	#D3D3D3	121
3971	#FFFFFF	#D3D3D3	121
3972	#FFFFFF	#D3D3D3	121
3973	#FFFFFF	#D3D3D3	24
3974	#FFFFFF	#D3D3D3	121
3975	#FFFFFF	#D3D3D3	31
3976	#FFFFFF	#D3D3D3	121
3977	#FFFFFF	#D3D3D3	24
3978	#FFFFFF	#D3D3D3	24
3979	#FFFFFF	#D3D3D3	121
3980	#FFFFFF	#D3D3D3	121
3981	#FFFFFF	#D3D3D3	121
3982	#FFFFFF	#D3D3D3	24
3983	#FFFFFF	#D3D3D3	24
3984	#FFFFFF	#D3D3D3	68
3985	#FFFFFF	#D3D3D3	31
3986	#FFFFFF	#D3D3D3	31
3987	#FFFFFF	#D3D3D3	31
3988	#FFFFFF	#D3D3D3	31
3989	#FFFFFF	#D3D3D3	121
3991	#FFFFFF	#D3D3D3	336
3992	#FFFFFF	#D3D3D3	203
3993	#FFFFFF	#D3D3D3	121
3994	#FFFFFF	#D3D3D3	121
3995	#FFFFFF	#D3D3D3	121
3996	#FFFFFF	#D3D3D3	121
3997	#FFFFFF	#D3D3D3	121
3998	#FFFFFF	#D3D3D3	121
3999	#FFFFFF	#D3D3D3	121
4000	#FFFFFF	#D3D3D3	121
4001	#FFFFFF	#D3D3D3	121
4002	#FFFFFF	#D3D3D3	121
4003	#FFFFFF	#D3D3D3	203
4004	#FFFFFF	#D3D3D3	121
4005	#FFFFFF	#D3D3D3	121
4006	#FFFFFF	#D3D3D3	121
4007	#FFFFFF	#D3D3D3	121
4008	#FFFFFF	#D3D3D3	121
4009	#FFFFFF	#D3D3D3	24
4010	#FFFFFF	#D3D3D3	24
4011	#FFFFFF	#D3D3D3	24
4012	#FFFFFF	#D3D3D3	24
4013	#FFFFFF	#D3D3D3	121
4014	#FFFFFF	#D3D3D3	31
4015	#FFFFFF	#D3D3D3	121
4016	#FFFFFF	#D3D3D3	121
4017	#FFFFFF	#D3D3D3	121
4018	#FFFFFF	#D3D3D3	121
4019	#FFFFFF	#D3D3D3	121
4020	#FFFFFF	#D3D3D3	121
4021	#FFFFFF	#D3D3D3	121
4022	#FFFFFF	#D3D3D3	121
4023	#FFFFFF	#D3D3D3	121
4024	#FFFFFF	#D3D3D3	121
4025	#FFFFFF	#D3D3D3	31
4026	#FFFFFF	#D3D3D3	121
4027	#FFFFFF	#D3D3D3	121
4028	#FFFFFF	#D3D3D3	24
4029	#FFFFFF	#D3D3D3	121
4030	#FFFFFF	#D3D3D3	121
4031	#FFFFFF	#D3D3D3	121
4032	#FFFFFF	#D3D3D3	121
4033	#FFFFFF	#D3D3D3	24
4034	#FFFFFF	#D3D3D3	235
4035	#FFFFFF	#D3D3D3	68
4036	#FFFFFF	#D3D3D3	31
4037	#FFFFFF	#D3D3D3	31
4038	#FFFFFF	#D3D3D3	31
4039	#FFFFFF	#D3D3D3	31
4040	#FFFFFF	#D3D3D3	31
4042	#FFFFFF	#D3D3D3	172
4043	#FFFEFE	#D2D2D2	20
4044	#FEF7FA	#CACACA	64
4045	#FEF7FA	#CACACA	64
4046	#FEF7FA	#CACACA	64
4047	#FEF7FA	#CACACA	64
4048	#FEF7FA	#CACACA	64
4049	#FEF7FA	#CACACA	64
4050	#FFFFFF	#D3D3D3	24
4051	#FFFFFF	#D3D3D3	24
4052	#FFFFFF	#D3D3D3	24
4053	#FFFFFF	#D3D3D3	57
4054	#FFFEFE	#D2D2D2	20
4055	#FFFFFF	#D3D3D3	24
4056	#FFFFFF	#D3D3D3	24
4057	#FFFFFF	#D3D3D3	57
4058	#FFFFFF	#D3D3D3	57
4059	#FFFFFF	#D3D3D3	57
4060	#FFFFFF	#D3D3D3	57
4061	#FFFFFF	#D3D3D3	57
4062	#FFFFFF	#D3D3D3	57
4063	#FFFFFF	#D3D3D3	57
4064	#FFFFFF	#D3D3D3	57
4065	#FFFFFF	#D3D3D3	221
4066	#FFFFFF	#D3D3D3	57
4067	#FFFFFF	#D3D3D3	60
4068	#FFFFFF	#D3D3D3	60
4069	#FFFFFF	#D3D3D3	60
4070	#FFFFFF	#D3D3D3	57
4071	#FFFFFF	#D3D3D3	60
4072	#FFFFFF	#D3D3D3	60
4073	#FFFFFF	#D3D3D3	106
4074	#FFFFFF	#D3D3D3	106
4075	#FFFFFF	#D3D3D3	106
4076	#FFFFFF	#D3D3D3	24
4077	#FFFFFF	#D3D3D3	106
4078	#FFFFFF	#D3D3D3	106
4079	#FFFFFF	#D3D3D3	106
4080	#FFFFFF	#D3D3D3	76
4081	#FFFFFF	#D3D3D3	76
4082	#FFFFFF	#D3D3D3	76
4083	#FFFFFF	#D3D3D3	76
4084	#FFFFFF	#D3D3D3	76
4085	#FFFFFF	#D3D3D3	76
4086	#FFFFFF	#D3D3D3	76
4087	#FFFFFF	#D3D3D3	24
4088	#FFFFFF	#D3D3D3	24
4089	#FFFFFF	#D3D3D3	24
4090	#FFFFFF	#D3D3D3	24
4091	#FEF7FA	#CACACA	64
4093	#FFFFFF	#D3D3D3	172
4094	#FFFEFE	#D2D2D2	20
4095	#FEF7FA	#CACACA	64
4096	#FEF7FA	#CACACA	64
4097	#FEF7FA	#CACACA	64
4098	#FEF7FA	#CACACA	64
4099	#FEF7FA	#CACACA	64
4100	#FEF7FA	#CACACA	64
4101	#FFFFFF	#D3D3D3	24
4102	#FFFFFF	#D3D3D3	24
4103	#FFFFFF	#D3D3D3	57
4104	#FFFFFF	#D3D3D3	24
4105	#FFFFFF	#D3D3D3	221
4106	#FFFFFF	#D3D3D3	24
4107	#FFFFFF	#D3D3D3	57
4108	#FFFFFF	#D3D3D3	57
4109	#FFFFFF	#D3D3D3	57
4110	#FFFFFF	#D3D3D3	57
4111	#FFFFFF	#D3D3D3	57
4112	#FFFFFF	#D3D3D3	57
4113	#FFFFFF	#D3D3D3	57
4114	#FFFFFF	#D3D3D3	57
4115	#FFFFFF	#D3D3D3	57
4116	#FFFFFF	#D3D3D3	221
4117	#FFFFFF	#D3D3D3	57
4118	#FFFFFF	#D3D3D3	60
4119	#FFFFFF	#D3D3D3	60
4120	#FFFFFF	#D3D3D3	57
4121	#FFFFFF	#D3D3D3	57
4122	#FFFFFF	#D3D3D3	60
4123	#FFFFFF	#D3D3D3	60
4124	#FFFFFF	#D3D3D3	106
4125	#FFFFFF	#D3D3D3	106
4126	#FFFFFF	#D3D3D3	106
4127	#FFFFFF	#D3D3D3	24
4128	#FFFFFF	#D3D3D3	106
4129	#FFFFFF	#D3D3D3	106
4130	#FFFFFF	#D3D3D3	106
4131	#FFFFFF	#D3D3D3	76
4132	#FFFFFF	#D3D3D3	76
4133	#FFFFFF	#D3D3D3	76
4134	#FFFFFF	#D3D3D3	76
4135	#FFFFFF	#D3D3D3	76
4136	#FFFFFF	#D3D3D3	76
4137	#FFFFFF	#D3D3D3	24
4138	#FFFFFF	#D3D3D3	24
4139	#FFFFFF	#D3D3D3	24
4140	#FFFFFF	#D3D3D3	24
4141	#FEF7FA	#CACACA	64
4143	#FFFFFF	#D3D3D3	172
4144	#FFFEFE	#D2D2D2	20
4145	#FFFFFF	#D3D3D3	24
4146	#FEF7FA	#CACACA	64
4147	#FEF7FA	#CACACA	64
4148	#FEF7FA	#CACACA	64
4149	#FEF7FA	#CACACA	64
4150	#FEF7FA	#CACACA	64
4151	#FEF7FA	#CACACA	64
4152	#FFFFFF	#D3D3D3	24
4153	#FFFFFF	#D3D3D3	57
4154	#FFFFFF	#D3D3D3	24
4155	#FFFEFE	#D2D2D2	20
4156	#FFFFFF	#D3D3D3	24
4157	#FFFFFF	#D3D3D3	57
4158	#FFFFFF	#D3D3D3	57
4159	#FFFFFF	#D3D3D3	57
4160	#FFFFFF	#D3D3D3	57
4161	#FFFFFF	#D3D3D3	57
4162	#FFFFFF	#D3D3D3	57
4163	#FFFFFF	#D3D3D3	57
4164	#FFFFFF	#D3D3D3	57
4165	#FFFFFF	#D3D3D3	57
4166	#FFFFFF	#D3D3D3	221
4167	#FFFFFF	#D3D3D3	57
4168	#FFFFFF	#D3D3D3	57
4169	#FFFFFF	#D3D3D3	57
4170	#FFFFFF	#D3D3D3	57
4171	#FFFFFF	#D3D3D3	57
4172	#FFFFFF	#D3D3D3	57
4173	#FFFFFF	#D3D3D3	60
4174	#FFFFFF	#D3D3D3	60
4175	#FFFFFF	#D3D3D3	106
4176	#FFFFFF	#D3D3D3	106
4177	#FFFFFF	#D3D3D3	221
4178	#FFFFFF	#D3D3D3	106
4179	#FFFFFF	#D3D3D3	106
4180	#FFFFFF	#D3D3D3	106
4181	#FFFFFF	#D3D3D3	106
4182	#FFFFFF	#D3D3D3	76
4183	#FFFFFF	#D3D3D3	76
4184	#FFFFFF	#D3D3D3	76
4185	#FFFFFF	#D3D3D3	76
4186	#FFFFFF	#D3D3D3	76
4187	#FFFFFF	#D3D3D3	76
4188	#FFFFFF	#D3D3D3	24
4189	#FFFFFF	#D3D3D3	24
4190	#FFFFFF	#D3D3D3	24
4191	#FFFFFF	#D3D3D3	24
4192	#FEF7FA	#CACACA	64
4194	#FFFFFF	#D3D3D3	172
4195	#FFFEFE	#D2D2D2	20
4196	#FEF7FA	#CACACA	64
4197	#FEF7FA	#CACACA	64
4198	#FEF7FA	#CACACA	64
4199	#FEF7FA	#CACACA	64
4200	#FEF7FA	#CACACA	64
4201	#FEF7FA	#CACACA	64
4202	#FEF7FA	#CACACA	64
4203	#FFFFFF	#D3D3D3	24
4204	#FFFFFF	#D3D3D3	24
4205	#FFFFFF	#D3D3D3	24
4206	#FFFFFF	#D3D3D3	221
4207	#FFFFFF	#D3D3D3	57
4208	#FFFFFF	#D3D3D3	57
4209	#FFFFFF	#D3D3D3	57
4210	#FFFFFF	#D3D3D3	24
4211	#FFFFFF	#D3D3D3	57
4212	#FFFFFF	#D3D3D3	57
4213	#FFFFFF	#D3D3D3	57
4214	#FFFFFF	#D3D3D3	57
4215	#FFFFFF	#D3D3D3	57
4216	#FFFFFF	#D3D3D3	57
4217	#FFFFFF	#D3D3D3	221
4218	#FFFFFF	#D3D3D3	57
4219	#FFFFFF	#D3D3D3	57
4220	#FFFFFF	#D3D3D3	57
4221	#FFFFFF	#D3D3D3	57
4222	#FFFFFF	#D3D3D3	57
4223	#FFFFFF	#D3D3D3	60
4224	#FFFFFF	#D3D3D3	60
4225	#FFFFFF	#D3D3D3	106
4226	#FFFFFF	#D3D3D3	106
4227	#FFFFFF	#D3D3D3	106
4228	#FFFFFF	#D3D3D3	221
4229	#FFFFFF	#D3D3D3	106
4230	#FFFFFF	#D3D3D3	106
4231	#FFFFFF	#D3D3D3	106
4232	#FFFFFF	#D3D3D3	106
4233	#FFFFFF	#D3D3D3	76
4234	#FFFFFF	#D3D3D3	76
4235	#FFFFFF	#D3D3D3	76
4236	#FFFFFF	#D3D3D3	76
4237	#FFFFFF	#D3D3D3	76
4238	#FFFFFF	#D3D3D3	24
4239	#FFFFFF	#D3D3D3	24
4240	#FFFFFF	#D3D3D3	24
4241	#FFFFFF	#D3D3D3	24
4242	#FFFFFF	#D3D3D3	24
4244	#FFFFFF	#D3D3D3	172
4245	#FFFEFE	#D2D2D2	20
4246	#FFFFFF	#D3D3D3	24
4247	#FEF7FA	#CACACA	64
4248	#FEF7FA	#CACACA	64
4249	#FEF7FA	#CACACA	64
4250	#FEF7FA	#CACACA	64
4251	#FEF7FA	#CACACA	64
4252	#FEF7FA	#CACACA	64
4253	#FEF7FA	#CACACA	64
4254	#FFFFFF	#D3D3D3	24
4255	#FFFFFF	#D3D3D3	24
4256	#FFFEFE	#D2D2D2	20
4257	#FFFFFF	#D3D3D3	57
4258	#FFFFFF	#D3D3D3	57
4259	#FFFFFF	#D3D3D3	57
4260	#FFFFFF	#D3D3D3	24
4261	#FFFFFF	#D3D3D3	24
4262	#FFFFFF	#D3D3D3	57
4263	#FFFFFF	#D3D3D3	57
4264	#FFFFFF	#D3D3D3	57
4265	#FFFFFF	#D3D3D3	57
4266	#FFFFFF	#D3D3D3	57
4267	#FFFFFF	#D3D3D3	221
4268	#FFFFFF	#D3D3D3	57
4269	#FFFFFF	#D3D3D3	57
4270	#FFFFFF	#D3D3D3	57
4271	#FFFFFF	#D3D3D3	57
4272	#FFFFFF	#D3D3D3	57
4273	#FFFFFF	#D3D3D3	60
4274	#FFFFFF	#D3D3D3	60
4275	#FFFFFF	#D3D3D3	60
4276	#FFFFFF	#D3D3D3	106
4277	#FFFFFF	#D3D3D3	106
4278	#FFFFFF	#D3D3D3	221
4279	#FFFFFF	#D3D3D3	106
4280	#FFFFFF	#D3D3D3	106
4281	#FFFFFF	#D3D3D3	106
4282	#FFFFFF	#D3D3D3	106
4283	#FFFFFF	#D3D3D3	106
4284	#FFFFFF	#D3D3D3	76
4285	#FFFFFF	#D3D3D3	76
4286	#FFFFFF	#D3D3D3	76
4287	#FFFFFF	#D3D3D3	76
4288	#FFFFFF	#D3D3D3	76
4289	#FFFFFF	#D3D3D3	24
4290	#FFFFFF	#D3D3D3	24
4291	#FFFFFF	#D3D3D3	24
4292	#FFFFFF	#D3D3D3	24
4293	#FFFFFF	#D3D3D3	24
4295	#FFFFFF	#D3D3D3	172
4296	#FFFEFE	#D2D2D2	20
4297	#FFFFFF	#D3D3D3	24
4298	#FEF7FA	#CACACA	64
4299	#FEF7FA	#CACACA	64
4300	#FEF7FA	#CACACA	64
4301	#FEF7FA	#CACACA	64
4302	#FEF7FA	#CACACA	64
4303	#FEF7FA	#CACACA	64
4304	#FFFFFF	#D3D3D3	24
4305	#FFFFFF	#D3D3D3	24
4306	#FFFFFF	#D3D3D3	57
4307	#FFFEFE	#D2D2D2	20
4308	#FFFFFF	#D3D3D3	57
4309	#FFFFFF	#D3D3D3	57
4310	#FFFFFF	#D3D3D3	24
4311	#FFFFFF	#D3D3D3	24
4312	#FFFFFF	#D3D3D3	24
4313	#FFFFFF	#D3D3D3	57
4314	#FFFFFF	#D3D3D3	57
4315	#FFFFFF	#D3D3D3	57
4316	#FFFFFF	#D3D3D3	57
4317	#FFFFFF	#D3D3D3	57
4318	#FFFFFF	#D3D3D3	221
4319	#FFFFFF	#D3D3D3	57
4320	#FFFFFF	#D3D3D3	57
4321	#FFFFFF	#D3D3D3	57
4322	#FFFFFF	#D3D3D3	60
4323	#FFFFFF	#D3D3D3	60
4324	#FFFFFF	#D3D3D3	60
4325	#FFFFFF	#D3D3D3	60
4326	#FFFFFF	#D3D3D3	60
4327	#FFFFFF	#D3D3D3	106
4328	#FFFFFF	#D3D3D3	106
4329	#FFFFFF	#D3D3D3	24
4330	#FFFFFF	#D3D3D3	106
4331	#FFFFFF	#D3D3D3	106
4332	#FFFFFF	#D3D3D3	106
4333	#FFFFFF	#D3D3D3	106
4334	#FFFFFF	#D3D3D3	76
4335	#FFFFFF	#D3D3D3	76
4336	#FFFFFF	#D3D3D3	76
4337	#FFFFFF	#D3D3D3	76
4338	#FFFFFF	#D3D3D3	76
4339	#FFFFFF	#D3D3D3	24
4340	#FFFFFF	#D3D3D3	24
4341	#FFFFFF	#D3D3D3	24
4342	#FFFFFF	#D3D3D3	24
4343	#FFFFFF	#D3D3D3	24
4345	#FFFFFF	#D3D3D3	172
4346	#FFFFFF	#D3D3D3	168
4347	#FFFFFF	#D3D3D3	24
4348	#FFFFFF	#D3D3D3	24
4349	#FEF7FA	#CACACA	64
4350	#FEF7FA	#CACACA	64
4351	#FEF7FA	#CACACA	64
4352	#FEF7FA	#CACACA	64
4353	#FEF7FA	#CACACA	64
4354	#FFFFFF	#D3D3D3	24
4355	#FFFFFF	#D3D3D3	24
4356	#FFFFFF	#D3D3D3	24
4357	#FFFEFE	#D2D2D2	20
4358	#FFFFFF	#D3D3D3	57
4359	#FFFFFF	#D3D3D3	57
4360	#FFFFFF	#D3D3D3	24
4361	#FFFFFF	#D3D3D3	24
4362	#FFFFFF	#D3D3D3	24
4363	#FFFFFF	#D3D3D3	57
4364	#FFFFFF	#D3D3D3	57
4365	#FFFFFF	#D3D3D3	57
4366	#FFFFFF	#D3D3D3	57
4367	#FFFFFF	#D3D3D3	57
4368	#FFFEFE	#D2D2D2	20
4369	#FFFFFF	#D3D3D3	57
4370	#FFFFFF	#D3D3D3	57
4371	#FFFFFF	#D3D3D3	57
4372	#FFFFFF	#D3D3D3	57
4373	#FFFFFF	#D3D3D3	60
4374	#FFFFFF	#D3D3D3	60
4375	#FFFFFF	#D3D3D3	60
4376	#FFFFFF	#D3D3D3	60
4377	#FFFFFF	#D3D3D3	106
4378	#FFFFFF	#D3D3D3	106
4379	#FFFFFF	#D3D3D3	221
4380	#FFFFFF	#D3D3D3	106
4381	#FFFFFF	#D3D3D3	106
4382	#FFFFFF	#D3D3D3	106
4383	#FFFFFF	#D3D3D3	106
4384	#FFFFFF	#D3D3D3	106
4385	#FFFFFF	#D3D3D3	106
4386	#FFFFFF	#D3D3D3	76
4387	#FFFFFF	#D3D3D3	76
4388	#FFFFFF	#D3D3D3	76
4389	#FFFFFF	#D3D3D3	76
4390	#FFFFFF	#D3D3D3	24
4391	#FFFFFF	#D3D3D3	24
4392	#FFFFFF	#D3D3D3	24
4393	#FFFFFF	#D3D3D3	24
4394	#FFFFFF	#D3D3D3	24
4396	#FFFFFF	#D3D3D3	172
4397	#FFFFFF	#D3D3D3	168
4398	#FFFFFF	#D3D3D3	24
4399	#FFFFFF	#D3D3D3	24
4400	#FEF7FA	#CACACA	64
4401	#FEF7FA	#CACACA	64
4402	#FFFFFF	#D3D3D3	24
4403	#FEF7FA	#CACACA	64
4404	#FEF7FA	#CACACA	64
4405	#FFFFFF	#D3D3D3	24
4406	#FFFFFF	#D3D3D3	24
4407	#FFFFFF	#D3D3D3	24
4408	#FFFEFE	#D2D2D2	20
4409	#FFFFFF	#D3D3D3	57
4410	#FFFFFF	#D3D3D3	24
4411	#FFFFFF	#D3D3D3	24
4412	#FFFFFF	#D3D3D3	24
4413	#FFFFFF	#D3D3D3	57
4414	#FFFFFF	#D3D3D3	57
4415	#FFFFFF	#D3D3D3	57
4416	#FFFFFF	#D3D3D3	57
4417	#FFFFFF	#D3D3D3	57
4418	#FFFFFF	#D3D3D3	57
4419	#FFFFFF	#D3D3D3	221
4420	#FFFFFF	#D3D3D3	57
4421	#FFFFFF	#D3D3D3	57
4422	#FFFFFF	#D3D3D3	57
4423	#FFFFFF	#D3D3D3	60
4424	#FFFFFF	#D3D3D3	60
4425	#FFFFFF	#D3D3D3	106
4426	#FFFFFF	#D3D3D3	60
4427	#FFFFFF	#D3D3D3	106
4428	#FFFFFF	#D3D3D3	106
4429	#FFFFFF	#D3D3D3	106
4430	#FFFFFF	#D3D3D3	221
4431	#FFFFFF	#D3D3D3	106
4432	#FFFFFF	#D3D3D3	106
4433	#FFFFFF	#D3D3D3	106
4434	#FFFFFF	#D3D3D3	106
4435	#FFFFFF	#D3D3D3	106
4436	#FFFFFF	#D3D3D3	106
4437	#FFFFFF	#D3D3D3	76
4438	#FFFFFF	#D3D3D3	76
4439	#FFFFFF	#D3D3D3	76
4440	#FFFFFF	#D3D3D3	24
4441	#FFFFFF	#D3D3D3	24
4442	#FFFFFF	#D3D3D3	24
4443	#FFFFFF	#D3D3D3	24
4444	#FFFFFF	#D3D3D3	24
4446	#FFFFFF	#D3D3D3	172
4447	#FFFFFF	#D3D3D3	168
4448	#FFFFFF	#D3D3D3	24
4449	#FFFFFF	#D3D3D3	24
4450	#FFFFFF	#D3D3D3	24
4451	#FFFFFF	#D3D3D3	24
4452	#FFFFFF	#D3D3D3	24
4453	#FEF7FA	#CACACA	64
4454	#FEF7FA	#CACACA	64
4455	#FEF7FA	#CACACA	64
4456	#FEF7FA	#CACACA	64
4457	#FEF7FA	#CACACA	64
4458	#FFFFFF	#D3D3D3	168
4459	#FFFFFF	#D3D3D3	24
4460	#FFFFFF	#D3D3D3	24
4461	#FFFFFF	#D3D3D3	24
4462	#FFFFFF	#D3D3D3	24
4463	#FFFFFF	#D3D3D3	57
4464	#FFFFFF	#D3D3D3	57
4465	#FFFFFF	#D3D3D3	57
4466	#FFFFFF	#D3D3D3	57
4467	#FFFFFF	#D3D3D3	57
4468	#FFFFFF	#D3D3D3	57
4469	#FFFEFE	#D2D2D2	20
4470	#FFFFFF	#D3D3D3	57
4471	#FFFFFF	#D3D3D3	57
4472	#FFFFFF	#D3D3D3	57
4473	#FFFFFF	#D3D3D3	60
4474	#FFFFFF	#D3D3D3	60
4475	#FFFFFF	#D3D3D3	60
4476	#FFFFFF	#D3D3D3	106
4477	#FFFFFF	#D3D3D3	60
4478	#FFFFFF	#D3D3D3	106
4479	#FFFFFF	#D3D3D3	106
4480	#FFFFFF	#D3D3D3	221
4481	#FFFFFF	#D3D3D3	106
4482	#FFFFFF	#D3D3D3	106
4483	#FFFFFF	#D3D3D3	106
4484	#FFFFFF	#D3D3D3	106
4485	#FFFFFF	#D3D3D3	106
4486	#FFFFFF	#D3D3D3	106
4487	#FFFFFF	#D3D3D3	106
4488	#FFFFFF	#D3D3D3	76
4489	#FFFFFF	#D3D3D3	76
4490	#FFFFFF	#D3D3D3	76
4491	#FFFFFF	#D3D3D3	221
4492	#FFFFFF	#D3D3D3	24
4493	#FFFFFF	#D3D3D3	24
4494	#FFFFFF	#D3D3D3	24
4495	#FFFFFF	#D3D3D3	24
4497	#FFFFFF	#D3D3D3	172
4498	#FFFFFF	#D3D3D3	168
4499	#FFFFFF	#D3D3D3	24
4500	#FFFFFF	#D3D3D3	24
4501	#FFFFFF	#D3D3D3	24
4502	#FFFFFF	#D3D3D3	24
4503	#FEF7FA	#CACACA	64
4504	#FFFFFF	#D3D3D3	24
4505	#FEF7FA	#CACACA	64
4506	#FEF7FA	#CACACA	64
4507	#FEF7FA	#CACACA	64
4508	#FEF7FA	#CACACA	64
4509	#FFFFFF	#D3D3D3	168
4510	#FFFFFF	#D3D3D3	24
4511	#FFFFFF	#D3D3D3	24
4512	#FFFFFF	#D3D3D3	24
4513	#FFFFFF	#D3D3D3	57
4514	#FFFFFF	#D3D3D3	57
4515	#FFFFFF	#D3D3D3	57
4516	#FFFFFF	#D3D3D3	57
4517	#FFFFFF	#D3D3D3	57
4518	#FFFFFF	#D3D3D3	57
4519	#FFFFFF	#D3D3D3	57
4520	#FFFEFE	#D2D2D2	20
4521	#FFFFFF	#D3D3D3	57
4522	#FFFFFF	#D3D3D3	57
4523	#FFFFFF	#D3D3D3	60
4524	#FFFFFF	#D3D3D3	60
4525	#FFFFFF	#D3D3D3	60
4526	#FFFFFF	#D3D3D3	106
4527	#FFFFFF	#D3D3D3	106
4528	#FFFFFF	#D3D3D3	106
4529	#FFFFFF	#D3D3D3	106
4530	#FFFFFF	#D3D3D3	106
4531	#FFFFFF	#D3D3D3	221
4532	#FFFFFF	#D3D3D3	106
4533	#FFFFFF	#D3D3D3	106
4534	#FFFFFF	#D3D3D3	106
4535	#FFFFFF	#D3D3D3	106
4536	#FFFFFF	#D3D3D3	106
4537	#FFFFFF	#D3D3D3	106
4538	#FFFFFF	#D3D3D3	106
4539	#FFFFFF	#D3D3D3	76
4540	#FFFFFF	#D3D3D3	76
4541	#FFFFFF	#D3D3D3	221
4542	#FFFFFF	#D3D3D3	24
4543	#FFFFFF	#D3D3D3	24
4544	#FFFFFF	#D3D3D3	24
4545	#FFFFFF	#D3D3D3	24
4547	#E16A9A	#383838	211
4548	#E16A9A	#383838	211
4549	#FEF7FA	#CACACA	64
4550	#FFFFFF	#D3D3D3	57
4551	#FFFFFF	#D3D3D3	57
4552	#FFFFFF	#D3D3D3	57
4553	#FFFFFF	#D3D3D3	57
4554	#FFFFFF	#D3D3D3	57
4555	#FFFFFF	#D3D3D3	57
4556	#FFFFFF	#D3D3D3	57
4557	#FFFFFF	#D3D3D3	57
4558	#FFFFFF	#D3D3D3	57
4559	#FFFEFE	#D2D2D2	20
4560	#FFFFFF	#D3D3D3	57
4561	#FFFFFF	#D3D3D3	57
4562	#FFFFFF	#D3D3D3	57
4563	#FFFFFF	#D3D3D3	57
4564	#FFFFFF	#D3D3D3	57
4565	#FFFFFF	#D3D3D3	57
4566	#FFFFFF	#D3D3D3	57
4567	#FFFFFF	#D3D3D3	57
4568	#FFFFFF	#D3D3D3	57
4569	#FFFFFF	#D3D3D3	57
4570	#FFFEFE	#D2D2D2	20
4571	#FFFFFF	#D3D3D3	57
4572	#FFFFFF	#D3D3D3	57
4573	#FFFFFF	#D3D3D3	57
4574	#FFFFFF	#D3D3D3	57
4575	#FFFFFF	#D3D3D3	60
4576	#FFFFFF	#D3D3D3	60
4577	#FFFFFF	#D3D3D3	60
4578	#FFFFFF	#D3D3D3	60
4579	#FFFFFF	#D3D3D3	60
4580	#FFFFFF	#D3D3D3	60
4581	#FEF7FA	#CACACA	64
4582	#FFFFFF	#D3D3D3	60
4583	#FFFFFF	#D3D3D3	13
4584	#FFFFFF	#D3D3D3	76
4585	#FFFFFF	#D3D3D3	76
4586	#FFFFFF	#D3D3D3	76
4587	#FFFFFF	#D3D3D3	76
4588	#FFFFFF	#D3D3D3	76
4589	#FFFFFF	#D3D3D3	76
4590	#FFFFFF	#D3D3D3	76
4591	#FFFFFF	#D3D3D3	76
4592	#FEF7FA	#CACACA	64
4593	#FEF7FA	#CACACA	64
4594	#FEF7FA	#CACACA	64
4595	#FEF7FA	#CACACA	64
4596	#FEF7FA	#CACACA	64
4598	#E16A9A	#383838	211
4599	#FFFEFE	#D2D2D2	20
4600	#FFFFFF	#D3D3D3	57
4601	#FFFFFF	#D3D3D3	57
4602	#FFFFFF	#D3D3D3	57
4603	#FFFFFF	#D3D3D3	57
4604	#FFFFFF	#D3D3D3	57
4605	#FFFFFF	#D3D3D3	57
4606	#FFFFFF	#D3D3D3	57
4607	#FFFFFF	#D3D3D3	57
4608	#FFFFFF	#D3D3D3	57
4609	#FFFFFF	#D3D3D3	57
4610	#FFFEFE	#D2D2D2	20
4611	#FFFFFF	#D3D3D3	57
4612	#FFFFFF	#D3D3D3	57
4613	#FFFFFF	#D3D3D3	57
4614	#FFFFFF	#D3D3D3	57
4615	#FFFFFF	#D3D3D3	57
4616	#FFFFFF	#D3D3D3	57
4617	#FFFFFF	#D3D3D3	57
4618	#FFFFFF	#D3D3D3	57
4619	#FFFFFF	#D3D3D3	57
4620	#FFFFFF	#D3D3D3	57
4621	#FEF7FA	#CACACA	64
4622	#FFFFFF	#D3D3D3	57
4623	#FFFFFF	#D3D3D3	57
4624	#FFFFFF	#D3D3D3	57
4625	#FFFFFF	#D3D3D3	57
4626	#FFFFFF	#D3D3D3	60
4627	#FFFFFF	#D3D3D3	60
4628	#FFFFFF	#D3D3D3	60
4629	#FFFFFF	#D3D3D3	60
4630	#FFFFFF	#D3D3D3	60
4631	#FFFFFF	#D3D3D3	60
4632	#FEF7FA	#CACACA	64
4633	#FFFFFF	#D3D3D3	13
4634	#FFFFFF	#D3D3D3	13
4635	#FFFFFF	#D3D3D3	76
4636	#FFFFFF	#D3D3D3	76
4637	#FFFFFF	#D3D3D3	76
4638	#FFFFFF	#D3D3D3	76
4639	#FFFFFF	#D3D3D3	76
4640	#FFFFFF	#D3D3D3	76
4641	#FFFFFF	#D3D3D3	76
4642	#FEF7FA	#CACACA	64
4643	#FEF7FA	#CACACA	64
4644	#FEF7FA	#CACACA	64
4645	#FEF7FA	#CACACA	64
4646	#FEF7FA	#CACACA	64
4648	#E16A9A	#383838	211
4649	#FFFEFE	#D2D2D2	20
4650	#FFFFFF	#D3D3D3	57
4651	#FFFFFF	#D3D3D3	57
4652	#FFFFFF	#D3D3D3	57
4653	#FFFFFF	#D3D3D3	57
4654	#FFFFFF	#D3D3D3	57
4655	#FFFFFF	#D3D3D3	57
4656	#FFFFFF	#D3D3D3	57
4657	#FFFFFF	#D3D3D3	57
4658	#FFFFFF	#D3D3D3	57
4659	#FFFFFF	#D3D3D3	57
4660	#FFFEFE	#D2D2D2	20
4661	#FFFFFF	#D3D3D3	57
4662	#FFFFFF	#D3D3D3	57
4663	#FFFFFF	#D3D3D3	57
4664	#FFFFFF	#D3D3D3	57
4665	#FFFFFF	#D3D3D3	57
4666	#FFFFFF	#D3D3D3	57
4667	#FFFFFF	#D3D3D3	57
4668	#FFFFFF	#D3D3D3	57
4669	#FFFFFF	#D3D3D3	57
4670	#FFFFFF	#D3D3D3	57
4671	#FEF7FA	#CACACA	64
4672	#FFFFFF	#D3D3D3	57
4673	#FFFFFF	#D3D3D3	57
4674	#FFFFFF	#D3D3D3	57
4675	#FFFFFF	#D3D3D3	57
4676	#FFFFFF	#D3D3D3	57
4677	#FFFFFF	#D3D3D3	60
4678	#FFFFFF	#D3D3D3	60
4679	#FFFFFF	#D3D3D3	60
4680	#FFFFFF	#D3D3D3	60
4681	#FFFFFF	#D3D3D3	60
4682	#FEF7FA	#CACACA	64
4683	#FFFFFF	#D3D3D3	60
4684	#FFFFFF	#D3D3D3	60
4685	#FFFFFF	#D3D3D3	13
4686	#FFFFFF	#D3D3D3	76
4687	#FFFFFF	#D3D3D3	76
4688	#FFFFFF	#D3D3D3	76
4689	#FFFFFF	#D3D3D3	76
4690	#FFFFFF	#D3D3D3	76
4691	#FFFFFF	#D3D3D3	76
4692	#FFFFFF	#D3D3D3	76
4693	#FEF7FA	#CACACA	64
4694	#FEF7FA	#CACACA	64
4695	#FEF7FA	#CACACA	64
4696	#FEF7FA	#CACACA	64
4697	#FEF7FA	#CACACA	64
4699	#E16A9A	#383838	211
4700	#FFFEFE	#D2D2D2	20
4701	#FFFFFF	#D3D3D3	57
4702	#FFFFFF	#D3D3D3	57
4703	#FFFFFF	#D3D3D3	57
4704	#FFFFFF	#D3D3D3	57
4705	#FFFFFF	#D3D3D3	57
4706	#FFFFFF	#D3D3D3	57
4707	#FFFFFF	#D3D3D3	57
4708	#FFFFFF	#D3D3D3	57
4709	#FFFFFF	#D3D3D3	57
4710	#FFFFFF	#D3D3D3	57
4711	#FEF7FA	#CACACA	64
4712	#FFFFFF	#D3D3D3	57
4713	#FFFFFF	#D3D3D3	57
4714	#FFFFFF	#D3D3D3	57
4715	#FFFFFF	#D3D3D3	57
4716	#FFFFFF	#D3D3D3	57
4717	#FFFFFF	#D3D3D3	57
4718	#FFFFFF	#D3D3D3	57
4719	#FFFFFF	#D3D3D3	57
4720	#FFFFFF	#D3D3D3	57
4721	#FFFFFF	#D3D3D3	57
4722	#FEF7FA	#CACACA	64
4723	#FFFFFF	#D3D3D3	8
4724	#FFFFFF	#D3D3D3	57
4725	#FFFFFF	#D3D3D3	57
4726	#FFFFFF	#D3D3D3	57
4727	#FFFFFF	#D3D3D3	57
4728	#FFFFFF	#D3D3D3	60
4729	#FFFFFF	#D3D3D3	60
4730	#FFFFFF	#D3D3D3	60
4731	#FFFFFF	#D3D3D3	60
4732	#FFFFFF	#D3D3D3	60
4733	#FEF7FA	#CACACA	64
4734	#FFFFFF	#D3D3D3	60
4735	#FFFFFF	#D3D3D3	13
4736	#FFFFFF	#D3D3D3	13
4737	#FFFFFF	#D3D3D3	76
4738	#FFFFFF	#D3D3D3	76
4739	#FFFFFF	#D3D3D3	76
4740	#FFFFFF	#D3D3D3	76
4741	#FFFFFF	#D3D3D3	76
4742	#FFFFFF	#D3D3D3	76
4743	#FEF7FA	#CACACA	64
4744	#FEF7FA	#CACACA	64
4745	#FEF7FA	#CACACA	64
4746	#FEF7FA	#CACACA	64
4747	#FFFFFF	#D3D3D3	57
4749	#E16A9A	#383838	211
4750	#E16A9A	#383838	211
4751	#FFFFFF	#D3D3D3	57
4752	#FFFFFF	#D3D3D3	57
4753	#FFFFFF	#D3D3D3	57
4754	#FFFFFF	#D3D3D3	57
4755	#FFFFFF	#D3D3D3	57
4756	#FFFFFF	#D3D3D3	57
4757	#FFFFFF	#D3D3D3	57
4758	#FFFFFF	#D3D3D3	57
4759	#FFFFFF	#D3D3D3	57
4760	#FFFFFF	#D3D3D3	57
4761	#FEF7FA	#CACACA	64
4762	#FFFFFF	#D3D3D3	57
4763	#FFFFFF	#D3D3D3	57
4764	#FFFFFF	#D3D3D3	57
4765	#FFFFFF	#D3D3D3	57
4766	#FFFFFF	#D3D3D3	57
4767	#FFFFFF	#D3D3D3	57
4768	#FFFFFF	#D3D3D3	57
4769	#FFFFFF	#D3D3D3	57
4770	#FFFFFF	#D3D3D3	8
4771	#FFFFFF	#D3D3D3	8
4772	#FEF7FA	#CACACA	64
4773	#FFFFFF	#D3D3D3	8
4774	#FFFFFF	#D3D3D3	8
4775	#FFFFFF	#D3D3D3	57
4776	#FFFFFF	#D3D3D3	57
4777	#FFFFFF	#D3D3D3	57
4778	#FFFFFF	#D3D3D3	57
4779	#FFFFFF	#D3D3D3	60
4780	#FFFFFF	#D3D3D3	60
4781	#FFFFFF	#D3D3D3	60
4782	#FFFFFF	#D3D3D3	60
4783	#FEF7FA	#CACACA	64
4784	#FFFFFF	#D3D3D3	13
4785	#FFFFFF	#D3D3D3	13
4786	#FFFFFF	#D3D3D3	13
4787	#FFFFFF	#D3D3D3	76
4788	#FFFFFF	#D3D3D3	76
4789	#FFFFFF	#D3D3D3	76
4790	#FFFFFF	#D3D3D3	76
4791	#FFFFFF	#D3D3D3	76
4792	#FFFFFF	#D3D3D3	76
4793	#FFFFFF	#D3D3D3	76
4794	#FEF7FA	#CACACA	64
4795	#FEF7FA	#CACACA	64
4796	#FEF7FA	#CACACA	64
4797	#FEF7FA	#CACACA	64
4798	#FEF7FA	#CACACA	64
4800	#E16A9A	#383838	211
4801	#CE1777	#030303	11
4802	#FFFFFF	#D3D3D3	57
4803	#FFFFFF	#D3D3D3	57
4804	#FFFFFF	#D3D3D3	57
4805	#FFFFFF	#D3D3D3	57
4806	#FFFFFF	#D3D3D3	57
4807	#FFFFFF	#D3D3D3	57
4808	#FFFFFF	#D3D3D3	57
4809	#FFFFFF	#D3D3D3	57
4810	#FFFFFF	#D3D3D3	57
4811	#FFFFFF	#D3D3D3	57
4812	#FEF7FA	#CACACA	64
4813	#FFFFFF	#D3D3D3	57
4814	#FFFFFF	#D3D3D3	57
4815	#FFFFFF	#D3D3D3	8
4816	#FFFFFF	#D3D3D3	8
4817	#FFFFFF	#D3D3D3	57
4818	#FFFFFF	#D3D3D3	57
4819	#FFFFFF	#D3D3D3	57
4820	#FFFFFF	#D3D3D3	8
4821	#FFFFFF	#D3D3D3	8
4822	#FFFFFF	#D3D3D3	8
4823	#FEF7FA	#CACACA	64
4824	#FFFFFF	#D3D3D3	8
4825	#FFFFFF	#D3D3D3	57
4826	#FFFFFF	#D3D3D3	57
4827	#FFFFFF	#D3D3D3	57
4828	#FFFFFF	#D3D3D3	57
4829	#FFFFFF	#D3D3D3	60
4830	#FFFFFF	#D3D3D3	60
4831	#FFFFFF	#D3D3D3	60
4832	#FFFFFF	#D3D3D3	60
4833	#FFFFFF	#D3D3D3	13
4834	#FEF7FA	#CACACA	64
4835	#FFFFFF	#D3D3D3	13
4836	#FFFFFF	#D3D3D3	13
4837	#FFFFFF	#D3D3D3	13
4838	#FFFFFF	#D3D3D3	76
4839	#FFFFFF	#D3D3D3	76
4840	#FFFFFF	#D3D3D3	76
4841	#FFFFFF	#D3D3D3	76
4842	#FFFFFF	#D3D3D3	76
4843	#FFFFFF	#D3D3D3	76
4844	#FEF7FA	#CACACA	64
4845	#FEF7FA	#CACACA	64
4846	#FEF7FA	#CACACA	64
4847	#FEF7FA	#CACACA	64
4848	#FFFFFF	#D3D3D3	57
4850	#E16A9A	#383838	211
4851	#CD1076	#000000	25
4852	#FFFFFF	#D3D3D3	57
4853	#FFFFFF	#D3D3D3	57
4854	#FFFFFF	#D3D3D3	57
4855	#FFFFFF	#D3D3D3	57
4856	#FFFFFF	#D3D3D3	57
4857	#FFFFFF	#D3D3D3	57
4858	#FFFFFF	#D3D3D3	57
4859	#FFFFFF	#D3D3D3	57
4860	#FFFFFF	#D3D3D3	57
4861	#FFFFFF	#D3D3D3	57
4862	#CE1777	#030303	11
4863	#FFFFFF	#D3D3D3	57
4864	#FFFFFF	#D3D3D3	57
4865	#FFFFFF	#D3D3D3	57
4866	#FFFFFF	#D3D3D3	8
4867	#FFFFFF	#D3D3D3	8
4868	#FFFFFF	#D3D3D3	57
4869	#FFFFFF	#D3D3D3	57
4870	#FFFFFF	#D3D3D3	57
4871	#FFFFFF	#D3D3D3	8
4872	#FFFFFF	#D3D3D3	8
4873	#FEF7FA	#CACACA	64
4874	#FFFFFF	#D3D3D3	8
4875	#FFFFFF	#D3D3D3	8
4876	#FFFFFF	#D3D3D3	57
4877	#FFFFFF	#D3D3D3	57
4878	#FFFFFF	#D3D3D3	57
4879	#FFFFFF	#D3D3D3	57
4880	#FFFFFF	#D3D3D3	60
4881	#FFFFFF	#D3D3D3	60
4882	#FFFFFF	#D3D3D3	60
4883	#FFFFFF	#D3D3D3	13
4884	#FEF7FA	#CACACA	64
4885	#FFFFFF	#D3D3D3	13
4886	#FFFFFF	#D3D3D3	13
4887	#FFFFFF	#D3D3D3	13
4888	#FFFFFF	#D3D3D3	13
4889	#FFFFFF	#D3D3D3	76
4890	#FFFFFF	#D3D3D3	76
4891	#FFFFFF	#D3D3D3	76
4892	#FFFFFF	#D3D3D3	76
4893	#FFFFFF	#D3D3D3	76
4894	#FFFFFF	#D3D3D3	76
4895	#FEF7FA	#CACACA	64
4896	#FEF7FA	#CACACA	64
4897	#FEF7FA	#CACACA	64
4898	#FEF7FA	#CACACA	64
4899	#FEF7FA	#CACACA	64
4901	#E16A9A	#383838	211
4902	#CD1076	#000000	25
4903	#FFFFFF	#D3D3D3	57
4904	#FFFFFF	#D3D3D3	57
4905	#FFFFFF	#D3D3D3	57
4906	#FFFFFF	#D3D3D3	57
4907	#FFFFFF	#D3D3D3	57
4908	#FFFFFF	#D3D3D3	57
4909	#FFFFFF	#D3D3D3	57
4910	#FFFFFF	#D3D3D3	57
4911	#FFFFFF	#D3D3D3	57
4912	#FFFFFF	#D3D3D3	57
4913	#CE1777	#030303	11
4914	#FFFFFF	#D3D3D3	57
4915	#FFFFFF	#D3D3D3	57
4916	#FFFFFF	#D3D3D3	8
4917	#FFFFFF	#D3D3D3	8
4918	#FFFFFF	#D3D3D3	57
4919	#FFFFFF	#D3D3D3	57
4920	#FFFFFF	#D3D3D3	57
4921	#FFFFFF	#D3D3D3	57
4922	#FFFFFF	#D3D3D3	8
4923	#FFFFFF	#D3D3D3	8
4924	#FEF7FA	#CACACA	64
4925	#FFFFFF	#D3D3D3	8
4926	#FFFFFF	#D3D3D3	57
4927	#FFFFFF	#D3D3D3	8
4928	#FFFFFF	#D3D3D3	57
4929	#FFFFFF	#D3D3D3	57
4930	#FFFFFF	#D3D3D3	57
4931	#FFFFFF	#D3D3D3	60
4932	#FFFFFF	#D3D3D3	60
4933	#FFFFFF	#D3D3D3	13
4934	#FFFFFF	#D3D3D3	13
4935	#FEF7FA	#CACACA	64
4936	#FFFFFF	#D3D3D3	13
4937	#FFFFFF	#D3D3D3	13
4938	#FFFFFF	#D3D3D3	13
4939	#FFFFFF	#D3D3D3	13
4940	#FFFFFF	#D3D3D3	13
4941	#FFFFFF	#D3D3D3	76
4942	#FFFFFF	#D3D3D3	76
4943	#FFFFFF	#D3D3D3	76
4944	#FFFFFF	#D3D3D3	76
4945	#FEF7FA	#CACACA	64
4946	#FEF7FA	#CACACA	64
4947	#FEF7FA	#CACACA	64
4948	#FEF7FA	#CACACA	64
4949	#FEF7FA	#CACACA	64
4951	#E16A9A	#383838	211
4952	#CD1076	#000000	25
4953	#FEF7FA	#CACACA	64
4954	#FFFFFF	#D3D3D3	57
4955	#FFFFFF	#D3D3D3	57
4956	#FFFFFF	#D3D3D3	57
4957	#FFFFFF	#D3D3D3	57
4958	#FFFFFF	#D3D3D3	57
4959	#FFFFFF	#D3D3D3	57
4960	#FFFFFF	#D3D3D3	57
4961	#FFFFFF	#D3D3D3	57
4962	#FFFFFF	#D3D3D3	57
4963	#CD1076	#000000	25
4964	#FFFFFF	#D3D3D3	57
4965	#FFFFFF	#D3D3D3	57
4966	#FFFFFF	#D3D3D3	8
4967	#FFFFFF	#D3D3D3	8
4968	#FFFFFF	#D3D3D3	8
4969	#FFFFFF	#D3D3D3	8
4970	#FFFFFF	#D3D3D3	57
4971	#FFFFFF	#D3D3D3	57
4972	#FFFFFF	#D3D3D3	8
4973	#FFFFFF	#D3D3D3	8
4974	#CE1777	#030303	11
4975	#FFFFFF	#D3D3D3	8
4976	#FFFFFF	#D3D3D3	8
4977	#FFFFFF	#D3D3D3	8
4978	#FFFFFF	#D3D3D3	8
4979	#FFFFFF	#D3D3D3	57
4980	#FFFFFF	#D3D3D3	57
4981	#FFFFFF	#D3D3D3	57
4982	#FFFFFF	#D3D3D3	57
4983	#FFFFFF	#D3D3D3	60
4984	#FFFFFF	#D3D3D3	13
4985	#FEF7FA	#CACACA	64
4986	#FFFFFF	#D3D3D3	13
4987	#FFFFFF	#D3D3D3	13
4988	#FFFFFF	#D3D3D3	13
4989	#FFFFFF	#D3D3D3	13
4990	#FFFFFF	#D3D3D3	13
4991	#FFFFFF	#D3D3D3	13
4992	#FFFFFF	#D3D3D3	76
4993	#FFFFFF	#D3D3D3	76
4994	#FFFFFF	#D3D3D3	76
4995	#FFFFFF	#D3D3D3	76
4996	#FEF7FA	#CACACA	64
4997	#FEF7FA	#CACACA	64
4998	#FEF7FA	#CACACA	64
4999	#FEF7FA	#CACACA	64
5000	#FEF7FA	#CACACA	64
5002	#E16A9A	#383838	211
5003	#CD1076	#000000	25
5004	#FEF7FA	#CACACA	64
5005	#FFFFFF	#D3D3D3	57
5006	#FFFFFF	#D3D3D3	57
5007	#FFFFFF	#D3D3D3	57
5008	#FFFFFF	#D3D3D3	57
5009	#FFFFFF	#D3D3D3	57
5010	#FFFFFF	#D3D3D3	57
5011	#FFFFFF	#D3D3D3	57
5012	#FFFFFF	#D3D3D3	57
5013	#FFFFFF	#D3D3D3	57
5014	#CE1777	#030303	11
5015	#FFFFFF	#D3D3D3	57
5016	#FFFFFF	#D3D3D3	8
5017	#FFFFFF	#D3D3D3	8
5018	#FFFFFF	#D3D3D3	8
5019	#FFFFFF	#D3D3D3	8
5020	#FFFFFF	#D3D3D3	57
5021	#FFFFFF	#D3D3D3	57
5022	#FFFFFF	#D3D3D3	8
5023	#FFFFFF	#D3D3D3	8
5024	#FFFFFF	#D3D3D3	8
5025	#CE1777	#030303	11
5026	#FFFFFF	#D3D3D3	8
5027	#FFFFFF	#D3D3D3	8
5028	#FFFFFF	#D3D3D3	8
5029	#FFFFFF	#D3D3D3	8
5030	#FFFFFF	#D3D3D3	57
5031	#FFFFFF	#D3D3D3	57
5032	#FFFFFF	#D3D3D3	57
5033	#FFFFFF	#D3D3D3	60
5034	#FFFFFF	#D3D3D3	60
5035	#FFFFFF	#D3D3D3	13
5036	#FEF7FA	#CACACA	64
5037	#FFFFFF	#D3D3D3	13
5038	#FFFFFF	#D3D3D3	13
5039	#FFFFFF	#D3D3D3	13
5040	#FFFFFF	#D3D3D3	13
5041	#FFFFFF	#D3D3D3	13
5042	#FFFFFF	#D3D3D3	13
5043	#FFFFFF	#D3D3D3	76
5044	#FFFFFF	#D3D3D3	113
5045	#FFFFFF	#D3D3D3	76
5046	#FEF7FA	#CACACA	64
5047	#FEF7FA	#CACACA	64
5048	#FEF7FA	#CACACA	64
5049	#FEF7FA	#CACACA	64
5050	#FEF7FA	#CACACA	64
5052	#E16A9A	#383838	211
5053	#CD1076	#000000	25
5054	#FEF7FA	#CACACA	64
5055	#FEF7FA	#CACACA	64
5056	#FFFFFF	#D3D3D3	57
5057	#FFFBFC	#CFCFCF	54
5058	#FFFFFF	#D3D3D3	57
5059	#FFFFFF	#D3D3D3	57
5060	#FFFFFF	#D3D3D3	57
5061	#FFFFFF	#D3D3D3	57
5062	#FFFFFF	#D3D3D3	57
5063	#FFFFFF	#D3D3D3	57
5064	#CD1076	#000000	25
5065	#FFFFFF	#D3D3D3	57
5066	#FFFFFF	#D3D3D3	57
5067	#FFFFFF	#D3D3D3	8
5068	#FFFFFF	#D3D3D3	8
5069	#FFFFFF	#D3D3D3	8
5070	#FFFFFF	#D3D3D3	8
5071	#FFFFFF	#D3D3D3	8
5072	#FFFFFF	#D3D3D3	8
5073	#FFFFFF	#D3D3D3	8
5074	#FFFFFF	#D3D3D3	8
5075	#CE1777	#030303	11
5076	#FFFFFF	#D3D3D3	8
5077	#FFFFFF	#D3D3D3	8
5078	#FFFFFF	#D3D3D3	8
5079	#FFFFFF	#D3D3D3	8
5080	#FFFFFF	#D3D3D3	8
5081	#FFFFFF	#D3D3D3	57
5082	#FFFFFF	#D3D3D3	57
5083	#FFFFFF	#D3D3D3	57
5084	#FFFFFF	#D3D3D3	60
5085	#FFFFFF	#D3D3D3	60
5086	#FEF7FA	#CACACA	64
5087	#FFFFFF	#D3D3D3	13
5088	#FFFFFF	#D3D3D3	13
5089	#FFFFFF	#D3D3D3	13
5090	#FFFFFF	#D3D3D3	13
5091	#FFFFFF	#D3D3D3	13
5092	#FFFFFF	#D3D3D3	13
5093	#FFFFFF	#D3D3D3	13
5094	#FFFFFF	#D3D3D3	113
5095	#FFFFFF	#D3D3D3	113
5096	#FFFFFF	#D3D3D3	113
5097	#FEF7FA	#CACACA	64
5098	#FEF7FA	#CACACA	64
5099	#CE1777	#030303	11
5100	#FEF7FA	#CACACA	64
5101	#FEF7FA	#CACACA	64
